:020000040800F2
:10000000C06C00207D28000825D0000827D00008FB
:100010002BD000082FD0000833D0000800000000CB
:1000200000000000000000000000000037D00008C1
:1000300039D00008000000003BD000083DD0000887
:100040009728000897280008972800089728000894
:100050009728000897280008972800089728000884
:10006000A5D50008972800089728000897280008B9
:100070009728000897280008972800089728000864
:100080009728000897280008972800089728000854
:10009000972800089728000897280008C1D500086D
:1000A0009728000897280008972800089728000834
:1000B000E1D500089728000897280008972800082D
:1000C0009728000897280008972800089728000814
:1000D00097280008D9D10008BFD200085DD30008D6
:1000E00097280008972800089728000897280008F4
:1000F00097280008972800089728000897280008E4
:1001000097280008972800089728000897280008D3
:1001100001D50008972800089728000897280008AC
:1001200097280008972800089728000897280008B3
:1001300000F002F800F0B0F80AA090E8000C824449
:100140008344AAF10107DA4501D100F0A5F8AFF226
:10015000090EBAE80F0013F0010F18BFFB1A43F0A5
:1001600001031847C8FD0200E8FD02000A444FF0F1
:10017000000C10F8013B13F0070408BF10F8014B06
:100180001D1108BF10F8015B641E05D010F8016B4B
:10019000641E01F8016BF9D113F0080F1EBF10F8AF
:1001A000014BAD1C0C1B09D16D1E58BF01F801CBD2
:1001B000FAD505E014F8016B01F8016B6D1EF9D555
:1001C0009142D6D37047000000230024002500266A
:1001D000103A28BF78C1FBD8520728BF30C148BFAA
:1001E0000B6070476E292BF0248770292CF08F80CC
:1001F00066292FF0228065292FF01F8067292FF0B4
:100200001C806129AFF3008003681B0A28BF41F0FE
:10021000800169292BF09C8464292BF0998475292D
:100220002BF096846F292CF01C8078292CF05B80B1
:10023000E9292BF0B787E4292BF0B487F5292BF0B7
:10024000B187EF292CF01980F8292CF05A80036827
:10025000DB0928BF41F0800163292BF02687732931
:100260002BF02B87E3292CF03183F3292CF03683F4
:10027000002070471FB52CF0CDFB040000200021AA
:100280002DF08CFE401C6060002000212DF09CFEB3
:10029000E0601FBD10B510BD2CF097FB1146FFF7B5
:1002A000E9FF02F019FD2CF079FC03B4FFF7F2FF2F
:1002B00003BC02F003FB00000CB50020019000908D
:1002C0006C48006840F480306A49086000BF6948A3
:1002D000006800F4003000900198401C01900098E4
:1002E00018B90198B0F5A06FF1D16248006800F428
:1002F000003010B10120009001E000200090009833
:10030000012843D15C48006840F010005A49086059
:100310000846006820F0030008600846006840F0C6
:1003200002000860534840685249486008464068E7
:1003300048600846406840F480604860084640686D
:1003400020F47C1048600846406840F4E81048609B
:100350000846006840F08070086000BF45480068AB
:1003600000F000700028F9D04248406820F00300F7
:10037000404948600846406840F00200486000BFBD
:100380003C48406800F00C000828F9D10CBD10B5BD
:10039000FFF792FF10BD10B53648006840F001002D
:1003A000344908600846406834490840314948608B
:1003B00008460068324908402E490860084600682F
:1003C00020F4802008600846406820F4FE00486061
:1003D0004FF41F008860FFF7DAFF4FF000602949F3
:1003E000086010BD10B5002100200022214B5B6881
:1003F00003F00C0121B1042906D0082928D107E017
:10040000214B224C236027E01F4B204C236023E02C
:10041000184B5B6803F47010164B5B6803F4803272
:10042000022303EB904022B9194B4343174C23603E
:100430000DE0104B5B6803F4003323B1144B4343CE
:10044000124C236003E0104B4343104C236003E045
:100450000D4B0E4C236000BF00BF064B5B68C3F31F
:1004600003130C4CE15C094B1B68CB40074C236029
:1004700010BD000000100240002002400000FFF804
:10048000FFFFF6FE08ED00E000127A0000000020F9
:1004900000093D0004000020DF48006840F0010032
:1004A000DD49086008464068DC490840DA49486090
:1004B00008460068DA490840D749086008460068DD
:1004C00020F4802008600846406820F4FE00486060
:1004D0004FF41F0088607047CF49096821F48031CC
:1004E000CD4A11601146096821F480211160B0F5F0
:1004F000803F03D0B0F5802F0ED106E0C6490968D1
:1005000041F48031C44A116007E0C349096841F4ED
:10051000A021C14A116000E000BF00BF704710B5C4
:1005200001460022002300204A11012A02D1BA4CC0
:10053000236806E0022A02D1B74C236A01E0B64CD8
:10054000636A01F01F02012494401C400CB1012099
:1005500000E0002010BD38B50020009000240025E8
:1005600000BF3120FFF7DBFF05460098401C0090DC
:100570000098B0F5A06F01D0002DF2D03120FFF728
:10058000CEFF08B1012400E00024204638BD01461A
:100590000020A14A106820F0F80040EAC100106075
:1005A0007047A04908607047024600209A4B58687F
:1005B00020F47C1042EA01031843974B58607047BF
:1005C00098490866704701460020934A506820F019
:1005D00003000843506070478F48406800F00C00EB
:1005E0007047014600208C4A506820F0F000084314
:1005F0005060704701460020874A506820F4E06050
:1006000008435060704701460020834A506820F438
:10061000605040EAC1005060704729B17E4A527A6A
:1006200002437D4B5A7204E07B4A527A82437A4BF2
:100630005A7270477B49D8310860704701460020E4
:10064000754A506820F440400843506070470021CC
:10065000714A20321170704A82F82010012802D0AD
:1006600004280AD104E001216B4A2032117005E010
:100670000521694A2032117000E000BF00BF7047B9
:100680006949086070476449096A0143624A116216
:100690007047654944390860704730B50021002231
:1006A000002400235C4D6D6805F00C0121B1042984
:1006B00005D0082923D105E05C4D056022E05B4DA3
:1006C00005601FE0544D6D6805F47012524D6D6861
:1006D00005F48034022505EB92421CB9544D554374
:1006E00005600BE04C4D6D6805F400351DB1504DB3
:1006F0005543056002E04D4D5543056002E04B4D0A
:10070000056000BF00BF444D6D6805F0F0010909A8
:10071000484D6B5C0568DD4045603F4D6D6805F4F4
:10072000E061090A434D6B5C4568DD4085603A4DE8
:100730006D6805F46051C90A3E4D6B5C4568DD404B
:10074000C560354D6D6805F44041890B3A4D6B5CD1
:10075000C568B5FBF3F5056130BD29B12E4A526974
:1007600002432D4B5A6104E02B4A526982432A4BC3
:100770005A61704729B1284A92690243264B9A610F
:1007800004E0254A92698243234B9A61704729B15C
:10079000214AD2690243204BDA6104E01E4AD26941
:1007A00082431D4BDA61704729B11B4AD26802436C
:1007B000194BDA6004E0184AD2688243164BDA60BB
:1007C000704729B1144A12690243134B1A6104E0BD
:1007D000114A12698243104B1A617047124940391D
:1007E000086070470F49C86470470B49C87170476B
:1007F0000948406A40F080700749486270470146E6
:100800000020054A92680A400AB1012000E0002059
:100810007047014988727047001002400000FFF8DD
:10082000FFFFF6FE000042428004424200127A00BE
:1008300000093D001400002024000020314901433C
:10084000314A1160704770B5002100230F22C4782F
:1008500004B32D4C246804F4E064C4F5E064210A78
:10086000C1F10403CA40447804FA03F184781440C7
:1008700021430901254C0678A155047804F01F0591
:100880000124AC4005786D11AD0005F1E025C5F8F7
:10089000004109E0047804F01F050124AC401C4D20
:1008A0000678761145F8264070BD1A4A0A40024380
:1008B000154B1B1F1A60704739B1134A121D12687D
:1008C0000243114B1B1D1A6006E00F4A121D1268ED
:1008D00082430D4B1B1D1A607047042808D14FF04E
:1008E000E021096941F004014FF0E022116107E0C5
:1008F0004FF0E021096921F004014FF0E02211617D
:10090000704700000000FA050CED00E000E400E094
:1009100080E100E080FFFF1F10B50446CC48844210
:1009200008D101210420FFF73FFF00210420FFF739
:100930003BFF46E0C748844208D101210820FFF769
:1009400033FF00210820FFF72FFF3AE0C24884421E
:1009500008D101211020FFF727FF00211020FFF709
:1009600023FF2EE0BD48844208D101212020FFF75B
:100970001BFF00212020FFF717FF22E0B848844228
:1009800008D101214020FFF70FFF00214020FFF791
:100990000BFF16E0B348844208D101218020FFF705
:1009A00003FF00218020FFF7FFFE0AE0AE488442EB
:1009B00007D101218015FFF7F7FE0021A015FFF7F1
:1009C000F3FE10BD10B501210846FFF7EDFE002132
:1009D0000120FFF7E9FE10BD2DE9F0410246002598
:1009E0000026002000230024002791F803C00CF00B
:1009F0000F0591F803C00CF0100CBCF1000F03D0F0
:100A000091F802C04CEA050591F800C0BCF1000F56
:100A100031D0146800202BE04FF0010C0CFA00F3E9
:100A2000B1F800C00CEA03069E4220D183004FF0CB
:100A30000F0C0CFA03F7BC4305FA03FC4CEA040460
:100A400091F803C0BCF1280F06D14FF0010C0CFA4D
:100A500000FCC2F814C00AE091F803C0BCF1480FD2
:100A600005D14FF0010C0CFA00FCC2F810C0401C7C
:100A70000828D1D31460B1F800C0BCF1FF0F34DDF9
:100A8000546800202EE000F1080C4FF0010808FA2D
:100A90000CF3B1F800C00CEA03069E4221D183009A
:100AA0004FF00F0C0CFA03F7BC4305FA03FC4CEAB9
:100AB000040491F803C0BCF1280F05D100F1080C23
:100AC00008FA0CF8C2F8148091F803C0BCF1480F82
:100AD00007D100F1080C4FF0010808FA0CF8C2F831
:100AE0001080401C0828CED35460BDE8F0814FF63A
:100AF000FF710180022181700421C170704702469C
:100B0000002093680B400BB1012000E000207047EB
:100B10000146886880B2704702460020D3680B40C7
:100B20000BB1012000E0002070470146C86880B288
:100B3000704701617047416170470AB1016100E08F
:100B400041617047C16070474FF480320A4382614F
:100B50008161826182698269704702460020434B4D
:100B600018684FF68073184040EA021008433F4B64
:100B7000186070473E49C8617047F0B50A460023C7
:100B800000240021002500F00046B6F1004F02D1FC
:100B9000364EF16901E0354E7168C0F3034583B20A
:100BA00000F44016B6F5401F08D121F070612F4EB9
:100BB000766826F070662D4F7E6012E000F4801695
:100BC000B6F5801F06D1032606FA05F4A14341F0CD
:100BD000706106E0460D360103FA06F6B14341F0B6
:100BE000706122B1460D360103FA06F6314300F07A
:100BF0000046B6F1004F02D11C4EF16101E01B4EE0
:100C00007160F0BD30B500228B071C0F0F2303FA73
:100C100004F2164B08338C1053F824309343134CD2
:100C200008348D1044F8253023468C1053F82430B6
:100C30008C07240F00FA04F423430C4C08348D1065
:100C400044F8253030BD0A49DC31086070470000A7
:100C500000080140000C0140001001400014014058
:100C600000180140001C014000200140000001402C
:100C70000000204210B50446FB48844209D10121FE
:100C80008803FFF791FD00214FF48040FFF78CFDB2
:100C900032E0F648844209D101214804FFF791FD72
:100CA00000214FF40030FFF78CFD25E0F04884422E
:100CB00009D101218804FFF784FD00214FF4802031
:100CC000FFF77FFD18E0EB48844209D10121C804F9
:100CD000FFF777FD00214FF40020FFF772FD0BE0D6
:100CE000E548844208D101210805FFF76AFD00218B
:100CF0004FF48010FFF765FD10BD2DE9F04786B079
:100D000005460E460024A24600BFA1460027B08932
:100D100000B100BF2F462C8A4CF6FF700440F088CB
:100D200004432C82AC894EF6F3100440B08831891C
:100D30000843718908430443AC81AC8A4FF6FF40F5
:100D40000440B0890443AC8201A8FFF7A6FCC64862
:100D5000874202D1DDF810A001E0DDF80CA0A889DF
:100D600000F4004040B10AEBCA0000EB0A10316801
:100D70004900B0FBF1F807E00AEBCA0000EB0A10EB
:100D800031688900B0FBF1F86420B8FBF0F0040191
:100D90002009642101FB1089A88900F4004040B1BA
:100DA000322000EBC900B0FBF1F000F00700044373
:100DB00008E0322000EB09106421B0FBF1F000F0F4
:100DC0000F0004432C8106B0BDE8F0874FF41651A4
:100DD000016000218180C18001810C2141810021BD
:100DE0008181704710B502460020108A4FF2FF0340
:100DF00018400B884C8823438C882343CC8823439A
:100E00001843108210BD0021018041808180C18083
:100E1000704721B1828942F40052828104E08289C4
:100E20004DF6FF731A4082817047F0B503460024E7
:100E300000260025002040F66A17B94200D100BF05
:100E40001846C1F3421401F01F06012707FA06F500
:100E5000012C01D10C3004E0022C01D1103000E053
:100E600014301AB107682F43076002E00768AF43E8
:100E70000760F0BD1AB1838A0B43838202E0838A44
:100E80008B4383827047028A4FF6F0731A400282C6
:100E9000028A0A430282704782894FF2FF731A4026
:100EA000828182890A438281704721B1828942F01E
:100EB0000202828104E082894FF6FD731A4082812A
:100EC0007047028A4FF6DF731A400282028A0A4391
:100ED0000282704721B1028A42F48042028204E019
:100EE000028A4BF6FF731A4002827047C1F3080270
:100EF0008280704701468888C0F308007047818966
:100F000041F0010181817047028BD2B20283028BD2
:100F100042EA012202837047028B02F47F4202837D
:100F2000028B0A430283704721B1828A42F0200279
:100F3000828204E0828A4FF6DF731A408282704711
:100F400021B1828A42F01002828204E0828A4FF646
:100F5000EF731A408282704721B1828A42F0080200
:100F6000828204E0828A4FF6F7731A4082827047C9
:100F700021B1828942F40042828103E08289C2F376
:100F80000E028281704721B1828A42F4006282821D
:100F900004E0828A4FF2FF731A4082827047828A8D
:100FA0004FF6FB731A408282828A0A43828270471C
:100FB00021B1828A42F00202828204E0828A4FF6E4
:100FC000FD731A408282704702460020B1F5007F0F
:100FD00000D100BF13880B400BB1012000E00020BE
:100FE000704701F40072B2F5007F00D100BFCA4320
:100FF0000280704770B502460024002300250020BF
:1010000040F66A16B14200D100BFC1F3421501F0AB
:101010001F03012606FA03F3012D02D196893340FE
:1010200006E0022D02D1168A334001E0968A334051
:101030000C12012606FA04F41688344013B10CB1E0
:10104000012000E0002070BD10B50022002340F612
:101050006A14A14200D100BF0A1201249440A3B235
:10106000DC43048010BD0000003801400044004013
:1010700000480040004C0040005000400146002065
:10108000FE4A106800F03800084310607047FB49C2
:10109000096821F00801F94A116011460968014305
:1010A00011607047F549096821F01001F34A116099
:1010B00011460968014311607047F148EF494860E3
:1010C000F04848607047EE48EC494860ED48486099
:1010D0007047EA48006940F08000E84908617047BD
:1010E000E648006940F08000E44908617047042048
:1010F000E249C96801F0010109B101200EE0DF49B0
:10110000C96801F0040109B1022007E0DB49C968A0
:1011100001F0100109B1032000E00420704700B580
:1011200002460423FFF7E3FF034603E0FFF7DFFF78
:101130000346521E012B01D1002AF7D102B9052323
:10114000184600BD30B5044604254FF43020FFF7A3
:10115000E6FF0546042D17D1C848006940F002009B
:10116000C649086108464461006940F040000861D2
:101170004FF43020FFF7D3FF0546C048006941F621
:10118000FD710840BD490861284630BD10B50424F2
:101190004FF43020FFF7C3FF0446042C16D1B748A4
:1011A000006940F00400B54908610846006940F054
:1011B000400008614FF43020FFF7B1FF0446AF480C
:1011C000006941F6FB710840AC490861204610BD3A
:1011D00000B502460423FFF78AFF034603E0FFF74A
:1011E00086FF0346521E012B01D1002AF7D102B916
:1011F0000523184600BD10B504244FF43020FFF736
:10120000E7FF0446042C16D19C48006940F0040016
:101210009A4908610846006940F0400008614FF4AF
:101220003020FFF7D5FF04469448006941F6FB7172
:10123000084092490861204610BD00208F49C969C5
:1012400001F0020109B1012000E00020704730B533
:10125000A5250424FFF7F1FF00B100254FF430204D
:10126000FFF75DFF0446042C3AD185488349886026
:10127000844888600846006940F0200008610846FC
:10128000006940F0400008614FF43020FFF747FF4D
:101290000446042C1BD17948006941F6DF710840EF
:1012A000764908610846006940F0100008617648F8
:1012B0000580E002FFF733FF0446052C10D06F488D
:1012C000006941F6EF7108406C49086108E0052C9F
:1012D00006D06A48006941F6EF7108406749086125
:1012E000204630BD78B506460C4604250020009007
:1012F000E802FFF714FF0546042D24D15F4800697A
:1013000040F001005D4908613480E802FFF707FF03
:101310000546042D10D1B01C0090200C00990880C7
:10132000E802FFF7FCFE05465448006941F6FE71ED
:1013300008405249086106E05048006941F6FE71D4
:1013400008404E490861284678BD70B504460D46F0
:101350000426F002FFF7E3FE0646042E11D14748AB
:10136000006940F00100454908612580F002FFF75F
:10137000D6FE06464148006941F6FE7108403F49E5
:101380000861304670BD70B505460E460424E00283
:10139000FFF7C5FE0446042C17D139483749886049
:1013A000384888600846006940F0100008612E80C7
:1013B000E002FFF7B4FE0446052C06D02F48006972
:1013C00041F6EF7108402D490861204670BD2DE9B6
:1013D000F04304464FF6FF763746B046B146042543
:1013E000E443E6B2C4F30727C4F307484FEA14699D
:1013F000E802FFF794FE0546042D49D120481F4915
:101400008860204888600846006940F01000086144
:10141000FF2E06D01C4808300680E802FFF77FFE4A
:101420000546042D08D1FF2F06D017480A30078043
:10143000E802FFF774FE0546042D0AD1B8F1FF0F4C
:1014400007D011480C30A0F80080E802FFF767FED3
:101450000546042D0AD1B9F1FF0F07D00A480E3016
:10146000A0F80090E802FFF75AFE0546052D0FD0C0
:101470000248006941F6EF71084007E00020024091
:1014800023016745AB89EFCD00F8FF1F664908616E
:101490002846BDE8F08330B5054604244FF43020DB
:1014A000FFF73DFE0446042C41D160485E49886048
:1014B0005F4888600846006940F0200008610846DF
:1014C000006940F0400008614FF43020FFF727FE2C
:1014D0000446042C22D15448006941F6DF710840CB
:1014E000514908610846006940F0100008611DB1CB
:1014F00000205049088002E0A5204E4908804FF4A2
:101500003020FFF70CFE0446052C10D04648006939
:1015100041F6EF7108404449086108E0052C06D007
:101520004148006941F6DF7108403F4908612046A3
:1015300030BDF0B505460E46174604243B483A49EF
:1015400088603B488860E002FFF7E9FD0446042C10
:1015500019D13548006940F010003349086147F05F
:10156000F800304328433349891C0880E002FFF724
:10157000D6FD0446052C06D02B48006941F6EF71D4
:101580000840294908612046F0BD2748C069800805
:1015900070472548006A704700202349096801F018
:1015A000200109B1012000E00020704729B11E4A46
:1015B000126902431C4B1A6104E01B4A1269824300
:1015C000194B1A61704701460020012908D1164ABB
:1015D000D26902F001020AB1012008E0002006E011
:1015E000114AD2680A400AB1012000E00020704789
:1015F0000D49C860704704200B49C96801F001011A
:1016000009B101200EE00849C96801F0040109B1DF
:10161000022007E00449C96801F0100109B1032064
:1016200000E00420704700000020024023016745CD
:10163000AB89EFCD00F8FF1F10B50446BE488442C9
:1016400008D101218014FFF7AFF80021A014FFF7A3
:10165000ABF816E0B948844208D101210014FFF725
:10166000B0F800212014FFF7ACF80AE0B448844237
:1016700007D10121C013FFF7A4F80021E013FFF701
:10168000A0F810BD10B50022028802F441520B8868
:101690004C8823438C882343CC8823430C892343E1
:1016A0004C8923438C892343CC8923431A430280EA
:1016B000838B4FF2FF74234083830B8A038210BD18
:1016C0002DE9F04F85B005460C464FF00009022782
:1016D0004FF000084FF0010B0026B246A88B4FF2E6
:1016E00040010840A88302202884B5F81C90A06817
:1016F000022801D100BF38E0A08810B94FF0010BDB
:1017000001E04FF0020B8D48854200D100E000BFA0
:101710006846FEF7C2FFDDF800A0E088B0F5007F64
:101720000AD14FEA1A2000EB80004000A168B0FB0C
:10173000F1F0401D86B20BE04FEA4B10BAFBF0F01F
:1017400000EB80004000A168B0FBF1F0401D86B2C4
:101750000A20B6FBF0F606F00108A6EB0800C0F37D
:101760004F074FF6FF7000EA0828022F01DBFF2F1A
:1017700002DD02274FF00008E08840EA0800384305
:101780002884A088A18908436188084321880843E8
:1017900040F4006040EA0909A5F81C9005B0BDE8D6
:1017A000F08F0021018041808180C18001814181D1
:1017B0008181C18107210182704700210180418020
:1017C0008180C1800221816000218181704721B127
:1017D000028842F04002028004E002884FF6BF73A4
:1017E0001A400280704721B1828B42F4806282836A
:1017F00004E0828B4FF6FF331A408283704730B586
:10180000002400230C110125A540ABB21AB1858834
:101810001D43858002E085889D43858030BD1AB1D7
:1018200083880B43838002E083888B4383807047E7
:10183000818170470146888970474FF6FF62914267
:1018400004D0028842F48072028004E002884FF6DD
:10185000FF631A400280704721B1828842F004027F
:10186000828004E082884FF6FB731A4082807047C2
:1018700002884FF2FF731A40028002880A430280F6
:101880007047018841F480510180704721B102887E
:1018900042F40052028004E002884DF6FF731A40C1
:1018A0000280704702460020012901D0108B00E021
:1018B000908A70470146088A7047B1F5804F04D17D
:1018C000028842F48042028004E002884BF6FF73F3
:1018D0001A40028070470246002013890B400BB16A
:1018E000012000E000207047CA4302817047F0B534
:1018F0000246002000240023002501F00F070126E6
:10190000BE40B4B20B1101269E40B3B2968806EADF
:1019100003051689264016B10DB1012000E0002014
:10192000F0BD10B5002201F00F040123A3409AB2CC
:10193000D343038110BD0000003001400038004057
:10194000003C004010B50446FE48844208D1012105
:10195000C014FEF729FF0021E014FEF725FFC4E0C4
:10196000B4F1804F08D101210846FEF72AFF00217B
:101970000120FEF726FFB8E0F348844208D1012198
:101980000220FEF71EFF00210220FEF71AFFACE046
:10199000EE48844208D101210420FEF712FF002105
:1019A0000420FEF70EFFA0E0E948844208D101219F
:1019B0000820FEF706FF00210820FEF702FF94E052
:1019C000E448844208D101211020FEF7FAFE0021EC
:1019D0001020FEF7F6FE88E0DF48844208D101219E
:1019E0002020FEF7EEFE00212020FEF7EAFE7CE03C
:1019F000DA48844208D101214014FEF7D5FE0021C7
:101A00006014FEF7D1FE70E0D548844209D101216F
:101A1000C804FEF7C9FE00214FF40020FEF7C4FE03
:101A200063E0D048844209D101210805FEF7BCFEDD
:101A300000214FF48010FEF7B7FE56E0CA488442FA
:101A400009D101214805FEF7AFFE00214FF4001037
:101A5000FEF7AAFE49E0C548844208D10121402092
:101A6000FEF7AFFE00214020FEF7ABFE3DE0C04890
:101A7000844208D101218020FEF7A3FE00218020AE
:101A8000FEF79FFE31E0BB48844208D1012180155A
:101A9000FEF797FE0021A015FEF793FE25E0B6485D
:101AA000844209D101210804FEF77EFE00214FF493
:101AB0008030FEF779FE18E0B048844209D1012158
:101AC0004804FEF771FE00214FF40030FEF76CFE73
:101AD0000BE0AB48844208D101218804FEF764FE84
:101AE00000214FF48020FEF75FFE10BD0022028827
:101AF000944B98420ED0994B98420BD0B0F1804F46
:101B000008D0914B984205D0904B984202D0904B10
:101B1000984204D14FF68F731A404B881A438D4B6D
:101B2000984207D08C4B984204D04FF6FF431A409E
:101B3000CB881A4302808B8883850B880385814B71
:101B400098420BD0854B984208D08B4B984205D0D9
:101B50008A4B984202D08A4B984201D10B7A038675
:101B600001238382704770B5002400220023058C76
:101B70004FF6FE7635400584028C8388048B4FF641
:101B80008F752C40B51E2C400D882C43751E2A40A5
:101B90000D892A434D882A436A4DA8420BD06F4DC8
:101BA000A84208D0744DA84205D0744DA84202D076
:101BB000734DA84213D14FF6F7752A404D892A4339
:101BC0004FF6FB752A408D882A434FF6FF652B4060
:101BD0004FF6FF552B408D892B43CD892B438380B6
:101BE0000483CD888586028470BD70B500240022F0
:101BF0000023058C4FF6EF7635400584028C8388F0
:101C0000048B48F6FF752C404FF6FF452C400D889D
:101C10004FF6FF7606EA05252C434FF6DF752A407E
:101C20000D8906EA05152A434D8806EA05152A435B
:101C3000444DA84202D0494DA8421DD14FF67F75B0
:101C40002A404D894FF6FF7606EA05152A434FF6DE
:101C5000BF752A408D8806EA05152A434FF6FF35E1
:101C60002B404FF2FF752B408D8906EA85052B43EB
:101C7000CD8906EA85052B4383800483CD880587BB
:101C8000028470BD70B5002400220023058C4FF63D
:101C9000FF6635400584028C8388848B4FF68F75F0
:101CA0002C404FF6FC752C400D882C434FF6FF5509
:101CB0002A400D894FF6FF7606EA05252A434D880E
:101CC00006EA05252A431F4DA84202D0234DA8420B
:101CD0001DD14FF2FF752A404D894FF6FF7606EA77
:101CE00005252A434FF6FF352A408D8806EA05254B
:101CF0002A434EF6FF752B404DF6FF752B408D891C
:101D000006EA05152B43CD8906EA05152B4383808A
:101D10008483CD888587028470BD70B5002200233E
:101D20000024058C4EF6FF7635400584038C8488AC
:101D3000828B48F6FF752A404FF6FF452A400D88F2
:101D400020E00000002C014000040040000800409A
:101D5000000C00400010004000140040003401401E
:101D6000004C014000500140005401400018004068
:101D7000001C0040002000400040014000440140A1
:101D8000004801404FF6FF7606EA05252A434DF646
:101D9000FF752B400D8906EA05352B434D8806EA71
:101DA00005352B43FA4DA84202D0FA4DA84208D17E
:101DB0004BF6FF752C408D894FF6FF7606EA8515A8
:101DC0002C4384808283CD88A0F84050038470BD6A
:101DD000828B4FF2FF331A408283828B4FF6FF7360
:101DE00003EA01231A4382837047F0B50C46154677
:101DF000002200210026078C4EF6FF7C07EA0C0724
:101E00000784828B018C4FF6FF7707EA043640F691
:101E1000FF473A404FF6FF7707EA05273A434FF668
:101E2000FF7707EA03373A43D94FB8420ED0D94F6C
:101E3000B8420BD0B0F1804F08D0D74FB84205D090
:101E4000D64FB84202D0D64FB84206D14DF6FF77F2
:101E5000394046F48057394305E047F6FF5739408B
:101E600044F48057394382830184F0BD828B4FF65E
:101E7000F3731A408283828B0A4382837047F0B5E2
:101E80000C461546002200210026078C4FF6FF6CF9
:101E900007EA0C070784828B018C4FF6FF7707EA6D
:101EA00004264FF60C773A404FF6FF7707EA031700
:101EB0002F433A43B64FB8420ED0B64FB8420BD07C
:101EC000B0F1804F08D0B44FB84205D0B34FB842FC
:101ED00002D0B34FB84206D14FF6FF57394046F40F
:101EE0008077394305E04FF2FF57394044F480775B
:101EF000394382830184F0BD028B4FF2FF331A40D5
:101F00000283028B4FF6FF7303EA01231A43028315
:101F10007047F0B50C461546002200210026078CBC
:101F20004FF6EF7C07EA0C070784028B018C4FF613
:101F3000FF7707EA041640F6FF473A404FF6FF776F
:101F400007EA03373A434FF6FF7707EA05273A4394
:101F50008F4FB8420ED08F4FB8420BD0B0F1804FA8
:101F600008D08D4FB84205D08C4FB84202D08C4F6C
:101F7000B84206D14FF6DF77394046F010073943B3
:101F800005E04FF65F77394044F01007394302838C
:101F90000184F0BD028B4FF6F3731A400283028B6B
:101FA0000A4302837047F0B50C4615460022002113
:101FB000068C4FF6FE773E400684028B018C4FF66E
:101FC0000C7632407E1C06EA03162E433243704ED6
:101FD000B0420ED06F4EB0420BD0B0F1804F08D05F
:101FE0006D4EB04205D06D4EB04202D06C4EB04244
:101FF00006D14FF6FD76314044F00106314305E04D
:102000004FF6F576314044F00106314302830184F6
:10201000F0BD70B505460C465D4885420ED05D4862
:1020200085420BD0B5F1804F08D05B48854205D082
:102030005A48854202D05A48854200D100E000BF8C
:10204000208850B92389A28861882846FFF7ABFF12
:10205000E1882846FFF79EFF25E0208804280AD162
:102060002389A28861882846FFF753FFE188284624
:10207000FFF742FF17E0208808280AD12389A288A9
:1020800061882846FFF7FBFEE1882846FFF7EEFE51
:1020900009E02389A28861882846FFF7A6FEE18827
:1020A0002846FFF795FE70BD2DE9F04105460C4628
:1020B00000260127608808B9022600E00026A088D3
:1020C000012801D1022700E001272088A0B9238937
:1020D000A28861882846FFF766FFE1882846FFF757
:1020E00059FF23893A4631462846FFF712FFE18817
:1020F0002846FFF701FF13E02389A288618828465C
:10210000FFF707FFE1882846FFF7F6FE23893A46E6
:1021100031462846FFF747FFE1882846FFF73AFF98
:10212000BDE8F0810A884B881A438B881A43CB8814
:102130001A430B891A434B891A438B891A43A0F817
:10214000442070474FF6FF71818000210180C180DB
:102150004180017270470021018041808180C180EF
:10216000018141818181C1817047002101804180CD
:10217000012181800021C1800181704700210180FF
:1021800041808180C180018141818181704700004F
:10219000002C0140003401400004004000080040D1
:1021A000000C004021B1028842F00102028004E0EC
:1021B00002884FF6FE731A400280704731B1B0F8C2
:1021C000442042F40042A0F8442005E0B0F8442046
:1021D000C2F30E02A0F8442070471AB183890B4362
:1021E000838102E083898B438381704781827047BA
:1021F00041EA0203A0F8483070471AB183890B43C3
:10220000838102E083898B438381704701894FF684
:10221000F8721140018170470A46002101894FF68A
:102220008F73194011430181704730B504460D4644
:1022300029462046FFF7F0FF208940F00700208163
:1022400030BD2DE9F04104460D4616461F46602D6F
:1022500006D13B46012231462046FFF75AFE05E0F3
:102260003B46012231462046FFF79DFE2946204687
:10227000FFF7D2FF208940F007002081BDE8F08100
:1022800030B50C4600210189C9B24FF6FF7505EA49
:102290000325154325432943018130BD2DE9F04134
:1022A00005460E4617469846002443463A463146B0
:1022B0002846FFF7E5FF2C894FF6F870044044F0FC
:1022C00007044FF68F70044044F070042C81BDE881
:1022D000F081F0B504460D4616461F463B46324691
:1022E00029462046FFF7CCFF208940F4804020811A
:1022F000F0BD0185828270470A46002101884FF6B1
:102300008F731940114301807047F0B50C46154694
:102310001E460021002200230189028B038C4FF608
:10232000F877394021434FF6FC473A4040F2011715
:102330003A434FF6DD773B404FF6FF7707EA061743
:102340002F433B43018102830384F0BD0A460021F1
:10235000018B4FF68F7319401143018370470A4672
:102360000021018B48F6FF7319404FF6FF7303EA13
:1023700002231943018370470A460021818B4FF6DF
:102380008F7319401143818370470A460021818B66
:1023900048F6FF7319404FF6FF7303EA022319430F
:1023A0008183704721B1028842F08002028004E0FC
:1023B00002884FF67F731A400280704721B18288ED
:1023C00042F00402828004E082884FF6FB731A40D8
:1023D0008280704721B1828842F00802828004E046
:1023E00082884FF6F7731A408280704721B1828845
:1023F00042F00102828004E082884FF6FE731A40A8
:10240000828070470A460021018B4FF6F77319400E
:102410001143018370470A460021018B4FF2FF737D
:1024200019404FF6FF7303EA0223194301837047F3
:102430000A460021818B4FF6F773194011438183BF
:1024400070470A460021818B4FF2FF7319404FF607
:10245000FF7303EA02231943818370470A46002170
:10246000018B4FF6FB7319401143018370470A46F5
:102470000021018B4FF6FF3319404FF6FF7303EA3B
:1024800002231943018370470A460021818B4FF6CE
:10249000FB7319401143818370470A460021818BE9
:1024A0004FF6FF3319404FF6FF7303EA0223194337
:1024B000818370470A460021018B4FF67F731940D4
:1024C0001143018370470A460021018BC1F30E01BD
:1024D0004FF6FF7303EA02231943018370470A464C
:1024E0000021818B4FF67F73194011438183704720
:1024F0000A460021818BC1F30E014FF6FF7303EAF8
:1025000002231943818370470A460021018C4FF64C
:10251000FD7319401143018470470A460021018C64
:102520004FF6F77319401143018470470A460021A2
:10253000018C4FF6DF7319404FF6FF7303EA021365
:102540001943018470470A460021018C4FF67F73BE
:1025500019404FF6FF7303EA0213194301847047D1
:102560000A460021018C4FF6FF5319404FF6FF73C6
:1025700003EA02231943018470470A460021018CB3
:102580004FF2FF7319404FF6FF7303EA022319431A
:10259000018470470A460021018C4DF6FF731940F3
:1025A0004FF6FF7303EA023319430184704730B5D5
:1025B000002301248C40A3B2048C9C430484048C2B
:1025C00002FA01F5ADB22C43048430BD30B50023CE
:1025D00004248C40A3B2048C9C430484048C02FA2F
:1025E00001F5ADB22C43048430BD70B50346002024
:1025F00000241846183001258D40ACB21D8CA5432F
:102600001D8409B1082909D100EB6100056825F096
:10261000700505600568154305600EE00D1FC5F3E4
:102620004E052844056825F4E045056005684FF629
:10263000FF7606EA02263543056070BD21B10288A7
:1026400042F00202028004E002884FF6FD731A4055
:102650000280704721B1028842F00402028004E047
:1026600002884FF6FB731A400280704721B18288BE
:1026700042F08002828004E082884FF67F731A4025
:102680008280704702884FF6F7731A4002800288F2
:102690000A430280704782884FF68F731A40828007
:1026A00082880A438280704702894FF6F8731A4085
:1026B000028102890A430281704702894FF67F73C3
:1026C0001A40028102890A4302817047818470475F
:1026D0008185704781867047018770478187704781
:1026E000A0F84010704702884FF6FF431A4002805E
:1026F00002880A43028070470146888E704701466F
:10270000088F70470146888F70470146B1F8400036
:1027100070470146888C70470146088D7047024615
:102720000020138A0B400BB1012000E0002070470D
:10273000CA430282704730B50246002000230024BD
:10274000158A05EA0103958905EA010413B10CB164
:10275000012000E0002030BDCA4302827047000023
:10276000002044490860091D0860091D0860091D12
:10277000086041483F4914310860704700213D49D5
:102780008279002A3AD00A46126803689A430B46B7
:102790001A600A1D126803689A430B1D1A600279B9
:1027A00011440A6803681A430A60324A0832126800
:1027B00003689A432F4B08331A601A1D1268036886
:1027C0009A432C4B0C331A604279102A0ED11A1FEF
:1027D000126803681A43274B08331A601A1D1268DF
:1027E00003681A43234B0C331A600DE021494279E8
:1027F00011440A6803681A430A6005E0027911442B
:102800000A6803689A430A607047002101600171F9
:102810000C214171002181717047164910310968FE
:102820000143144A10321160704701460020114ADA
:10283000143212680A400AB1012000E000207047FB
:102840000C49143108607047014600200022094BF2
:102850001B6803EA0102074B14331B680B4013B1DA
:102860000AB1012000E000207047024914310860DD
:102870007047000000040140FFFF0F000948804737
:1028800009480047FEE7FEE7FEE7FEE7FEE7FEE752
:10289000FEE7FEE7FEE7FEE704480549054A064B6A
:1028A000704700009703000831010008C06600204F
:1028B000C06C0020C0680020C0680020014600BF36
:1028C00070474AF6AA20F9490860704710B5002100
:1028D0004FF00060FDF7E9FF4FF4C060FDF7AEFF79
:1028E0002720F34908700020487001208870C870C4
:1028F0000846FDF7A8FF2620ED4908700020487023
:10290000022088700120C8700846FDF79CFF252032
:10291000E749087000204870032088700120C870C3
:102920000846FDF790FF3420E14908700020487008
:1029300088700120C8700846FDF785FF0320DC4938
:10294000087001204870002088700120C870084677
:10295000FDF779FF10BD704710B54FF08040FEF7CE
:10296000F1FF40F6FF70D349888000200880C880BE
:10297000087248804FF08040FFF7B8F87020CE49C9
:1029800008800120488000208880C88002200881BB
:10299000002048814FF4807088810020C8814FF06A
:1029A0008040FFF722F901218807FFF7FBFB012098
:1029B000C0498880472008800020C88010204880B7
:1029C000BE48FFF793F810BD08B50121BC48FEF7DB
:1029D000D4F84FF44240ADF8000003208DF8020017
:1029E00014208DF803006946B648FDF7F5FF4FF453
:1029F0007470ADF8000003208DF8020014208DF8EB
:102A000003006946B048FDF7E7FF49F28010ADF8D2
:102A1000000003208DF8020014208DF803006946A1
:102A2000AA48FDF7D9FF02208DF802000420ADF876
:102A3000000014208DF803006946A348FDF7CCFF81
:102A40000120ADF8000002208DF8020010208DF862
:102A5000030069469B48FDF7BFFF01209C490860C1
:102A60003020ADF8000002208DF8020004208DF81F
:102A7000030069469548FDF7AFFF8220ADF80000DE
:102A800002208DF8020004208DF8030069468D486D
:102A9000FDF7A2FF2020ADF8000002208DF8020013
:102AA00004208DF8030069468748FDF795FF46F23C
:102AB0000800ADF8000002208DF8020004208DF817
:102AC000030069468048FDF787FF0320ADF800004A
:102AD0008DF8020010208DF8030069467B48FDF751
:102AE0007BFF0420ADF800008DF8030003208DF873
:102AF000020069467748FDF76FFF4020ADF80000FF
:102B000004208DF8030003208DF8020069466F4809
:102B1000FDF762FF4FF44050ADF8000010208DF833
:102B2000030003208DF8020069466648FDF754FF54
:102B30004FF480516348FDF7FCFF4FF400516148AA
:102B4000FDF7F9FF4FF41040ADF8000010208DF8AC
:102B5000030002208DF8020069465B48FDF73CFF48
:102B60004FF40060ADF8000010208DF80300032042
:102B70008DF8020069465548FDF72EFF4FF40041DD
:102B80005148FDF7D6FF4FF480514F48FDF7D1FF74
:102B90004FF400614D48FDF7CCFF4FF48070ADF865
:102BA000000004208DF8030003208DF80200694620
:102BB0004448FDF711FF0120ADF8000002208DF818
:102BC000020010208DF8030069463F48FDF704FF1E
:102BD00001213D48FDF7AFFF0220ADF800008DF860
:102BE000020010208DF8030069463748FDF7F4FE17
:102BF00002213548FDF79FFF3820ADF80000032083
:102C00008DF8020018208DF8030069462D48FDF765
:102C1000E3FE4020ADF8000003208DF802001020F4
:102C20008DF8030069462748FDF7D6FE4021254868
:102C3000FDF77FFF08BD10B501213D20FDF79AFD8E
:102C400001218803FDF796FD01214804FDF79FFD52
:102C500001218804FDF79BFD0121C804FDF797FDC4
:102C600001210846FDF793FD01210220FDF78FFDAC
:102C700001210846FDF771FD01214802FDF77AFDAB
:102C80000121C803FDF783FD10BD014648F6A040B1
:102C900005E000E0401E0028FCD148F6A0400A1ED6
:102CA000A1F1010399B2F4D1704700000030004057
:102CB000EC000020462500205025002000040040A4
:102CC00000023000000C01400010014000080140EB
:102CD00080812142001401404FF42F70FFF7D5FF8F
:102CE000FFF7A9FFFFF770FE4FF49670FFF7CDFFD7
:102CF000FFF7A1FFFFF768FEBA49481EB0F1807FD9
:102D000000D31BE0481E4FF0E02250615017012213
:102D1000002807DA13071D0EB34B00F00F04241F21
:102D20001D5503E013071C0EB04B1C5400BF0020C0
:102D30004FF0E02290610720106100BFFFF70CFE0A
:102D40000AF066FC28F004FD00F07AF900F0B6F90C
:102D500000F0E3FAFFF7FFFD01F0ABFB03F0E7F84B
:102D600003F0E3FE09F047FA26F015F825F078FAAB
:102D7000FFF7ACFD28F0ECFC4FF400619C48FDF738
:102D8000D8FE26F061F99B49086009680868804709
:102D900098490968886880470AF020FE01F091FA96
:102DA0000120954908704FF4487024F0C8F923F0C9
:102DB000EBFF00F041F90020904988844FF47A70CD
:102DC0008F4908808D48C088012804D14FF4FA70DB
:102DD0008C49088010E08948C08868B98748408DD0
:102DE000012803D1C8208749088005E08348408D29
:102DF00010B900208349088002218348FDF799FE1D
:102E0000012082490870A5E000F087FA01F0C4F8BB
:102E100000F0C7FB00F0FDF900F09FFB01F0DBF9CB
:102E20007648623000F0704000F100707349623102
:102E3000C1F3130100EB4110406A08B102F091F9AF
:102E400001F05BFB01F0C5FE03F0F3FD03F07AF83F
:102E500003F00AFB07F042FD05F074FE06F07FFF69
:102E60000AF076F809F0DFF909F0BAFD0AF071F816
:102E70000AF08EF86148808CE0B96048203000F09C
:102E8000704000F100705D492031C1F3130100EB87
:102E90004110006870B15948C088012806D10CF073
:102EA00002F95648008A08B90DF001FB0AF0D8FD76
:102EB0000BF01BFF5148808C012801D10DF087FADF
:102EC0000DF066F9FFF7FDFC5148008C012802DB8C
:102ED00001F075FA00E000BF4E48007820B90EF00E
:102EE0006EFC01204B4908704A480078012831D116
:102EF00020F05FFD23F046FA4048223000F0704099
:102F000000F100703D492231C1F3130100EB411083
:102F10000068F8B140480078032803DB3E48007899
:102F20001B2802DB08F0F1FD0EE03C48007848B9B0
:102F30003B48007830B93B48007818B93A480088D7
:102F4000642801DB08F0E1FD38480078022801D14F
:102F500003F0BAFE58E745F25552354B1A601A464F
:102F6000506091604AF6AA221A604CF6CC421A6070
:102F700070477047704731B5BDF8004001212D48BA
:102F8000FFF710F921462B48FFF7A0FB03E0294883
:102F9000FFF7BFFB0446012CF9DC00212548FFF7B1
:102FA00001F938BD31B5002405E04FF47A70FFF720
:102FB000E2FF601C84B2BDF800008442F5DB38BD3E
:102FC00031B5002405E04FF47A70FFF7D4FF601CA0
:102FD00084B2BDF800008442F5DB38BDC2684A40C7
:102FE000C26070474019010018ED00E000E400E005
:102FF00000080140D402002042010020FA11002004
:103000004403002042030020001001402F03002051
:1030100036080020F0000020B9010020BA0100208D
:10302000BD01002089020020B60100209F01002080
:103030000030004000040040704701467047704770
:1030400040F21220F649A1F8900040F2E970A1F890
:103050009200CD20A1F894006D20A1F882000020FC
:10306000F04908804FF47A70EF49A1F85A01EF490E
:103070000880EF490880EF490880EF490880012067
:10308000EE4908800020EE49C884A1F87600A1F836
:10309000C600A1F81601EB490870EB490870EB492E
:1030A0000870EB490870EB490870EB490870EB4970
:1030B0000870EB490870EB490870704710B50AF0CA
:1030C000CBFA64220021D6480AF065FC0AF0C4FA63
:1030D0004FF490724FF48071E3480AF05CFCD048E2
:1030E000C08FCF49A1F866000846B0F84800DF4914
:1030F0004843DF490860CA4890F84A0040B2087166
:10310000C74890F84C004871C54890F84E00887147
:10311000C34890F85000C871C148B0F8520008B1D7
:10312000012000E00020D2490872BD48B0F85400E8
:1031300008B1012000E00020CD494872B848B0F83D
:10314000560008B1012000E00020C9498872B44847
:10315000B0F8580008B1012000E00020C449C8724E
:10316000AF4890F85A000873AD48B0F85E000861A7
:10317000AB48B0F860004861A94890F85C00087658
:10318000A748808ABB49A1F85002A548C08AA1F887
:103190005202A348008BA1F85402A148408BA1F829
:1031A000560210BD2DE9F04105460C461646FDF7C6
:1031B00084FF3520FEF71CFA2846FDF7C3FF0027E1
:1031C00008E034F8028B2846AD1C4146FEF7BDF8F6
:1031D000781C87B2B742F4DBFDF77BFFBDE8F081D6
:1031E00010B5002305E031F8024B20F8024B5C1CBF
:1031F000A3B29342F7DB10BD30B51346002405E0BF
:1032000011F8012B00F8012B651CACB29C42F7DBD6
:1032100030BD10B59848007801281ED19748007835
:10322000D8B900207E49A1F870000AF015FA64228E
:1032300000217B480AF08FFB4FF490724FF48071AD
:1032400089480AF088FB11207549A1F87000012017
:103250008A4908700020884908707148B0F87000E9
:1032600041F28831884203D08248408A88421CD18A
:1032700082480078C8B900206949A1F870000AF0B6
:10328000EBF96422002166480AF065FB4FF4907266
:103290004FF4807174480AF05EFB41F28830604957
:1032A000A1F870000120754908707548407875498B
:1032B0000978884230D07148007868B37048407807
:1032C0007049087070480088401C6F4908800846A3
:1032D000008896280CDD69480078012808D1022072
:1032E0006649087041F270704D49A1F8700013E012
:1032F00065480088B0F5967F0EDD604800780228AA
:103300000AD164205F49087000205F4908805B494A
:1033100008704349A1F8700010BD2DE9FF47002552
:103320003F48B0F87000B0F5FA6F0BD13C48B0F8E8
:10333000720041F2E101884204D15448007808B992
:10334000012533E03648C088B0F5FA6F0CDD34480B
:103350008088B0F5FA6F07DD4C48007820B9022567
:1033600001204549087021E02D48C08890B92C48BB
:10337000808878B92A48B0F84E0058B92848B0F883
:10338000500038B94148007820B9032501203A4956
:1033900008700BE02248C08FB0F5614F06DD3B4856
:1033A000007818B90425012033490870002D36DD56
:1033B000002407E004F122002B49085C0DF804000A
:1033C000601CC4B20B2CF5DB4FF4907230492648D8
:1033D000FFF712FF002407E01DF8041004F122009B
:1033E000214A1154601CC4B20B2CF5DB0C48068D2D
:1033F000478DB0F82C80B0F8129032222549FFF7A3
:10340000EFFE074806854785A0F82C80A0F81290AB
:10341000012D41D140F2DF300149488749E064E0A5
:10342000FA110020060100204E0400205200002066
:103430005400002056000020580000201E010020EB
:103440004A15002092000020BC000020BD00002092
:10345000BE000020BF000020C0000020C1000020EE
:10346000C2000020C30000202A14002040420F00A8
:10347000F003002036080020020100200001002097
:1034800034040020FD000020FE000020FC0000208D
:1034900092F502082EF30208022D04D14FF4787041
:1034A000FE49488705E0032D03D140F2E130FB4996
:1034B00048870025FA48007860B94FF4FA60F74968
:1034C000A1F8700041F2E100A1F872000120F54975
:1034D000087009E00020F44908704FF47A70EF4951
:1034E000A1F87200FFF795FE00BFF0488078F04920
:1034F000097888422FD0EB48007860B3EB48807899
:10350000EB490870EB480088401CEA4908800846EF
:10351000008802280CDDE3480078012808D1022049
:10352000E049087041F27070DC49A1F8720012E0C5
:10353000E048008804280EDDDA48007802280AD125
:103540006420DB4908700020DA490880D5490870FA
:10355000D249A1F87200BDE8FF87D048B0F87000EA
:10356000B0F5FA6F1CD1D1488078D34909788842E8
:1035700016D0CE488078D0490870D0480088401CCA
:10358000CE49088008460088B0F5617F08DD6420D8
:10359000C94908700020C94908800120C049087045
:1035A00070472DE9FE4FBD48B0F84C000A281AD2EA
:1035B000DFE800F00507090B0D0F11131517C04EBA
:1035C00013E0C04E11E0C04E0FE0C04E0DE0C04E03
:1035D0000BE0C04E09E0C04E07E0C04E05E0C04E13
:1035E00003E0C04E01E0BD4E00BF00BFAB48B0F8E5
:1035F0005000052810D2DFE800F00306080A0C008E
:103600004FF07E570AE0B84F08E0B84F06E0B84FD9
:1036100004E04FF07C5701E0B44F00BF00BF9F496A
:10362000B1F84E002BF0B4FC0290314602982BF01A
:10363000C3FC394601902BF0BFFC0290974890F8EC
:103640004E100120884084B220462BF0A1FC014698
:10365000009002982BF09EFBA64901902BF0ACFC49
:10366000029002982BF074FC8C49A1F8840001F1BF
:10367000200000F0704000F100702031C1F3130110
:1036800000EB4110406858B100228448223000F01D
:10369000704101F10071C0F3130001EB4010426072
:1036A0007E48223000F0704000F100707B492231EA
:1036B000C1F3130100EB4110806868B10022774824
:1036C000223000F0704000F1007074492231C1F3E3
:1036D000130100EB4110C2607048C088E8BB864807
:1036E00000886E49A1F8B0008348408DA1F8B2006F
:1036F0008148008CA1F8B4007F48008EA1F8B60084
:103700007D48C08DA1F8B8007B48408FA1F8C20069
:103710007948808FA1F8BA007748B0F84000A1F846
:10372000BC007548B0F86A00A1F8BE007248B0F855
:103730006C00A1F8C0007148B0F8B400A1F8000115
:103740006E48B0F8B600A1F802016C48B0F8B000BD
:10375000A1F804016948808D00E009E0A1F80601A4
:103760006648008EA1F808010846408AA1F80A01BF
:103770006348008800281CDD0120624908604B482E
:10378000407861490978884213D0484840785E49BA
:1037900008705B480088401C59490880084600882A
:1037A00042F6E061884204DD002055490880554911
:1037B00008604FF0000900240EE004F18000534936
:1037C00011F800805248005D404503DB09F101001B
:1037D0001FFA80F9601C84B2042CEEDB4FF0000A63
:1037E000002409E04B48005D0A2803DB0AF10100D0
:1037F0001FFA80FA601C84B2042CF3DB27482230C5
:1038000000F0704000F1007024492231C1F313012F
:1038100000EB4110406870B92048223000F0704041
:1038200000F100701D492231C1F3130100EB41107A
:10383000C068002830D03848008800F00400E8B1A3
:1038400036480078364909780844364909780844EA
:1038500035490978084435490978084434490978D4
:1038600008444844504433490978084432490978A7
:10387000084432490978084400280EDD0B48807856
:103880002F490978884207D0084880782C49087069
:103890002C480088401C57E09BE09BE0FA11002078
:1038A00002010020FC000020000100203404002060
:1038B000F8000020FA00002001010020040100208F
:1038C0009A99F940666626419A9979416666A641B9
:1038D0009A99F9416666264200007A420000FA424F
:1038E00000007A430000FA43CDCC4C3FABAA2A3FFC
:1038F0002549123F0000C842CE10002036080020A3
:103900001E010020808121421C0100202A14002079
:10391000E4010020060200200C440040C501002004
:10392000C60100206802002084020020C701002098
:10393000C80100205A0200205E020020620200201E
:103940001001002012010020F74908800846008875
:10395000502842DD6420F54908700020F2490880B3
:10396000012240F22551F248FDF75FFAF0480C3091
:10397000008840F00400EE490C3108800020ED4939
:103980000870ED490870ED490870002404E000203B
:10399000EB490855601C84B2042CF8DB002404E0D9
:1039A0000020E8490855601C84B2042CF8DB002094
:1039B000E54908700120E54908700121E448FDF758
:1039C000B8F840F6B83023F0BAFB0121E048FDF723
:1039D000B2F802E00020D4490880DE4800F07040D0
:1039E00000F10070DB49C1F3130100EB41100068E6
:1039F00030B3D9488078D9490978884220D0D64850
:103A00008078D6490870D6480088401CD449088080
:103A100008460088B0F5966F12DD00200880CA497C
:103A200008700120C94908700121C948FDF781F8D3
:103A300040F6B83023F083FB0121C548FDF77BF841
:103A4000C448223800884EF66021884228D0C248F7
:103A5000C078C4490988884222D0BF48C078C1498B
:103A60000880C1480088401CBF490880B9482238F6
:103A700000880988884213DC0020BB490880B249CD
:103A800008700120B14908700121B148FDF751F8D3
:103A900040F6B83023F053FB0121AD48FDF74BF859
:103AA000B24890F8398090F83A0000EB0820A94914
:103AB0002239C887AD4890F83B00A1F84000AB48D8
:103AC00090F83C00A1F84200A84890F83D00A1F809
:103AD0004400A64890F83E00A1F846000846C08F72
:103AE000B1F86610884227D19A482238B0F84000D1
:103AF00098492239B1F8681088421DD1954822387A
:103B0000B0F8420093492239B1F86A10884213D1C3
:103B100090482238B0F844008E492239B1F86C1030
:103B2000884209D18B482238B0F8460089492239A9
:103B3000B1F86E1088421CD086482238C08F854963
:103B40002239A1F866000846B0F84000A1F86800E4
:103B50000846B0F84200A1F86A000846B0F84400F0
:103B6000A1F86C000846B0F84600A1F86E0002F01B
:103B700045F97F480088B0F5967F1ADD75482238F0
:103B8000B0F88000082805DB72482238B0F88000C1
:103B900063280ED10020764908807648006820B15D
:103BA000002074498031086003E0012071498031B0
:103BB000086066480078112819DA01206E4908600B
:103BC0006E480088B0F5967F21DD00206B490880A3
:103BD00069488C380068012804D1002066490C39F6
:103BE000086014E0012064490C3908600FE0574870
:103BF000007811280BDB554800781B2807DA0020D5
:103C00005C498031086001205D49C1F8B0014F482E
:103C100000781B287BDB5B4800785A4949780844C8
:103C20005849897808445749C978084490B9534895
:103C3000008832285ADD0020504908804E488038DC
:103C4000006818B100204C4908604FE001204A4943
:103C500008604BE04FF0000B002411E0482000EB1F
:103C600084004249095CC4EB44109D303F4A105C1B
:103C7000084418B10BF1010000F0FF0B601C84B286
:103C8000042CEBDB404800783F49497808443E4922
:103C9000897808443C49C9780844584513D13748C5
:103CA0000088B0F57A7F21DD002034490880324851
:103CB0008038006818B100202F49086016E0012004
:103CC0002D49086012E02D480088B0F5967F0DDD83
:103CD00000202A49088028488038006818B1002050
:103CE0002549086002E00120234908602748008830
:103CF000274909880844002805DD4FF480511448FD
:103D0000FFF76CF903E001201B490C3908602148DA
:103D10000088214909880844002841DD20211F48E6
:103D2000FFF75CF93FE000001201002010010020C5
:103D300000440040C5010020C601002068020020A8
:103D4000E4010020060200206A020020B9010020E0
:103D5000001001401C120020340400201801002033
:103D60001A01002024010020260100202A1400202E
:103D70000E0100202C012142BC012242080100203A
:103D8000000022422F020020410200208A01002070
:103D90008C010020A2010020A40100200014014099
:103DA0000120FE490860FE484078FE4909788842B3
:103DB00023D0FD480068B8B9F9484078F94908703F
:103DC000FA480088401CF949088008460088B0F588
:103DD000FA6F12DD002008800120F549087040F6D6
:103DE000B83023F0ACF908E0F0480088002804DD82
:103DF000EE480088401EED490880EE48808F05B2ED
:103E0000002D0DDA6842EB49A1F83C050846B0F8F0
:103E10003C0542F210710844E649A1F83C0504E073
:103E2000E448808FE349A1F83C05E248C08F05B221
:103E3000002D0DDA6842DF49A1F83E050846B0F8CA
:103E40003E0542F210710844DA49A1F83E0504E04B
:103E5000D848C08FD749A1F83E05D648B0F88C00A5
:103E600005B2002D0DDA6842D249A1F84005084696
:103E7000B0F8400542F210710844CE49A1F840055F
:103E800005E0CC48B0F88C00CA49A1F84005C94803
:103E9000B0F88E0005B2002D0DDA6842C549A1F8D0
:103EA00042050846B0F8420542F210710844C14983
:103EB000A1F8420505E0BF48B0F88E00BD49A1F861
:103EC0004205BC48B0F8DC0005B2002D0DDA6842AE
:103ED000B849A1F844050846B0F8440542F210710B
:103EE0000844B449A1F8440505E0B248B0F8DC0044
:103EF000B049A1F84405AF48B0F8DE0005B2002D86
:103F00000DDA6842AB49A1F846050846B0F8460507
:103F100042F210710844A749A1F8460505E0A548FA
:103F2000B0F8DE00A349A1F84605A248B0F82C017C
:103F300005B2002D0DDA68429E49A1F848050846F1
:103F4000B0F8480542F2107108449A49A1F84805B2
:103F500005E09848B0F82C019649A1F84805954825
:103F6000B0F82E0105B2002D0DDA68429149A1F892
:103F70004A050846B0F84A0542F2107108448D49D6
:103F8000A1F84A0505E08B48B0F82E018949A1F84F
:103F90004A05BDE8FE8F70478748C08FB0F5166FA1
:103FA0001CD08548C08FB0F5965F17D08248C08F6F
:103FB000B0F5165F12D08048C08FB0F5964F0DD087
:103FC0007D48C08FB0F5164F08D07B48C08FB0F544
:103FD000614F03D04FF416507749C8877648008D5B
:103FE000032802DB0020744908857348408D50B1D6
:103FF0007148408D012806D06F48408D022802D0BC
:1040000000206D4948856C48808D032803DA6A4892
:10401000808D012802DA0220674988856648008978
:10402000B0F57A7F02DB002063490881624840894D
:10403000B0F57A7F02DB00205F4948815E488089C5
:10404000B0F57A7F02DB00205B4988815A48C0893D
:10405000B0F57A7F02DB00205749C8815648B0F896
:104060004800892805DB5448B0F84800B0F57F7F48
:1040700004DD4FF4D9705049A1F848004E48B0F81B
:104080004A0014280DD04C48B0F84A00072804DB39
:104090004948B0F84A000E2803DD14204649A1F82B
:1040A0004A004548B0F84C00092803DD0720424982
:1040B000A1F84C004048B0F84E00062804DB3E480A
:1040C000B0F84E000C2803DD07203B49A1F84E0054
:1040D0003948B0F85000012804DB3748B0F85000E8
:1040E000042803DD02203449A1F850003248B0F81A
:1040F0005200012803DD01202F49A1F852002E486B
:10410000B0F85400012803DD00202B49A1F8540029
:104110002948B0F85600012803DD00202649A1F8FF
:1041200056002548B0F85800012803DD0020224938
:10413000A1F858002048B0F85E000A2806DB1E48A7
:10414000B0F85E0041F27071884204DD4FF47A707D
:104150001949A1F85E001848B0F860000A2806DB8B
:104160001548B0F8600041F27071884204DD4FF4E8
:104170007A701149A1F860000F48C088012802DD5B
:1041800000200D49C8800C48C08801281AD00A4870
:10419000C088B8B90848808803280FE0948122427B
:1041A000340400200A010020300122420C010020CA
:1041B000B90100204A150020FA11002002DA03207C
:1041C0008D4988808C480088052803DA4FF4F07008
:1041D000894908807047894880783C283DDB002069
:1041E000864988700846C078401CC8700846C07868
:1041F000814988868148C0783C282EDB00207F4991
:10420000C87008460079401C0871084600797A4950
:10421000C8867A48007918281FDB00207749087182
:1042200008464079401C4871084640797249088721
:10423000724840791E2810DD0120704948710846F7
:104240008079401C8871084680790C2805DD0120A2
:1042500088710846C079401CC871684880786649F2
:1042600048866648C078888664480079C886704762
:10427000634A1268127803781A440379D21A037ACF
:104280001A440A705E4A1268527843781A40437999
:104290005A40437A1A434A70827883795A40837A23
:1042A0005A40574B1B689B781A438A70544A1268CD
:1042B000D278C378D21AC3791A44C37A1A40CA7022
:1042C000704700B54F4850490860504800688078F2
:1042D0004F4908704D480068C07848704B480068E6
:1042E0008079887049480068C079C870474800687C
:1042F0000079087145480068407948714348006872
:10430000807A887141480068C07AC8713F48006867
:10431000007808723D480068407848723B48006861
:10432000007A887239480068407AC872394938483A
:10433000FFF79EFF374800783749096809788842B7
:1043400018D134484078344909684978884211D1F5
:104350003048807830490968897888420AD12D48E8
:10436000C0782D490968C978884203D101202B49BA
:10437000087002E000202949087000BDF8B5044625
:104380000D466E460020264908800C21204600F08C
:104390009BF8009030782870707868701848006832
:1043A0008078A178484061784840A8701448006837
:1043B000C078E178484021784840E870F8BD7047FF
:1043C0002DE9F0470446894620121649C8708C70C2
:1043D0004FEA2920487081F8009008682AF04CFCC8
:1043E00007460022104B2AF0DDF805462AF046F871
:1043F00082465046BDE8F087FA11002034040020C0
:104400003C010020FF001100340100202C0100209D
:1044100060250020380100203001002042010020EA
:1044200040010020280100200000244008B54FF47E
:104430000070ADF8000003208DF8020018208DF800
:1044400003006946FE48FCF7C7FA4FF48060ADF8F8
:10445000000003208DF8020004208DF80300694657
:10446000F748FCF7B9FA08BD1FB5F648FCF702FC9F
:104470006846FCF7ABFCF448C08F00900020ADF814
:104480000400ADF80600ADF80800ADF80C000C20F3
:10449000ADF80A006946EB48FCF72FFC012240F218
:1044A0002551E848FCF7C1FC0121E648FCF7B1FCC6
:1044B0001FBD10B5FFF7BAFFFFF7D6FF0020E34995
:1044C0000880E349088010BDF0B50246FF23FF24B1
:1044D0000025002009E012F8016B86EA0305DD4E95
:1044E000765D86EA0403DC4E745D0E1EA1F10107C1
:1044F000F9B2F0D144EA0320F0BD2DE9F0410025E6
:10450000D148008A002874D1D1480088002871DD84
:10451000D2480078D249097888426BD0CF480078D9
:10452000CF490870CF480088401CCE490880084613
:1045300000880528EBDD002240F22551C148FCF738
:1045400074FCC3480088C84908800020C549088019
:10455000C5480088B0F5006F70DCC4480078BA49DF
:104560008988884203D0C2480078012867D1BE48B4
:104570000078801EC1B2BD48FFF7A6FF044627128F
:1045800004F0FF08B8480088801EB849085CB842AB
:1045900071D1B5480088401E085C4045F8D10846F6
:1045A0004078032868D1B3488478C07800EB0420B1
:1045B000B1490880AE480078012870D1AF4E084656
:1045C0000088092803D14FF48270088017E1AA48B7
:1045D0000088172804D140F20510A74908800EE191
:1045E000A54800880B2806D14FF48370A2490880A3
:1045F00005E19EE18DE2A04800889C2804D140F2AC
:1046000007109D490880FAE09B4800889D2804D146
:104610004FF4847098490880F1E0974800888E280C
:1046200004D140F2091094490880E8E092480088DB
:10463000012805D1000290490880E0E06EE16BE1BD
:104640008D480088022804D140F201108A49088070
:10465000D5E089480088032804D14FF48170864949
:104660000880CCE084480088042806D140F203107A
:1046700081490880C3E04DE126E17F480088362863
:1046800004D14FF485707C490880B8E07A480088EE
:104690003C2805D140F20B1077490880AFE0B6E026
:1046A00075480088D42804D14FF486707249088078
:1046B000A5E071480088D52804D140F20D106E495C
:1046C00008809CE06C480088DA2804D14FF4877099
:1046D0006949088093E068480088E22804D140F2E4
:1046E0000F10654908808AE063480088E32804D1F8
:1046F0004FF488706049088081E05F480088E428B2
:1047000004D140F211105C49088078E05A480088D2
:10471000E52804D14FF48970574908806FE0564866
:104720000088E62804D140F213105349088066E05F
:1047300051480088E72804D14FF48A704E49088018
:104740005DE04D480088E82804D140F215104A4940
:10475000088054E048480088E92804D14FF48B7061
:10476000454908804BE044480088EA2804D140F2DB
:1047700017104149088042E03F480088EB2804D1E7
:104780004FF48C703C49088039E03B480088EC28A5
:1047900004D140F219103849088030E036480088CA
:1047A000ED2804D14FF48D703349088027E032485A
:1047B0000088EE2804D140F21B102F4908801EE02B
:1047C0002D48008840F2F511884204D14FF48F70D3
:1047D0002949088013E02848008840F28121884256
:1047E00004D140F21F102449088008E022480088C4
:1047F000B0F5207F03D14FF490701F4908801E4808
:10480000008806EB400600201949087087E00E4832
:10481000623000F0704000F100700B496231C1F36A
:10482000130100EB4110406A80B301201449087065
:10483000642014490870002013490880642026E091
:104840000008014000380140FA1100204601002014
:104850004401002092F3020892F40208340400207C
:104860005F01002060010020480100206C2B002027
:104870006D0100206C2500204C000020360800202F
:1048800084010020760100207801002011E0FE491B
:1048900008700020FD4908806420FD490870002050
:1048A000FC490880FC490870FC490870FC49087004
:1048B00035E00120FB490870FB488478C07800EBA4
:1048C0000420FA4908802AE0F748407806280DD1EC
:1048D0000020F74908800120F6490870F2488478E2
:1048E000C07800EB0420F149088018E0EE484078D9
:1048F00010280DD10020EE4908800120EE490870F3
:10490000E9488478C07800EB0420E849088006E094
:10491000012504E0022502E0032500E00425012230
:1049200040F22551E548FCF780FA0020E449088070
:10493000EFE0E34800880028FADDE2480078E24929
:1049400009788842F4D0DF480078DF490870DF48F2
:104950000088401CDD490880084600880528E7DDFE
:10496000002240F22551D548FCF75FFAD448008870
:10497000D74908800020D5490880D5480088B0F57F
:10498000006F72DCC848007802286FD1D0480078E8
:10499000801EC1B2C448FFF797FD0446271204F0F9
:1049A000FF08CB480088801EBF49085CB8427DD113
:1049B000C7480088401E085C404577D108464078CB
:1049C00003287FD1C3488478C07800EB0420C24913
:1049D00008800846008842F21071884208DABF4E0B
:1049E000BD480088A0F54340503806EB40064AE039
:1049F000B948008842F2107188420CDBB648008842
:104A00004900884207DAB64EB3480088A0EB61003F
:104A100006EB400637E0B048008844F62061884243
:104A20000EDBAD48008847F23051884208DAAD4EBF
:104A3000A9480088A0F59C40203806EB400622E0FB
:104A4000A548008847F23051884210DBA248008810
:104A500049F6404188420ADAA34E9F480088A0F5F3
:104A6000EA40303806EB40060DE048E045E09A4861
:104A7000008849F64041884205DB9C4E96480088F4
:104A8000401A06EB400600250EE0032000EB45002F
:104A900085490C5C042000EB4500085C00EB042019
:104AA00026F81500681CC5B27F4901E023E009E043
:104AB000887800EBD071B5EB610FE6DB0A208C49FA
:104AC00008701DE078484078062803D10B208849FB
:104AD000087015E074484078102803D10C208449F0
:104AE00008700DE070484078012802D181490870B3
:104AF00006E0012504E0022502E0032500E004258C
:104B0000012240F225516D48FCF78FF900206C49D5
:104B10000880002D0EDD002404E0002062490855C5
:104B2000601C84B2142CF8DB012240F2255163484A
:104B3000FCF77BF9BDE8F081014642F21072914228
:104B400004DA6D480A4600EB420041E042F210727E
:104B5000914208DB5200914205DA6148A1EB620202
:104B600000EB420034E044F6206291420ADB47F257
:104B70003052914206DA5B48A1F59C42203A00EBA4
:104B8000420025E047F2305291420ADB49F64042AA
:104B9000914206DA5448A1F5EA42303A00EB42006D
:104BA00016E049F6404291420ADB4CF25032914203
:104BB00006DA4E48A1F51C42403A00EB420007E0FD
:104BC0004CF25032914203DB44488A1A00EB420017
:104BD00070472DE9F84F4548008A002852D13148E6
:104BE000007800284FD0414800793A4908702E4893
:104BF000407848702C4840794006000E88702A485A
:104C000090F80280C07800EB08201FFA80FA504626
:104C1000FFF792FF0646DFF8BC9000240BE036F861
:104C20001450291209F1030000F8141000EB44009D
:104C30004570601CC4B21C484079A042EFDC254896
:104C40008078C01CC1B22348FFF73EFC2B49088086
:104C50000846008801121F488078C01C1D4A115464
:104C60002648017810468078001D1154104680783F
:104C7000401D2349088000200A4908702149088006
:104C8000084641E0E9E050E07A0100207C01002084
:104C90006F010020700100208F0000207E010020A5
:104CA000800100205A0100206C2B00204E010020C2
:104CB000040100205D0100205B010020003801405C
:104CC00044010020340400205F0100206001002026
:104CD000480100206C2500204C0000204E040020DC
:104CE0003608002006100020CE100020FA11002007
:104CF000640100205C0100204A1500204C010020C6
:104D00004A0100204601002002880088401C0B4612
:104D10001880FE48815CFE48FCF7E8F8012240F26A
:104D20002661FB48FCF781F819E2FA48007818B9C7
:104D3000F94800780028F7D0F748007848B3F748DA
:104D400090F80280C07800EB08201FFA80FA42F247
:104D5000107082450DDB5046FFF7EEFE0746EF4828
:104D60000579407900EB052038800120EC49087076
:104D70002FE0EC48A0F866A5E8480579407900EBFB
:104D8000052085B2E748A0F868550120E64908707B
:104D90001FE0E0480078E0B1E0488079022815D1B2
:104DA000DE488578C07800EB052085B2DD48A0F8A4
:104DB0006655DA48C579007A00EB052085B2D948F6
:104DC000A0F868550120D849087002E00020D649B3
:104DD0000870D048007818B9CF4800780028A3D0D0
:104DE000D2480079C9490870CC4840784870CB480F
:104DF00080788870C948C078C870C8480079087140
:104E0000C648407948710621C048FFF75DFBC84994
:104E10000880084600880012BC498871C4480078A0
:104E2000C8710820C34908800020BA490870BA49EF
:104E30000870C1490880084602880088401C0B465B
:104E40001880B248815CB248FCF750F8012240F269
:104E50002661AF48FBF7E9FF81E1B84800780028F8
:104E60007ED00220A9490870AC4840784870AB4811
:104E700040794006000E8870B148008842F21071F7
:104E8000884208DAAF4EAE480088A0F5434050385B
:104E9000AB49088033E0AA48008844F62061884284
:104EA00007DAA94EA6480088A0EB6100A449088053
:104EB00025E0A348008847F23051884208DAA34E23
:104EC0009F480088A0F59C4020389D49088016E046
:104ED0009B48008849F64041884208DA9C4E984831
:104EE0000088A0F5EA4030389549088007E08F4EE9
:104EF00093480088A0F51C40403891490880DFF8AD
:104F00000C9200240FE08E48008806EB400030F839
:104F10001450291209F1030000F8141000EB4400AA
:104F20004570601CC4B27D484079A042EBDC7748F4
:104F30008078C01CC1B27548FFF7C6FA7C4908806A
:104F400008460088011271488078C01C6F4A1154CD
:104F50007748017810468078001D1154104600E013
:104F60001AE08078401D734908800020734908705A
:104F700071490880084602880088401C0B4618804A
:104F80006248815C6248FBF7B1FF012240F2266172
:104F90005F48FBF74AFFE2E05E48007818B95E48D8
:104FA00000780028F7D04FF00108B8F1000F68D062
:104FB0006348008842F21071884208DA614F604805
:104FC0000088A0F5434050385D49088028E05C48DF
:104FD000008844F62061884207DA5B4F5848008811
:104FE000A0EB6100564908801AE05548008847F256
:104FF0003051884208DA554F51480088A0F59C404E
:1050000020384F4908800BE04D48008849F6404160
:10501000884205DB454F4A480088401A48490880C5
:105020003D48007850B13D480579407900EB0520B6
:1050300085B24348008827F8105022E035480078B0
:10504000F8B1364840795A281BDADFF8D0B000248E
:1050500013E00BF1070010F8145000EB4400407807
:105060000090009800EB052085B23548008807EBDA
:10507000400020F81450601CC4B228484079A04277
:10508000E7DC2448007810B923480078E0B3022018
:105090001E49087021484078487020488078887000
:1050A0001E48C078C8701D48407848701B48407939
:1050B0004871B8F1000F02D1FF20487048710621F5
:1050C0001248FFF701FA1A490880084600880012C2
:1050D0000E49887116480078C87108201549088063
:1050E00000200C4908700C490870134908800846D4
:1050F00002880088401C0B4618800448815C0448E4
:10510000FBF7F4FE012225E029E000006C250020D9
:10511000003801405B0100205D0100206C2B002065
:10512000020100204A15002061000020FA11002031
:105130004C0100204A010020460100205A010020B5
:105140004E0100204E0400203608002006100020EA
:10515000CE10002040F22661F748FBF766FEBDE85E
:10516000F88F70B5002400250220F4490880032040
:10517000F3490880F1480088002801DD601CC4B2B2
:10518000EF480088002801DD601CC4B2002C7DDDE2
:10519000EC480078002866D0EB480078401CEA49CB
:1051A000087008460078022801DD01200870E348F5
:1051B000008800280FDDE448007801280BD100208A
:1051C000E04908700120E1490870DC480078E049B6
:1051D0000870012512E0DA48008800280EDDDA4860
:1051E000007802280AD10020D64908700120D94948
:1051F0000870D3480078D64908700225012D32D1B5
:105200000320D3494870012088705320C8700020C3
:105210000871202048710621CD48FFF755F9CE4985
:105220000880084600880012C9498871CA48007879
:10523000C8710820C94908800020C9490880012098
:10524000C8490870C64802880088401CC44B1880B2
:10525000BF48815CB848FBF749FE012240F2266155
:10526000B548FBF7E2FDBF48007858B9B748007869
:10527000012801D1BC490870B6480078012801D145
:10528000BA490870BA48007830B300E08EE0B948F7
:105290000078B949097888421ED0B6480078B649E6
:1052A0000870B6480088401CB44908800846008849
:1052B000082811DD0020AE4908706420AE4908704E
:1052C0000020AE4908806420AD4908700020AD4937
:1052D000088001209B490870A2480078F0B99948DD
:1052E0000078D8B9A3480078A5490978884215D034
:1052F000A0480078A2490870A2480088401CA14933
:10530000088008460088FA2808DD64209C49087057
:1053100000209C49088001208A4908709248007842
:1053200001281FD198480078E0B992480078974941
:105330000978884216D08F480078944908709448BC
:105340000088401C9249088008460088B0F57A6FB2
:1053500008DD64208D49087000208D4908800120F7
:10536000894908708148007801281FD18948007850
:10537000E0B98048007888490978884216D07D488D
:1053800000788549087085480088401C834908805A
:1053900008460088B0F57A6F08DD64207E49087001
:1053A00000207E49088001207A49087063480088FF
:1053B00030B900206C49087073490870744908803E
:1053C0005F48008830B9002068490870714908704A
:1053D0007249088070BD70B504460D46704800786B
:1053E000C0B9644840786F490978884212D0614852
:1053F00040786C4908706C480088401C6A490880F5
:10540000084600880A2805DD01206549087000204B
:105410006549088062480078012835D1022060493A
:1054200008704B4908700320487020128870CC70B7
:10543000281208714D7106214548FFF745F85B4970
:105440000880084600880012414988715748007852
:10545000C871082041490880002041490880012086
:1054600053490870012240F226613348FBF7DDFC06
:105470003B4802880088401C394B18803448815CC6
:105480002D48FBF733FD4AE045480078022846D115
:10549000474800780A2819D100204549087040493A
:1054A000087044490880444908704448007828B985
:1054B00043480078401C4249087030E03F4800787B
:1054C00001282CD164203F49087028E02948407801
:1054D0003D490978884222D0264840783A490870E8
:1054E00034480088401C334908800846008850280A
:1054F00015DD002008803148007840B90120284996
:1055000008702D480078401C2B49087007E00020E7
:10551000234908702849087064202A4908702648E1
:105520000078032806DB00201D4908702149088007
:105530002149087070BD000000380140860100203C
:105540008801002083010020820100207E010020CC
:105550006C2500207F010020500100204A0100201E
:10556000460100206E010020800100208101002002
:1055700084010020340400207601002078010020FE
:105580007A0100207C0100208F0000206F010020A4
:1055900070010020900000207201002074010020A2
:1055A00063010020680100206A0100204C010020F6
:1055B0006401002066010020620100205A030020DF
:1055C0006C0100204A0000206501002070B50446EF
:1055D0000D46F748007810B96520F5490870F44881
:1055E0000078652836D16620F14908700220F1491B
:1055F00008700620487020128870CC70281208713C
:105600004D710621EB48FEF75FFFEB490880084625
:1056100000880012E7498871E7480078C8710820BF
:10562000E64908800020E64908800120E549087025
:10563000012240F22661E448FBF7F7FBE0480288CC
:105640000088401CDE4B1880DA48815CDE48FBF79E
:105650004DFC4CE0D6480078662848D1D9480078FF
:105660000B2826D10020D7490870D1490870D749A6
:105670000880D7490870D7480078012803D0D5485A
:10568000007802280AD10120D3490870D348007855
:10569000401CD24908700020D1490870CD480078DC
:1056A000642802D10020CF4908700020C949087041
:1056B0001DE0CD480078CD490978884217D0CA4806
:1056C0000078CA490870C1480088401CBF4908805A
:1056D00008460088B0F5487F09DD00200880652075
:1056E000B3490870BA480078401CB9490870B848F6
:1056F0000078032810DB0020AD490870B34908800A
:10570000B3490870B3480078642802D10020B54935
:1057100008700020AF49087070BD2DE9F0410646C1
:105720000D461746A248007810B9C920A049087054
:105730009F480078C9285BD1CA209D490870022083
:105740009C4908701020487030128870CE70281262
:1057500008714D716806000E8871002410E037F85A
:1057600014000012072101EB4401924A505417F82B
:105770001410072000EB4400401C1154601C84B23C
:10578000AC42ECDB072000EB4400C1B28948FEF7D5
:105790009BFE89490880084600880012072101EB1A
:1057A0004401844A505484480178072000EB4400A7
:1057B000401C1154072000EB4400801C7F490880E6
:1057C00000207F49088001207E490870012240F2B4
:1057D00026617D48FBF729FB794802880088401C38
:1057E000774B18807348815C7748FBF77FFB31E08B
:1057F0006F480078CA282DD1724800780C280BD148
:105800000020704908706A49087070490880704922
:105810000870704908701DE0734800787349097872
:10582000884217D07048007870490870674800882F
:10583000401C6649088008460088B0F5487F09DDAD
:1058400000200880C9205A49087061480078401C2F
:105850005F4908705E480078032808DB002054493F
:1058600008705A4908805A4908705A490870BDE8BA
:10587000F0810246881AC0F34F00704710B5044605
:105880000B4600205A4908705A48008A002871D1F6
:1058900033B921465848FFF7ECFF58490880CCE15E
:1058A000012B09D121465648FFF7E3FF42F2107160
:1058B000084452490880C0E1022B09D121465148D1
:1058C000FFF7D7FF44F6206108444C490880B4E153
:1058D000032B09D121464C48FFF7CBFF47F230514B
:1058E000084446490880A8E1042B09D121464148D3
:1058F000FFF7BFFF49F640410844404908809CE15A
:10590000082BCCD121463E48FFF7B3FF3B49088026
:1059100001203749087039480088B0F5827F03D1EB
:1059200009203649088088E13448008840F2051192
:10593000884203D11720314908807EE12F48008832
:10594000B0F5837F03D10B202C49088075E12B48EB
:10595000008840F20711884203D19C202749088023
:105960006BE126480088B0F5847F04D19D2023494F
:10597000088062E127E12148008840F2091188424D
:1059800003D18E201D49088057E11C480088B0F5DE
:10599000807F03D10120194908804EE11748008813
:1059A00040F20111884231D102201449088044E1BB
:1059B000630100206C2500204C0100204A010020DA
:1059C00046010020640100200038014066010020EB
:1059D000620100204A000020470300204803002005
:1059E000500300205A0300203404002065010020E9
:1059F0006D010020FA1100204E0400204C00002010
:105A00003608002006100020CE100020E74800884D
:105A1000B0F5817F03D10320E44908800DE1E3481C
:105A2000008840F20311884203D10420DF49088036
:105A300003E1DE480088B0F5857F03D13620DB49DD
:105A40000880FAE0D948008840F20B11884203D15F
:105A50003C20D6490880F0E0D4480088B0F5867F25
:105A600003D1D420D1490880E7E0D048008840F233
:105A70000D11884203D1D520CC490880DDE0CB4808
:105A80000088B0F5877F03D1DA20C8490880D4E0C8
:105A9000C648008840F20F11884203D1E220C34972
:105AA0000880CAE0C1480088B0F5887F03D1E320B0
:105AB000BE490880C1E0BD48008840F2111188420B
:105AC00003D1E420B9490880B7E0B8480088B0F5B0
:105AD000897F03D1E520B5490880AEE0B34800884E
:105AE00040F21311884203D1E620B0490880A4E0B7
:105AF000AE480088B0F58A7F03D1E720AB49088023
:105B00009BE0AA48008840F21511884203D1E820A2
:105B1000A649088091E0A5480088B0F58B7F03D1A5
:105B2000E920A249088088E0A048008840F21711C7
:105B3000884203D1EA209D4908807EE09B48008886
:105B4000B0F58C7F03D1EB209849088075E0974829
:105B5000008840F21911884203D1EC209349088053
:105B60006BE092480088B0F58D7F03D1ED208F491E
:105B7000088062E08D48008840F21B11884203D102
:105B8000EE208A49088058E088480088B0F58F7F69
:105B900004D140F2F510854908804EE08348008822
:105BA00040F21F11884204D140F281207F490880D1
:105BB00043E07E480088B0F5907F3ED14FF42070DE
:105BC0007A49088039E04BB921467948FFF751FE00
:105BD0004CF250310844754908802EE0012B09D160
:105BE00021467448FFF745FE42F2107108446F49A0
:105BF000088022E0022B09D121466F48FFF739FEC9
:105C000044F6206108446949088016E0032B09D155
:105C100021466A48FFF72DFE47F230510844634998
:105C200008800AE0042B08D121466548FFF721FED1
:105C300049F6404108445D4908805C48008810BD31
:105C40005A49098842F21072914210DA58485C4968
:105C5000098A21B95549098800EB410050E05349B0
:105C60000988A1F54341503900EB410048E04F4914
:105C7000098842F2107291420CDB4C4909885200AB
:105C8000914207DA4B4849490988A1EB620100EBD0
:105C9000410035E04549098844F6206291420EDB17
:105CA0004249098847F23052914208DA42483F4956
:105CB0000988A1F59C41203900EB410020E03B49D7
:105CC000098847F2305291420EDB3849098849F67B
:105CD0004042914208DA394834490988A1F5EA413D
:105CE000303900EB41000BE03049098849F6404269
:105CF000914205DB32482D490988891A00EB4100A1
:105D00007047014642F21072914204DA28480A466E
:105D100000EB420032E042F21072914208DB520086
:105D2000914205DA2348A1EB620200EB420025E034
:105D300044F6206291420ADB47F23052914206DA81
:105D40001D48A1F59C42203A00EB420016E047F2C4
:105D5000305291420ADB49F64042914206DA174836
:105D6000A1F5EA42303A00EB420007E049F6404232
:105D7000914203DB12488A1A00EB4200704770B56B
:105D800004460D4629462046FBF7B0F800BF8021A7
:105D90002046FBF719F90028F9D000BF4021204622
:105DA000FBF712F90028F9D070BD00004C0000206C
:105DB0004E0400203608002006100020CE100020DF
:105DC000FA11002008B50820ADF8000003208DF876
:105DD000020004208DF803006946FE48FAF7FCFD36
:105DE0000420ADF8000003208DF8020018208DF883
:105DF00003006946F748FAF7EFFD08BD1FB5F648FE
:105E0000FAF738FF6846FAF7E1FFF448C08F0090D0
:105E1000F248B0F8440038B90020ADF8040003207F
:105E2000EE49A1F8400011E0EC48B0F84400082821
:105E300004D0EA48B0F84400182807D10320E74905
:105E4000A1F840004FF48050ADF80400E348B0F8EA
:105E5000420018B90020ADF806000EE0DF48B0F8A7
:105E60004200042803D1C002ADF8060005E000207E
:105E7000DA49A1F84200ADF80600D848B0F844006D
:105E800018B90020ADF8080019E0D448B0F8440073
:105E9000082804D14FF4C060ADF808000FE0CF48E7
:105EA000B0F84400182804D14FF48060ADF8080021
:105EB00005E00020C949A1F84400ADF80800C74832
:105EC000B0F84600032803D10020ADF80C0010E024
:105ED000C248B0F84600022804D14FF44070ADF833
:105EE0000C0006E00320BD49A1F846000020ADF8F3
:105EF0000C000C20ADF80A000020ADF80400ADF84D
:105F00000600ADF80800ADF80C000C20ADF80A0052
:105F10006946B148FAF7F1FE012240F22551AE4838
:105F2000FAF783FF0121AC48FAF773FF1FBD10B5E4
:105F3000FFF748FFFFF762FF0020A9490880A94941
:105F4000088010BD2DE9F0410027A64800880028F0
:105F50007DDDA5480078A5490978884277D0A24818
:105F60000078A2490870A2480088401CA049088017
:105F7000084600880528EBDD002240F225519648AE
:105F8000FAF753FF974800889A49088000209849FB
:105F9000088098480088B0F5006F72DC8F48203088
:105FA00000F0704000F100708C492031C1F3130102
:105FB00000EB4110406800287DD18848223000F075
:105FC000704000F1007085492231C1F3130100EBEC
:105FD0004110406800286ED18048223000F07040A7
:105FE00000F100707D492231C1F3130100EB411033
:105FF000006900285FD18048007878498988884204
:1060000057D17C480078801EC1B27B48FEF75CFA0D
:1060100004462512E6B277480088801E7649085C5F
:10602000A84244D173480088401E085CB0423ED16B
:106030000846407803280BD10120704908706E484B
:106040008478C07800EB04206D490880F0E1F8E125
:106050006948407810280DD100206A490880012045
:106060006949087064488478C07800EB042064496A
:106070000880DDE160484078012803D16349087059
:10608000D6E1D4E15C48407806280ED100205D4975
:10609000088001205E49087057488478C07800EB7A
:1060A000042057490880C3E105E00127C0E1022729
:1060B000BEE10327BCE14948203000F0704000F108
:1060C000007046492031C1F3130100EB41104068D4
:1060D00078B1002408E04848005D4E490855022088
:1060E0004D490870601C84B2424800888442F2DB4B
:1060F0009EE13A48223000F0704000F100703749CC
:106100002231C1F3130100EB4110406800285FD039
:1061100038480088B0F5006F5BDC374800784028CD
:1061200018D135484078392814D133488078392837
:1061300010D13148C07823280CD12E48008804287B
:1061400008D13648017836A005F09DFF40F6B830FA
:10615000FCF728FF28480078402813D126484078CB
:1061600031280FD12448807831280BD12248C078BB
:10617000232807D11F480088042803D101202D4976
:10618000087016E01C480078402812D11A48407860
:1061900032280ED11848807832280AD11648C078A3
:1061A000232806D113480088042802D1022021495F
:1061B00008701148007840284BD10F4840783328A8
:1061C00047D10D488078332843D10B48C07833E05D
:1061D000FAE0CFE00008014000440040FA1100203E
:1061E0008C0100208A010020340400209B01002043
:1061F0009C0100208E0100206C3F002096010020B1
:106200009401002004010020970100209801002043
:106210009901002042620020DA020020A70200203B
:106220005465737420526573746172744E6F3D25AA
:10623000640D0A008402002023280AD1F94800884E
:10624000042806D10120F8490870F8A005F01BFFCA
:106250004EE0FE480078402819D1FC4840783428A8
:1062600015D1FA488078342811D1F848C07823280D
:106270000DD1EC480088042809D10020EA490870B3
:106280000120F3490870F3A005F0FDFE30E0E64878
:106290000078012803D10220E349087028E0F7487C
:1062A0000078F64949780844F44989780844F34964
:1062B000C9780844E0B1F2480078C8B9F1480078DC
:1062C000022803D0EF48007803280BD1DF488078FC
:1062D00001280DD1DD48C0783D2809D10320E949C6
:1062E000087005E00120E84908700020E7490880AF
:1062F000E3480078F0B3002505E0D448405DE44968
:106300004855681CC5B2C74800888542F5DBC548BA
:106310000088E04908800020DF4908800120DF492B
:106320000860012240F22661DD48FAF77EFDDA4876
:1063300002880088401CD84B1880D548815CD8481A
:10634000FAF7D4FD002505E0C048405DD549485521
:10635000681CC5B2B34800888542F5DBB1480088A7
:10636000D14908800020D14908800120CB4908602C
:10637000012200E016E040F22661CD48FAF755FD13
:10638000CA4802880088401CC84B1880C548815CF8
:10639000C748FAF7ABFDBA480078022802D10020BE
:1063A000B7490870B8480078E8BB012240F225518F
:1063B000BF48FAF73AFDBE480C30008840F00400B0
:1063C000BB490C31088033E0BA4800F0704000F15E
:1063D0000070B849C1F3130100EB4110006910B31C
:1063E000002405E09948005DB3490855601C84B25B
:1063F0008C4800888442F5DB8A480088AF490880D1
:106400000020AF490880084602880088401C0B46DF
:106410001880A948815CAB48FAF768FD012240F278
:106420002661A84800E003E0FAF7FFFC00E004273B
:10643000012240F225519E48FAF7F7FC0020A249BC
:106440000880002F0EDD002404E000207F4908555D
:10645000601C84B2142CF8DB012240F225519448D0
:10646000FAF7E3FCBDE8F0812DE9F84F4FF0000AA0
:1064700090482238008A00287ED19448007800286D
:1064800058D08C4822380079864908706F48407887
:1064900048706E4840794006000E88708C4800882D
:1064A000FEF74AFB0646DFF8FC8100240BE036F8D5
:1064B0001450291208F1030000F8141000EB4400F6
:1064C0004570601CC4B261484079A042EFDC754859
:1064D0008078C01CC1B27348FDF7F6FF7D49088083
:1064E0000846008801126F488078C01C6D4A11541C
:1064F0007848017810468078001D11541046807845
:10650000401D69490880002070490870674908806B
:10651000084602880088401C0B4618806148815C50
:106520006348FAF7E3FC012240F226616048FAF77B
:106530007CFC7CE26848007818B96848007800283C
:10654000F7D06648007858B3404890F802A0C07869
:1065500000EB0A201FFA80F942F2107081450FDB30
:106560004846FEF7E9FA074638480579407900EBD6
:1065700005203880012000E0DAE0354908702FE07E
:106580005748A0F8669531480579407900EB052019
:1065900085B25348A0F868550120524908701FE0A1
:1065A0004D480078E0B129488079022815D1274864
:1065B0008578C07800EB052085B24948A0F866557B
:1065C0002248C579007A00EB052085B24448A0F83E
:1065D000685501204349087002E0002041490870D5
:1065E0003D48007818B93D4800780028A1D03148CE
:1065F000223800792B4908701448407848701348B5
:10660000807888701148C078C87010480079087187
:106610000E484079487106212248FDF755FF2D4963
:10662000088061E08E0100209F0100200D0A456E68
:1066300074657220504320736574206770727320F4
:10664000706172206D6F64650D0A00006C3F002060
:10665000020100200D0A51756974205043207365B2
:1066600074206770727320706172206D6F64652C86
:106670002053657420656E64210D0A002F020020EE
:10668000840200206C0200206802002050020020DA
:106690006C4D0020A8010020A40100208C81224222
:1066A000004800406C390020900100208C0100203F
:1066B000004400401C120020A6600020B60200200A
:1066C000B2020020004C00408A0100209601002008
:1066D00094010020920100209701002099010020E0
:1066E0004A15002061000020084600880012DC499D
:1066F0008871DC480078C8710820DB4908800020D8
:10670000DA490870DA490870DA49088008460288D0
:106710000088401C0B461880D148815CD648FAF7A7
:10672000E5FB012240F22661D348FAF77EFB7EE1C9
:10673000D248007800287DD00220C9490870D0488E
:1067400040784870CE4840794006000E8870CD48A9
:10675000008842F21071884208DACB4EC94800889E
:10676000A0F543405038C749088033E0C548008849
:1067700044F62061884207DAC44EC2480088A0EB84
:106780006100C049088025E0BE48008847F23051CA
:10679000884208DABE4EBB480088A0F59C402038ED
:1067A000B849088016E0B748008849F64041884259
:1067B00008DAB84EB3480088A0F5EA403038B1494D
:1067C000088007E0B44EAF480088A0F51C40403870
:1067D000AC490880DFF8888200240FE0A9480088CF
:1067E00006EB400030F81450291208F1030000F8BD
:1067F000141000EB44004570601CC4B2A0484079FE
:10680000A042EBDC96488078C01CC1B29448FDF7EA
:106810005BFE944908800846008801129048807801
:10682000C01C8F4A11548F48017810468078001D93
:10683000115400E01BE010468078401D8A49088012
:1068400000208E4908708B4908800846028800881D
:10685000401C0B4618808248815C8748FAF746FB4B
:10686000012240F226618448FAF7DFFADFE07F4830
:10687000007818B97E4800780028F7D04FF0010A58
:10688000BAF1000F5BD07F48008842F21071884255
:1068900008DA7D4F7B480088A0F54340503879499D
:1068A000088034E07748008844F62061884207DA9F
:1068B000764F74480088A0EB61007249088026E09A
:1068C0007048008847F23051884214DA704F6D48A2
:1068D0000088A0F59C4020386A4908806F480078FD
:1068E00018B901206D49087011E000205F49087057
:1068F0005F4908700BE06348008849F640418842D0
:1069000005DB654F5F480088401A5E49088058489B
:106910000078A8B15A480579407900EB052085B286
:106920005848008827F810505C48007838B155481E
:1069300000885649A1F8D8010846A0F8DA512DE0A0
:106940004A48007850B34E4840795A2826DADFF892
:1069500030B1002413E00BF1070010F8145000EBE5
:10696000440040780090009800EB052085B245482F
:10697000008807EB400020F81450601CC4B2404867
:106980004079A042E7DC4548007838B13D480088AE
:106990003E49A1F8D8010846A0F8DA5133480078FA
:1069A00010B933480078E0B302202D49087034480C
:1069B000407848703248807888703148C078C87014
:1069C0002F48007908712E4840794871BAF1000FBC
:1069D00002D1FF200871487106212148FDF774FD9E
:1069E000204908800846008800121D4988711D480A
:1069F0000078C87108201C49088000201B490870D5
:106A00001B4908701B490880084602880088401C02
:106A10000B4618801248815C1748FAF767FA012282
:106A200000E004E040F226611348FAF7FEF9BDE801
:106A3000F88F704770B504460D460120184908606C
:106A4000E1B20D48FAF752FA00BF40210A48FAF7BE
:106A5000BBFA0028F9D0002011490860204670BD1B
:106A60006C39002092010020900100209701002045
:106A7000990100208C010020004400409601002074
:106A80006C3F0020940100204E04002036080020B6
:106A900006100020CE100020FA1100209E010020D8
:106AA0008C81224208B54FF40060ADF8000003204D
:106AB0008DF8020004208DF803006946FB48F9F7C1
:106AC0008BFF4FF48060ADF8000003208DF80200CA
:106AD00018208DF803006946F448F9F77DFF08BDDA
:106AE0001FB5F348FAF7C6F86846FAF76FF94FF49E
:106AF000E13000900020ADF80400ADF80600ADF8DC
:106B00000800ADF80C000C20ADF80A006946E84812
:106B1000FAF7F3F8012240F22551E548FAF785F932
:106B20000121E348FAF775F91FBD10B5FFF7BAFF69
:106B3000FFF7D6FF0020DF490880DF4908802320C7
:106B4000FCF730FA10BD10B50146002042F2107279
:106B5000914200DB0AE0B1F57A7F00DB12E06429A4
:106B600000DB21E00A2900DB2FE03EE042F2107258
:106B700091FBF2F23032D4B20246431CD8B2CF4B72
:106B80009C5400BF42F2107291FBF2F302FB13120D
:106B90004FF47A7392FBF3F23032D4B20246431CC4
:106BA000D8B2C64B9C5400BF4FF47A7291FBF2F3FB
:106BB00002FB1312642392FBF3F23032D4B202468A
:106BC000431CD8B2BD4B9C5400BF642291FBF2F32E
:106BD00002FB13120A2392FBF3F23032D4B20246C4
:106BE000431CD8B2B54B9C5400BF0A2291FBF2F370
:106BF00002FB13123032D4B20246431CD8B2AF4B60
:106C00009C5410BD30B503460C46002019460AE0DE
:106C10000D78954205D0451CE8B2491CFF2802D1E9
:106C200004E0FF2002E00D78A542F1D100BF30BDA5
:106C300030B5034600200024194612E00A78412AA4
:106C400003DBA2F13705EAB202E0A2F13005EAB2B5
:106C50000CB9104602E002EB0015A8B2491C651CF5
:106C6000ECB20D780D2D0BD00D782C2D08D00D78B1
:106C70002E2D05D00D783B2D02D00D78292DDDD19C
:106C800030BD70B503460020002419460FE00A7895
:106C90001CB9A2F13005A8B206E0A2F1300500EB64
:106CA000800605EB4605A8B2491C651CECB20D78C0
:106CB0000D2D08D00D782C2D05D00D782E2D02D05D
:106CC0000D783B2DE3D170BD2DE9FF5F00200390CF
:106CD00000267B480078022806D17AA17A4825F060
:106CE00044F87A49086005E076A1794825F03DF836
:106CF0007649086031207649087074480068002899
:106D000074D074480078002870D170480068001D65
:106D1000FFF78EFF7049087008460078632806DC8C
:106D20000022084601786D48FFF76CFF06460022F6
:106D30002C2166480068FFF765FF804600223B2152
:106D400062480068FFF75EFF8146CDF80890FF2E8D
:106D500009D0B8F1FF0F06D00298FF2803D05E4893
:106D60000078A02812DD0120039000240BE05C488D
:106D7000015D584802780078401C564B18705948FD
:106D80008154601CC4B2102CF1DB17E0B9F1960FEE
:106D900001DB4FF09509002406E04C480068005DD7
:106DA00050490855601CC4B24C45F6DB2C204D49B7
:106DB00001F8090009F101004649087043480068DC
:106DC0004044401C414908600846006890F800B003
:106DD0000398002809D140480078822807D1BBF1E8
:106DE000310FF7D10120404908702FE3ECE33A4816
:106DF0000078912806D1BBF1310FF6D101203B4933
:106E0000087023E33448007892280DD1BBF1310F8C
:106E100002D0BBF1300FE8D1ABF13000344908703B
:106E200001203449087011E32B480078952806D1D9
:106E3000BBF1310FD9D101202F49087006E3264854
:106E40000078892806D1BBF1310FCED101202B4922
:106E50000870FBE22048007820280FD01E480078F8
:106E600030280BD01C480078402807D01A480078FA
:106E7000502803D018480078622873D100245FE0BE
:106E800012480068FFF7FDFE2DF8140054B93DF8D4
:106E9000140038B90020ADF80200ADF80400ADF8D8
:106EA00006000324032C3CD1002737E0000C0140EE
:106EB00000480040A4010020A2010020775D0020CE
:106EC0009F010020475057006C3F002074020020B3
:106ED0006C4F00205902002058020020B2F6020830
:106EE0009EF80208835D0020690200206A020020EB
:106EF0006D0200206C0200206B020020B90100200E
:106F0000FE48C05D40B138012030FD490978884213
:106F100002D10120FB49C855781CC7B2042FEFDB12
:106F200010E000222E21F8480068FFF76BFE804633
:106F3000F54800684044401CF3490860601CC4B236
:106F4000042C9DDB00BF002422E03DF81400FF2844
:106F500009DC1DF81400ED4931F816102144EC4A03
:106F6000505413E017E00220039000240BE0E9489E
:106F7000015DE94802780078401CE74B1870E7484B
:106F80008154601CC4B2122CF1DB03E0601CC4B25B
:106F9000042CDADB5AE2DA480078012817D0D84806
:106FA0000078052813D0D648007806280FD0D4489A
:106FB000007821280BD0D2480078312807D0D0485B
:106FC0000078412803D0CE48007851287ED1CC48A3
:106FD0000078012806D1A9EB0800401E082801DD31
:106FE00003200390C6480078052806D1A9EB0800C5
:106FF000401E182801DD03200390C14800780628B0
:1070000006D1A9EB0800401E0B2801DD03200390E8
:10701000BB480078212806D1A9EB0800401E1E2895
:1070200001DD03200390B6480078312806D1A9EB92
:107030000800401E1E2801DD03200390B0480078A0
:10704000412806D1A9EB0800401E1E2801DD0320BF
:107050000390AB480078512806D1A9EB0800401EE8
:107060001E2801DD0320039008F10100814501DAAB
:10707000032003900398032810D100240BE0A848B4
:10708000025DA54801780078401CA34B1870A34806
:107090004254601CC4B21F2CF1DBD7E100240AE08B
:1070A00099480068005D994931F816102144984AC2
:1070B0005054601CC4B2A9EB0800401EA042EFDC93
:1070C0000020924931F81610214400E012E0904A65
:1070D00050548B4800780628DFD1002707E0874806
:1070E000C05D10B101208749C855781CC7B2042F74
:1070F000F5DBABE1824800780D287AD18248006840
:10710000FFF7BFFD0546B5F5966F11D0B5F5166FC3
:107110000ED0B5F5965F0BD0B5F5165F08D0B5F576
:10712000964F05D0B5F5164F02D0B5F5614F0CD18D
:107130002912764830F81600801C754A115473489D
:1071400030F81600C01C155412E08DB104200390D5
:1071500000240BE07348015D6F4802780078401C02
:107160006D4B18706D488154601CC4B2152CF1DB56
:1071700000222C2164480068FFF744FD8046B8F1E6
:10718000FF0F01D1FF2505E15F4800684044401C26
:107190005D49086008460068FFF773FD0546082D45
:1071A00008D1681FC1B2594830F81600001D584A6E
:1071B000115412E08DB10520039000240BE05A48D1
:1071C000015D554802780078401C534B18705348B5
:1071D0008154601CC4B21A2CF1DB00222C214A48D5
:1071E0000068FFF70FFD8046B8F1FF0F02D1FF25C1
:1071F000D0E0E6E0444800684044401C4249086052
:1072000008460068FFF73DFD0546012D01D0022D1F
:1072100009D1681E8006010E3C4830F81600401D5A
:107220003B4A115412E08DB10620039000240BE07C
:107230003E48015D384802780078401C364B187093
:1072400036488154601CC4B21A2CF1DB00222C2178
:107250002D480068FFF7D6FC8046B8F1FF0F01D13A
:10726000FF2597E0284800684044401C26490860F4
:107270000846006800782C2805D008460068FFF70B
:1072800000FD054600E06425022D1CDC3DB900210F
:107290001E4830F81600801D1D4A115427E0012DAC
:1072A00007D10821194830F81600801D184A1154DA
:1072B0001DE0022D1BD11821144830F81600801D46
:1072C000134A115413E0642D11D0072003900024B9
:1072D0000BE01748025D104801780078401C0E4B07
:1072E00018700E484254601CC4B21C2CF1DB002202
:1072F0002C2105480068FFF785FC1BE02F020020C9
:1073000058020020700200207402002048F7020892
:107310002A1400208CF8020859020020835D002006
:10732000BFF9020824F9020839F9020853F90208E2
:107330006DF902088046B8F1FF0F01D1FF2529E061
:10734000FD4800684044401CFB490860084600684E
:10735000FFF797FC0546022D01D0032D06D1F74813
:1073600030F81600C01DF64A155412E08DB1082001
:10737000039000240BE0F348025DF34801780078A5
:10738000401CF14B1870F1484254601CC4B2182CD8
:10739000F1DB00BFFF2D59D10398E8BB0920039012
:1073A00000240BE0EA48015DE74802780078401CC1
:1073B000E54B1870E5488154601CC4B21E2CF1DB0B
:1073C00044E00022E3480178E348FFF71BFC044651
:1073D000D9480068FFF755FC0546FF2C1FD029123D
:1073E000D64830F81600D64A1154D44830F8160062
:1073F000401C155400270DE0D848C05D40B138014D
:107400002230D4490978884202D10120D449C85594
:10741000781CC7B2042F00E018E0EDDB16E0C74887
:1074200030F81600C64A155400270DE0CB48C05D61
:1074300040B138012430C7490978884202D1102070
:10744000C8490870781CC7B2042FEFDB03980028E6
:107450007ED1C548007880B100240BE0C348015DAF
:10746000B94802780078401CB74B1870B74881546F
:10747000601CC4B20C2CF1DB68E0BA48007801282B
:1074800017D0B84800780B2813D0B64800780C28DD
:107490000FD0B44800780D280BD0B24800780E28E1
:1074A00007D0B04800780F2803D0AE4800781028E5
:1074B00010D100240BE0AE48015DA34802780078AB
:1074C000401CA14B1870A1488154601CC4B2102C00
:1074D000F1DB3BE0A7480078012810D100240BE045
:1074E000A548025D984801780078401C964B1870BA
:1074F00096484254601CC4B2142CF1DB26E09F482D
:10750000007818B39E48007880B100240BE09D48B5
:10751000015D8D4802780078401C8B4B18708B48B9
:107520008154601CC4B2102CF1DB0FE000240BE08E
:107530009548015D844802780078401C824B1870A1
:1075400082488154601CC4B20F2CF1DB00240CE093
:1075500021E08E48015D7C4802780078401C7A4B1F
:1075600018707A488154601CC4B2092CF1DB7E4843
:1075700000787C49097808448049097808447D49A5
:1075800009780844002803DD00208149087002E0E2
:1075900001207F4908703B216B4802780078401C2D
:1075A000694B1870694881541A211846027800788E
:1075B000401C1870654881540D21184602780078E7
:1075C000401C18706148815472480078022806D126
:1075D00071A1724824F0C9FB5749086005E06EA10B
:1075E0006F4824F0C2FB5449086031206C49087090
:1075F00051480068002877D053480078002873D19C
:107600004D480068001DFFF713FB52490870002227
:10761000084601786348FFF7F5FA064600223B2149
:1076200045480068FFF7EEFA8146CDF80890FF2E36
:1076300006D00298FF2803D046480078A02812DD23
:107640000B20039000240BE05748025D3E48017870
:107650000078401C3C4B18703C484254601CC4B23B
:10766000102CF1DB27E0B9F1960F01DB4FF0950903
:10767000002406E030480068005D34490855601C6D
:10768000C4B24C45F6DB2C20304901F8090009F161
:1076900001002D49087000240BE04448015D2A4890
:1076A00002780078401C284B187028488154601CD0
:1076B000C4B20C2CF1DB039800287BD1254800785C
:1076C00020280FD02348007830280BD0214800789C
:1076D000402807D01F480078502803D01D48007864
:1076E000622870D100246BE097E2144931F816103B
:1076F0002144134A505CFFF726FA07464FF0000A70
:107700000EE02B4810F80A100F4802780078401C51
:107710000D4B18700D4881540AF1010000F0FF0A6A
:10772000BA45EEDB032C49DA2E21074802780078AF
:10773000401C054B18703FE07402002048F7020817
:107740002A14002089F9020859020020835D0020D4
:10775000A1F9020858020020DEF702082F020020DB
:10776000700200206A02002069020020D5F8020899
:10777000E1F802086B02002010F902086C020020F8
:107780006D020020F1F8020801F9020878F80208F9
:10779000670200209F010020475052006C3F0020EC
:1077A0006C4F0020B2F602089EF80208C9F80208E1
:1077B000775D0020E4E106E0F8488154601CC4B223
:1077C000042C92DBDCE1F6480078012817D0F4485D
:1077D0000078052813D0F248007806280FD0F0482A
:1077E000007821280BD0EE480078312807D0EC48EB
:1077F0000078412803D0EA48007851281BD10024A2
:1078000010E0E84830F816202046611CCCB2104445
:10781000E5490A5CE54801780078401CE34B1870A4
:10782000DE484254DF4830F816002044DE49085C48
:107830000028E6D1A4E1DA480078702813D10024AA
:107840000CE02046611CCCB2D9490A5CD7480178CB
:107850000078401CD54B1870D0484254D448005D85
:107860000028EED18CE1CE480078712813D1002495
:107870000CE02046611CCCB2CE490A5CCB480178B2
:107880000078401CC94B1870C4484254C948005D78
:107890000028EED174E1C2480078732813D1002487
:1078A0000CE02046611CCCB2C349095CBF48027899
:1078B0000078401CBD4B1870B8488154BE48005D2C
:1078C0000028EED15CE1B6480078742813D100247A
:1078D0000CE02046611CCCB2B849095CB348027880
:1078E0000078401CB14B1870AC488154B348005D1F
:1078F0000028EED144E1AA480078752813D100246D
:107900000CE02046611CCCB2AD490A5CA748017866
:107910000078401CA54B1870A0484254A848005D50
:107920000028EED12CE19E4800780D286FD19D48AB
:1079300030F81600C01C9C49095C9A4830F81600C3
:10794000801C994A105C01EB002085B22846FFF7A5
:10795000FAF807464FF0000A0EE09A4810F80A10AD
:10796000924802780078401C904B18708B488154E4
:107970000AF1010000F0FF0ABA45EEDB2C218B482A
:1079800002780078401C894B1870844881548548DF
:1079900030F81600001D84490D5C032D0ADC05F14A
:1079A0003500C2B2184601780078401C18707B4838
:1079B000425408E021217D4802780078401C7B4B2E
:1079C0001870764881542C21784802780078401C41
:1079D000764B187071488154724830F81600401D7B
:1079E00071490D5C0DB1042D12D12846E91705EB44
:1079F000917189103131CAB26C490B780978491CF0
:107A0000DFF8A8C18CF800106449CA5409E06AE0A4
:107A10002121664802780078401C644B18705F484A
:107A200081542C22614801780078401C5F4B18700B
:107A30005A4842545B4830F81600801D5A490D5C84
:107A400045B93022184601780078401C1870534818
:107A5000425420E0082D09D13122544801780078A1
:107A6000401C524B18704D48425414E0182D09D157
:107A700032224E4801780078401C4C4B1870474821
:107A8000425408E02122494801780078401C474BC5
:107A90001870424842542C22444801780078401C17
:107AA000424B18703D4842543E4830F81600C01D05
:107AB0003D490D5C012D0CDB052D0ADC05F1300084
:107AC000C1B2184602780078401C187033488154BF
:107AD00056E02122354801780078401C334B18705D
:107AE0002E4842544CE000222D4801783648FFF7DA
:107AF00089F80446FF2C26D02A4830F81600401C8E
:107B00002949085C274931F81610274A515C00EBD7
:107B1000012085B22846FFF716F807464FF0000A05
:107B20000EE0284810F80A20204801780078401C10
:107B30001E4B1870194842540AF1010000F0FF0A68
:107B4000BA45EEDB1CE0174830F8160016490D5C0C
:107B50002846FEF7F8FF07464FF0000A0EE01948E6
:107B600010F80A10114802780078401C0F4B18706A
:107B70000A4881540AF1010000F0FF0ABA45EEDB21
:107B8000039850B92C21094802780078401C074B13
:107B9000187002488154002424E025E0835D002011
:107BA0005802002048F702082A1400205902002039
:107BB0004FF8020856F802085EF802086CF802084E
:107BC00072F80208775D0020DEF70208FE48015DCA
:107BD000FE4802780078401CFC4B1870FC48815429
:107BE000601CC4B20A2CF1DB3B22F8480178007813
:107BF000401CF64B1870F64842541A221846017879
:107C00000078401C1870F24842540D211846027842
:107C10000078401C1870EE488154EE480078022825
:107C200034D1EA480078002830DD0120E9490870A5
:107C30000020E949088000240BE0E548015DE648A2
:107C400002880088401CE44B1880E4488154601C82
:107C5000C4B2DE4800788442EFDB0020DB490870C4
:107C6000DF4908800120DF490860012240F22661D7
:107C7000DD48F9F7DAF8DA4802880088401CD84B6A
:107C80001880D648815CD848F9F730F9BDE8FF9FE5
:107C90002DE9F0410024002500BF07E004F19D001C
:107CA000D249085CD2490855601CC4B21F2CF5DBD0
:107CB000CF49D04824F059F80646002E76D0CEA100
:107CC000304624F052F80746BA1CCCA1CC4823F029
:107CD000FFFE002413E0CA48005D2E280DD1214686
:107CE000C74824F035F8C749088008460078BF49DE
:107CF00081F84800601CC5B203E0601CC4B2032CCC
:107D0000E9DD00BF2C4615E0BD48005D2E280FD1EF
:107D1000621BD1B2BA4A501924F01AF8B949488006
:107D200008468078B14981F84900601CC5B204E07A
:107D3000601CC4B2E81CA042E6DA00BF2C4615E085
:107D4000AF48005D2E280FD1621BD1B2AC4A50194A
:107D500023F0FEFFAB49888008460079A34981F8EB
:107D60004A00601CC5B204E0601CC4B2E81CA0421A
:107D7000E6DA00BF2C4615E0A148005D22280FD1AD
:107D8000621BD1B29E4A501923F0E2FF9D49C88080
:107D900008468079954981F84B00002505E005E00B
:107DA000601CC4B2E81CA042E6DA00BF002407E071
:107DB00004F1BC008D49085C8D490855601CC4B2B3
:107DC0001F2CF5DB8A498B4823F0CFFF0646002E97
:107DD00076D089A1304623F0C8FF0746BA1C87A198
:107DE000874823F075FE002413E08548005D2E28A7
:107DF0000DD12146824823F0ABFF82490881084615
:107E0000007A7A4981F84C00601CC5B203E0601C1E
:107E1000C4B2032CE9DD00BF2C4615E07848005DB4
:107E20002E280FD1621BD1B2754A501923F090FF52
:107E3000744948810846807A6C4981F84D00601C7D
:107E4000C5B204E0601CC4B2E81CA042E6DA00BF80
:107E50002C4615E06A48005D2E280FD1621BD1B276
:107E6000674A501923F074FF664988810846007BF1
:107E70005E4981F84E00601CC5B204E0601CC4B2CB
:107E8000E81CA042E6DA00BF2C4615E05C48005D25
:107E900022280FD1621BD1B2594A501923F058FF42
:107EA0005849C8810846807B504981F84F00002519
:107EB00005E005E0601CC4B2E81CA042E6DA00BFA1
:107EC000002407E004F1DB004849085C48490855F4
:107ED000601CC4B21F2CF5DB4549464823F045FF22
:107EE0000646002E6ED044A1304623F03EFF0746E2
:107EF000BA1C42A1424823F0EBFD002413E04048A5
:107F0000005D2E280DD121463D4823F021FF3D493B
:107F100008820846007C354981F85000601CC5B2D3
:107F200003E0601CC4B2032CE9DD00BF2C4615E061
:107F30003348005D2E280FD1621BD1B2304A501950
:107F400023F006FF2F4948820846807C274981F8A4
:107F50005100601CC5B204E0601CC4B2E81CA04221
:107F6000E6DA00BF2C4615E02548005D2E280FD12B
:107F7000621BD1B2224A501923F0EAFE21498882BD
:107F80000846007D194981F85200601CC5B204E022
:107F9000601CC4B2E81CA042E6DA00BF2C4637E001
:107FA0001748005D222831D1621BD1B2144A501902
:107FB00023F0CEFE1349C8820846807D0B4981F824
:107FC000530021E028E00000BFF802085902002019
:107FD000835D00209F010020900100206C3900206B
:107FE0008C0100208C812242004400402A14002091
:107FF000876000206C4F00202C00000025730000DB
:10800000875E00203A1D0020002504E0601CC4B2F9
:10801000E81CA042C4DA00BF002407E004F1FA0023
:10802000FD49085CFD490855601CC4B21F2CF5DBF6
:10803000FA49FB4823F099FE0646002E78D0AFF2AD
:108040004801304623F091FE0746BA1CAFF25401B6
:10805000F44823F03DFD002413E0F248005D2E2893
:108060000DD12146EF4823F073FEEF4908830846FF
:10807000007EE94981F85400601CC5B203E0601C31
:10808000C4B2032CE9DD00BF2C4615E0E548005DD5
:108090002E280FD1621BD1B2E24A501923F058FEAC
:1080A000E14948830846807EDB4981F85500601C21
:1080B000C5B204E0601CC4B2E81CA042E6DA00BF0E
:1080C0002C4615E0D748005D2E280FD1621BD1B297
:1080D000D44A501923F03CFED34988830846007FD8
:1080E000CD4981F85600601CC5B204E0601CC4B2E2
:1080F000E81CA042E6DA00BF2C4615E0C948005D46
:1081000022280FD1621BD1B2C64A501923F020FE9B
:10811000C549C8830846807FBF4981F857000025BC
:1081200005E005E0601CC4B2E81CA042E6DA00BF2E
:10813000BDE8F081B84890F84800BB490880B648CF
:1081400090F849004880B44890F84A008880B248C6
:1081500090F84B00C880B04890F84C000881AE48B9
:1081600090F84D004881AC4890F84E008881AA48AC
:1081700090F84F00C881A84890F850000882A6489F
:1081800090F851004882A44890F852008882A24892
:1081900090F85300C882A04890F8540008839E4885
:1081A00090F8550048839C4890F8560088839A4878
:1081B00090F85700C883984890F85900964991F86C
:1081C000581000EB012098490885934890F85B000F
:1081D000914991F85A1000EB0120934948858E4847
:1081E00090F85D008C4991F85C1000EB01208E49FD
:1081F0008885894890F85F00874991F85E1000EB08
:1082000001208949C885844890F87100824991F815
:10821000701000EB01208449A1F848007E4890F8D6
:1082200073007D4991F8721000EB01207E49A1F89E
:108230004A00794890F87500774991F8741000EB7E
:1082400001207949A1F84C00734890F877007249F1
:1082500091F8761000EB01207349A1F84E006E48AA
:1082600090F879006C4991F8781000EB01206E4984
:108270000887694890F87B00674991F87A1000EB0D
:10828000012069494887644890F87D00624991F867
:108290007C1000EB0120644988875F4890F87F00DC
:1082A0005D4991F87E1000EB01205F49C8875A486C
:1082B00090F86100584991F8601000EB01205A498C
:1082C0000884554890F86300534991F8621000EB18
:1082D000012055494884504890F865004E4991F86E
:1082E000641000EB0120504988844B4890F86700E7
:1082F000494991F8661000EB01204B49C884464873
:1083000090F868000886444890F86900488642481A
:1083100090F86A008886404890F86B00C8863E480E
:1083200090F835003C4991F8341000EB01203E49AB
:10833000A1F85000384890F83200A1F856003648AD
:1083400090F83000A1F8540070472DE9F04F97B035
:10835000002600200D900E90282103A823F09DFDFB
:10836000FFF7E8FE31A12E4823F0FFFC139013988D
:1083700000287DD00120304908602B4800882A4918
:10838000498808442849898808442749C9880844F5
:1083900000286ED02448C08823498988CDE9001080
:1083A00021484388028825A10FA823F091FB1E488D
:1083B000028D25A10DA823F08BFB0DAB0FAA23A1E5
:1083C00003A823F085FB03A9139823F0CEFC002813
:1083D000DFD020A1139823F0C8FC0746002405E055
:1083E00038791E4908557F1C601C84B20F2CF7DBBE
:1083F000002441E01948005D0D283BD1E1B2174847
:1084000023F0A6FC1649088000201649088016496A
:1084100008801649088031E02A1400208760002077
:108420006C4F0020875E00203A1D002052454356C5
:108430002046524F4D3A0000B001224225642E25BD
:10844000642E25642E2564002564000025733A25DA
:10845000730000002B49504400000000235E002000
:1084600072000020740000207600002078000020B8
:1084700005E394E0601C84B2052CBBDD00BF002442
:1084800004E00020F8490855601C84B2052CF8DD92
:108490004FF4C061F54823F0DEFCF54805884FF045
:1084A000000807E00A2095FBF0F085B208F1010012
:1084B00000F0FF08002DF5D1EE4805884FF00009C7
:1084C00007E00A2095FBF0F085B209F1010000F009
:1084D000FF09002DF5D1E74845884FF0000A07E075
:1084E0000A2095FBF0F085B20AF1010000F0FF0AC6
:1084F000002DF5D1DF4885884FF0000B07E00A20FA
:1085000095FBF0F085B20BF1010000F0FF0B002DA0
:10851000F5D1D848C5880020169007E00A2095FBC1
:10852000F0F085B21698401CC0B21690002DF5D11F
:10853000D048058D0020159007E00A2095FBF0F04B
:1085400085B21598401CC0B21590002DF5D108EBEE
:108550000900504400EB0B0116980144159808449B
:1085600014901498183084B207E0C348005DBF49E6
:108570008855701C86B2601C84B2BD4800881830D3
:1085800014990844A042F0DAB9480088864200DB1A
:1085900000260020B94908700120B9490870B54883
:1085A0000089B44949890844B24989890844B149D4
:1085B000C989084400287BD0AE48C089AD49898963
:1085C000CDE90010AB4843890289AFF290110FA8A2
:1085D00023F07EFAA748428DAFF294110DA823F044
:1085E00077FA0DAB0FAAAFF29C1103A823F070FA33
:1085F00003A9139823F0B9FB0028DCD0AFF2AC112B
:10860000139823F0B2FB0746002405E03879964919
:1086100008557F1C601C84B20F2CF7DB002413E08C
:108620009148005D0D280DD1E1B28F4823F090FBF9
:108630009449088000208E49088093490880934916
:10864000088003E0601C84B2052CE9DD00BF002433
:1086500004E0002084490855601C84B2052CF8DD34
:108660004FF4C061814823F0F6FB864805884FF03F
:10867000000807E00A2095FBF0F085B208F1010040
:1086800000F0FF08002DF5D17A4805894FF0000968
:1086900007E00A2095FBF0F085B209F1010000F037
:1086A000FF09002DF5D1734845894FF0000A08E015
:1086B0005EE00A2095FBF0F085B20AF1010000F0BF
:1086C000FF0A002DF5D16B4885894FF0000B07E0BC
:1086D0000A2095FBF0F085B20BF1010000F0FF0BD2
:1086E000002DF5D16348C5890020169007E00A20C7
:1086F00095FBF0F085B21698401CC0B21690002D84
:10870000F5D15C48458D0020159007E00A2095FBC7
:10871000F0F085B21598401CC0B21590002DF5D12F
:1087200008EB0900504400EB0B0116980144159822
:10873000084414901498183084B207E04E48005D45
:108740004A498855701C86B2601C84B24D48008826
:10875000183014990844A042F0DA4A48008886424A
:1087600000DB0026012045490870022044490870BA
:108770004048008A3F49498A08443E49898A08445A
:108780003C49C98A084400286CD03A48C08A394913
:10879000898ACDE900103748438A028AAFF26431F2
:1087A0000FA823F095F93348828DAFF264310DA8FC
:1087B00023F08EF90DAB0FAAAFF2703103A823F0AE
:1087C00087F903A9139823F0D0FA0028DCD0AFF280
:1087D0007C31139823F0C9FA0746002405E0387964
:1087E000214908557F1C601C84B20F2CF7DB002444
:1087F00013E01D48005D0D280DD1E1B21A4823F0A9
:10880000A7FA214908800020194908801D490880DD
:108810001E49088003E0601C84B2052CE9DD00BF1E
:10882000002404E0002010490855601C84B2052C87
:10883000F8DD4FF4C0610D4823F00DFB12480588A8
:108840004FF0000807E00A2095FBF0F085B208F130
:10885000010000F0FF08002DF5D10648058A4FF011
:1088600000091DE082E00000235E00203A1F002086
:10887000720000203A1D00206C4F0020C40100202F
:108880007D00002074000020760000207800002089
:108890000A2095FBF0F085B209F1010000F0FF0914
:1088A000002DF5D1FE48458A4FF0000A07E00A2066
:1088B00095FBF0F085B20AF1010000F0FF0A002DEF
:1088C000F5D1F748858A4FF0000B07E00A2095FBA9
:1088D000F0F085B20BF1010000F0FF0B002DF5D197
:1088E000EF48C58A0020169007E00A2095FBF0F0BB
:1088F00085B21698401CC0B21690002DF5D1E848FC
:10890000858D0020159007E00A2095FBF0F085B2D8
:108910001598401CC0B21590002DF5D108EB090048
:10892000504400EB0B01169801441598084414902C
:108930001498183084B207E0DA48005DDA498855A7
:10894000701C86B2601C84B2D84800881830149914
:108950000844A042F0DAD5480088864200DB0026B1
:108960000220D34908700320D2490870CC48008BFC
:10897000CB49498B0844CA49898B0844C849C98BEB
:10898000084400287BD0C648C08BC549898BCDE9F7
:108990000010C348438B028BAFF260510FA823F045
:1089A00097F8BF48C28DAFF260510DA823F090F840
:1089B0000DAB0FAAAFF26C5103A823F089F803A9FD
:1089C000139823F0D2F90028DCD0AFF27851139835
:1089D00023F0CBF90746002405E03879B64908555D
:1089E0007F1C601C84B20F2CF7DB002413E0B2481C
:1089F000005D0D280DD1E1B2AF4823F0A9F9AF49D0
:108A000008800020AE490880AE490880A749088048
:108A100003E0601C84B2052CE9DD00BF002404E003
:108A20000020A5490855601C84B2052CF8DD4FF4E0
:108A3000C0619D4823F00FFAA04805884FF0000858
:108A400007E00A2095FBF0F085B208F1010000F084
:108A5000FF08002DF5D19248058B4FF0000907E083
:108A60000A2095FBF0F085B209F1010000F0FF0942
:108A7000002DF5D18A48458B4FF0000A08E05EE0F2
:108A80000A2095FBF0F085B20AF1010000F0FF0A20
:108A9000002DF5D18248858B4FF0000B07E00A20AE
:108AA00095FBF0F085B20BF1010000F0FF0B002DFB
:108AB000F5D17B48C58B0020169007E00A2095FB76
:108AC000F0F085B21698401CC0B21690002DF5D17A
:108AD0007348C58D0020159007E00A2095FBF0F043
:108AE00085B21598401CC0B21590002DF5D108EB49
:108AF0000900504400EB0B011698014415980844F6
:108B000014901498183084B207E06648005D6649F6
:108B10008855701C86B2601C84B268480088183082
:108B200014990844A042F0DA64480088864200DBC9
:108B3000002603205E49087004205E49087017B0C3
:108B4000BDE8F08F2DE9FC5F002001905E480088B1
:108B5000002800F0D6875D4800785D490978884292
:108B6000F7D05A4800785A4908705A480088401C83
:108B70005849088008460088052840F3C28700222B
:108B800040F225515448F8F750F901205349087034
:108B9000002044494C4A128888544B480088504968
:108BA00008800020484908804A4908804C480088CD
:108BB000B0F5C06F6EDC4B480078062807DA4AA192
:108BC000384823F0D2F810B10120494908704548CF
:108BD000007811285FD00CDC11285DD2DFE800F0AE
:108BE0005C255C26272833E3FEFDFCFBFAF9F8F749
:108BF000F600192852D009DCA0F112000728ECD2A7
:108C0000DFE800F0F3F2F1F0EFEEED00312846D0AE
:108C100006DC1A287CD01B287BD030283CD11EE3F0
:108C2000322877D04128F9D11CE327E300BF2FE198
:108C300030A11C4823F099F820B101202C4908707C
:108C40002D4908701AE32DA1164823F08EF82D49FE
:108C50000860002879D0AFF66041124823F085F80B
:108C60002949086008460068B8B1002001900DE06D
:108C70002448006802780198411CC9B20191234937
:108C80000A5420480068401C1E4908601D480068BE
:108C9000007840E0FEE3F1E0EEE272E0F6E0DFE2D1
:108CA0003A1D00206C4F00203A1F00207600002063
:108CB000C40100207D000020235E002078000020F9
:108CC0007200002074000020A20100203404002063
:108CD000B3010020B4010020004800408E000020B5
:108CE000A6010020B9010020504220444F4E45000B
:108CF000BE0100204F4B0000BA0100202B4353510E
:108D0000000000007802002074020020195E00209C
:108D1000BDE0C7E0A5E22C28AAD1FB48006810F806
:108D2000020C202812D1F848006810F8010C3038E5
:108D3000F649A1F880000020F54981F84500F34884
:108D400090F8800081F846001FE02BE0EE480068B4
:108D500010F8011CEC48006810F8020C303800EBE9
:108D6000800001EB40003038E849A1F88000002085
:108D7000E74981F84500E54890F8800081F8460011
:108D800003E00020E149A1F88000E048B0F880004D
:108D9000082807DBDD48B0F88000632802D00120F6
:108DA000DC49087000BFDCA1DD4822F0DEFFD649B7
:108DB000086008460068E8B108460068407A312833
:108DC00015D008460068407A35280FE055E019E0D4
:108DD00017E015E013E011E00FE00DE00BE054E0C8
:108DE00052E050E04EE04CE04AE048E002D1012081
:108DF000C849087042E200BF00BF00BF00BF00BF0B
:108E000000BF45E0C7A1C64822F0AFFFA0B30120D4
:108E1000C0490870AFF62061C14822F0A6FFBA49E8
:108E2000086008460068C8B108460068401CFDF7A5
:108E300028FFBE490880AFF64061B3480068401C77
:108E400022F093FFBA4908600846006830B108462E
:108E50000068401CFDF715FFB6490880B54800883A
:108E6000401FB2490988884206DCB24800880A28B7
:108E700002DB0120B049087000E200BF00BF00BF64
:108E800000BF00BF00BF00BF00BF00BF00BF00BFEA
:108E9000AFF2A011A24822F068FF10B101209D4955
:108EA0000870EBE1AFF67C219D4822F05EFF964909
:108EB00008600846006800287BD0FFF746FA9F4804
:108EC00000889F49098808449E49098808449E49AA
:108ED000098808441FFA80F9B9F5007F1FDB4FF4B9
:108EE000FA799A489A490978405C01280EDA97483D
:108EF00097490978405C401C9449954A12788854F7
:108F000001219448924A127881540DE000218F4843
:108F10008F4A127881540B208F49087004E000209A
:108F20008A498B4A127888548CA17D4822F01DFF13
:108F30007F49086008460068002839D00846006864
:108F40004078812807D101216F480068807A303845
:108F5000834A115429E07648006840788B2803D171
:108F600001208049087020E07148006840788D2811
:108F700003D101207C49087017E06D4800684078F3
:108F8000822805D1012079490870794908700CE0E0
:108F9000674800684078892804D101207549087025
:108FA00003E006E00120744908700020734908803E
:108FB00054E173A15A4822F0D8FE5D49086050B1CF
:108FC00008460068867A302EF2DB0121A6F13000D7
:108FD0006E4A115442E16EA1514822F0C6FE18B10A
:108FE00001206C49087039E16BA14D4822F0BDFEAB
:108FF0004F49086068B108460068867A302E04DB65
:109000000121A6F13000564A11540120654908702B
:1090100024E165A1424822F0A8FE4549086008B352
:1090200064A13F4822F0A1FE414908600028BFD05A
:109030000846006810F8010C3038C6B2042EB7DCC0
:10904000002052498855464988555B48805D032871
:10905000AEDA5948805D401C5749885501203D498A
:109060008855FBE055A12E4822F07FFE10B1FEF797
:109070000FFEF3E054A12A4822F077FE18B1012038
:1090800054490870EAE0AFF29431254822F06DFEB1
:1090900018B101201F490870E0E04FA1204822F0DC
:1090A00064FED0B143A11E4822F05FFE164908605D
:1090B0000846006830B108460068401CFDF7E1FD35
:1090C000474908801B480088401F45490988884255
:1090D00002DC012018490870C0E042A1104822F0CB
:1090E00044FE78B10020414908703D49088040A104
:1090F0000B4822F03AFE0E4908600846006810B19D
:1091000000267FE083E07FE074020020FA11002057
:109110002A140020BA0100202B435245473A000090
:109120006C4F00202B43504D533A20005602002034
:109130007C02002054020020660200207200002001
:109140007400002076000020780000208B020020B0
:10915000C4010020700200206A0200207B00000091
:1091600041020020C5010020C6010020B9010020F5
:10917000A7020020C7010020C80100201A0100201A
:109180002B4349504F50454E3A0000002F0200201B
:109190003E000000BD0100202B43495053454E4482
:1091A0003A000000BB0100202B4950434C4F53456F
:1091B0003A0000002C000000850200202B43444EA2
:1091C000534749503A2031002B4349504552524FA2
:1091D000523A0000BC0100202B434D5449000000CE
:1091E000520200202B434D47520000005E02002037
:1091F0002B383600FE480068C01C805DFD4988554C
:10920000701CC6B20B2EF5DBFDF75EFD26E0FAA161
:10921000FB4822F0AAFD18B10120FA4908701DE0B0
:10922000F74880784F280ED1F548C0784B280AD1EE
:10923000F5480078022811D1F448007870B901206F
:10924000F04908700AE0F2A1ED4822F08EFD28B145
:10925000F148007810B90D20F04908700EE000BF09
:1092600000BF0BE0AFF27451E54822F07EFD10B173
:109270000120E449087001E0BDE8FC9F00BFE84818
:1092800000786C30E749085C01280ED1E648007888
:1092900010B9E648007840B10020E3490870E3497E
:1092A00008700120E24908700CE0DD4800786C305D
:1092B000DC49085C30B9DF480078022802D101207F
:1092C000DB490870DA48007800287DD00020D849B2
:1092D0000870D9480088D94909880844D8490988BC
:1092E0000844D849098808441FFA80F9CC48007816
:1092F0006C30CC49085C50B1B9F1100F04DBA9F116
:1093000010001FFA80F803E04FF0000800E0C846A4
:1093100000241EE0C24800786C30C249085C90B15D
:10932000BF4800786830085C30B9B1480068103038
:10933000005DC54908550AE0AD4800680F30005D82
:10934000C149085503E0BB48005DBF490855601C92
:1093500084B24445DEDB4946B64822F07CFDBB487A
:10936000008A002872D1B948223000F0704000F124
:109370000070B6492231C1F3130100EB411080683F
:1093800070B9B248223000F0704000F10070AF496F
:109390002231C1F3130100EB4110C06800287AD0DC
:1093A000A9480078A9498988884274D1A8F10200A7
:1093B000C1B2A548FBF788F805462C12EEB2A8F119
:1093C0000200A149085C00E0DBE2A042EDD1A8F177
:1093D0000100085CB042E8D10846407803287DD1FE
:1093E00001209B49087098488578C07800EB0520DB
:1093F000984908800846008842F21071884205DBCF
:10940000944800884EF6602188426CDB8F480079D2
:10941000914908708C48407848708B4840794006E4
:10942000000E8870884840797D2802DD7D208649BD
:1094300048718848008842F21071884207DADFF8E4
:109440001CB2844800880BEB400B0DE038E18148EA
:1094500000884EF66021884206DBDFF804B27D48C2
:109460000088401A0BEB400BDFF8ECA100240BE066
:109470003BF8147039120AF1030000F8141000EBE5
:1094800044004770601C84B26F484079A042EFDC12
:10949000714801E09CE21DE28078C01CC1B26E48B8
:1094A000FBF712F86F4908800846008801126A48E5
:1094B0008078C01C684A11546A4801781046807848
:1094C000001D115410468078401D67490880002017
:1094D0005F49087065490880012001E024E002E04E
:1094E0006349087029E25B48008842F210718842A3
:1094F000F8DB584800884EF660218842F2DA554879
:1095000000885649A1F866054F480779407900EB75
:10951000072087B20846A0F86875022055490870F0
:1095200000204B49087008E2474840780628D9D106
:1095300001205149087044488578C07800EB052027
:1095400044490880084600884EF6602188422ADA9D
:10955000404800884149A1F866053B4807794079B1
:1095600000EB072087B20846A0F8687539480088E4
:1095700042F21071884203DA01203E4908700EE081
:109580003448008842F21071884208DB3148008874
:109590004EF66021884202DA032036490870002026
:1095A00035490870C9E12B4800884EF66021884291
:1095B00098DB2B48009027490988A1F56A4160395A
:1095C000009800EB410000901F480779407900EBBC
:1095D000072081B2009801801C4800791E4908705C
:1095E000194840784870184880788870164845E0D7
:1095F0007C0200206C5D00202B434D47530000008F
:109600006C4F0020BA010020620200205A020020A4
:109610004552524F520000008A0200206A02002088
:10962000C40100202A140020C7010020C801002026
:10963000C90100203A1F00207200002074000020A1
:1096400076000020780000206C390020FA110020FC
:10965000AE010020AC0100206C5B00204A15002008
:1096600036080020AA010020A0010020A40100204B
:109670006802002061000020B1010020C078C8709D
:10968000FC4800790871FB48407948710621FA4886
:10969000FAF71AFFF9490880084600880012F649CF
:1096A0008871F6480078C8710820F54908800020C4
:1096B000F4490870F44908800120F44908703CE13D
:1096C000F34800F0704000F10070F149C1F313015C
:1096D00000EB4110806858B9ED4800F0704000F18F
:1096E0000070EB49C1F3130100EB4110C06828B3CF
:1096F000E0480078022864D1A8F10200C1B2DD4838
:10970000FAF7E2FE05462C12EEB2A8F10200D949A2
:10971000085CA04255D1A8F10100085CB04250D1CC
:109720000846407803280AD10120DA490870D14858
:109730008578C07800EB0520D749088041E0CD4806
:109740004078012802D1D54908703AE0C9484078EC
:10975000062816D10120CB490870C6488578C07804
:1097600000EB0520CC4908800120CD490870C14894
:109770000779407900EB072087B20120C9490870BA
:109780001FE0BC48407810281BD10120C649087052
:10979000B8488578C07800EB0520BF4908800120D3
:1097A000BF490870C14981F80080002505E0B14833
:1097B000405DBF494855681C85B2BC480078854269
:1097C000F5DBB4480078E8B30220AB490870A9483B
:1097D00040784870A74840794006000E8870A54838
:1097E00040797D2802DD7D20A2494871DFF8A0B2D2
:1097F000ABF1220BDFF880A200240FE0A64800881E
:109800000BEB400030F8147039120AF1030000F835
:10981000141000EB44004770601C84B295484079F6
:10982000A042EBDC94488078C01CC1B29248FAF7A1
:109830004BFE924908800846008801128E488078C5
:10984000C01C00E015E08C4A11548C480178104689
:109850008078001D115410468078401D884908808A
:1098600000208C49087088490880012087490870C9
:1098700063E08448007870B30020824908700220B9
:109880007D4908707B48407848707A4880788870B5
:109890007848C078C8707748007908717548407971
:1098A000487106217448FAF70FFE7449088008468B
:1098B000008800127049887170480078C8710820CB
:1098C0006F49088000206F4908706F4908800120A7
:1098D0006E49087031E0FFE77348007868B30020F4
:1098E00071490870022064490870624840784870E5
:1098F0006048807888705F48C078C8705D4800799B
:1099000008715C484079487106215B48FAF7DCFD34
:109910005A490880084600880012574988715748FC
:109920000078C87108205649088000205E490870F8
:1099300055490880012055490870554800F070408D
:1099400000F100705249C1F3130100EB411040686F
:10995000F0B35848A0F80080002057490880012241
:1099600040F226615548F7F760FA534802880088AC
:10997000401C514B18803F48815C5048F7F7B6FABD
:1099800069E04F4890F8360090B34E480088B0F533
:10999000007F03DB4FF4FA704A490880002405E099
:1099A0004948005D33490855601C84B24548008829
:1099B0008442F5DB434800883E49088000203E4948
:1099C0000880012041490860012240F2266100E040
:1099D00041E03A48F7F729FA374802880088401CE6
:1099E000354B18802348815C3448F7F77FFA32E022
:1099F000FFE727482238408800282CDD31480088BE
:109A0000B0F5007F03DB4FF4FA702E490880002484
:109A100005E02D48005D2E490855601C84B2294898
:109A200000888442F5DB274800882A490880002006
:109A300029490880012240F226612848F7F7F5F904
:109A4000254802880088401C234B18802048815CF0
:109A50002248F7F74BFA002505E01B48405D2049F6
:109A60004855681C85B2174800888542F5DB0025FB
:109A70003DE000006C3900206C5B0020AA01002052
:109A8000A0010020B1010020A401002068020020F4
:109A90001C120020AE010020AC010020B00100200B
:109AA0003803002061000020AF01002039030020AE
:109AB0000A630020900100208C0100200044004037
:109AC0002A140020A60100206C4F00208C81224225
:109AD0006C2500204A01002046010020003801408A
:109AE0006C5500200020FA494855681C85B2F94899
:109AF00000888542F6DB012240F22551F648F7F74F
:109B000094F900BFFFF7B8BB10B50020F3490880F7
:109B1000084602880088401C0B461880F048815C8B
:109B2000ED48F7F7E3F9012240F22661EA48F7F73A
:109B30007CF910BD70B5024609E01478E94B1D8828
:109B40001B885B1CE74E3380E54B5C55521C0B1E9B
:109B5000A1F10104E1B2F0D170BDE2490A8809889F
:109B6000491CE04B1980DE498854704701460020AB
:109B700001E0421CD0B211F8013B002BF9D1704733
:109B800030B5D948FFF7F2FFD8490870D6481930E8
:109B9000FFF7ECFFD6490870D3489430FFF7E6FF93
:109BA000D4490870D048B330FFF7E0FFD2490870BD
:109BB000CD48D230FFF7DAFFD0490870CA48F130FB
:109BC000FFF7D4FFCE4908701F20C6490880012442
:109BD00048E0CC48055DCC48005D052802D1C3486B
:109BE000057821E0C848005D062802D1C048057804
:109BF0001AE0C548005D212802D1BE48057813E06F
:109C0000C148005D312802D1BB4805780CE0BE4850
:109C1000005D412802D1B948057805E0BA48005DE9
:109C2000512801D1B6480578B748015DAD48028892
:109C30000088401CAB4B1880A9488154A81CC1B2B5
:109C4000184602880088401C1880A5488154AF49F6
:109C500031F81410A44A093A88182946FFF76AFF18
:109C6000601CC4B2452CB4DB70219E480288008879
:109C7000401C9C4B18809A48815409211846028840
:109C80000088401C1880964881540721A048FFF79F
:109C900051FF7121934802880088401C914B188025
:109CA0008F4881540A22184601880088401C188079
:109CB0008B48425408219748FFF73CFF732189489D
:109CC00002880088401C874B1880854881541821E1
:109CD000184602880088401C1880814881540E2153
:109CE0008D48FFF727FF08218C48FFF723FF7421D9
:109CF0007C4802880088401C7A4B18807848815440
:109D00000822184601880088401C18807448425474
:109D100006218348FFF70EFF7521724802880088EC
:109D2000401C704B18806E488154082118460288E8
:109D30000088401C18806A48815406217948FFF742
:109D4000F9FE7B21674802880088401C654B18801B
:109D500063488154184600887349088030BD2DE956
:109D6000F84F002471480078714909780844714916
:109D7000097808447049097808447049097808440A
:109D800000287DDC6E48007800287AD06D48007885
:109D90006D4909780844002873D16C48007858B997
:109DA0005048008840B9012068490870002068497F
:109DB0000880684908802BE164480078012818D1A0
:109DC00048480088A8B963480088032811DD0220AC
:109DD0005E49087000205F490880FFF7D1FE00202F
:109DE00040490880504801885B48007807F064FBD0
:109DF0000EE15648007802280BD156480088B0F58D
:109E0000967F06DD012051490870002051490880E5
:109E1000FEE04E480078022842D1504800780028E1
:109E20003ED003204949087000204C4908702D4954
:109E300008801F214A48FFF77DFE3B48008800123A
:109E40002749887038480078C870002509E005F176
:109E5000220025490939095C281D214A1154681C32
:109E6000C5B20B2DF3DBFFF78BFE00201B490880EA
:109E7000FA201C490880194802880088401C01E02B
:109E8000CFE0CFE0154B18801548815C1248F7F7FA
:109E90002DF8012240F226610F48F6F7C6FFB7E021
:109EA0002A480078032812D10E48008878B9042087
:109EB000264908700020094908801B480088FA28B4
:109EC00050DB19480088FA38064908804DE07BE0ED
:109ED0006C4F0020A601002000480040A401002093
:109EE0006C4D0020A801002033140020D001002078
:109EF000D1010020D2010020D3010020D401002094
:109F0000D5010020FDF60208B2F6020848F7020863
:109F10004FF8020856F802085EF80208195E0020A1
:109F20006CF8020872F80208CE010020F40100204B
:109F3000220200205A0200205E020020620200205D
:109F4000C5010020CB010020CC010020CA01002067
:109F50004C0200209C020020C4010020BD01002012
:109F600010F802080020FD490880FC480088B0F580
:109F7000007F03DB4FF4FA70F84908804FF00009C6
:109F800009E009F1FA00F649085C01F8090009F155
:109F9000010000F0FF09F14800888145F1DBF1483C
:109FA00002880088401CEF4B1880ED48815CEE4829
:109FB000F6F79CFF012240F22661EB48F6F735FFE9
:109FC0000020EA49088023E0E948007804280BD102
:109FD000E6480088B0F57A7F06DD0120E449087084
:109FE0000020E249088013E0E148007804280FD1FE
:109FF0000020E0490870DE490870DF490870DF4939
:10A00000DF4A127821F81200DE49DD4A12788854BE
:10A01000DD480088142804DD0020D5490870D649A1
:10A0200008706CE2D948007800287DD0D0480078CC
:10A03000D74909780844002876D1D6480078002806
:10A0400073D10120D34908700020D3490880D34937
:10A050000880AFF6F861D24821F087FED149086048
:10A060000846006800287DD04FF0000A08460068C6
:10A07000C0780090084600680F30086067E1C94862
:10A0800000680078C8490870C6480068401CC54987
:10A090000860C54800787B28F0D00022C2480178CB
:10A0A000C248FCF7AFFD0746FF2F00D155E1BD4880
:10A0B00000680578BB480068401CBA490860022D5A
:10A0C00006D10020BA4931F81710BA4A50543AE183
:10A0D000022DFCDD002411E0B248006890F800B0C9
:10A0E000B0480068401CAF490860B14830F817001C
:10A0F0002044B04901F800B0601CC4B2A81EA042C0
:10A10000EADCAD48007820B90120AC490870F9F7C5
:10A1100080F8A548007801281AD0A34800780528BF
:10A1200016D0A148007801E0EAE14FE106280FD0FF
:10A130009D48007821280BD09B480078312807D013
:10A1400099480078412803D097480078512835D1A4
:10A150000020974931F817102144964A50549648E8
:10A16000007800E0C2E120B9012094490870F9F7B5
:10A1700050F88D48007806280CD1002407E090485C
:10A18000005D10B101208F490855601CC4B2042C39
:10A19000F5DBD8E084480078512898D1854890F8BC
:10A1A000FA00402893D1A81E0C2890D100208149A4
:10A1B00081F8FA00012080490870C4E07A480078EC
:10A1C00020280BD078480078302807D076480078CF
:10A1D000402803D074480078502812D100240DE0A4
:10A1E0007748005D40B1200120306F4909788842EE
:10A1F00002D1012073490855601CC4B2042CEFDB66
:10A20000A1E06948007822280BD0674800783228FE
:10A2100007D065480078422803D063480078522868
:10A2200012D100240DE06648005D40B120012230CB
:10A230005D490978884202D1012062490855601CB5
:10A24000C4B2042CEFDB7EE05748007824280BD002
:10A2500055480078342807D053480078442803D064
:10A2600051480078542812D100240DE05448005D74
:10A2700040B1200124304C490978884202D10E2097
:10A2800051490870601CC4B2042CEFDB5BE0464807
:10A2900000780D2857D1474890F839000602454804
:10A2A00090F83A00304486B2B6F5166F15D0B6F580
:10A2B000965F12D0B6F5165F0FD0B6F5964F0CD05C
:10A2C000B6F5164F09D0B6F5614F06D025203949AD
:10A2D00081F83900802081F83A00364890F83B0038
:10A2E000032803D00320334981F83B00314890F81C
:10A2F0003C0040B12F4890F83C00042803D00020D7
:10A300002C4981F83C002B4890F83D0068B1294861
:10A3100090F83D00082808D0264890F83D001828FD
:10A3200003D00020234981F83D00224890F83E00E8
:10A33000032808D01F4890F83E00022803D00320CD
:10A340001C4981F83E000AEB050000F0FF0A009866
:10A350001038B0EB0A007FF492AEC7E0A8010020ED
:10A360006C4D0020A4010020004800409C02002009
:10A37000CA010020BA010020C5010020D801002038
:10A38000C4010020E00100204C020020C601002092
:10A39000CC010020CB0100204E0200209E020020B4
:10A3A0006C5500207402002058020020B2F602080A
:10A3B00048F702082A1400209B0200200201002016
:10A3C0002F020020700200206A020020FB48007863
:10A3D000012812D1FA48008878B9FA480088032881
:10A3E0000BDD0220F54908700020F6490880102195
:10A3F000F548007807F060F878E0F0480078022827
:10A400000BD1F0480088B0F5967F06DD0120EB49BE
:10A4100008700020EB49088068E0E84800780228CE
:10A4200021D1EA480078F0B10320E4490870002007
:10A43000E6490870E24908801021E548FFF77AFBF9
:10A44000002508E005F12200E249095C281DE24AE6
:10A450001154681CC5B20B2DF4DBFFF755FB00202F
:10A46000D849088042E0D548007803280BD1D54868
:10A470000088B0F57A7F06DD0120D0490870002001
:10A48000D049088032E0CD48007803281ED1D34857
:10A490000078D8B10420C94908700020CF4908705D
:10A4A000C8490880CE48007820B90120CD490870FD
:10A4B000F8F7AFFE0020CC49C34A127821F8120009
:10A4C0000021CA48C04A127881540FE0BB48007886
:10A4D00004280BD1BB480088B0F5967F06DD00202C
:10A4E000B6490870C2490870B6490880C14800885A
:10A4F000142804DD0020B1490870BD490870EBE163
:10A50000BD4800780028FAD0BC480078AB490978EB
:10A5100008440028F3D1BA48007803281BDDB94865
:10A5200000880528EBDD0020B5490870B2490870A5
:10A53000B5490880B5490870012240F22551B44858
:10A54000F6F773FCB2480C30008840F00400B049C4
:10A550000C310880C0E1AF48A9490978405C002867
:10A560007ED0AA48007858B99548008840B90120A3
:10A57000A64908700020A4490880A24908808CE1FF
:10A58000A2480078012822D18D480088F8B99D485A
:10A59000008803281BDD02209C490870002099498F
:10A5A0000880974800786C308A49085C40B19A4826
:10A5B0000088103081B29248007806F07DFF6CE18F
:10A5C000954801888E48007806F076FF65E18F484F
:10A5D000007802280BD18B480088B0F5967F06DD05
:10A5E00001208A49087000208649088055E1874883
:10A5F0000078022867D175480078002863D00320CE
:10A60000824908700020714908706D4908807C48B3
:10A6100000786C306F49085CD8B310217F48FFF791
:10A6200089FA002508E005F122006A49095C281D25
:10A63000694A1154681CC5B20B2DF4DB70480078D0
:10A6400068306449085CE8B30F205D4908807448AD
:10A6500000F0704000F100707149C1F3130100E097
:10A660002DE100EB41104068A0B16E4801786E48C2
:10A67000FFF760FA7B20FFF770FA6A480088103015
:10A680001FFA80F84FEA28205349887081F8038028
:10A690008EE05EE0624800F0704000F100706049BA
:10A6A000C1F3130100EB4110806870B95C4800F001
:10A6B000704000F100705A49C1F3130100EB4110E2
:10A6C000C06801E015E0B3E020B353480178574873
:10A6D000FFF730FA7B20FFF740FA4F480088103030
:10A6E0001FFA80F84FEA28203B49887081F80380E0
:10A6F0005EE04B4800F0704000F100704849C1F343
:10A70000130100EB4110406828B1464801784648E3
:10A71000FFF710FA4CE0424800F0704000F1007082
:10A720003F49C1F3130100EB4110806858B93C4820
:10A7300000F0704000F100703949C1F3130100EBE3
:10A740004110C068A0B3344801783848FFF7F2F9E7
:10A750002EE0334800F0704000F100703049C1F342
:10A76000130100EB4110406828B12E4801782E48B3
:10A77000FFF7E0F91CE02A4800F0704000F100709B
:10A780002749C1F3130100EB4110806858B92448F0
:10A7900000F0704000F100702149C1F3130100EB9B
:10A7A0004110C06820B11C4801782048FFF7C2F969
:10A7B000FFF7AAF90020134908806EE0CB010020C2
:10A7C000A80100209E020020C4010020BD0100203D
:10A7D0002FF802082A1400206C4D0020BA01002036
:10A7E0009B02002002010020D8010020E00100208F
:10A7F000C60100204E02002068020020CA0100208D
:10A800004A020020A002002050020020CC010020BB
:10A81000004400402F020020A00100203FF8020861
:10A820001C1200208E0100206C3F00206C5B002079
:10A83000F948007803280BD1F8480088B0F57A7FF2
:10A8400006DD0120F44908700020F449088024E066
:10A85000F1480078032820D1F1480078E8B1EF48AA
:10A860000088642819DD0020ED490870EA49087065
:10A87000EC4908800021EC48EC4A127820F81210CC
:10A880000020EB49E94A12788854E8480078401CD7
:10A89000E64908700020E1490880E2480088012864
:10A8A0001ADD0020DC490870DE490880DF480078A6
:10A8B000401CDE4908700020D84908800CE00020C8
:10A8C000D5490870D7490880D8480078401CD74936
:10A8D00008700020D1490880BDE8F88F704730B576
:10A8E0000146084609E00378D24A14881288521CAF
:10A8F000D04D2A80D04A1355401C0278002AF2D14C
:10A9000030BD70B50020CD490870002412E0482009
:10A9100000EB8400CA49095CC4EB44109D30C84A6E
:10A92000105C084420B1C5480078401CC349087039
:10A93000601CC4B2042CEADBC2480078C249097822
:10A940000844C24909780844B34909780844C04911
:10A9500009780844BF4909780844BF490978084480
:10A96000BE4909780844A8B9002511E0BC48405DFB
:10A9700001280BD1E8B206F0A5FE0020B9494855E0
:10A980000220B74948555020F8F70CFB681C85B2E7
:10A99000042DEBDB00242EE0C4EB44109D30A849CD
:10A9A000085C30280CD0C4EB44109E30085C38B1F1
:10A9B000032C07D1C4EB44109D30085C402801D122
:10A9C000002604E0C4EB44109D309D490E5C4820F5
:10A9D00000EB84009A49085C40B1A348005D40B98F
:10A9E0000120A2490855A049085502E000209E49CF
:10A9F0000855601CC4B2042CCEDB00243DE09B480B
:10AA0000005D98BB9748005D30B9482000EB84009A
:10AA10008B49085C304420B90020954921F8140086
:10AA200029E08C2000EB440085490D5C8D2000EB73
:10AA30004400085C00EB052085B28948005D0228CF
:10AA40000BD18B4830F81400032814DD012087490E
:10AA500008550020824908550DE0854830F814005B
:10AA6000A84208DD01208149085504E0FFE70020E5
:10AA70007F4921F81400601CC4B2042CBFDB7D4860
:10AA80000078032802DD00207A49087079480478AC
:10AA90007648005D28B977480078401C75490870F1
:10AAA000ABE07548005D60B961480078604949785D
:10AAB00008445F49897808445D49C97808440028FA
:10AAC000EEDC634800786049097808445F490978FA
:10AAD00008445149097808445E49097808445E49A8
:10AAE000097808445D490978084490BB6248005DD4
:10AAF00030B90120604908550020604921F8140050
:10AB00005D48005D01280DD102205B4908550020F9
:10AB100048490880204606F06CFB0020574921F880
:10AB2000140016E05448005D022812D14D48005D23
:10AB300078B100204E4921F81400504921F8140042
:10AB40004D490855494908554D490855012038498E
:10AB500008554948005D002848DD484830F8140091
:10AB6000052843DD0020424921F814004448005DD7
:10AB700003282DDA31480078012803DC01203B4905
:10AB8000085528E00020394908558C2000EB440086
:10AB90002B49085C3B4908808D2000EB4400284984
:10ABA000085C3849097800EB0120364908800846DE
:10ABB0000088082806DD0846008808382C4921F856
:10ABC000140008E02F480088294921F8140002E009
:10ABD0000020264908550020284921F8140026495C
:10ABE00008552748005D401C254908552448005D4C
:10ABF0000A2802DB0F20244908701F4800781E49EC
:10AC0000497808441C49897808441B49C978084494
:10AC10000C49087070BD0000CC010020A00200208B
:10AC2000BB01002050020020D80100204A02002071
:10AC3000E0010020A80100206C4D00202D02002022
:10AC40002A14002022020020CA010020CB0100208B
:10AC5000F40100205A0200205E020020620200205F
:10AC6000700200202F02002024020020FE0100209C
:10AC7000F6010020470200200A02002012020020F4
:10AC8000060200207A0300206A02002010B500248A
:10AC900005E0FE48005DFE490855601CC4B2162C54
:10ACA000F7DB002408E004F12200FA49095C201DCA
:10ACB000F74A1154601CC4B20B2CF4DB1620F64981
:10ACC00008800D21F44802880088401CF24B18804F
:10ACD000EF488154FEF718FF10BD70B5002430E036
:10ACE000EE48005D38BBEE48005D20B90020ED491C
:10ACF00021F8140023E0702000EB4400E549085CD3
:10AD0000E9490880712000EB4400E249085CE6490B
:10AD1000097800EB0120E4490880E24830F814008B
:10AD2000098888420BDD0120DC4908550020DD49F7
:10AD300021F8140003E00020DA4921F81400601C17
:10AD4000C4B2042CCCDBD9480078032802DD0020F3
:10AD5000D6490870D5480478D048005D28B9D34852
:10AD60000078401CD1490870F9E0D1480078D149F9
:10AD700009780844D04909780844D049097808443A
:10AD8000CF4909780844CF4909780844CE49097861
:10AD90000844002821D1CD48005D50B90120CB499D
:10ADA00008550020CA4921F81400CA490855CA4963
:10ADB0000880C648005D012810D1C74800880328D4
:10ADC0000CDD0220C14908550020C3490880B24962
:10ADD00008801621204606F06FFB60E0BB48005D4E
:10ADE00002280CD1BC48008840F6B831884206DD04
:10ADF0000120B64908550020B74908804FE0B34804
:10AE0000005D02280ED1B548007858B10320AF4943
:10AE100008550020B1490870FFF738FF0020AE49FF
:10AE200008803CE0A948005D03280BD1AA480088AF
:10AE3000B0F57A7F06DD0120A44908550020A64917
:10AE400008802CE0A148005D03280DD1A4480078BB
:10AE500050B1A1480088642806DD04209B490855AC
:10AE600000209F4908701AE09848005D042816D118
:10AE70009848005D98B100208A4921F8140094494F
:10AE800021F81400914908558449085595490855F9
:10AE90009549085585480078401C844908708B48BE
:10AEA000005D002850DD8A4830F8140001284BDD91
:10AEB00000207C4921F814008A48005D02282DDA20
:10AEC0008A480078012803DC01207449085528E0ED
:10AED000002072490855702000EB44006D49085C61
:10AEE00071490880712000EB44006A49085C6E4992
:10AEF000097800EB01206C49088008460088032887
:10AF000006DD08460088C01E664921F8140008E0E6
:10AF100065480088634921F8140002E000205F4979
:10AF2000085500206A4921F81400684908556D4801
:10AF3000005D401C6B4908550020664908555B4878
:10AF40000078401C5949087004F1800051490D5C9B
:10AF50006448005DA84202DB0020514908555B4867
:10AF600000785A494978084458498978084457492B
:10AF7000C97808445E4908705648007855494978B0
:10AF800008445449897808445249C97808445949C1
:10AF9000087070BD70B558480078012809D10220AA
:10AFA000554908700120554908700220544908701D
:10AFB0000AE051480078022806D1504800781B2842
:10AFC00002D100204C4908704E480078012809D170
:10AFD00002204C4908700120484908700320484964
:10AFE00008700AE047480078032806D143480078F3
:10AFF0001B2802D1002043490870424800780B28E2
:10B000000EDB4048007810280ADC01203B4908701C
:10B010003C4800783A49087016203A4908700AE01E
:10B0200038480078172806D1344800781B2802D108
:10B0300000203449087034480078012809D10220E2
:10B040003149087001202D49087005202C490870ED
:10B050000AE02D480078022806D1284800781B28ED
:10B0600002D1002028490870214800781049097849
:10B0700008441049097808440F49097808440F49E1
:10B080000978084400287DD1204841E0FAF70208F9
:10B090006C4D00202A140020A8010020E0010020AF
:10B0A0002F020020D80100207A0300202C0200206B
:10B0B00022020020CA010020CB010020CC01002088
:10B0C0005A0200205E02002062020020E8010020F7
:10B0D000EC01002041020020A2020020BD0100205E
:10B0E000BB010020E4010020850200202D02002089
:10B0F000F40100208A02002069020020B90100202A
:10B10000A70200206A0200206B0200206C020020CF
:10B110000078012848D10220FE4908700020FE492D
:10B1200008800220FD4908700620487001208870C0
:10B130003D20C87000200871F94800784871062148
:10B14000F648F9F7C1F905462812F4498871CD711E
:10B15000002505E0F148405DF2494855681C85B27C
:10B16000082DF7DB0020F0490870EB490880082023
:10B17000EE4908800020EE4908800120ED49086072
:10B18000012200E06AE140F22661EB48F5F74DFE4E
:10B19000E74802880088401CE54B1880DF48815C46
:10B1A000E548F5F7A3FE4FE0DA480078022844D1DD
:10B1B000D9480088FA2840DDE0480078E04909785D
:10B1C0000844E0490978084498BBD7480078401CF7
:10B1D000D5490870084600780A2806DD0020087066
:10B1E000CC490870D849087023E0002505E0CD4817
:10B1F000405DCA494855681C85B2082DF7DB082018
:10B20000CA4908800020CA4908800120C94908604D
:10B21000012240F22661C848F5F707FEC4480288BB
:10B220000088401CC24B1880BC48815CC248F5F7BE
:10B230005DFE0020B849088006E0B6480078032883
:10B2400002D10020B3490870BF480078002803DC11
:10B25000BE48007800286ED0B9480078B94909780E
:10B260000844002867D1BA480078BA4909780844E8
:10B27000A84909780844B849097808440028F1D158
:10B28000B64800780028EDD1B548008841F2941105
:10B29000884250DDA948007838B90120A7490870D4
:10B2A0000020B0490880B0490880A44800780128EF
:10B2B00042D1AD48008803283EDD02209F49087036
:10B2C0000020AA490880AAA0FFF709FB2220FEF768
:10B2D00044FC9E48007890B100240DE004F1FB008E
:10B2E000A6490A5CA14801880088401C9F4B188031
:10B2F000A3484254601CC4B20B2CEFDB0FE00024C7
:10B300000BE0A048015D994802880088401C974BDB
:10B3100018809B488154601CC4B20B2CF1DB2220A6
:10B32000FEF71BFC0D20FEF718FCFEF7EDFB0020DE
:10B330008D49088083E092E08048007802280BD194
:10B3400089480088B0F5FA7F06DD01207B49087046
:10B3500000208549088072E078480078022851D1A1
:10B3600089480078A0B303207449087000208649FA
:10B3700008707E4908807548007850B300240BE0BF
:10B380008248025D794801880088401C774B18800C
:10B390007B484254601CC4B2152CF1DB3B2173483E
:10B3A00002880088401C714B1880754881541A210E
:10B3B000184602880088401C1880714881540D226C
:10B3C000184601880088401C18806D48425413E0DC
:10B3D00018E0FFE700240BE06D48025D6348018838
:10B3E0000088401C614B188065484254601CC4B200
:10B3F000554800788442EFDBFEF786FB00205A496F
:10B4000008801CE04D480078032818D16148007876
:10B41000A8B100205F4908704B4908704B4908707B
:10B4200050490880454908705B48007838B10120D0
:10B430005A490870F7F7EDFE00205749087049484F
:10B4400000880A280ADD0020524908703E49087029
:10B450003E4908704349088038490870D4E0504894
:10B46000008800283ADD35480078364909780844D4
:10B4700098BB3348007828B9012031490870002072
:10B48000484908802E48007801280AD1454800889C
:10B49000022806D12A4908704148008805F022FD9B
:10B4A000B2E02748007802280AD13E4800880428E4
:10B4B00003D03C480088082803D1012020490870A7
:10B4C000A2E0384800880A2806DD002034490880B8
:10B4D0001B4908703349088096E0FFE7324800783E
:10B4E000B0B11648007816490978084480B9154863
:10B4F000007828B901201349087000202B490880E2
:10B5000010480078012857D102200E4908704FE0FA
:10B510007AE000006C020020900200206C390020CC
:10B520006D020020920200209A020020900100206B
:10B530008C0100208C812242004400405A020020ED
:10B540005E02002062020020590200209B020020BF
:10B55000690200206A0200206B020020C601002060
:10B56000060100205C020020A4020020A8010020A7
:10B5700041542B434D47533D000000002A14002046
:10B580006C4D00206C5D0020BD010020DEF902083A
:10B59000835D0020BA010020670200200201002024
:10B5A0005202002060020020660200206402002097
:10B5B000342005F0B9FC0FE0FE48007802280BD1DA
:10B5C000FD48007840B10020FB490870FB49087035
:10B5D000F8490870FA490880F9480088052806D11A
:10B5E0000020F54908700120F24908700CE0F44889
:10B5F00000880A2808DD0020EF490870EF4908702C
:10B60000EC490870EE49088070BD10B50120ED4985
:10B6100008700020E8490870EB490870EB49087091
:10B62000EB490880EB490880EB490880EB4908802A
:10B63000EB490880EB490880EB490880E049088025
:10B64000EA490870EA490870DA490870E94908705F
:10B65000E9490870E9490870E9490870E949087042
:10B66000E9490870E9490870E9490870E949088022
:10B67000D2490870E8490870E8490870E84908703C
:10B68000E8490870E8490870E8490870E849087016
:10B69000E8490870E8490870E8490870E849087006
:10B6A000E8490870E8490870002429E00020E749CB
:10B6B00021F81400E6490855E6490855E6490855B9
:10B6C000E64921F81400E64921F81400E549085537
:10B6D000E5490855E5490855E54921F81400E549CB
:10B6E0000855E5490855E5490855E5490855E5492E
:10B6F0000855E54921F81400E4490855601CC4B216
:10B70000042CD3DB002408E00020E1490855E1497E
:10B710000855E1490855601CC4B2062CF4DB002032
:10B72000DE490870DE490870012240F22551DD48EB
:10B73000F5F77BFBDB480C30008840F00400D9496A
:10B740000C31088010BD10B5D7480078022803D00E
:10B75000D548007816283AD1D448007840B901205D
:10B76000D3490860D14908700020994908809DE0BC
:10B77000CE48007801280DD195480088142809DDAD
:10B780000020CB4908600220C84908700020904979
:10B7900008808BE0C54800780228E8D18C480088F2
:10B7A000D228E4DD0020C149087089490880BE48DC
:10B7B0000078022803D10320BB49087076E0BA481C
:10B7C0000078162872D11720B74908706EE0B74884
:10B7D0000078D0B9B6489438006858B90120B44907
:10B7E000091F0860B1490870002079490880FFF7F7
:10B7F0000CFF5BE00120AE49091F08600B20AB493C
:10B80000087000207249088050E0A848007801289C
:10B8100011D1A7489438006868B16D4800881E2887
:10B8200044DD0220A1490870002069490880A04930
:10B83000091F08603AE09D4800780B280ED1644843
:10B840000088B0F5967F31DD0C2098490870002003
:10B850005F4908809649091F086027E093480078EF
:10B860000C2816D192489438006830B90D208F49C1
:10B87000087000205649088018E05548008841F2B9
:10B880007071884212DD0020884908705049088094
:10B890000CE0864800780D2808D14D4800886428BF
:10B8A00004DD0020814908704949088010BD10B5A9
:10B8B000002080490870002418E0482000EB840034
:10B8C0007D49085C68B9C4EB44109D30085C40B108
:10B8D00001207A49085577480078401C754908705E
:10B8E00002E0002075490855601CC4B2042CE4DB5A
:10B8F000002418E0482000EB84006F49085C68B918
:10B90000C4EB44109D30085C40B16048005D40B914
:10B9100001205B4908555D49085502E000205B495C
:10B920000855601CC4B2042CE4DB65480078032889
:10B9300002DD002062490870614804785048005DCB
:10B9400028B95F480078401C5D490870DCE04D482C
:10B95000005D60B93E4800783D49497808443C495B
:10B96000897808443A49C9780844002820DC2248EC
:10B970000078224909780844214909780844214976
:10B98000097808441949097808441949097808448C
:10B9900008490978084458B93A48005D30B901208F
:10B9A000384908550020384921F81400354889E005
:10B9B000AAE0000062020020BA0100206602002016
:10B9C00064020020B9010020BD010020BB0100205D
:10B9D000C0010020C20100204C0200204E020020C5
:10B9E00050020020600200205C0200205A02002069
:10B9F0005E02002022020020F4010020CA01002083
:10BA0000CB010020CC010020470200204902002089
:10BA10004A020020520200202C020020C401002013
:10BA2000C5010020C6010020C7010020C901002077
:10BA300084020020670200206802002089020020A2
:10BA40008A0200205E0000209B020020D801002016
:10BA5000E0010020E4010020E8010020EC010020CA
:10BA6000F6010020FE010020060200200A0200204C
:10BA70001202002024020020850200208B020020F8
:10BA8000020200200E0200201A02002028020020DC
:10BA90002F0200203B02002041020020A6020020CD
:10BAA000A7020020004400406A020020B8010020E4
:10BAB000B48121422E0200202A14002035020020E9
:10BAC00048020020005D012812D1F74830F8140028
:10BAD00002280DDD0220F54908550020F4490880B0
:10BAE000204605F0BAFC0020EF4921F814000BE0D5
:10BAF000EE48005D022807D10020EB4921F8140030
:10BB0000EA490855EB49085510BD10B50020EA492F
:10BB10000880EA490870EA480068EA48007830B9C5
:10BB2000E9480088042802DD0120E6490870E7485A
:10BB30000078002832DDE648007801282ED1E5485B
:10BB4000008858BBE4484078E4490978884225D009
:10BB5000E1484078E1490870E148008820B9DB48B5
:10BB60000178E0A01FF0A8FFDD480088401CDC49F8
:10BB7000088008460088C82810DD00200880D348C7
:10BB80000078052803D0D1480078062803D140F674
:10BB9000B830F7F707FA0020CC490870C948007898
:10BBA00000286FD0D348007800286BD1D2480078A5
:10BBB0000028FAD1C5480078002863DCC448007822
:10BBC000102873D00BDC102871D2DFE800F0262794
:10BBD00070515C75818F99A3ADB8C2CCD6E018289E
:10BBE00074D009DCA0F111000728EDD2DFE800F0E5
:10BBF000E3F3FDF0EFEEED00302868D006DC192805
:10BC000070D01A286FD01B2851D140E131286BD059
:10BC100041286AD0FF28F7D1F7E100BFFFF793FD75
:10BC2000B648007802281ED1A5480068D8B1002087
:10BC3000B2490870B24908800320A5490870012262
:10BC400040F22551AF48F5F7F0F8012240F22551B6
:10BC5000AD48F5F7EAF8AC480C30008840F0040035
:10BC6000A9490C3108800020A849A1F88000E6E12C
:10BC7000A748007828B9A2480088022801DD04F00E
:10BC8000FBFF5DE1DCE1A2480078A0B9A14890F893
:10BC9000664090F8670000EB042084B242F603305F
:10BCA000844205D1312004F0F4FF04E079E0C5E1DD
:10BCB000302004F0EEFF43E19548007828B9904821
:10BCC0000088032801DD04F0D7FF39E1BFE023E15C
:10BCD0008F48007828B98A480088012801DB04F0E1
:10BCE000E9FF2DE1BEE0C7E01DE122E188480078D0
:10BCF00028B983480088012801DB04F0E8FF1FE130
:10BD00008348007828B97E480088012801DB04F0C8
:10BD1000B3FF15E17E48007828B9794800880128EA
:10BD200001DB05F056F80BE17948007830B974482A
:10BD30000088012802DB312005F079F800E1744821
:10BD4000007828B96E480088012801DB05F080F8EA
:10BD5000F6E06F48007828B969480088012801DBBF
:10BD600005F08CF8ECE06A48007828B9644800884F
:10BD7000012801DB05F08FF8E2E06548007828B97A
:10BD80005F480088012801DB05F092F8D8E06048A0
:10BD9000007828B95A480088012801DB05F095F899
:10BDA000CEE05B48007828B955480088012801DBBF
:10BDB00005F0F3F8C4E05648007828B950480088E8
:10BDC000012801DB04F058FFBAE036E02BE020E068
:10BDD00015E00AE0FFE74E48007828B94848008897
:10BDE000012801DB04F048FFAAE04948007828B99F
:10BDF00043480088012801DB04F03EFFA0E04448EE
:10BE0000007828B93E480088012801DB04F034FF9F
:10BE100096E03F48007828B939480088012801DBBE
:10BE200004F02AFF8CE03A48007828B934480088AA
:10BE3000012801DB04F020FF82E03548007828B9B2
:10BE40002F480088012801DB04F016FF78E0304815
:10BE5000007830B92A480088012802DB302005F03C
:10BE6000ADF96DE02A48007828B9254800880128F6
:10BE700001DB05F03AFC63E02548007830B9204842
:10BE80000088012802DB302004F003FF58E00D4851
:10BE9000007838B1FFF70BFDFEF733FDFEF71DFF0D
:10BEA000FFF778F8CBE000001A0200200E02002015
:10BEB000A801002002020020B60100208902002013
:10BEC000208121425E0000206E020020A702002097
:10BED000B90100209001002034040020A8020020B5
:10BEE000AA020020526573746172744E6F3D25641E
:10BEF0000D0A0000840200209F010020B8010020EC
:10BF0000C20100200048004000440040FA11002017
:10BF1000BA0100202A1400208948007810B90020B6
:10BF200005F0D0FB0CE08648007808B905F0F7FB77
:10BF300006E08348007810B9312005F006F800BF0C
:10BF40007F48007808B37F4800780F2803D110207D
:10BF50007C4908700FE07B480078412803D100201D
:10BF60007849087007E077480078401C75490870E8
:10BF7000002075490880002071490870012073492C
:10BF800008700020724908803EE06D48007810B9C2
:10BF90007048007880B16B48007805280CD10620E5
:10BFA000684908700020664908706A4908706A4943
:10BFB00008606749088027E06248007805280AD1B0
:10BFC000634800885F281FDD01205E490870062055
:10BFD0006249087018E05B48007807280AD15C487D
:10BFE00000885F2810DD01205649087007205B4952
:10BFF000087009E056480088412805DD01205149B4
:10C00000087008205549087019E004F06DFE04F02E
:10C0100078FE04F09DFE04F0A8FE04F0B3FE04F0E8
:10C02000A2FF04F0ADFF04F0F4FF05F041FB05F0C2
:10C0300080FB04F073FE04F07EFE00E010BD00BF44
:10C0400000BFFBE770B505460E46002240F22661B0
:10C050004348F4F7EAFE00240CE0295D4048F4F779
:10C0600045FF00BF40213E48F4F7AEFF0128F9D15B
:10C07000601CC4B2B442F0DB012240F226613848B1
:10C08000F4F7D3FE70BD0FB438B505A8009035485D
:10C09000009A04991FF0FEFC0020009031481FF028
:10C0A00076FE84B2E1B22F48FFF7CCFF38BC5DF8D2
:10C0B00014FB70B505460E46002240F226612A4860
:10C0C000F4F7B3FE00240CE0295D2748F4F70EFFD7
:10C0D00000BF40212448F4F777FF0128F9D1601C04
:10C0E000C4B2B442F0DB012240F226611E48F4F7EC
:10C0F0009CFE70BD0FB438B505A800901B48009A8F
:10C1000004991FF0C7FC0020009018481FF03FFE64
:10C1100084B2E1B21548FFF7CCFF38BC5DF814FBE0
:10C1200070B506460C4624B930461FF030FE85B285
:10C1300000E02546E9B23046FFF7BBFF70BD0000C6
:10C14000BA010020B9010020060100208902002068
:10C15000C2010020BE010020B0812142A7020020C0
:10C16000004400406C470020003801406C33002040
:10C1700008B54FF40060ADF8000003208DF8020010
:10C1800004208DF803006946F948F4F725FC4FF4C4
:10C190008060ADF8000003208DF8020018208DF8B3
:10C1A00003006946F248F4F717FC08BD1FB5F148D3
:10C1B000F4F760FD6846F4F709FE4FF4165000905E
:10C1C0000020ADF80400ADF80600ADF80800ADF8A9
:10C1D0000C000C20ADF80A006946E648F4F78DFD26
:10C1E000012240F22551E348F4F71FFE0121E14806
:10C1F000F4F70FFE1FBD10B5FFF7BAFFFFF7D6FF2C
:10C200000020DD490880DD49088010BD10B50246D8
:10C210000B465078022103E0545C60404C1CA1B2F4
:10C220009942F9DB10BD2DE9FF5F4FF0000A0020B5
:10C230000390D248008800287EDDD1480078D1499B
:10C240000978884278D0CE480078CE490870CE4828
:10C250000088401CCC490880084600880528EBDD92
:10C26000002240F22551C348F4F7DFFDC34800889F
:10C27000C64908800020C4490880C44800880A28AC
:10C280007EDDC348007824287BD1C0480088401F49
:10C29000BF49085C2A28F7D1BC480088801E085C8A
:10C2A0000D28F1D1B9480088401E085C0A28EBD15E
:10C2B000B6480088401F81B2B548FFF7A7FF044683
:10C2C0002046E21704EB12621212A4EB0221CA17F5
:10C2D00001EB1272C2F307160A2E03DB06F13700D8
:10C2E000C6B202E006F13000C6B22046E11704EB08
:10C2F00011710911A4EB011101F0FF09B9F10A0F45
:10C3000004DB09F1370000F0FF0903E009F1300018
:10C3100000F0FF099D480088001F9D49085CB0425D
:10C320007ED19A480088C01E085C4845F8D199A182
:10C3300097481FF01AFD00E017E3002871D196A17D
:10C3400093481FF012FD00286CD093A190481FF075
:10C350000CFD924908600846006810F8050C2E286C
:10C3600049D10846006810F8080C3038096811F8FF
:10C37000091C303901EB810100EB4100884901E0E3
:10C3800097E293E2A1F89C008448006810F8060C3C
:10C3900030388249096811F8071C303901EB8101F6
:10C3A00000EB41007E49A1F89E007C48006810F82F
:10C3B000040C30384FF47A7148437849096811F811
:10C3C000031C303901EBC10202EB011100EB8101CA
:10C3D0007248006810F8020C303800EB800001EB66
:10C3E00040016E48006810F8010C303808446C4970
:10C3F000A1F8A00059E06948006810F8060C2E2842
:10C4000053D16648006810F8090C30386349096850
:10C4100011F80A1C303901EB810100EB410002E008
:10C4200041E23DE239E05E49A1F89C005B480068CA
:10C4300010F8070C30385949096811F8081C3039D0
:10C4400001EB810100EB41005549A1F89E005348E2
:10C45000006810F8050C30384FF47A7148434F49A2
:10C46000096811F8041C303901EBC10202EB01111B
:10C4700000EB81014948006810F8030C303800EBEC
:10C48000800001EB40014548006810F8020C30388C
:10C4900008444349A1F8A00007E000204049A1F862
:10C4A0009C00A1F89E00A1F8A0003EA138481FF012
:10C4B0005CFC00285BD03BA135481FF056FC374997
:10C4C00008600846006810F8050C2E286DD1084653
:10C4D000006810F80A0C3038642148432F49096875
:10C4E00011F8091C303901EB810100EB41012B48A7
:10C4F000006810F8080C303808442949A1F8A20057
:10C500002648006810F8060C30382449096811F8EC
:10C51000071C303901EB810100EB41002049A1F8F3
:10C52000A4001E48006810F8040C30384FF47A71EB
:10C5300048431A49096811F8031C303901EBC1025C
:10C5400002EB011100EB81011448006810F8020CA5
:10C55000303800EB800001EB40011048006810F813
:10C56000010C303808440E49A1F8A6007BE072E0C7
:10C5700000100140004C0040B2020020B002002038
:10C5800034040020C1020020C2020020B4020020B6
:10C590006E6100202C2C2C002C4E2C00C802002098
:10C5A000FA1100202C452C00FFE7FB48006810F82A
:10C5B000060C2E2857D1F848006810F80B0C3038BC
:10C5C00064214843F449096811F80A1C303901EB29
:10C5D000810100EB4101F048006810F8090C303887
:10C5E0000844EE49A1F8A200EB48006810F8070CD7
:10C5F0003038E949096811F8081C303901EB81012C
:10C6000000EB4100E549A1F8A400E348006810F8F8
:10C61000050C30384FF47A714843DF49096811F846
:10C62000041C303901EBC10202EB011100EB810166
:10C63000D948006810F8030C303800EB800001EB9B
:10C640004001D548006810F8020C30380844D3493E
:10C65000A1F8A60007E00020D049A1F8A200A1F8A7
:10C66000A400A1F8A6004FF0010A00200390CB49D6
:10C67000B1F8A00022F08CFC8046C94922F08AFB68
:10C680000746C649B1F89E0022F082FCC5490090D9
:10C6900022F080FB8046C149B1F89C0022F078FC72
:10C6A0004146019022F014FB3946029022F010FB23
:10C6B0008346584622F0E0FA0746BB4ABB4B22F0BD
:10C6C0006FF83AD2BA49584622F076FC074622F073
:10C6D00023FCB849A1F85002B1F8500222F058FCEE
:10C6E000B3490290584622F067FC0190029922F06B
:10C6F0002FFD8046B04922F05FFC074622F00CFC7B
:10C70000AC49A1F852020846B0F85002A349898A00
:10C7100088420FD1A748B0F85202642190FBF1F093
:10C720009E49C98A642291FBF2F188420ED0012011
:10C7300003900BE00220039008E09848808A9D490E
:10C74000A1F850029548C08AA1F852029349B1F865
:10C75000A60022F01DFC8046914922F01BFB0746F3
:10C760008E49B1F8A40022F013FC8E49009022F00B
:10C7700011FB80468949B1F8A20022F009FC41462C
:10C78000019022F0A5FA3946029022F0A1FA8346E0
:10C79000584622F071FA0746834A844B22F000F88B
:10C7A0003AD28349584622F007FC074622F0B4FBF0
:10C7B0008049A1F85402B1F8540222F0E9FB7C4907
:10C7C0000290584622F0F8FB0190029922F0C0FC3A
:10C7D0008046794922F0F0FB074622F09DFB75491F
:10C7E000A1F856020846B0F854026C49098B8842F9
:10C7F0000FD17048B0F85602642190FBF1F0674900
:10C80000498B642291FBF2F188420ED00320039001
:10C810000BE00420039008E06048008B6549A1F814
:10C8200054025E48008BA1F854020398002821DDD1
:10C830006048B0F85002594988825E48B0F8520208
:10C84000C8825C48B0F8540208835A48B0F85602CF
:10C85000488300F001FF514914315048F9F709F8B5
:10C860004FF6FF7101EA4007082239464B48143061
:10C8700001F071F84F48B0F850025049A1F828056E
:10C880004C48B0F85202A1F82A054A48B0F85402C0
:10C89000A1F82C054748B0F85602A1F82E050AE089
:10C8A0004FF0020A07E04FF0030A04E04FF0040AD9
:10C8B00001E04FF0050ABAF1000F4DDD3748223094
:10C8C00000F0704000F1007034492231C1F31301CF
:10C8D00000EB4110006980B3002505E03848405D59
:10C8E00038494855681CC5B2374800888542F5DB91
:10C8F000BAF1020F08D1002504E000203049485564
:10C90000681CC5B2C82DF8DB2F4800882F49088065
:10C9100000202F490880084602880088401C0B46EA
:10C9200018802848815C2B48F4F7E0FA012240F295
:10C9300026612848F4F779FA0EE0FFE7BAF1020F12
:10C940000AD1002504E000201D494855681CC5B2E5
:10C95000C82DF8DB4FF0000A012240F225511E4895
:10C96000F4F763FA00201D490880BAF1000F11DDC9
:10C97000002404E0002012490855601C84B2142CE5
:10C98000F8DB012240F225511348F4F74EFA00205B
:10C9900012490880BDE8FF9FC8020020FA1100205C
:10C9A000007C1249000070429A9999999999B93F6F
:10C9B0000000C8423608002000401C464A150020EE
:10C9C0006E6100206C390020B4020020900100202C
:10C9D0008C01002000440040004C0040B0020020C8
:10C9E0002DE9F05F4FF0000BFE48008A002873D15C
:10C9F000FD480078002857D0FA480079FB490870B4
:10CA0000FB4840784870FA4840794006000E88702C
:10CA1000F8480088F9F775F90746DFF8D083002455
:10CA20000BE037F81450291208F1030000F8141035
:10CA300000EB44004570601CC4B2ED484079A04250
:10CA4000EFDCEA488078C01CC1B2E848F7F73CFD4B
:10CA5000E9490880084600880112E4488078C01C33
:10CA6000E24A1154E448017810468078001D1154C0
:10CA700010468078401DE14908800020DA4908709E
:10CA8000DF490880084602880088401C0B46188051
:10CA9000D648815CDB48F4F729FA012240F226618E
:10CAA000D848F4F7C2F951E2D748007818B9D74806
:10CAB00000780028F7D04FF0010BBBF1000F7AD0BF
:10CAC000CC48008842F21071884206DAD04EC9483C
:10CAD0000088C849088028E0B6E0C648008844F6C7
:10CAE0002061884207DACB4EC2480088A0EB610083
:10CAF000C049088019E0BF48008847F23051884299
:10CB000013DAC54EBB480088A0F59C402038B949CF
:10CB10000880C248007818B90120C049087004E0B4
:10CB20000020B9490870B9490870B8480078A8B120
:10CB3000AF480579407900EB052085B2AD48008803
:10CB400026F81050B548007838B1AA480088B14995
:10CB5000A1F8D8010846A0F8DA512CE0AA480078DC
:10CB600048B3A34840795A2825DADFF88492002494
:10CB700012E009F1070010F8145000EB440090F89F
:10CB800001A00AEB052085B29A48008806EB400018
:10CB900020F81450601CC4B295484079A042E8DCEB
:10CBA0009E48007838B1934800889A49A1F8D80186
:10CBB0000846A0F8DA519448007818B993480078EC
:10CBC000002840D002208949087089484078487080
:10CBD0008748807888708648C078C8708448007913
:10CBE0000871834840794871BBF1000F02D1FF20E2
:10CBF0000871487106217D48F7F766FC7E49088078
:10CC0000084600880012794988717B480078C8710D
:10CC100008207A49088000207B4908707B49087009
:10CC200077490880084602880088401C0B46188017
:10CC30006E48815C7348F4F759F9012240F226618D
:10CC40007048F4F7F2F881E16748007800287DD059
:10CC50000220664908706648407848706448407908
:10CC60004006000E88706348008842F210718842C6
:10CC700008DA674F5F480088A0F5434050385D49A7
:10CC8000088024E05B48008844F62061884207DA87
:10CC9000604F58480088A0EB61005649088016E0B4
:10CCA0005448008847F23051884208DA5A4F5148B8
:10CCB0000088A0F59C4020384E49088007E0584F76
:10CCC0004C480088A0F5EA4030384A490880DFF82F
:10CCD0001C8100240FE04748008807EB400030F833
:10CCE0001450291208F1030000F8141000EB44005E
:10CCF0004570601CC4B23E484079A042EBDC3B4822
:10CD00008078C01CC1B23948F7F7DEFB3A49088089
:10CD100008460088011235488078C01C334A1154F7
:10CD20003548017810468078001D115410468078EF
:10CD3000401D3249088000202B4908703049088086
:10CD4000084602880088401C0B4600E00CE0188072
:10CD50002648815C2B48F4F7C9F8012240F226618D
:10CD60002848F4F762F8F1E02748007818B9274816
:10CD700000780028F7D04FF0010BBBF1000F6ED008
:10CD80001C48008842F21071884208DA204E194887
:10CD90000088A0F5434050381649088047E0154800
:10CDA000008844F62061884207DA1A4E114800884C
:10CDB000A0EB61000F49088039E00E48008847F277
:10CDC0003051884233DA144E0A480088A0F59C405E
:10CDD0002038084908801148007818BB01200F4905
:10CDE000087024E0FA110020BC020020A660002098
:10CDF0006E610020BA020020B8020020B6020020B6
:10CE0000B2020020004C0040BD020020BF02002002
:10CE10004E04002036080020061000209E0100204D
:10CE2000CE10002000206D4908706D4908706C48D4
:10CE30000078A8B16B480579407900EB052085B2F0
:10CE40006948008826F810506848007838B166486C
:10CE500000886749A1F8D8010846A0F8DA512CE00B
:10CE60005E48007848B35F4840795A2825DADFF8F1
:10CE70007491002412E009F1070010F8145000EB3F
:10CE8000440090F801A00AEB052085B256480088BE
:10CE900006EB400020F81450601CC4B251484079A1
:10CEA000A042E8DC5148007838B14F48008850492A
:10CEB000A1F8D8010846A0F8DA514848007810B91E
:10CEC00047480078F0B302204A4908704548407846
:10CED00048704448807888704248C078C87041489B
:10CEE000007908713F4840794871BBF1000F02D1C9
:10CEF000FF200871487106213E48F7F7E5FA3E49E0
:10CF000008800846008800123A4988713A4800783B
:10CF1000C87108203949088000203049087030491C
:10CF2000087037490880084602880088401C0B4674
:10CF300018803048815C3348F3F7D8FF012240F273
:10CF4000266100E002E02F48F3F76FFFBDE8F09F95
:10CF500070472D480078D0B92C4880782C49098832
:10CF6000884214D0294880782949088029480088B7
:10CF7000401C28490880084600881E2807DB00203E
:10CF8000088001202049087000202349088070474C
:10CF900010B51D48007800B31C4880781F490988E7
:10CFA00088421AD0194880781C4908801A4800889D
:10CFB000401C1949088008460088032804DA022129
:10CFC0001748F3F7B8FD08E00020134908800E4920
:10CFD000087002211248F3F7ACFD10BDBD0200201D
:10CFE000BF0200206E610020BA0200209E010020D6
:10CFF00036080020A6600020B8020020B6020020FB
:10D00000B2020020004C00409200002034040020B6
:10D0100094000020960000209A0000209800002034
:10D0200000100140704700BFFEE700BFFEE700BFF1
:10D03000FEE700BFFEE770477047704710B5F7483E
:10D040000078401CF5490870F5480068401CF44918
:10D050000860F4480088401CF2490880F2480088C3
:10D06000401CF1490880F1480088401CEF490880C5
:10D07000EF480088401CEE490880EE480088401CBC
:10D08000EC490880EC480088401CEB490880EB48DC
:10D090000088401CE9490880E9480088401CE849AC
:10D0A0000880E8480088401CE6490880E648008877
:10D0B000401CE5490880D94800780A281ADB00207E
:10D0C000D649087008464078401C4870DF48007810
:10D0D00008B9F5F7F6FBDE480088401CDC490880FB
:10D0E000DC480088401CDB490880DB480088401C85
:10D0F000D9490880C948407864285CDB0020C749CA
:10D10000487008468078401C8870D4480068401CED
:10D11000D2490860D2480088401CD1490880D148D3
:10D120000088401CCF490880CF480088401CCE4969
:10D130000880CE480088401CCC490880CC48008834
:10D14000401CCB490880CB480088401CC949088056
:10D15000C9480088401CC8490880C8480088401C4D
:10D16000C6490880002424E0C54830F81400401C5B
:10D17000C34921F81400C34830F81400401CC149C9
:10D1800021F81400C04830F81400401CBE4921F8B2
:10D190001400BE4830F81400401CBC4921F81400AB
:10D1A000BB4830F81400401CB94921F81400601C39
:10D1B000C4B2042CD8DBB748008842F21071884210
:10D1C00004DAB4480088401CB2490880B2480068BC
:10D1D000401CB149086010BD10B50821AF48F3F7F5
:10D1E000F3FE30B10821AD48F3F7FBFEAB48F3F78F
:10D1F00081FE40F22551A948F3F7FCFEF0B1A748A3
:10D20000F3F778FEC1B2A64802880088401CA44B00
:10D210001880A448815440F22551A048F3F714FF28
:10D220009F48008840F60201884204DB9C48008841
:10D23000401E9B49088000209B49088040F22661DF
:10D240009648F3F7D7FE68B340F226619348F3F7A8
:10D25000FBFE9648008896490988884223DB002017
:10D260009249088092490880924800F0704000F18D
:10D2700000709049C1F3130100EB4110406A10B1F6
:10D2800000208D490870002240F226618348F3F7A0
:10D29000CCFD88486238B0F85001401C854962399D
:10D2A000A1F850010AE0814802880088401C7F4BA9
:10D2B00018808248815C7948F3F718FE10BD10B5DC
:10D2C00040F225517E48F3F795FEF0B17C48F3F724
:10D2D00011FEC1B27B4802880088401C794B18803F
:10D2E0007948815440F225517548F3F7ADFE7548F1
:10D2F000008840F60201884204DB72480088401E24
:10D300007049088000207149088040F226616C480D
:10D31000F3F770FE08B340F226616948F3F794FE14
:10D320006B4800886B49098888420BDB00206849FC
:10D33000088068490880002240F226616048F3F7BF
:10D3400074FD0AE0624802880088401C604B188027
:10D350006148815C5A48F3F7C9FD10BD10B508213A
:10D360005E48F3F731FE30B108215C48F3F739FE2F
:10D370005A48F3F7BFFD40F225515848F3F73AFEFB
:10D3800010B35648F3F7B6FDC1B25548028800887D
:10D39000401C534B18805348815440F225514F484C
:10D3A000F3F752FE4E480088B0F5C06F04DB4C48DE
:10D3B0000088401E4A49088001204B49087000201F
:10D3C0004A4908704A49088040F226614348F3F709
:10D3D00011FE08B340F226614048F3F735FE454898
:10D3E00000884549098888420BDB002041490880B4
:10D3F00041490880002240F226613848F3F715FDC4
:10D400000AE03C4802880088401C3A4B18803B48A0
:10D41000815C3248F3F76AFD10BD0000340400203F
:10D420006C030020480000207603002080030020C9
:10D43000080100209C0200209E020020A002002083
:10D44000A2020020A40200200E010020F000002013
:10D45000B6010020C0010020900200202001002021
:10D46000C20100204C0200204E0200205002002089
:10D47000600200205C020020640200206E02002096
:10D48000EC010020D8010020F6010020120200204B
:10D490001A0200200601002030040020003801405C
:10D4A000440100206C2B0020600100204601002078
:10D4B0004A0100205C1200206E0100206C25002033
:10D4C000004400408A0100206C3F00209C010020A5
:10D4D0008C010020900100206C39002000480040A1
:10D4E000A20100206C4F00208D0000208C00002045
:10D4F000B4010020A4010020A80100206C4D0020F0
:10D5000010B540F225513748F3F774FD08B335489C
:10D51000F3F7F0FCC1B2344802880088401C324B5B
:10D520001880324881540020314908703149088000
:10D5300040F225512B48F3F787FD2B480088CA2875
:10D5400004DB29480088401E2749088000202A491A
:10D55000088040F226612348F3F74CFD08B340F2FF
:10D5600026612048F3F770FD244800882449098883
:10D5700088420BDB002021490880214908800022D5
:10D5800040F226611748F3F750FC0AE01B48028876
:10D590000088401C194B18801A48815C1148F3F729
:10D5A000A5FC10BD10B50420F5F74EF938B14FF4C5
:10D5B00000611548F5F712FD0420F5F756F910BD86
:10D5C00010B54020F5F740F930B140210F48F5F78C
:10D5D00005FD4020F5F749F98020F5F735F910BD34
:10D5E00070470000004C0040B00200206E61002037
:10D5F0009200002096000020C2020020B20200200B
:10D60000B6020020A660002000080140001401407E
:10D61000704710B54021EE48F3F78BFA0121ED4831
:10D62000F3F787FA10BD10B5044600BF0221EA489F
:10D63000F4F751F90028F9D02146E748F4F7F8F853
:10D6400000BF0121E448F4F746F90028F9D0E24888
:10D65000F4F7F0F8C0B210BD10B54021DC48F3F784
:10D660006AFA0121DB48F3F764FA10BD10B5002413
:10D67000FFF7F2FF0520FFF7D6FF00BFA520FFF759
:10D68000D2FF044604F001000028F7D1FFF7C1FFE4
:10D6900010BD10B5FFF7E0FF0620FFF7C4FFFFF74E
:10D6A000B8FF10BD10B50446FFF7F3FFFFF7D4FF36
:10D6B000D820FFF7B8FFC4F30740FFF7B4FFC4F367
:10D6C0000720FFF7B0FFE0B2FFF7ADFFFFF7A1FFC4
:10D6D000FFF7CCFF10BD10B5FFF7DBFFFFF7BCFF76
:10D6E000C720FFF7A0FFFFF794FFFFF7BFFF10BDB4
:10D6F00070B505460C461646FFF7CBFFFFF7ACFFAB
:10D700000220FFF790FFC4F30740FFF78CFFC4F33C
:10D710000720FFF788FFE0B2FFF785FF03E02878D6
:10D72000FFF781FF6D1C301EA6F101018EB2F6D10C
:10D73000FFF76FFFFFF79AFF70BD2DE9F05F074617
:10D740000E4614464FF00008C146C2460025AB46BF
:10D7500006F0FF0ACAF10000C5B22046E11704EB4B
:10D760001161C1F30728E11704EB11610912A4EB61
:10D77000012101F0FF09BAF1000F20D1B8F1000F2B
:10D7800005D1224631463846FFF7B2FF64E009E092
:10D790004FF4807231463846FFF7AAFF06F58076CF
:10D7A00007F58077B8F10000A8F1010101F0FF084A
:10D7B000EED14A4631463846FFF79AFF4CE0B8F1C1
:10D7C000000F18D1A94510DDA9EB050000F0FF0BF3
:10D7D0002A4631463846FFF78BFF2E442F445A46DF
:10D7E00031463846FFF784FF36E022463146384658
:10D7F000FFF77EFF30E0601B84B22046E11704EBA8
:10D800001161C1F30728E11704EB11610912A4EBC0
:10D81000012101F0FF092A4631463846FFF768FF2B
:10D820002E442F4409E04FF4807231463846FFF70A
:10D830005FFF06F5807607F58077B8F10000A8F164
:10D84000010101F0FF08EED1B9F1000F04D04A4602
:10D8500031463846FFF74CFFBDE8F09F70B50546EE
:10D860000C461646FFF7F8FE0320FFF7DCFEC4F374
:10D870000740FFF7D8FEC4F30720FFF7D4FEE0B25D
:10D88000FFF7D1FE04E0A520FFF7CDFE28706D1C48
:10D89000301EA6F101018EB2F5D1FFF7BAFE70BDC0
:10D8A0002DE9F0410024002500260027FFF7D4FED3
:10D8B0009F20FFF7B8FEA520FFF7B5FE0546A5207F
:10D8C000FFF7B1FE0646A520FFF7ADFE0746FFF7BE
:10D8D000A0FE280440EA062040EA07042046BDE8EE
:10D8E000F08110B50446FFF7B7FE0320FFF79BFE5B
:10D8F000C4F30740FFF797FEC4F30720FFF793FE3A
:10D90000E0B2FFF790FE10BD10B5A520FFF78BFE2B
:10D9100010BD10B5044600BF02212F48F3F7DBFF0E
:10D920000028F9D021462C48F3F782FF00BF0121DF
:10D930002948F3F7D0FF0028F9D02748F3F77AFFFA
:10D9400010BD10B501212348F3F7F5F84021204818
:10D95000F3F7EFF810BD70B504460D461646FFF715
:10D9600098FEFFF779FE0220FFF75DFE280AFFF719
:10D970005AFEE8B2FFF757FE03E02078FFF753FEA8
:10D98000641C301EA6F101018EB2F6D1FFF741FEF4
:10D99000FFF76CFE70BD70B504460D461646FFF7E6
:10D9A0005BFE0320FFF73FFE280AFFF73CFEE8B2CC
:10D9B000FFF739FE04E0A520FFF735FE2070641C58
:10D9C000301EA6F101018EB2F5D1FFF722FE70BD27
:10D9D000000C014000080140003C00400120FE49CD
:10D9E00008700020FD4908705A20FD490870432046
:10D9F00048704C2088705420C8704520087153200E
:10DA00004871542088713220C8713020087231204A
:10DA10004872382088723120C872087348733220E7
:10DA200088730020C8730120087402204874032002
:10DA300088740420C87405200875062048750720DE
:10DA400088750820C875092008760A2048760B20BA
:10DA500088760C20C8760D2008770E20487770470E
:10DA60002DE9F0410024DC480078042803D0DA488E
:10DA7000007801285AD153E0DA480068DA49C268D0
:10DA8000DA489047D8480088D9490880D6480088A5
:10DA9000D8490880D84800F0704000F10070D6499D
:10DAA000C1F3130100EB4110806A20B1D148018815
:10DAB000CE48FEF735FBD048423800F0704000F108
:10DAC0000070CD494239C1F3130100EB41104068A9
:10DAD00018B3002405E0C548005DC8490855601C1E
:10DAE000C4B2C14800888442F5DBBF480088C449FD
:10DAF00008800020C3490880084602880088401C2E
:10DB00000B461880BD48815CBF48F3F7EFF901224E
:10DB100040F22661BC48F3F788F90120AF4908704C
:10DB2000B0490968486980470228A5D0B2486238E0
:10DB3000008A00287ED1A9480078012841F0D380CE
:10DB40000220A6490870AC486238C088002858D125
:10DB5000A6480078A849623989888842EED1A5484C
:10DB60000078801EC1B2A148F6F7AEFC05462F1220
:10DB700005F0FF089F480088801E9C49085CB84259
:10DB80003DD19C480088401E085C404537D108467E
:10DB90004078032804D101209C49087001F0A3B803
:10DBA00092484078102806D1002099490880012029
:10DBB00098490870F2E78D484078012802D19649CB
:10DBC0000870EBE789484078062806D10020904984
:10DBD0000880012091490870E0E78448407849288E
:10DBE0000BD101208E49087064208E4908700020F6
:10DBF0008D4908808D490870D0E70124CEE70224C2
:10DC0000CCE77A4800787C4962390989884275D125
:10DC100078480078801EC1B27448F6F755FC054676
:10DC20002F1205F0FF0873480088801E6F49085CBA
:10DC3000B84200E0FDE3B1D16E480088401E085CA8
:10DC40004045ABD10846407849284CD1784E08462B
:10DC5000807850283DD100240EE0032000EB4400E2
:10DC600062490D5C042000EB4400085C00EB0520D9
:10DC700026F81400601CC4B2282CEEDB5B4890F838
:10DC800028005A4991F8271000EB012069490880C3
:10DC90006948007801280ED101226548463000F01D
:10DCA000704000F1007062494631C1F3130100EB8E
:10DCB000411042600DE000225D48463000F07040A7
:10DCC00000F100705A494631C1F3130100EB4110D5
:10DCD000426049486238B0F85401401C46496239F4
:10DCE000A1F8540112E041484078032807D10120EF
:10DCF0005249087000205249087007E020E03B4874
:10DD00004078062802D101204E49087001204E4972
:10DD1000087064204D49087000204D4908804D4925
:10DD2000087000224248463000F0704000F1007058
:10DD30003F494631C1F3130100EB411002602DE76A
:10DD40002A4800782C4962394989884242D12948B9
:10DD50000078801EC1B22548F6F7B6FB05462F12A3
:10DD600005F0FF0823480088801E2049085CB8425F
:10DD7000E5D120480088401E085C4045DFD10846B8
:10DD80004078492827D12A4E5036084680785028B6
:10DD900066D100240EE0032000EB440013490D5C23
:10DDA000042000EB4400085C00EB052026F814007A
:10DDB000601CC4B2282CEEDB0C4890F828000B49FC
:10DDC00091F8271000EB01202349088023480078B0
:10DDD000012846E091E066E0DA020020E20200203D
:10DDE00042620020D4020020D8020020A662002057
:10DDF000E4020020E80200205C1200206C390020C0
:10DE0000900100208C01002000440040EE02002020
:10DE100004010020EF020020F0020020F1020020A7
:10DE2000F2020020300300203203002034030020DF
:10DE30004A150020C4000020BC000020F30200208E
:10DE400061000020F40200202F03002002030020C4
:10DE50000403002027030020C8000020BD0000208C
:10DE600019E00CD10122F74800F0704000F1007079
:10DE7000F449C1F3130100EB411042600BE00022B2
:10DE8000F04800F0704000F10070EE49C1F313015A
:10DE900000EB41104260EC48B0F85601401CEA49E2
:10DEA000A1F8560111E0E9484078032806D1012085
:10DEB000E74908700020E749087006E0E348407829
:10DEC000062802D10120E44908700120E3490870C6
:10DED0006420E34908700020E2490880E2490870A4
:10DEE0000022D84800F0704000F10070D549C1F31D
:10DEF000130100EB4110026050E6D4480078D2498B
:10DF00008989884272D1D9480078801EC1B2CF4831
:10DF1000F6F7DAFA05462F1205F0FF08D348008815
:10DF2000801ECA49085CB842E6D1D0480088401E2D
:10DF3000085C4045E0D10846407849284BD1C14EA5
:10DF40000A360846807850283DD100240EE0032090
:10DF500000EB4400BD490D5C042000EB4400085C6C
:10DF600000EB052026F81400601CC4B2282CEEDB60
:10DF7000B64890F82800B54991F8271000EB012029
:10DF8000BB490880BB48007801280ED10122AD486A
:10DF9000503000F0704000F10070AA495031C1F3D8
:10DFA000130100EB411042600DE00022A548503003
:10DFB00000F0704000F10070A2495031C1F313012C
:10DFC00000EB41104260A048B0F85801401C9E4947
:10DFD000A1F8580112E09D484078032807D101209C
:10DFE0009B49087000209B49087007E020E0974893
:10DFF0004078062802D101209749087001209749EE
:10E00000087064209C49087000209C4908809C4945
:10E01000087000228B48503000F0704000F1007012
:10E0200088495031C1F3130100EB41100260B5E59E
:10E03000864800788449C989884272D18B48007823
:10E04000801EC1B28148F6F73FFA05462F1205F04F
:10E05000FF0886480088801E7C49085CB842E6D1EB
:10E0600082480088401E085C4045E0D10846407860
:10E0700049284BD1734E5A360846807850283DD1F6
:10E0800000240EE0032000EB440070490D5C0420E6
:10E0900000EB4400085C00EB052026F81400601C2F
:10E0A000C4B2282CEEDB694890F82800674991F843
:10E0B000271000EB0120734908807348007801287D
:10E0C0000ED101225F48A03000F0704000F10070D6
:10E0D0005C49A031C1F3130100EB411042600DE037
:10E0E00000225848A03000F0704000F100705549FF
:10E0F000A031C1F3130100EB411042605248B0F867
:10E100005A01401C5049A1F85A0112E04F4840788A
:10E11000032807D101204E49087000204D4908709E
:10E1200007E020E049484078062802D101204A490A
:10E130000870012049490870642054490870002083
:10E14000534908805349087000223E48A03000F02F
:10E15000704000F100703B49A031C1F3130100EBA6
:10E16000411002601AE5394800783749898B8842A6
:10E1700067D13E480078801EC1B23448F6F7A4F952
:10E1800005462F1205F0FF0838480088801E2F49E9
:10E19000085CB842E6D135480088401E085C40451E
:10E1A000E0D10846407849287BD1264EAA36084659
:10E1B000807850283DD100240EE0032000EB44007D
:10E1C00022490D5C042000EB4400085C00EB0520B4
:10E1D00026F81400601CC4B2282CEEDB1B4890F813
:10E1E00028001A4991F8271000EB01202A490880DD
:10E1F0002A48007801280ED101221248F03000F0A0
:10E20000704000F100700F49F031C1F3130100EBD1
:10E21000411042600DE000220A48F03000F07040EA
:10E2200000F100700749F031C1F3130100EB411018
:10E2300042600548B0F85C01401C0349A1F85C014C
:10E2400041E058E0E0150020FA110020A66200200D
:10E25000F302002061000020F40200202F030020C0
:10E26000060300200803002028030020E802002005
:10E27000CC000020BE0000200A0300200C03002078
:10E2800029030020D0000020BF0000200E03002042
:10E29000100300202A030020D4000020C00000202A
:10E2A000FFE7FE484078032806D10120FC490870AA
:10E2B0000020FC49087006E0F8484078062802D1A2
:10E2C0000120F94908700120F84908706420F849D4
:10E2D00008700020F7490880F74908700022F748C5
:10E2E00000F0704000F10070F449C1F3130100EB3D
:10E2F0004110026052E4E9480078F149C98B884234
:10E3000075D1F0480078801EC1B2E448F6F7DCF819
:10E3100005462F1205F0FF08EA480088801EDF49F5
:10E32000085CB842E6D1E7480088401E085C4045DA
:10E33000E0D10846407849284ED1E04E0A360846DA
:10E340008078502840D1002411E0032000EB4400E5
:10E35000D2490D5C042000EB4400085C00EB052072
:10E3600081B206F52D7020F81410601CC4B22D2C5B
:10E37000EBDBCA4890F82800C84991F8271000EB59
:10E380000120D1490880D148007801280ED101220E
:10E39000CA48503000F0704000F10070C749503159
:10E3A000C1F3130100EB411042600DE00022C348AD
:10E3B000503000F0704000F10070C0495031C1F39E
:10E3C000130100EB41104260BD48B0F85C01401CF5
:10E3D000BB49A1F85C0112E0B0484078032807D19E
:10E3E0000120AF4908700020AE49087007E021E025
:10E3F000AA484078062802D10120AB4908700120C4
:10E40000AA4908706420B24908700020B149088008
:10E41000B14908700022A948503000F0704000F166
:10E420000070A6495031C1F3130100EB41100260A6
:10E4300085E46FE199480078A149C98D884275D17A
:10E44000A0480078801EC1B29448F6F73DF8054612
:10E450002F1205F0FF089B480088801E8F49085C3A
:10E46000B842E5D197480088401E085C4045DFD19E
:10E470000846407849284ED1904E5A360846807852
:10E48000502840D1002411E0032000EB44008349D0
:10E490000D5C042000EB4400085C00EB052081B219
:10E4A00006F20E3020F81410601CC4B22D2CEBDBE9
:10E4B0007A4890F82800794991F8271000EB01205C
:10E4C000864908808648007801280ED101227B48C1
:10E4D000A03000F0704000F100707849A031C1F325
:10E4E000130100EB411042600DE000227348A030A0
:10E4F00000F0704000F100707049A031C1F31301C9
:10E5000000EB411042606E48B0F85C01401C6C4961
:10E51000A1F85C0112E061484078032807D101208E
:10E520005F49087000205F49087007E020E05B4801
:10E530004078062802D101205B49087001205B4920
:10E54000087064206749087000206749088067499F
:10E55000087000225948A03000F0704000F10070AF
:10E560005649A031C1F3130100EB41100260BAE338
:10E570004A4800785249098E884272D15148007841
:10E58000801EC1B24548F5F79FFF05462F1205F0E2
:10E59000FF084C480088801E4049085CB842E6D11C
:10E5A00048480088401E085C4045E0D10846407855
:10E5B00049284ED1414EAA3608468078502840D18D
:10E5C000002411E0032000EB440034490D5C0420DA
:10E5D00000EB4400085C00EB052081B206F20E302F
:10E5E00020F81410601CC4B22D2CEBDB2B4890F8E3
:10E5F00028002A4991F8271000EB01203C490880A7
:10E600003C48007801280ED101222C48F03000F05F
:10E61000704000F100702949F031C1F3130100EBA3
:10E62000411042600DE000222448F03000F07040BC
:10E6300000F100702149F031C1F3130100EB4110EA
:10E6400042601F48B0F85C01401C1D49A1F85C0104
:10E650000FE012484078032804D1012010490870C7
:10E6600007E055E00D484078062802D101200E4908
:10E67000087001200D49087064201F4908700020AF
:10E680001E4908801E49087000220C48F03000F036
:10E69000704000F100700949F03133E0A6620020BB
:10E6A000F302002061000020F40200202F0300206C
:10E6B00012030020140300202B030020D01600209A
:10E6C000FA110020E8020020D8000020C10000203C
:10E6D00016030020180300202C030020DC0000207B
:10E6E000C20000201A0300201C0300202D0300207C
:10E6F000E0000020C30000201E03002020030020B3
:10E700002E030020C1F3130100EB41100260EAE286
:10E710000324E8E2FE4800780128F8D10220FC49F1
:10E720000870FC480078FC498988884250D1FB4831
:10E730000078801EC1B2F748F5F7C6FE05462F12D5
:10E7400005F0FF08F5480088801EF249085CB842D1
:10E750003CD1F2480088401E085C404536D108464E
:10E760004078032803D10120ED490870BBE2E94855
:10E770004078102806D10020EA4908800120EA49A3
:10E780000870B0E2E3484078012802D1E7490870F8
:10E79000A9E2E0484078062806D10020E149088037
:10E7A0000120E34908709EE2DA48407849280BD1FD
:10E7B0000120E04908706420DF4908700020DF492B
:10E7C0000880DF4908708EE201248CE202248AE28C
:10E7D000D0480078D049098988427DD1CF48007857
:10E7E000801EC1B2CB48F5F76FFE05462F1205F02B
:10E7F000FF08CA480088801EC649085CB84286D116
:10E80000C6480088401E085C4045AFD108464078A5
:10E8100049286FD1CB488578C07800EB0520CA49DC
:10E820000880BD4EB036BB488078322817D100240E
:10E8300012E0032000EB4400B6490D5C042000EB1D
:10E840004400085C00EB0520BF49098806EB410144
:10E8500021F81400601CC4B2192CEADB34E0AD4886
:10E860008078202830D1002412E0032000EB4400FF
:10E87000A8490D5C042000EB4400085C00EB052077
:10E88000B149098806EB410121F81400601CC4B2AB
:10E890000A2CEADBAD4E0A2414E0032000EB44000E
:10E8A0009C490D5C042000EB4400085C00EB052053
:10E8B000A549098806EB410101EB440121F8140C3C
:10E8C000601CC4B2102CE8DB0120A1490870642050
:10E8D000A0490870002000E020E09F4908809F497F
:10E8E00008708D48B0F85401401C8B49A1F85401C0
:10E8F000F9E1FFE787484078102803D08548407841
:10E900000628F5D1012092490870642091490870C9
:10E9100000209149088091490870E4E17D48007821
:10E920007D49498988427DD17C480078801EC1B2EA
:10E930007848F5F7C9FD05462F1205F0FF0877481E
:10E940000088801E7349085CB842D1D173480088A2
:10E95000401E085C4045CBD1084640784928C7D1C5
:10E9600078488578C07800EB052077490880774E95
:10E970003C3E68488078322817D1002412E00320FA
:10E9800000EB440063490D5C042000EB4400085C8C
:10E9900000EB05206C49098806EB410121F81400C1
:10E9A000601CC4B2192CEADB35E05A488078202874
:10E9B00031D1002412E0032000EB440055490D5CE6
:10E9C000042000EB4400085C00EB05205E49098848
:10E9D00006EB410121F81400601CC4B20A2CEADBEA
:10E9E0005A4E14360A2414E0032000EB440049492F
:10E9F0000D5C042000EB4400085C00EB052052494C
:10EA0000098806EB410101EB440121F8140C601C5C
:10EA1000C4B2102CE8DB01204D4908706420504935
:10EA2000087000E00CE000204E4908804E49087054
:10EA30003948B0F85401401C3749A1F8540152E15B
:10EA4000344800783449898988425FD13348007856
:10EA5000801EC1B22F48F5F737FD05462F1205F08D
:10EA6000FF082E480088801E2A49085CB842E6D17B
:10EA70002A480088401E085C4045E0D1084640789E
:10EA80004928DCD12F488578C07800EB05202E4935
:10EA900008802E4E283E1F488078322817D1002447
:10EAA00012E0032000EB44001A490D5C042000EB47
:10EAB0004400085C00EB05202349098806EB41016E
:10EAC00021F81400601CC4B2192CEADB65E011487F
:10EAD0008078202861D1002412E0032000EB44005C
:10EAE0000C490D5C042000EB4400085C00EB0520A1
:10EAF0001549098806EB410121F81400601CC4B2D5
:10EB00000A2CEADB114E28360A2444E058E00000C3
:10EB1000E2020020A6620020FA110020E802002094
:10EB2000EE02002004010020EF020020F00200208D
:10EB3000F1020020F2020020300300203203002006
:10EB400034030020426200204C000020FA12002012
:10EB50002F030020020300200403002027030020CD
:10EB6000060300200803002028030020032000EBF8
:10EB70004400FC490D5C042000EB4400085C00EB01
:10EB80000520F949098806EB410101EB440121F810
:10EB9000140C601CC4B2102CE8DB0120F34908708F
:10EBA0006420F34908700020F2490880F249087097
:10EBB000F248B0F85401401CF049A1F8540192E029
:10EBC000E8480078ED49C98988427DD1EC48007851
:10EBD000801EC1B2E348F5F777FC05462F1205F019
:10EBE000FF08E7480088801EDE49085CB8427AD1F9
:10EBF000E3480088401E085C404574D108464078D0
:10EC0000492870D1DF488578C07800EB0520D649C7
:10EC10000880DA4EEC36D3488078322817D10024A9
:10EC200012E0032000EB4400CE490D5C042000EB11
:10EC30004400085C00EB0520CB49098806EB410144
:10EC400021F81400601CC4B2192CEADB34E0C5487A
:10EC50008078202830D1002412E0032000EB44000B
:10EC6000C0490D5C042000EB4400085C00EB05206B
:10EC7000BD49098806EB410121F81400601CC4B2AB
:10EC80000A2CEADBC04E0A2414E0032000EB440007
:10EC9000B4490D5C042000EB4400085C00EB052047
:10ECA000B149098806EB410101EB440121F8140C3C
:10ECB000601CC4B2102CE8DB0120AC490870642051
:10ECC000B2490870002001E00CE00CE0B049088077
:10ECD000B0490870A948B0F85401401CA749A1F8F0
:10ECE000540100E00324BDE8F0812DE9F0414FF02C
:10ECF0000008A9480078002851D09A480078A14916
:10ED00000870984840784870964840794006000E50
:10ED10008870944890F80280C07800EB08209249EF
:10ED20000880F6F78DFF0746964E00240EE08E48C9
:10ED3000008807EB400030F814502912F01C00F84E
:10ED4000141000EB44004570601CC4B28548407943
:10ED5000A042ECDC8B488078C01CC1B28948F5F732
:10ED6000B3FB8E49088008460088011285488078E8
:10ED7000C01C844A11548948017810468078001DCF
:10ED8000115410468078401D854908800020824932
:10ED900008708449088016208349087081E18348FF
:10EDA000007810B982480078A8B16E4890F80280C7
:10EDB000C07800EB08206C490880F6F741FF074651
:10EDC00000207A4908707A49087076490880162030
:10EDD0007549087065E17748007800287ED00520E5
:10EDE000F4F7E0F85F480078664908705D484078BD
:10EDF00048705C4840794006000E8870594890F889
:10EE00000280C07800EB0820574908805E4F8C3F95
:10EE10005C4E544840790A2815D100240EE052482F
:10EE2000008807EB400030F814502912F01C00F85D
:10EE3000141000EB44004570601CC4B2494840798E
:10EE4000A042ECDC2FE04748407910282BD14E4FF0
:10EE50008C3F00240EE04448008807EB400030F867
:10EE600014502912F01C00F8141000EB44004570F7
:10EE7000601CC4B20A2CEEDB434F3C3F0A2410E076
:10EE80003948008807EB400000EB440030F8145C80
:10EE90002912F01C00F8141000EB44004570601CAF
:10EEA000C4B2102CECDB37488078C01CC1B23548A6
:10EEB000F5F70AFB394908800846008801123148F5
:10EEC0008078C01C2F4A115434480178104680784D
:10EED000001D115410468078401D00E00AE03049C2
:10EEE00008800020334908702E49088016202E49DA
:10EEF0000870D6E030480078002872D01F480079AA
:10EF00002E490870174800781C490989884205D1A4
:10EF1000144840781030294948705CE01148007866
:10EF200016494989884205D10E4840782030234946
:10EF3000487050E00B48007810498989884205D113
:10EF40000848407830301D49487044E00548007852
:10EF50000A49C989884233D102484078403017496C
:10EF6000487038E0A66200204C0000202F030020EB
:10EF70000A0300200C03002029030020FA110020BE
:10EF8000E802002042620020361300200E03002019
:10EF9000100300202A030020EE020020EC020020D3
:10EFA000EA020020E6020020DA020020EF02002040
:10EFB000F1020020F2020020F30200206C5B00202E
:10EFC000FE480078FE49898B884204D1FB4840788E
:10EFD0005030FC494870F9488078FA49887001241B
:10EFE00007E02FE0A01CF549095CF64A1154601CAB
:10EFF000C4B2F2488078A042F4DAF2488078C01CAB
:10F00000C1B2F048F5F760FAEF4908800846008879
:10F010000112EC488078C01CEA4A1154EA48017891
:10F0200010468078001D115410468078401DE74935
:10F0300008800020E6490870E64908800120E6497A
:10F0400008702EE0E548007858B3DD480079DD49C6
:10F050000870DA4840784870D84880788870D74877
:10F06000C078C870D54800790871D4484079487193
:10F070000621D448F5F728FAD349088008460088C5
:10F080000012D0498871D0480078C8710820CF4953
:10F0900008800020D1490870CE4908800120CE495F
:10F0A0000870BDE8F08170B5002400250020C44937
:10F0B000A1F8860008460089002801DD601CC4B262
:10F0C000BF484089002801DD601CC4B2BC4880896B
:10F0D000002801DD601CC4B2B948C089002801DDE8
:10F0E000601CC4B2B648808B002801DD601CC4B22D
:10F0F000B348C08B002801DD601CC4B2B048C08D8D
:10F10000002801DD601CC4B2AD48008E002801DD7E
:10F11000601CC4B2AA48008A002874D1002C41F3B4
:10F120003680AF48007801286ED1AE484078AE49AD
:10F130000978884268D0AB484078AB490870AB4842
:10F140000088401CA94908800846008814285BDD17
:10F150006420A54908700020A4490880A4480078CC
:10F1600000286FD1A3480078401CA24908700846C7
:10F170000078A04201DD0120087091480089002834
:10F1800009DD9C480078012805D18D48007A9A490C
:10F190000870012567E08A484089002809DD954804
:10F1A0000078022805D18648807A934908700225A4
:10F1B00059E083488089002809DD8E4800780328BB
:10F1C00005D17F48007B8C49087003254BE07C48C3
:10F1D000C089002809DD87480078042805D17848CF
:10F1E000807B8549087004253DE07548808B0028A8
:10F1F0000BDD80480078052807D17148007F7E49E3
:10F20000087005252FE0FDE352E06D48C08B002813
:10F2100009DD78480078062805D16948807F76495D
:10F22000087006251FE06648C08D00280BDD714878
:10F230000078072807D1624890F82E006E490870C0
:10F24000072510E035E05E48008E00280ADD694899
:10F250000078082806D15A4890F8300066490870AE
:10F26000082500E00025002D22DD49206249487074
:10F2700000208870C87008712820487106215E48F7
:10F28000F5F722F95D4908800846008800125A49BE
:10F2900088715A480078C8710820594908800020B0
:10F2A000584908800C204E490870002056490870C3
:10F2B0007AE24F48007801287ED15448B0F86605BC
:10F2C00028280CDA3E48007A4B4908704F48B0F8BD
:10F2D0006605001288704D4890F86605C8704B4866
:10F2E000B0F86605282813DB4848B0F866055028B2
:10F2F0000EDA3348807A404908704448B0F8660511
:10F300002838000A8870414890F866052838C87087
:10F310003E48B0F86605502813DB3C48B0F8660557
:10F3200078280EDA2648007B334908703748B0F851
:10F3300066055038000A8870344890F866055038E1
:10F34000C8703248B0F86605782813DB2F48B0F84B
:10F350006605A0280EDA1A48807B274908702B48DA
:10F36000B0F866057838000A8870284890F8660575
:10F370007838C8702548B0F86605A02813DB234804
:10F38000B0F86605C8280EDA0D48007F1A490870E3
:10F390001E48B0F86605A038000A88701B4890F82F
:10F3A0006605A038C8701948B0F86605C82840DB63
:10F3B0001648B0F866052BE09DE00000A66200202C
:10F3C000FA1100206C5B0020AA010020A00100209F
:10F3D000F3020020A401002068020020F4020020B3
:10F3E000DA02002034040020FA020020FC0200208F
:10F3F00061000020F502002042620020EC020020A3
:10F40000EA020020E60200202F0300204A15002017
:10F41000F0280EDAFE48807FFE490870FE48B0F8FA
:10F420006605C838000A8870FB4890F86605C83839
:10F43000C870F948B0F86605F02815DBF648B0F852
:10F440006605B0F58C7F0FDAF14890F82E00F1498F
:10F450000870F148B0F86605F038000A8870EE4888
:10F4600090F86605F038C870EB48B0F86605B0F55E
:10F470008C7F17DBE848B0F86605B0F5A07F11DA9D
:10F48000E34890F83000E3490870E348B0F86605B7
:10F49000A0F58C70000A8870DF4890F86605A0F52A
:10F4A0008C70C8700620DB494870DB48B0F86805EE
:10F4B00000120871D84890F8680548710621D548AF
:10F4C000F5F702F8D5490880084600880012D149AE
:10F4D0008871D2480078C8710820D149088000207E
:10F4E000D04908800C20D04908700020CF4908700E
:10F4F000CF49087058E1CE48007802287DD1C6482F
:10F50000B0F8660542F21071884217DBC248B0F8C5
:10F51000660544F61F61884210DABD48007ABD498D
:10F520000870BD48B0F86605A0F51C501038000AF8
:10F530008870B94890F86605F030C870B648B0F8E1
:10F54000660544F62061884217DBB348B0F86605CB
:10F5500047F22F51884210DAAD48807AAD490870E1
:10F56000AD48B0F86605A0F59C402038000A8870C8
:10F57000A94890F86605E030C870A748B0F866055D
:10F5800047F23051884217DBA348B0F8660549F6C8
:10F590003F41884210DA9E48007B9E4908709E4891
:10F5A000B0F86605A0F5EA403038000A88709A483D
:10F5B00090F86605D030C8709748B0F8660549F6EF
:10F5C0004041884217DB9448B0F866054CF24F3151
:10F5D000884210DA8E48807B8E4908708E48B0F8D9
:10F5E0006605A0F51C404038000A88708A4890F8EB
:10F5F0006605C030C870884800E044E0B0F8660591
:10F600004CF25031884217DB8348B0F866054EF65D
:10F610005F21884210DA7E48007F7E4908707E486C
:10F62000B0F86605A0F543405038000A88707A4863
:10F6300090F86605B030C870032076494870764867
:10F64000B0F8680500120871734890F868054871B1
:10F6500006217048F4F738FF704908800846008892
:10F6600000126C4988716D480078C87108206C4997
:10F67000088000206B4908800C206B49087000202E
:10F680006A49087090E06A48007803287ED1624891
:10F69000B0F8660542F2107188420ADB5E48B0F8A5
:10F6A000660544F61F61884203DA5948007A5949D1
:10F6B00008705948B0F8660544F6206188420ADBB4
:10F6C0005548B0F8660547F22F51884203DA504892
:10F6D000807A504908705048B0F8660547F23051BA
:10F6E00088420ADB4C48B0F8660549F63F4188423B
:10F6F00003DA4748007B474908704748B0F8660579
:10F7000049F6404188420ADB4348B0F866054CF2AE
:10F710004F31884203DA3E48807B3E4908703E48BC
:10F72000B0F866054CF2503188420ADB3A48B0F82E
:10F7300066054EF65F21884203DA3548007F354979
:10F7400008700620334948703348B0F86605001247
:10F750008870314890F86605C8702F48B0F8680581
:10F76000001208712C4890F8680548710621294854
:10F77000F4F7AAFE294908800846008800122549A6
:10F78000887126480078C871082000E00CE0244900
:10F7900008800020234908800C202349087000209D
:10F7A000224908702249087019480089002850DD54
:10F7B0002048007818B11E480078022849D11E4818
:10F7C00040781E490978884258D01B4840781B4928
:10F7D00008701B480088401C1949088008460088AA
:10F7E000B0F57A7F4ADD642014490870002014497E
:10F7F000088001200F49087001220748463000F0B8
:10F80000704000F1007004494631C1F3130119E062
:10F81000FA110020426200204A150020EC0200206C
:10F82000EA020020E6020020DA0200202F03002076
:10F830006100002027030020340400200203002080
:10F840000403002000EB411002600020FE49087014
:10F8500014E0FE48008988B90020FD4908700022A4
:10F86000FC4800F0704000F10070FA49C1F3130148
:10F8700000EB411002600020F7490880F3484089FE
:10F88000002835DDF548007818B1EF4800780228E7
:10F890002ED1F3484078F349097888423FD0F048A8
:10F8A0004078F0490870F0480088401CEE49088014
:10F8B00008460088B0F57A7F31DD6420E949087098
:10F8C0000020E94908800120E44908700122E1484C
:10F8D000503000F0704000F10070DE495031C1F34B
:10F8E000130100EB411002600020D749087016E0B8
:10F8F000D648408998B90020D84908700022D548D8
:10F90000503000F0704000F10070D2495031C1F326
:10F91000130100EB411002600020D3490880CB485E
:10F920008089002835DDD148007818B1C6480078B4
:10F9300002282ED1CA484078CD49097888423FD064
:10F94000C7484078CA490870CA480088401CC9495D
:10F95000088008460088B0F57A7F31DD6420C4490C
:10F9600008700020C34908800120C04908700122A6
:10F97000B848A03000F0704000F10070B549A031E7
:10F98000C1F3130100EB411002600020AE49087082
:10F9900016E0AE48808998B90020B449087000226A
:10F9A000AC48A03000F0704000F10070A949A031CF
:10F9B000C1F3130100EB411002600020AD49088043
:10F9C000A248C089002837DDAB48007818B19E48AE
:10F9D0000078022830D1A2484078A84909788842A6
:10F9E00041D09F484078A5490870A5480088401C30
:10F9F000A349088008460088B0F57A7F33DD64208B
:10FA00009E4900E0D4E1087000209D490880012053
:10FA10009949087001228F48F03000F0704000F1E1
:10FA200000708C49F031C1F3130100EB411002600A
:10FA300000208549087016E08448C08998B90020E4
:10FA40008D49087000228348F03000F0704000F1CA
:10FA500000708049F031C1F3130100EB41100260E6
:10FA60000020874908807948808B002833DD85484D
:10FA7000007818B17448007802282CD17848407872
:10FA80008149097888423BD0754840787E490870A2
:10FA90007E480088401C7D49088008460088B0F5F3
:10FAA0007A7F2DDD6420784908700020774908802E
:10FAB0000120744908700122754800F0704000F17F
:10FAC00000707349C1F3130100EB41100260002084
:10FAD0005D49087014E05D48808B88B90020694951
:10FAE000087000226A4800F0704000F10070684918
:10FAF000C1F3130100EB411002600020634908804C
:10FB00005248C08B002835DD6248007818B14E4855
:10FB1000007802282ED1524840785F4909788842FF
:10FB20003FD04F4840785C4908705C480088401CD2
:10FB30005A49088008460088B0F57A7F31DD642094
:10FB40005549087000205549088001205149087026
:10FB500001224F48503000F0704000F100704C49D5
:10FB60005031C1F3130100EB41100260002036490F
:10FB7000087016E03548C08B98B9002045490870D8
:10FB800000224348503000F0704000F100704049BE
:10FB90005031C1F3130100EB4110026000203F49D6
:10FBA00008802A48C08D002835DD3D48007818B10E
:10FBB0002548007802282ED129484078394909780B
:10FBC000884274D026484078364908703648008804
:10FBD000401C3549088008460088B0F57A7F66DD0C
:10FBE00064203049087000202F49088001202C49EA
:10FBF000087001222648A03000F0704000F100702B
:10FC00002349A031C1F3130100EB41100260002031
:10FC10000D4908704BE00D48C08D98B9002020496F
:10FC2000087000221A48A03000F0704000F1007007
:10FC30001749A031C1F3130100EB4110026000200D
:10FC4000194933E033E0000061000020FA11002080
:10FC50002703002090150020040300202803002023
:10FC6000340400200603002008030020290300209C
:10FC70000A0300200C0300202A0300200E030020AA
:10FC8000100300202B030020120300201403002087
:10FC9000D01600202C03002016030020180300209B
:10FCA0002D0300201A0300201C0300200880FA48BE
:10FCB000008E002833DDF948007818B1F848007844
:10FCC00002282CD1F7484078F749097888423BD080
:10FCD000F4484078F4490870F4480088401CF3491F
:10FCE000088008460088B0F57A7F2DDD6420EE4953
:10FCF00008700020ED4908800120E84908700122C1
:10FD0000EB4800F0704000F10070E949C1F31301C5
:10FD100000EB411002600020E149087014E0DE4869
:10FD2000008E88B90020DD4908700022E04800F00C
:10FD3000704000F10070DE49C1F3130100EB411087
:10FD400002600020D9490880D348B0F88600002816
:10FD500024DDD848007818B1D148007802281DD198
:10FD6000D0484078D4490978884216D0CD484078A8
:10FD7000D1490870D1480088401CD0490880084605
:10FD80000088B0F57A7F08DD6420CB490870002038
:10FD9000CA4908800120C7490870F8E1BE48B0F898
:10FDA00086000028F9D1C3490870C4490880EEE1F3
:10FDB000002CF2DDC248007801287DD1B948407896
:10FDC000C0490978884277D0B6484078BD49087064
:10FDD000BD480088401CBC4908800846008814289B
:10FDE0006ADD6420B74908700020B7490880B74829
:10FDF0000078A0BBB6480078401CB549087008469A
:10FE00000078042801DD01200870A348008900283B
:10FE100009DDAF480078012805D19F48007AAD4937
:10FE2000087001252BE09C484089002809DDA8487E
:10FE30000078022805D19848807AA64908700225E2
:10FE40001DE09548808900280ADDA1480078032834
:10FE500006D19148007B9F49087003250FE036E0EA
:10FE60008D48C089002809DD99480078042805D10B
:10FE70008948807B97490870042500E00025002D03
:10FE800061DD49209349487000208870C87008716E
:10FE90001020487106218F48F4F716FB8E49088020
:10FEA0000846008800128B4988718B480078C87119
:10FEB00008208A49088000E045E000208849088041
:10FEC0000C207F4908700020864908703BE07F487D
:10FED0000078012837D1002505E08348405D7D4941
:10FEE0004855681CC5B2814800788542F5DB6A48F0
:10FEF000007A78490870084640790A2820DC7B4857
:10FF00000078801EC1B27348F4F7DEFA72490880A7
:10FF100008460088011275480078801E6D4A115409
:10FF20006D48017871480078401E11546F48007880
:10FF30006A49088000206A4908800C2060490870DE
:10FF40000020624908706748007820B3554840781F
:10FF50006749097888421ED0524840786449087041
:10FF600064480088401C634908800846008832289D
:10FF700011DD00205B49087064205D490870002095
:10FF80005C49088064205C49087000205B49088057
:10FF900001204B49087040480089002820DD58485E
:10FFA0000078E8B93F4840785649097888421FD020
:10FFB0003C4840785349087053480088401C5249D7
:10FFC000088008460088B0F5167F11DD64204D4991
:10FFD000087000204C49088001204949087007E05A
:10FFE0002D48008920B900204549087046490880FD
:10FFF00029484089002820DD44480078E8B929488C
:020000040801F1
:1000000040784349097888421FD0264840784049C3
:10001000087040480088401C3E4908800846008817
:10002000B0F5167F11DD6420394908700020394988
:10003000088001203549087007E01748408920B939
:10004000002032490870334908801348808900280D
:1000500068DD31480078E8B9124840782F490978BE
:10006000884267D00F4840782C4908702C48008897
:10007000401C2B49088008460088B0F5167F59DDE2
:100080006420264908700020254908800120224963
:1000900008704FE046E00000FA1100202E03002017
:1000A00061000020340400201E03002020030020F3
:1000B000C017002026030020220300202403002074
:1000C000DA020020FA020020FC020020380300209F
:1000D000F502002042620020EC020020EA0200202B
:1000E000E60200202F0300200A63002039030020CD
:1000F000F6020020F8020020FE020020000300208B
:10010000270300200203002004030020280300200E
:100110000603002008030020290300200A03002012
:100120000C030020FD48808920B90020FC4908709C
:10013000FC490880F948C089002820DDFA48007889
:10014000E8B9FA484078FA49097888421FD0F74858
:100150004078F7490870F7480088401CF549088046
:1001600008460088B0F5167F11DD6420F04908705C
:100170000020F04908800120EB49087007E0E748BB
:10018000C08920B90020E8490870EA49088070BD9C
:1001900010B5E9480078022807D0E74800780C2815
:1001A00003D0E5480078162842D10A2016F0C7FF90
:1001B000E14800780C2807D1E04800680269E0486F
:1001C0000188E04890471AE0DB480078162807D1FC
:1001D000DA4800680269DA480188DA4890470EE098
:1001E000D548007802280AD1D7480088D449088029
:1001F000D2480068026908460188D2489047C7483B
:10020000623000F0704000F10070C4496231C1F307
:10021000130100EB4110806A20B1C9480188C94828
:10022000FBF77EFF0A2016F08AFF0320C249087000
:10023000C148007803281AD113E0C04909688868CA
:100240008047B648C088012803D10420BA49087005
:1002500002E00120B84908704FF40061BB48F2F792
:10026000BDFEB6490968486980470428E5D0B24810
:10027000007835284CD11CE0B5A01BF01DFC4FF4D4
:100280000061B248F2F7AAFE0420AB490870AB49FE
:10029000096888688047322016F051FF0020B14974
:1002A00008706420B04908700020B0490880B04947
:1002B0000880A2490968486980470428DCD09B4827
:1002C0004078A9490978884222D098484078A649C0
:1002D0000870A6480088401CA44908800846008889
:1002E000B0F5C87F14DD64209F49087000209F4945
:1002F00008809F4908809FA01BF0DEFB04208E49E8
:1003000008700A2016F01BFF8C490968886880472E
:100310008948007836282AD18048808C012809D164
:100320006420984908700020914908800120824982
:1003300008701CE07D48407892490978884216D0C0
:100340007A4840788F49087089480088401C88495D
:10035000088008460088B0F5967F08DD642089494A
:100360000870002082490880012073490870724893
:100370000078042803D070480078032826D16B4801
:10038000407880490978884220D0684840787D4983
:10039000087077480088401C754908800846008826
:1003A0003C2813DD642077490870002070490880DC
:1003B00061480078032803D160490968886880474C
:1003C00001205D49087000206F49088010BD10B5FC
:1003D0006448007801281BD1544800786B4909789B
:1003E000884215D0514800786849087068480088EC
:1003F000401C6749088008460088012808DD642001
:10040000624908700020624908800220554908703E
:1004100054480078022802D10020524908705148FF
:100420000078002842D13BE0444800685949C2683E
:1004300059489047002405E05748005D5749085542
:10044000601CC4B2534800888442F5DB51480088E0
:10045000801C5349088000205249088008460288C1
:100460000088401C0B4618804C48815C4E48F0F7D1
:100470003DFD012240F226614B48F0F7D6FC4FF4D7
:1004800000613248F2F7AAFD002404E0002042494E
:100490000855601CC4B2642CF8DB01203149087097
:1004A00026490968486980470228BDD010BD1B480D
:1004B0000089002831DD3D48007800282DD11B48F7
:1004C00040783B49098888427ED0184840783849AE
:1004D000088038480088401C364908800846008853
:1004E00040F2DC5188426FDD6420314908800020F1
:1004F000304908803048008830490988884268D1EE
:1005000001202F49087001222E4800F0704000F1B0
:1005100000702C49C1F3130157E06EE0FA1100207E
:10052000290300200C0300202A03002034040020AB
:100530000E03002010030020DA020020D402002065
:10054000EA020020426200208E01002000080140E3
:1005500052465F4C6F52615F54585F4F4B21200AE7
:1005600000000000E20200203503002036030020D6
:1005700000030020205458204F76657254696D6541
:10058000200A0000FE020020F8020020DE02002007
:10059000E0020020D8020020A66200206C39002072
:1005A000900100208C01002000440040270300201F
:1005B0009C0000209E000020C6000020C4000020F7
:1005C000BC0000209015002029E000EB41104260A3
:1005D00025E00020F64908700022F64800F070403F
:1005E00000F10070F349C1F3130100EB41104260C8
:1005F000F1480088F149088011E00020EC490870BA
:100600000022EC4800F0704000F10070E949C1F3AD
:10061000130100EB411042600020E9490880E948DD
:10062000408900284CDDE8480078002848D1E74898
:100630004078E7490988884256D0E4484078E44940
:100640000880E4480088401CE24908800846008889
:1006500040F2DC51884247DD6420DD4908800020FB
:10066000DC490880DC480088DC490988884211D1CF
:100670000120DB4908700122CE48503000F0704064
:1006800000F10070CB495031C1F3130100EB411070
:10069000426029E00020D24908700022C54850304D
:1006A00000F0704000F10070C2495031C1F31301F5
:1006B00000EB41104260C9480088C749088013E038
:1006C0000020C74908700022BA48503000F070403E
:1006D00000F10070B7495031C1F3130100EB411034
:1006E00042600020BB490880B648808900284CDD64
:1006F000BC48007890BBB5484078BB49098888421F
:1007000057D0B2484078B8490880B8480088401CA3
:10071000B64908800846008840F2DC51884248DD2E
:100720006420B14908800020B0490880B0480088A2
:10073000B0490988884212D10120AF4908700122CE
:100740009C48A03000F0704000F100709949A03141
:10075000C1F3130100EB411042602AE015E00020D4
:10076000A549087000229348A03000F0704000F1C5
:1007700000709049A031C1F3130100EB41104260B9
:100780009C4800889A49088013E000209A49087024
:1007900000228848A03000F0704000F100708549C8
:1007A000A031C1F3130100EB4110426000208F49DA
:1007B00008808448C08900284CDD9048007890BBB0
:1007C000824840788E490988884257D07F484078CF
:1007D0008B4908808B480088401C8A49088008465D
:1007E000008840F2DC51884248DD6420844908805A
:1007F0000020844908808448008884490988884208
:1008000012D101208249087001226A48F03000F0BC
:10081000704000F100706749F031C1F3130100EB43
:10082000411042602AE015E000207949087000225A
:100830006048F03000F0704000F100705D49F03128
:10084000C1F3130100EB41104260704800886E490B
:10085000088013E000206E49087000225548F030EF
:1008600000F0704000F100705249F031C1F3130103
:1008700000EB411042600020624908805148808BA3
:10088000002848DD6348007880BB504840786249C2
:100890000988884251D04D4840785F4908805F48B8
:1008A0000088401C5D4908800846008840F2DC5101
:1008B000884242DD6420584908800020574908805A
:1008C0005748008857490988884210D10120564965
:1008D00008700122554800F0704000F10070534943
:1008E000C1F3130100EB4110426026E013E0002049
:1008F0004D49087000224D4800F0704000F1007032
:100900004A49C1F3130100EB411042604548008899
:100910004349088011E00020434908700022434801
:1009200000F0704000F100704049C1F3130100EB8A
:10093000411042600020394908802248C08B0028BD
:1009400035DD3B48007890BB20484078394909881C
:1009500088422BD01D4840783649088036480088A8
:10096000401C354908800846008840F2DC51884226
:100970001CDD64202F49088000202F4908802F4863
:1009800000882F49098888425ED101202D490870CE
:1009900001222648503000F0704000F100702349D9
:1009A0005031C1F3130100EB4110426072E05FE08F
:1009B000BC00002090150020C4000020C6000020CC
:1009C0009E000020FA11002028030020340400209B
:1009D000A0000020A2000020CA000020C8000020C3
:1009E000BD00002029030020A4000020A600002054
:1009F000CE000020CC000020BE0000202A030020F2
:100A0000A8000020AA000020D2000020D000002072
:100A1000BF0000202B030020AC000020AE0000200F
:100A2000D6000020D4000020C0000020D0160020F6
:100A30002C030020B0000020B2000020DA000020CB
:100A4000D8000020C1000020002078490870002252
:100A5000774800F0704000F100707549C1F3130150
:100A600000EB41104260734800887349088011E030
:100A700000206E49087000226D4800F0704000F1BF
:100A800000706B49C1F3130100EB4110426000207C
:100A90006A4908806A48C08D00284CDD69480078A2
:100AA00090BB6948407869490988884257D06648B0
:100AB00040786649088066480088401C6449088080
:100AC0000846008840F2DC51884248DD64205F49D6
:100AD000088000205E4908805E4800885E490988D9
:100AE000884212D101205D490870012250485030DF
:100AF00000F0704000F100704D495031C1F3130116
:100B000000EB411042602AE015E0002053490870D4
:100B100000224748503000F0704000F10070444916
:100B20005031C1F3130100EB411042604A48008884
:100B30004849088013E000204849087000223C48DA
:100B4000503000F0704000F1007039495031C1F36D
:100B5000130100EB4110426000203D4908803848F5
:100B6000008E00284CDD3E48007890BB3648407827
:100B70003C490988884257D0334840783949088031
:100B800039480088401C384908800846008840F2EF
:100B9000DC51884248DD6420324908800020324917
:100BA00008803248008832490988884212D10120E1
:100BB0003049087001221E48A03000F0704000F15A
:100BC00000701B49A031C1F3130100EB41104260DA
:100BD0002AE015E000202749087000221448A030C0
:100BE00000F0704000F100701149A031C1F3130111
:100BF00000EB411042601E4800881C49088013E049
:100C000000201C49087000220948A03000F0704004
:100C100000F100700649A031C1F3130100EB41104F
:100C2000426000201049088070470000C100002089
:100C300020170020D8000020DA000020B200002099
:100C4000FA1100202D03002034040020B4000020FD
:100C5000B6000020DE000020DC000020C2000020E2
:100C60002E030020B8000020BA000020E20000207F
:100C7000E0000020C300002010B50020F8490880E3
:100C8000F8A0F9F72CFE0D20F8F767FFF8F73CFF06
:100C900010BD10B504460020F1490880F2A0F9F714
:100CA0001EFE2046F8F759FF0D20F8F756FFF8F71B
:100CB0002BFF10BD10B50020E9490880EBA0F9F723
:100CC0000EFE0D20F8F749FFF8F71EFF10BD10B516
:100CD0000020E3490880E7A0F9F701FE0D20F8F7AE
:100CE0003CFFF8F711FF10BD10B50020DC4908806B
:100CF000E3A0F9F7F4FD0D20F8F72FFFF8F704FF54
:100D000010BD10B50020D6490880DEA0F9F7E7FD38
:100D10000D20F8F722FFF8F7F7FE10BD10B5002000
:100D2000CF490880D9A0F9F7DAFD0D20F8F715FFB3
:100D3000F8F7EAFE10BD10B50020C9490880D4A01C
:100D4000F9F7CDFD0D20F8F708FFF8F7DDFE10BD2F
:100D500010B50020C2490880CFA0F9F7C0FD0D20D2
:100D6000F8F7FBFEF8F7D0FE10BD10B50020BC4927
:100D70000880CBA0F9F7B3FD0D20F8F7EEFEF8F7E9
:100D8000C3FE10BD10B50020B5490880C6A0F9F714
:100D9000A6FD0D20F8F7E1FEF8F7B6FE10BD10B580
:100DA0000020AF490880C2A0F9F799FD0D20F8F79F
:100DB000D4FEF8F7A9FE10BD10B50020A8490880A0
:100DC000BDA0F9F78CFD0D20F8F7C7FEF8F79CFEE3
:100DD00010BD10B50020A2490880BBA0F9F77FFD27
:100DE0002220F8F7BAFEBBA0F9F779FD2220F8F728
:100DF000B4FE2C20F8F7B1FE2220F8F7AEFEB5A025
:100E0000F9F76DFD2220F8F7A8FE2C20F8F7A5FED3
:100E10002220F8F7A2FEAFA0F9F761FD2220F8F733
:100E20009CFE0D20F8F799FEF8F76EFE10BD10B588
:100E3000044600208A490880A7A0F9F750FD204603
:100E4000F8F78BFE0D20F8F788FEF8F75DFE10BD71
:100E500010B5002082490880A2A0F9F740FD2220A9
:100E6000F8F77BFEA2A0F9F73AFD2220F8F775FE0D
:100E70000D20F8F772FEF8F747FE10BD10B5002000
:100E8000774908809BA0F9F72AFD0D20F8F765FE49
:100E9000F8F73AFE10BD10B50020714908809AA0FD
:100EA000F9F71DFD0D20F8F758FEF8F72DFE10BDDF
:100EB00010B500206A49088099A0F9F710FD0D20AF
:100EC000F8F74BFEF8F720FE10BD10B5002064497E
:100ED000088096A0F9F703FD0D20F8F73EFEF8F71D
:100EE00013FE10BD70B5054600205D49088092A034
:100EF000F9F7F5FC2846F5F726FE064600240BE038
:100F00009048015D564802880088401C544B188068
:100F10008D488154601CC4B2B442F1DB0D20F8F757
:100F20001CFEF8F7F1FD70BD10B5044600204C49D9
:100F3000088086A0F9F7D3FC2046F8F70EFE0D20B6
:100F4000F8F70BFEF8F7E0FD10BD10B504460020E1
:100F5000434908802046F8F700FE0D20F8F7FDFD14
:100F6000F8F7D2FD10BD10B500203D4908807AA0E9
:100F7000F9F7B5FC0D20F8F7F0FDF8F7C5FD10BD49
:100F800010B500203649088076A0F9F7A8FC0D209E
:100F9000F8F7E3FDF8F7B8FD10BD10B500203049B3
:100FA000088073A0F9F79BFC0D20F8F7D6FDF8F741
:100FB000ABFD10BD10B5044600202949088020462D
:100FC000F8F7CBFD0D20F8F7C8FDF8F79DFD10BD33
:100FD00010B50020224908802220F8F7BEFD67A046
:100FE000F9F77DFC2220F8F7B8FD0D20F8F7B5FDE4
:100FF000F8F78AFD10BD10B5044600201849088096
:101000002046F8F7AAFD0D20F8F7A7FDF8F77CFDBC
:1010100010BD10B50020124908800D20F8F79DFD85
:10102000F8F772FD10BD10B5044600200C49088089
:101030002046F8F792FD0D20F8F78FFDF8F764FDD4
:1010400010BD10B504460020054908802046F8F779
:1010500084FD0D20F8F781FDF8F756FD10BD000066
:10106000A8010020415400004154450041542B4345
:101070005351000041542B435245473F00000000AC
:101080002B2B2B0041542B41544F0000415449005D
:101090004154513000000000415426460000000039
:1010A0004154265700000000415456310000000012
:1010B00041542B43504F460041542B4950523D312F
:1010C000313532303000000041542B43504D533DF8
:1010D00000000000534D000041542B434D47463D56
:1010E0000000000041542B435343533D00000000D7
:1010F00047534D0041542B434E4D493D322C312C2A
:10110000302C302C3000000041542B43534D503DC7
:1011100031372C3136392C302C323431000000007C
:1011200041542B435344483D3000000041542B436D
:10113000504D533F0000000041542B434D47523D5A
:1011400000000000775D00206C4D002041542B43CF
:101150004D47443D312C000041542B4346554E3DF4
:101160003100000041542B4350494E3D3F000000E8
:1011700041542B43474154543D310000434D4E45AB
:101180005400000010B504460020FE4908802046A7
:10119000F8F7E3FC0D20F8F7E0FCF8F7B5FC10BD1C
:1011A00010B504460020F74908802046F8F7D5FC22
:1011B0000D20F8F7D2FCF8F7A7FC10BD10B50446D7
:1011C0000020F0490880F0A0F9F789FB2046F8F7E5
:1011D000C4FC0D20F8F7C1FCF8F796FC10BD10B563
:1011E0000020E84908800D20F8F7B7FCF8F78CFCE0
:1011F00010BD2DE9F041ADF50C7D04464FF000081F
:10120000E44903C98B918A904FF400710AA81AF03F
:1012100044FE00200890099002900390602000EBAB
:101220004400401CDC49085C602101EB4401DA4ABF
:10123000515C00EB0120D94908840846028CD8A1F2
:1012400008A81AF045FC482000EB8400C01CD249D5
:10125000085C482101EB8401891CCF4A515CCDE92F
:101260000010482000EB8400401C11460B5C482015
:1012700000EB84000A5CCBA104A81AF029FC5820DA
:1012800000EB4400401CC449085C582101EB4401B8
:10129000C14A515C00EB0120C04908850846028D17
:1012A000BFA102A81AF014FC04F16800BA49085C56
:1012B00080B908A802A9CDE9001004F16800B64978
:1012C000085C8AA951F8202004ABB9A10AA81AF039
:1012D000FFFB0DE002A8009004F16800AE49085C35
:1012E0008AA951F8202004ABB9A10AA81AF0F0FB92
:1012F0000020A4490880BDA0F9F7F1FA04F13001FB
:10130000C8B2F8F72AFC2C20F8F727FC2220F8F7BF
:1013100024FC04F16800A049085C18B9B6A0F9F7EC
:10132000DEFA02E0B5A0F9F7DAFA2220F8F715FCA8
:101330002C20F8F712FC2220F8F70FFC482000EBD5
:1013400084009549085C58B3002727E0482000EB4B
:1013500084003844904911F800804046F5F7F3FBCB
:10136000064600250BE0A648415D864802880088B5
:10137000401C844B1880A3488154681CC5B2B542F8
:10138000F1DB032F08DA2E217E4802880088401CFA
:101390007C4B18809B488154781CC7B2042FD5DB46
:1013A0002220F8F7DAFB2C20F8F7D7FB582000EBC7
:1013B0004400794911F80080582000EB4400401C9B
:1013C000085C00EB08201FFA80F84046F5F7BBFBED
:1013D000064600250BE08A48415D6A48028800887D
:1013E000401C684B188087488154681CC5B2B542C0
:1013F000F1DB04F168006849085C28BB2C20F8F791
:10140000ACFB602000EB4400634911F800806020D1
:1014100000EB4400401C085C00EB08201FFA80F839
:101420004046F5F790FB064600250BE07448415D09
:10143000544802880088401C524B188071488154DF
:10144000681CC5B2B542F1DB0D20F8F786FBF8F752
:101450005BFB0DF50C7DBDE8F08170B504466AA01C
:10146000F9F73DFA2220F8F778FB00250FE0C4EBEE
:1014700044109D3028444849095C4248028800884D
:10148000401C404B18805F488154681CC5B2C4EBB7
:1014900044109D3028444049085C0028E7D12220B0
:1014A000F8F75BFB0D20F8F758FBF8F72DFB5549D3
:1014B00059A0FAF7E8FD70BD2DE9F34F95B0044649
:1014C00000200F901090342102A81AF0E6FCACB96D
:1014D000314890F8487090F8498090F84A9090F818
:1014E0004BA090F859002C4991F8581000EB0120BE
:1014F0001FFA80FB284890F8686016E0012C14D190
:10150000254890F84C7090F84D8090F84E9090F8E7
:101510004FA090F85B00204991F85A1000EB012091
:101520001FFA80FB1C4890F86960022C14D11A48FD
:1015300090F8507090F8518090F8529090F853A025
:1015400090F85D00144991F85C1000EB01201FFA3F
:1015500080FB114890F86A60032C68D10E4890F81F
:10156000547090F8558090F8569090F857A090F8E5
:101570005F00094991F85E1000EB01201FFA80FB23
:10158000054852E0A801002041542B4349504D4FDB
:1015900044453D00F4F902082A1400203A1D0020B9
:1015A0002564000025642E25642E25642E25640004
:1015B00041542B4349504F50454E3D302C2225730A
:1015C000222C222573222C25732C25730000000069
:1015D00041542B4349504F50454E3D302C222573EA
:1015E000222C222573222C257300000041542B430A
:1015F00049504F50454E3D00554450005443500013
:10160000775D00206C4D002041542B43444E5347DE
:101610004950203D0000000053656E642044617411
:1016200061A3BA25730D0A0001E090F86B600020F9
:101630004A49088043463A46AFF2980111A8CDE9DD
:10164000009A1AF045FA5A46AFF2AC010FA81AF008
:101650003FFA56B90FA811A9CDE90010224640A1C2
:1016600002A8169B1AF034FA07E0012E05D1224693
:1016700042A102A8169B1AF02BFA00250BE002A843
:10168000415D364802880088401C344B1880404831
:101690008154681CC5B202A81AF079FBA842EED8A2
:1016A0000D20F8F75AFAF8F72FFA17B0BDE8F08FC7
:1016B00010B50020294908800D20F8F74EFAF8F7F8
:1016C00023FA10BD10B5044600202449088031A03B
:1016D000F9F705F904F13001C8B2F8F73EFA0D2028
:1016E000F8F73BFAF8F710FA10BD10B500201B49C7
:1016F00008802CA0F9F7F3F80D20F8F72EFAF8F788
:1017000003FA10BD10B500201449088028A0F9F78D
:10171000E6F80D20F8F721FAF8F7F6F910BD10B544
:1017200000200E4908800D20F8F717FAF8F7ECF9B9
:1017300010BD10B50020094908800D20F8F70DFAFA
:10174000F8F7E2F910BD10B50020044908800D201B
:10175000F8F703FAF8F7D8F910BD0000A801002047
:1017600041542B43495053454E443D25642C256438
:101770002C222573222C25730000000041542B439A
:10178000495053454E443D25642C2564000000001B
:101790006C4D002041542B434950434C4F53453D21
:1017A0000000000041542B4E45544F50454E000060
:1017B00041542B4E4554434C4F534500704710B590
:1017C00015F0C6FCFDA1882015F0DEFC40F2DC50CF
:1017D00015F0B5FC15F0BCFCFBA1902015F0D4FC75
:1017E000052015F0ACFCFDA18A2015F0CDFC40F6DB
:1017F000B83015F0A4FC10BD70477047704700204A
:10180000F9490880F9490870F9490880F9490880C0
:10181000F9490870F9490880F9490880F9490870C0
:10182000F9490870F9490880F9490870704710B5FE
:10183000F44800780C2804DD0020F2490870F449CF
:101840000870F0480078012808D10321F148F4F726
:1018500015F804460121F3F7BEFDA4E0E94800783D
:10186000022809D10321EB482A30F4F707F804468F
:101870000121F3F7B0FD96E0E2480078032809D192
:101880000321E4482030F3F7F9FF04460121F3F780
:10189000A2FD88E0DB480078042809D10321DD4857
:1018A0003030F3F7EBFF04460121F3F794FD7AE0C3
:1018B000D4480078052809D10321D6482E30F3F703
:1018C000DDFF04460121F3F786FD6CE0CD4800788A
:1018D000062809D10321CF483A30F3F7CFFF044659
:1018E0000121F3F778FD5EE0C6480078072809D1AA
:1018F0000321C8483C30F3F7C1FF04460121F3F748
:101900006AFD50E0BF480078082808D10121C2488C
:10191000F3F7B4FF04460121F3F75DFD43E0B94856
:101920000078092809D10121BB48801CF3F7A6FFE4
:1019300004460121F3F74FFD35E0B24800780A284C
:1019400009D10121B448001FF3F798FF0446012193
:10195000F3F741FD27E0AB4800780B2809D10121BE
:10196000AD488838F3F78AFF04460121F3F733FDC9
:1019700019E0A44800780C2809D10121A648843830
:10198000F3F77CFF04460121F3F725FD0BE09D48AA
:1019900000780D2807D10421A048F3F76FFF044613
:1019A0000121F3F718FD10BD97480078D8B99C487D
:1019B00040789C490978884215D0994840789949DF
:1019C000087092480088401C9049088001208E4988
:1019D00008708E4800880F2805DD00208B4908809C
:1019E00002208949087070472DE9F84F82468946E0
:1019F00093461C46DDE90A670A2E05DBA6F10A00BC
:101A0000C6B24FF0010801E04FF0000886480078A8
:101A100003287DDA25888548844214D0801D8442BD
:101A200011D0801D84420ED0801D84420BD0963888
:101A3000844208D0801C844205D03E30844202D0CB
:101A40004238844203D10A2095FBF0F085B26FBB87
:101A500042F2107095FBF0F07549087142F2107077
:101A600095FBF0F100FB11504FF47A7190FBF1F00F
:101A70006F49C8704FF47A7095FBF0F100FB11507C
:101A8000642190FBF1F06A498870642095FBF0F1C5
:101A900000FB11500A2190FBF1F0654948700A20C3
:101AA00095FBF0F100FB115061490870002F7CD0CC
:101AB00051480078012806D102204F4908705D483E
:101AC00005805D4805805B48008842F2107190FBFC
:101AD000F1F0574908715748008842F2107190FBA5
:101AE000F1F201FB12004FF47A7190FBF1F05049D2
:101AF000C870504800884FF47A7190FBF1F201FBF6
:101B00001200642190FBF1F049498870494800E0D7
:101B1000E1E10088642190FBF1F201FB12000A214F
:101B200090FBF1F042494870424800880A2190FB3E
:101B3000F1F201FB12003E4908702F48007802289C
:101B40003BD13E4800780B287DD108463C490978B6
:101B5000405C09280ADA364839490978405C401C5B
:101B6000C1B23348364A1278815404E0002130482B
:101B7000334A127881542E48007942F2107148435A
:101B80002B49C97801EB4102C2EBC11100EBC10046
:101B90002749897801EBC10202EB011100EB8100BA
:101BA0002349497801EB810100E07AE100EB410033
:101BB0001F49097808441F4908806FE1426F6F741C
:101BC000696E672E2E2E0000C7E0B5BAC8FDC0FBB7
:101BD000D6C7C4DCB6AFC1A600000000BBB6D3AD0B
:101BE000C4FAA3A1000000005C03002063010020F0
:101BF000660100206A010020470300204401002004
:101C0000600100206C0100206903002052030020C5
:101C10005E030020CE100020EA0800200C120020F5
:101C200034040020510300204A000020D804002082
:101C30004200002064030020660300204F030020C0
:101C400050030020FFE7FA480078082836D1F94809
:101C5000F9490978405C00280ADDF648F649097818
:101C6000405C401EC1B2F348F34A1278815404E04C
:101C70000921F048F04A12788154EE48007942F286
:101C800010714843EB49C97801EB4102C2EBC11125
:101C900000EBC100E749897801EBC10202EB0111B9
:101CA00000EB8100E349497801EB810100EB410041
:101CB000E04909780844E1490880EFE0DC48007811
:101CC00009280AD1DC480078401C4845F5DADA4892
:101CD0000078401CD8490870E0E0D5480078072813
:101CE00009D1D54800780028E7DDD3480078401EA8
:101CF000D1490870D2E0CE4800780A2807D10020E8
:101D0000CF490870CF490870CB490870C6E0C84871
:101D100000780628D1D1C748007942F210714843B3
:101D2000C449C97801EB4102C2EBC11100EBC1000B
:101D3000C049897801EBC10202EB011100EB81007F
:101D4000BC49497801EB810100EB4100B9490978B0
:101D50000844BA490880BC48844246D0BB48844203
:101D600043D0BB48844240D0B748683084423CD01E
:101D7000B6483030844238D0B5484838844234D0F0
:101D8000801C844231D0801C84422ED0B14800781F
:101D900001282AD0AC481238408AB0F5FA6F24D016
:101DA000A9481238408A40F6B83188421DD0A74869
:101DB0006038B0F86000B0F5FA6F16D0A34860380C
:101DC000B0F86000884210D0A1487038B0F87000B8
:101DD000B0F5FA6F09D09E487038B0F870008842AC
:101DE00003D09D480088954908809B480088934906
:101DF0000988884247D0042E01D0052E03D1002047
:101E0000964908700BE03EB1012E05D0022E03D09A
:101E1000032E01D0082E02D101209049087090486D
:101E2000844214D0801D844211D0801D84420ED083
:101E3000801D84420BD09638844208D0801C844296
:101E400005D03E30844202D0423884420AD17B48D9
:101E5000008800EB80004FF6FF7101EA40008149E5
:101E6000088003E0754800887E4908807D48008826
:101E70002080FFF7C4FC734800787B49087000207D
:101E80006D4908700AE001206D4908706D480078BE
:101E9000401C6C49087000206749087000206449A4
:101EA0000870FFF781FD71480078022813D10FB147
:101EB00062480588B8F1010F02D107F10A00C7B2E4
:101EC0002B465A4649465046009715F00AFA4FF4F9
:101ED0007A7014F097FEBDE8F88F0021644A117003
:101EE000644A1170644A1170644A1170644A117036
:101EF000644A117053490978814205DD0021514A35
:101F000011704F4A117028E04E490978012902D119
:101F1000574A117021E04B490978022902D1554AEC
:101F200011701AE047490978032902D1524A117009
:101F300013E044490978042902D1504A11700CE099
:101F400040490978052902D14D4A117005E03D4903
:101F50000978062901D14B4A117070471CB54A48CF
:101F600000884A490988884225D04848008846495F
:101F70000880FFF744FC46A1802015F005F947A131
:101F8000872015F001F946A1902015F0FDF843A136
:101F9000972015F0F9F845A1882015F0F5F83FA134
:101FA0008F2015F0F1F844A1982015F0EDF845A127
:101FB0009F2015F0E9F80020FFF78FFF0020012196
:101FC000214BA2330322CDE9001004218420FFF726
:101FD0000BFD002001211C4BA4330322CDE900108E
:101FE00004219420FFF700FD00200121164B9E33B1
:101FF0000322CDE9001004218C20FFF7F5FC00201E
:102000000321124B363B0122CDE9001004219C2014
:10201000FFF7EAFC002015490870104800780028F6
:1020200070D129480078022850D1FFF700FC1CBD70
:102030004F030020420000205003002064030020D2
:102040004703002048030020480800202E110020EC
:102050006A1200206D010020660300204A00002063
:10206000D80400204E0000206C01002069030020ED
:10207000490300204A0300204B0300204C030020AA
:102080004D0300204E0300204403002042030020A3
:10209000BDF8CBAED1B9C1A6000000004D70000064
:1020A000B3F6CBAED1B9C1A600000000C9E8B6A80E
:1020B000D1B9C1A600000000B1E4C6B5C6B5C2CA18
:1020C00000000000487A00005E030020F548007818
:1020D000042802DD0020F3490870F248007890B926
:1020E0000120F04908700020EF490870EF4908808E
:1020F000EF490870EF480078012804D10220ED492B
:1021000008701CBD34E0E7480078012808D101219F
:10211000E948F3F7B3FB04460121F3F75CF927E044
:10212000E0480078022809D10121E348801CF3F738
:10213000A5FB04460121F3F74EF919E0D9480078D0
:10214000032809D10121DC48001FF3F797FB04465F
:102150000121F3F740F90BE0D2480078042807D1B9
:102160000321D648F3F78AFB04460121F3F733F93C
:1021700000BFC6E71CB5D2480088D249098888420A
:1021800025D0D0480088CE490880FFF738FBCEA183
:10219000802014F0F9FFCFA1872014F0F5FFCEA125
:1021A000902014F0F1FFCBA1972014F0EDFFCDA10A
:1021B000882014F0E9FFCEA18F2014F0E5FFCDA117
:1021C000982014F0E1FFCEA19F2014F0DDFF002045
:1021D000FFF783FE00200321B84B08330246CDE908
:1021E000001005218420FFF7FFFB00200321B34BE3
:1021F0009B1D0246CDE9001005219420FFF7F4FB5A
:10220000C048808D01280BD100200321AB4B0A3B35
:102210000122CDE9001004218C20FFF7E5FB0EE040
:10222000B848808D02280AD100200321A34B0A3B25
:102230000222CDE9001005218C20FFF7D5FB0020FC
:1022400003219E4B1B1D0122CDE9001004219C207F
:10225000FFF7CAFB0020AC490870AC4800780028A2
:1022600059D194480078022802D1FFF7E0FA1CBD4A
:102270008C480078042802DD00208A4908708948CB
:10228000007888B9012087490870002086490870C5
:10229000864908808649087086480078012803D15D
:1022A000022084490870E2E77E480078012809D1BD
:1022B000032182480830F3F7E1FA04460121F3F7DD
:1022C0008AF828E077480078022809D103217B4862
:1022D000801DF3F7D3FA04460121F3F77CF81AE0E6
:1022E00070480078032809D1032174480A38F3F7AD
:1022F000C5FA04460121F3F76EF80CE0694800784E
:10230000042808D103216D48001DF3F7B7FA0446ED
:102310000121F3F760F800BFA9E71CB56848008801
:1023200068490988884223D0664800886449088043
:10233000FFF765FA76A1802014F026FF77A18720A9
:1023400014F022FF76A1902014F01EFF75A18820C2
:1023500014F01AFF71A18F2014F016FF70A19820BD
:1023600014F012FF4FF47A707149088071490880A7
:102370000020FFF7B2FD002001214F4B863B0246B3
:10238000CDE9001005218420FFF72EFB002001215C
:10239000494B823B0246CDE9001005218C20FFF716
:1023A00023FB0020584908704348B438808D6049A9
:1023B0000988884273D04048B438808D5C490880D1
:1023C0003D48B438808D1C286AD2DFE800F00E1337
:1023D000181D22272C6969696969693136693B4092
:1023E000454A6969694F54595E6353A1912014F0BD
:1023F000CBFE32E154A1912014F0C6FE2DE156A18E
:10240000912014F0C1FE28E157A1912014F0BCFEE8
:1024100023E159A1912014F0B7FE1EE15AA19120A9
:1024200014F0B2FE19E15CA1912014F0ADFE14E1AC
:102430005DA1912014F0A8FE0FE15FA1912014F09E
:10244000A3FE0AE160A1912014F09EFE05E162A1C5
:10245000912014F099FE00E163A1912014F094FE04
:10246000FBE065A1912014F08FFEF6E066A19120BB
:1024700014F08AFEF1E068A1912014F085FEECE0F2
:1024800069A1912014F080FEE7E06BA1912014F087
:102490007BFEE2E06CA1912014F076FEDDE0DDE051
:1024A000DAE000006C0100206301002066010020DA
:1024B000620100205E030020EA080020F8100020DE
:1024C0004403002042030020C4B8CFDFB5E7D1B9F0
:1024D0000000000020560000B5E7BBFAB5E7D1B90F
:1024E00000000000B5E7BBFAB5E7C1F70000000047
:1024F00020410000C4A3BFE9CEC2B6C8000000005E
:10250000B6C80000FA110020690300204A0000202C
:10251000B9A9CBAED7B4CCAC00000000D6D6000031
:102520002D2D0000CDA3BBFAD4ADD2F200000000E7
:102530005200002054000020D5FDB3A3D4CBD0D04E
:102540002020202020200000CDA3BBFAD7B4CCACA3
:102550002020202020200000D1B2BCECD7B4CCAC8D
:102560002020202020200000CDA8D1B6CAA7B0DCB2
:102570002020202020200000D0A1C1F7C1BFB4A698
:10258000C0ED202020200000D0A1C1F7C1BFC6C6E9
:10259000BBB5202020200000D0A1C1F7C1BFBCE402
:1025A000B8F4202020200000B1E4C6B5C6F7B8B4C6
:1025B000CEBBCAA7B0DC0000B2B9B3A5C6F7D4A49D
:1025C000BEAF202020200000B6A8CAB1BDBBBBBB57
:1025D0002020202020200000B5E7B6AFB7A7B9CA59
:1025E000D5CF202020200000D7D4C0B4CBAECEDE83
:1025F000CBAE202020200000CBAECFE4CEDECBAE91
:102600002020202020200000C8EDBCFEB3ACD1B9B2
:10261000B1A3BBA4A3A10000B6A8C6B5D7B4CCACE7
:102620002020202020200000B9A9CBAEBFD8D6C6DC
:10263000C4A3CABD20200000B1E4C6B5BFD8D6C629
:10264000C4A3CABD20200000BCECB2E9B1E4C6B509
:10265000B1A8BEAF202000001CBD00BFDF48008E27
:10266000DF49098888426ED0DC48008EDC4908804A
:10267000DA48008E202867D2DFE800F010151A1F14
:1026800024292E33383D42474C51565B60676C71AC
:10269000767B80858A8F94999EA3A8ADD1A199203D
:1026A00014F072FD9DE0D3A1992014F06DFD98E027
:1026B000D4A1992014F068FD93E0D6A1992014F0DC
:1026C00063FD8EE0D7A1992014F05EFD89E0D9A1C9
:1026D000992014F059FD84E0DAA1992014F054FDFA
:1026E0007FE0DCA1992014F04FFD7AE0DDA1992074
:1026F00014F04AFD75E0DFA1992014F045FD70E06B
:10270000E0A1992014F040FD6BE0E2A1992014F0C3
:102710003BFD66E0E3A1992014F036FD61E0E5A100
:10272000992014F031FD5CE0E6A1992014F02CFD15
:1027300057E0E8A1992014F027FD52E0E9A1992083
:1027400014F022FD4DE04DE04AE0EAA1992014F09A
:102750001BFD46E0EBA1992014F016FD41E0EDA130
:10276000992014F011FD3CE0EEA1992014F00CFD2D
:1027700037E0F0A1992014F007FD32E0F1A1992093
:1027800014F002FD2DE0F3A1992014F0FDFC28E0E7
:10279000F4A1992014F0F8FC23E0F6A1992014F09C
:1027A000F3FC1EE0F7A1992014F0EEFC19E0F5A16E
:1027B000992014F0E9FC14E0F2A1992014F0E4FC53
:1027C0000FE0F0A1992014F0DFFC0AE0EDA19920C0
:1027D00014F0DAFC05E0EBA1992014F0D5FC00E040
:1027E0003AE700BFEB48007878BBEB480078022856
:1027F00002D1FFF71CF82FE7E8480078042802DD33
:102800000020E6490870E548007888B90120E349CE
:1028100008700020E2490870E2490880E249087027
:10282000DD480078012803D10220DB49087013E756
:10283000DA480078012809D1012168482E30F3F7E1
:102840001DF804460121F2F7C6FD28E0D3480078C0
:10285000022809D1012161482C30F3F70FF8044612
:102860000121F2F7B8FD1AE0CC480078032809D11D
:1028700001215A483230F3F701F804460121F2F7FA
:10288000AAFD0CE0C5480078042808D1012153486E
:102890003030F2F7F3FF04460121F2F79CFD00BF50
:1028A000DAE61CB5C1480088C1490988884227D0AA
:1028B000BF480088BD490880FEF7A1FFBDA1802068
:1028C00014F062FCAFF2AC31872014F05DFCAFF283
:1028D000B031902014F058FCB9A1882014F054FCB9
:1028E00043A18F2014F050FCB8A1982014F04CFCA8
:1028F0003FA19F2014F048FC4FF47A70B64908803D
:102900000020FFF7EAFA00200121B44B0246CDE98E
:10291000001005218420FFF767F800200321B04B49
:102920000246CDE9001005218C20FFF75DF800205C
:102930000321AB4B9B1C0246CDE9001005219C20D6
:10294000FFF752F80020A74908702448B0F8E001CA
:10295000A1490988884236D02048B0F8E0019E4954
:1029600008801E48B0F8E00110282DD2DFE800F002
:10297000080D12171C21263534333231302F2E2DFD
:1029800099A1912014F000FC94E19BA1912014F0F6
:10299000FBFB8FE19CA1912014F0F6FB8AE19EA144
:1029A000912014F0F1FB85E19FA1912014F0ECFB44
:1029B00080E1A1A1912014F0E7FB7BE1A2A191208D
:1029C00014F0E2FB76E176E173E16DE167E161E14C
:1029D0005BE155E14FE149E143E13DE1360800208B
:1029E00054000020CEDEA3ADC9E8B1B8D5FDB3A335
:1029F00020200000CEDECBAECDA3BBFA20202020CD
:102A000020200000D6F7C1EECDA3D6B9D7B4CCAC08
:102A100020200000CAD6B6AFD7B4CCAC20202020EE
:102A200020200000B1E4C6B5C6F7B1A8BEAF202093
:102A300020200000B5E7D4B4B9CAD5CF202020208B
:102A400020200000D2BACEBBB3ACB8DF20202020BB
:102A500020200000B9DCCDF8B3ACD1B92020202073
:102A600020200000CBF9D3D0B1C3B9CAD5CF2020E4
:102A700020200000D0A1C1F7C1BFB1A3D1B920204F
:102A800020200000D1B9C1A6B4ABB8D0C6F7BBB501
:102A900020200000BDF8D1B9B8DFBDDAC4DCCDA379
:102AA000BBFA0000B6A8CAB1B6CECDA3BBFA2020AF
:102AB00020200000CCD8CAE2B6A8CAB1CDA3BBFA88
:102AC00020200000D4B6B3CCD2A3BFD8CDA3BBFA8C
:102AD00020200000BDF8CBAED1B9B8DFB1A3BBA4B4
:102AE000A3A10000C2FAB8BABAC9B1A3BBA4A3A1FA
:102AF00020200000B5E7B3D8B5F4B5E7A3A12020A6
:102B0000202000002031B4D3BBFACDA8D1B6CAA78B
:102B1000B0DC00002032B4D3BBFACDA8D1B6CAA72E
:102B2000B0DC0000B1E4C6B5C6F7CDA8D1B6CAA7DF
:102B3000B0DC0000CEDED6F7BBFAC3FCC1EECDA3FD
:102B4000BBFA0000B0B4BCFCCAD6B6AFCDA3BBFA8A
:102B500020200000B0B4BCFCCDA3D6B9CDA3BBFAF5
:102B600020200000B2B9B3A5C6F7D4A4BEAFCDA350
:102B7000BBFA0000BDF8CBAED1B9C1A6B8DFCDA37A
:102B8000BBFA000020202020202020202020202010
:102B9000202000004A0000205E0300206C0100207D
:102BA0006301002066010020620100204403002030
:102BB00042030020B1E4C6B5B9CAD5CF0000000079
:102BC000B9CAD5CFC2EB312000000000B9CAD5CFB9
:102BD000C2EB32200000000058000020180A00203C
:102BE0000A11002069030020CEDEB9CAD5CF2D20FE
:102BF000D5FDB3A320200000B9FDC1F7B1A3BBA44C
:102C00002020202020200000B9FDD1B9B1A3BBA411
:102C10002020202020200000C7B7D1B9B1A3BBA439
:102C20002020202020200000C8B1CFE0B1A3BBA409
:102C3000202020202020000049504D20B9CAD5CFA7
:102C40002020202020200000B5E7C1F7BBA5B8D088
:102C5000C6F7B9CAD5CF0000F1A1912014F094FABB
:102C600028E0F3A1912014F08FFA23E0F4A1912041
:102C700014F08AFA1EE0F6A1912014F085FA19E00A
:102C8000F7A1912014F080FA14E0F9A1912014F03A
:102C90007BFA0FE0FAA1912014F076FA0AE0FCA189
:102CA000912014F071FA05E0FDA1912014F06CFA66
:102CB00000E01CBD00BFFE480078002857D1FD4849
:102CC0000078022802D1FEF7B2FDF2E7FA48007858
:102CD000042802DD0020F8490870F748007888B918
:102CE0000120F54908700020F4490870F449088073
:102CF000F4490870EF480078012803D10220ED491B
:102D00000870D6E7EC480078012808D10121EE4888
:102D1000F2F7B4FD04460121F2F75DFB27E0E64837
:102D20000078022809D10121E748801EF2F7A6FDAC
:102D300004460121F2F74FFB19E0DF480078032831
:102D400008D10321E148F2F799FD04460121F2F789
:102D500042FB0CE0D8480078042808D10321DB4866
:102D6000801CF2F78BFD04460121F2F734FB00BF13
:102D70009FE71CB5D6480088D649098888421DD0EF
:102D8000D4480088D2490880FEF739FDD2A18020BE
:102D900014F0FAF9D5A1902014F0F6F9D5A19520F8
:102DA00014F0F2F9D5A1882014F0EEF9D5A18D2008
:102DB00014F0EAF9D5A1982014F0E6F90020FFF705
:102DC0008CF800200121C04B863B0246CDE9001063
:102DD00005219220FEF708FE00200121BA4B883B16
:102DE0000246CDE9001005218A20FEF7FDFD0020F6
:102DF000CB490870AE48007800283DD1AD48007836
:102E0000022802D1FEF713FD1CBDAB480078022852
:102E100002DD0020A8490870A748007888B9012081
:102E2000A54908700020A5490870A5490880A54952
:102E30000870A0480078012803D102209D4908703D
:102E4000E2E79D480078012809D101219E48863893
:102E5000F2F714FD04460121F2F7BDFA0CE09648A2
:102E60000078022808D1012197488838F2F706FD3A
:102E700004460121F2F7AFFA00BFC5E71CB594483C
:102E8000008894490988884221D092480088904956
:102E90000880FEF7B4FCA3A1802014F075F963A1AB
:102EA000872014F071F9A2A1902014F06DF95FA1B0
:102EB000972014F069F9A1A1882014F065F95BA1AD
:102EC0008F2014F061F991A1982014F05DF9002091
:102ED000FFF703F8002001219B4B0222CDE90010EF
:102EE00004218420FEF780FD00200121764B603B09
:102EF0000246CDE9001005219420FEF775FD002063
:102F00000121714B5E3B0246CDE9001005218C206A
:102F1000FEF76AFD002082490870654800780028A5
:102F20004AD164480078022802D1FEF780FC1CBD1B
:102F300061480078032802DD00205F4908705E4880
:102F4000007888B901205C49087000205B4908704E
:102F50005B4908805B49087056480078012803D116
:102F6000022054490870E2E753480078012808D14C
:102F700001217548F2F782FC04460121F2F72BFA91
:102F80001AE04D480078022809D101214E486038E6
:102F9000F2F774FC04460121F2F71DFA0CE04648F2
:102FA0000078032808D1012147485E38F2F766FC13
:102FB00004460121F2F70FFA00BFB8E71CB54448F8
:102FC000008844490988884225D042480088404901
:102FD0000880FEF714FC5DA1802014F0D5F813A141
:102FE000872014F0D1F85CA1902014F0CDF80FA147
:102FF000972014F0C9F85BA1882014F0C5F80BA144
:103000008F2014F0C1F857A1982014F0BDF807A143
:103010009F2014F0B9F80020FEF75FFF0020A7E022
:1030200049504D20B9FDC8C8202020202020000094
:10303000B5E7BBFAB9FDC8C8202020202020000039
:10304000B7E7C9C8B9CAD5CF20202020202000006A
:10305000454550524F4DB9CAD5CF20202020000001
:1030600044535020B4A6C0EDC6F7B9CAD5CF00006E
:1030700053544D20B4A6C0EDC6F7B9CAD5CF000051
:10308000BDD3B5D8B1A3BBA42020202020200000B0
:10309000BCD3CBD9D6D0C7B7B5E7D1B92020000073
:1030A000BCF5CBD9D6D0B9FDB5E7D1B92020000009
:1030B0004A0000205E0300206C0100206301002014
:1030C0006601002062010020180A00200A11002079
:1030D00044030020420300202020CBAEB1C3C0DB5C
:1030E000BCC6D4CBD0D0202000000000D0A1CAB1F3
:1030F0000000000020202020CAB100002020C3EBE7
:103100000000000020202020C3EB00002020202011
:10311000202020202020202020202020000000002F
:1031200069030020B9A9CBAEB0E6B1BE0000000033
:1031300041726D2D596561720000000041726D2D64
:1031400044617465000000005E080020B1E4C6B56B
:10315000B0E6B1BE00000000CEC4B1BEB0E6B1BE64
:1031600000000000B1E0D2EBC8D5C6DA00000000D4
:103170000321FA4B0222CDE9001004218420FEF73E
:1031800033FC00200521F64B0222CDE9001004217A
:103190009420FEF729FC00200121F14B9B1C0246E4
:1031A000CDE9001005218C20FEF71EFC0020012136
:1031B000EB4B1B1D0246CDE9001005219C20FEF7BC
:1031C00013FC0020E7490870E748007870BBE74827
:1031D0000078022802D1FEF72AFB1CBDE4480078E3
:1031E000032802DD0020E2490870E148007888B930
:1031F0000120DF4908700020DE490870DE490880A0
:10320000DE490870D9480078012803D10220D74947
:103210000870E2E7D6480078012807D10321CF489B
:10322000F2F72CFB04460121F2F7D5F800BFD4E7F2
:1032300010B5CB489038408D20B1C9489038408DAA
:10324000012802D1C848007838B1C5489038408D6F
:1032500002280ED1CA48007858B9C548007810B97C
:103260000120C3490870BE489038C08808B9FEF7ED
:10327000DEFA10BD10B5FFF7DBFF10BD1CB5C1486D
:103280000088C1490988884229D0BF480088BD49C3
:103290000880FEF7B4FABDA1802013F075FFAFF2ED
:1032A0007421872013F070FFBBA1902013F06CFFF6
:1032B000AFF28821972013F067FFBAA1882013F09E
:1032C00063FFAFF298218F2013F05EFFB8A1982022
:1032D00013F05AFFAFF2AC219F2013F055FF0020EE
:1032E000FEF7FBFD00200121B44B0246CDE90010A2
:1032F00005218420FEF778FB00200121AF4B9B1CA9
:103300000246CDE9001005219420FEF76DFB002058
:103310000121AA4B1B1D0246CDE9001005218C207E
:10332000FEF762FB00200121A44B9B1D0246CDE964
:10333000001005219C20FEF757FB002089490870EA
:1033400089480078002858D188480078022802D19E
:10335000FEF76DFA1CBD86480078042802DD0020C7
:10336000834908708248007888B901208049087034
:1033700000208049087080490880804908707B4897
:103380000078012803D1022078490870E2E77848E4
:103390000078012808D101218848F2F76FFA044625
:1033A0000121F2F718F828E071480078022809D1C5
:1033B00001218248801CF2F761FA04460121F2F7EC
:1033C0000AF81AE06A480078032809D101217B48ED
:1033D000001DF2F753FA04460121F1F7FCFF0CE05F
:1033E00063480078042808D101217448801DF2F751
:1033F00045FA04460121F1F7EEFF00BFAAE71CB52C
:103400006048008860490988884215D05E48008875
:103410005C490880FEF7F3F969A1802013F0B4FE3F
:103420006AA1902013F0B0FE6BA1882013F0ACFECF
:103430006CA1982013F0A8FE0020FEF74EFD00209E
:1034400001215E4B08330246CDE90010052185209D
:10345000FEF7CAFA00200121584B0A330246CDE993
:10346000001005219520FEF7BFFA00200121534BE3
:103470000C330246CDE9001005218D20FEF7B4FA89
:10348000002001214D4B0E330246CDE900100521ED
:103490009D20FEF7A9FA00203249087032480078D2
:1034A000002859D131480078022802D1FEF7BFF92F
:1034B0001CBD2F480078042802DD00202C4908702C
:1034C0002B48007888B90120294908700020294933
:1034D0000870294908802949087024480078012883
:1034E00003D1022021490870E2E721480078012831
:1034F00009D1012131480830F2F7C0F90446012111
:10350000F1F769FF28E01A480078022809D1012163
:103510002A480A30F2F7B2F904460121F1F75BFFBD
:103520001AE013480078032809D1012123480C3000
:10353000F2F7A4F904460121F1F74DFF0CE00C4825
:103540000078042808D101211C480E30F2F796F9C2
:1035500004460121F1F73FFF00BFA9E7CE1000208C
:103560008A120020690300204A0000205E03002028
:103570006C01002063010020660100206201002030
:103580005A0300204403002042030020B6C14473C4
:1035900070204F4B00000000D0B4447370204F4B9C
:1035A00000000000B6C144737020457200000000A6
:1035B000D0B444737020457200000000DE09002082
:1035C000B6C144737020D0F2BAC50000D0B44473C1
:1035D0007020D0F2BAC500005273744473705F4318
:1035E00020200000527374447370446C79430000CF
:1035F00070B504460D46FE480078022870D1202C94
:103600006FD2DFE804F010151B21272D33393F4519
:103610004B51575D62686F757B81878D93999FA52C
:10362000ABB1B7BDC3C9F3A1284613F0ADFDBAE0F5
:10363000AFF63C21284613F0A7FDB4E0AFF63821E1
:10364000284613F0A1FDAEE0AFF63421284613F072
:103650009BFDA8E0AFF63441284613F095FDA2E0AB
:10366000AFF63041284613F08FFD9CE0AFF62C41B9
:10367000284613F089FD96E0AFF62841284613F05E
:1036800083FD90E0AFF60431284613F07DFD8AE01B
:10369000AFF61031284613F077FD84E0AFF61C41F9
:1036A000284613F071FD7EE0AFF68421284613F022
:1036B0006BFD78E0AFF68021284613F065FD72E0DF
:1036C000D049284613F060FD6DE0AFF6842128460E
:1036D00013F05AFD67E0CCA1284613F055FD62E0D7
:1036E00062E05FE0C7492031284613F04DFD5AE003
:1036F000AFF2D461284613F047FD54E0AFF67C31B9
:10370000284613F041FD4EE0AFF68831284613F00D
:103710003BFD48E0AFF69431284613F035FD42E01A
:10372000AFF6A031284613F02FFD3CE0AFF6AC31E8
:10373000284613F029FD36E0B2496031284613F0DF
:1037400023FD30E0AFF21871284613F01DFD2AE08A
:10375000AFF21471284613F017FD24E0AFF2107198
:10376000284613F011FD1EE0AFF20C71284613F04D
:103770000BFD18E0AFF20871284613F005FD12E0CA
:10378000AFF20471284613F0FFFC0CE0AFF20071B9
:10379000284613F0F9FC06E0AFF2FC61284613F06E
:1037A000F3FC00E070BD00BF00BFFBE71CB59A480A
:1037B00000889A490988884219D098480088964913
:1037C0000880FEF71CF896A1802013F0DDFC99A17B
:1037D000902013F0D9FC98A18A2013F0D5FC96A173
:1037E0008D2013F0D1FC95A1982013F0CDFC002082
:1037F000FEF773FB00200121954B0246CDE9001036
:1038000004218820FEF7F0F800200121904B9B1C3A
:103810000246CDE9001004218B20FEF7E5F80020D8
:1038200001218B4B1B1D0246CDE9001004218E2087
:10383000FEF7DAF886495E39B1F85C009121FFF7AE
:10384000D7FE00206A49087082480078002858D1C5
:1038500081480078022802D1FDF7E9FF1CBD7F48AE
:103860000078042802DD00207C4908707B4800783D
:1038700088B9012079490870002079490870794990
:1038800008807949087074480078012803D1022023
:1038900071490870E2E771480078012809D10121D7
:1038A0006B48801EF1F7EAFF04460121F1F793FD12
:1038B00027E06A480078022808D101216448F1F71E
:1038C000DDFF04460121F1F786FD1AE06348007828
:1038D000032809D101215E48801CF1F7CFFF04467F
:1038E0000121F1F778FD0CE05C480078042808D14C
:1038F00001215748001DF1F7C1FF04460121F1F7EE
:103900006AFD00BFAAE71CB54348008843490988FF
:10391000884219D0414800883F490880FDF76FFF71
:103920003FA1802013F030FC50A1902013F02CFC1C
:1039300041A18A2013F028FC3FA18D2013F024FC24
:103940004BA1982013F020FC0020FEF7C6FA0020BF
:1039500001213F4B083B0246CDE90010042188209D
:10396000FEF742F800200121394B9B1F0246CDE9AA
:10397000001004218B20FEF737F800200121344B82
:103980001B1F0246CDE9001004218E20FEF72CF803
:103990002F495E39B1F854009121FFF729FE00202C
:1039A000134908702B480078002820D12A48007855
:1039B000022802D1FDF73BFF1CBD284800780428EF
:1039C00002DD0020254908702448007870B90120E4
:1039D00022490870002022490870224908802249A3
:1039E00008701D480078012850D14BE04EE083E07C
:1039F00069030020BFD5BCC7C2BC202020202020E6
:103A000020200000A8250108BDF8CBAED1B9B8DF51
:103A1000B1A3BBA4202000004403002042030020E7
:103A2000D7EEBDFCC1F9B4CEB9CAD5CFBCC7C2BCB4
:103A300000000000313A00002D2D0000A3A8C9CFDE
:103A40002031B4CEA3A92020202020200000000097
:103A5000940800204A0000205E0300206C01002032
:103A6000630100206601002062010020323A00005C
:103A7000A3A8C9CF2032B4CEA3A920202020202083
:103A8000000000000220FD49087095E7FC4800781E
:103A9000012808D10121FB48F1F7F0FE044601217D
:103AA000F1F799FC28E0F6480078022809D10121B5
:103AB000F448801CF1F7E2FE04460121F1F78BFC8B
:103AC0001AE0EF480078032809D10121ED48001DD4
:103AD000F1F7D4FE04460121F1F77DFC0CE0E84843
:103AE0000078042808D10121E648801DF1F7C6FEC0
:103AF00004460121F1F76FFC00BF5DE71CB5E24809
:103B00000088E249098888421CD0E0480088DE49E4
:103B10000880FDF774FEAFF2F801802013F034FB4B
:103B2000DBA1902013F030FBAFF2F4018A2013F0F8
:103B30002BFBAFF2FC018D2013F026FBD5A19820C2
:103B400013F022FB0020FEF7C8F900200121CD4B25
:103B50009B1F0246CDE9001004218820FDF744FF99
:103B600000200121C74B1B1F0246CDE90010042194
:103B70008B20FDF739FF00200121C24B9B1E02461E
:103B8000CDE9001004218E20FDF72EFFBD495439E8
:103B9000B1F84C009121FFF72BFD0020C2490870BD
:103BA000C2480078002859D1B4480078022802D1D0
:103BB000FDF73DFE1CBDB2480078042802DD002060
:103BC000AF490870AE48007888B90120AC49087048
:103BD0000020B7490870B7490880B7490870A7485E
:103BE0000078012803D10220A4490870E2E7A44824
:103BF0000078012809D10121A2480838F1F73EFEDA
:103C000004460121F1F7E7FB28E09D4800780228EF
:103C100009D101219B48801FF1F730FE04460121A4
:103C2000F1F7D9FB1AE096480078032809D1012161
:103C30009448001FF1F722FE04460121F1F7CBFB67
:103C40000CE08F480078042808D101218D48801E9F
:103C5000F1F714FE04460121F1F7BDFB00BFA9E70F
:103C60001CB5894800888949098888421CD0874842
:103C7000008885490880FDF7C2FDAFF25C218020F5
:103C800013F082FA8DA1902013F07EFAAFF2582142
:103C90008A2013F079FAAFF260218D2013F074FAC4
:103CA00087A1982013F070FA0020FEF716F9002083
:103CB0000121744B0E3B0246CDE9001004218820FF
:103CC000FDF792FE002001216E4B0C3B0246CDE930
:103CD000001004218B20FDF787FE00200121694B95
:103CE0000A3B0246CDE9001004218E20FDF77CFE40
:103CF00064495439B1F844009121FFF779FC002060
:103D00006949087069480078002859D15B480078F3
:103D1000022802D1FDF78BFD1CBD5948007804280C
:103D200002DD0020564908705548007888B9012006
:103D30005349087000205E4908705E4908805E495A
:103D400008704E480078012803D102204B490870C2
:103D5000E2E74B480078012809D101214948103891
:103D6000F1F78CFD04460121F1F735FB28E04448CA
:103D70000078022809D1012142480E38F1F77EFD72
:103D800004460121F1F727FB1AE03D48007803289B
:103D900009D101213B480C38F1F770FD044601219F
:103DA000F1F719FB0CE036480078042808D101210E
:103DB00034480A38F1F762FD04460121F1F70BFBA4
:103DC00000BFA9E71CB530480088304909888842FF
:103DD0001CD02E4800882C490880FDF710FDAFF25A
:103DE000C031802013F0D0F93AA1902013F0CCF923
:103DF000AFF2BC318A2013F0C7F9AFF2C4318D2085
:103E000013F0C2F934A1982013F0BEF90020FEF798
:103E100064F8002001211B4B163B0246CDE900103F
:103E200004218820FDF7E0FD00200121154B143B03
:103E30000246CDE9001004218B20FDF7D5FD0020BE
:103E40000121104B123B0246CDE9001004218E20C7
:103E5000FDF7CAFD0B495439888F9121FFF7C8FB44
:103E600000201149087011480078002866D10348E5
:103E7000007802283AD1FDF7DAFC1CBD5E03002071
:103E80006C0100208A080020440300204203002027
:103E9000333A0000A3A8C9CF2033B4CEA3A9202071
:103EA0002020202000000000690300204A0000209C
:103EB000630100206601002062010020343A000006
:103EC000A3A8C9CF2034B4CEA3A92020202020202D
:103ED00000000000353A0000A3A8C9CF2035B4CEB9
:103EE000A3A920202020202000000000FD48007809
:103EF000042802DD0020FB490870FA48007888B9E0
:103F00000120F84908700020F7490870F749088037
:103F1000F7490870F7480078012803D10220F549D5
:103F200008701CBDEF480078012808D10121F24833
:103F3000F1F7A4FC04460121F1F74DFA28E0E94825
:103F40000078022809D10121EB48801CF1F796FC8A
:103F500004460121F1F73FFA1AE0E248007803280D
:103F600009D10121E448001DF1F788FC0446012134
:103F7000F1F731FA0CE0DB480078042808D1012180
:103F8000DD48801DF1F77AFC04460121F1F723FAA0
:103F900000BFC6E71CB5D9480088D94909888842BE
:103FA0001CD0D7480088D5490880FDF728FCAFF21F
:103FB0009051802013F0E8F8D2A1902013F0E4F89B
:103FC000AFF28C518A2013F0DFF8AFF294518D20BC
:103FD00013F0DAF8CCA1982013F0D6F80020FDF702
:103FE0007CFF00200121C44B9B1F0246CDE900103D
:103FF00004218820FDF7F8FC00200121BE4B1B1F87
:104000000246CDE9001004218B20FDF7EDFC0020D5
:104010000121B94B9B1E0246CDE9001004218E20E0
:10402000FDF7E2FCB4493C39888E9121FFF7E0FAB4
:104030000020BA490870BA480078002859D1AD4824
:104040000078022802D1FDF7F2FB1CBDA5480078DC
:10405000042802DD0020A3490870A248007888B92E
:104060000120A049087000209F4908709F490880DE
:104070009F4908709F480078012803D102209D497C
:104080000870E2E797480078012809D101219A4891
:104090000838F1F7F3FB04460121F1F79CF928E019
:1040A00090480078022809D101219348801FF1F738
:1040B000E5FB04460121F1F78EF91AE08948007802
:1040C000032809D101218C48001FF1F7D7FB0446D2
:1040D0000121F1F780F90CE082480078042808D12A
:1040E00001218548801EF1F7C9FB04460121F1F743
:1040F00072F900BFA9E71CB580480088804909888B
:10410000884223D07E4800887C490880FDF777FBF1
:1041100084A1802013F038F887A1902013F034F8A0
:10412000AFF2EC618A2013F02FF8AFF2F4618D202A
:1041300013F02AF881A1982013F026F881A19B2082
:1041400013F022F880A19E2013F01EF80120FDF745
:10415000C4FE00207E4908700121674B2A330246C5
:10416000CDE9001004218820FDF73EFC002001214C
:10417000614B2C330246CDE9001004218B20FDF762
:1041800033FC002001215C4B2E330246CDE90010A8
:1041900004218E20FDF728FC00200121564B363BE0
:1041A0000246CDE9001002219A20FDF71DFC0120F6
:1041B000674908700846007801214F4B223B0022D6
:1041C000CDE9001002219D20FDF70EFC4A493C3943
:1041D000B1F864009121FFF70BFA00204F490870F5
:1041E0004F480078012809D102204D49087000206D
:1041F0003D4908703D4908803D49087048480078AD
:1042000002280FD13748007801280AD101213A4805
:104210002238F1F733FB04464E4801882046F1F777
:10422000D5F9B3E03E4800780028FAD1314800784B
:10423000022802D1FDF7FBFA1CBD2A4800780628A7
:1042400002DD0020274908702648007888B901203F
:104250002449087000202449087024490880244912
:10426000087024480078012803D1022021490870F1
:10427000E2E71C480078012809D101211E482830B6
:10428000F1F7FCFA04460121F1F7A5F87EE01548A4
:104290000078022809D1012117482A30F1F7EEFAF7
:1042A00004460121F1F797F870E00E4800780328E2
:1042B00009D1012110482C30F1F7E0FA0446012120
:1042C000F1F789F862E007480078042844D1012119
:1042D00009482E30F1F7D2FA04460121F1F77BF8B4
:1042E00054E000006C010020630100206601002002
:1042F000620100205E0300207208002044030020B9
:1043000042030020363A0000A3A8C9CF2036B4CE1D
:10431000A3A9202020202020000000006903002005
:104320004A000020D1A1D4F1B9CAD5CFBCC7C2BCC4
:104330003A202020000000006E3A0000A3A8D7DC3D
:1043400000000000C9CF0000B4CEA3A90000000007
:10435000490300204E000020FD480078052808D1C0
:104360000121FC48F1F78AFA04460121F1F733F8FC
:104370000CE0F7480078062808D10121F5481438E8
:10438000F1F77CFA04460121F1F725F800BF53E765
:104390001CB5F1480088F1490988884230D0EF48BF
:1043A0000088ED490880FDF72AFAEDA1802012F07F
:1043B000EBFEAFF6B411902012F0E6FEEDA19320D3
:1043C00012F0E2FEECA1962012F0DEFEAFF6D01164
:1043D000882012F0D9FEEAA18B2012F0D5FEE9A1C7
:1043E0008E2012F0D1FEAFF6E811982012F0CCFE2C
:1043F000E6A19B2012F0C8FEE5A19E2012F0C4FEAB
:104400000620FDF76AFDE44800780121E34B002215
:10441000CDE9001004219120FDF7E6FAE04800788C
:104420000121DE4B9B1E0022CDE9001002219520C8
:10443000FDF7DAFADB4800780121D84B1B1F002278
:10444000CDE9001002218A20FDF7CEFAD648007887
:104450000121D24B9B1F0022CDE9001002218D20AB
:10446000FDF7C2FAD14800780121CC4B083B00226D
:10447000CDE9001002219A20FDF7B6FACC48007869
:104480000121C64B0A3B0022CDE9001002219D20EC
:10449000FDF7AAFA0020C7490870C748007801282C
:1044A00009D10220C44908700020C4490870C449D9
:1044B0000880C4490870C048007802285ED1A4482A
:1044C000007801280AD10121B448F1F7D7F9044650
:1044D000BD4801882046F1F779F8C8E09C4800788B
:1044E00002280BD10121AD48801EF1F7C7F904461F
:1044F000B54801882046F1F769F8B8E0944800789B
:1045000003280BD10121A548001FF1F7B7F9044694
:10451000AD4801882046F1F759F8A8E08C480078AA
:1045200004280BD101219D48801FF1F7A7F904460B
:10453000A54801882046F1F749F898E084480078BA
:1045400005280BD1012195480838F1F797F9044661
:104550009D4801882046F1F739F888E07C480078CA
:104560000628BAD101218D480A38F1F787F90446A7
:10457000954801882046F1F729F878E08E480078C0
:10458000002874D191480078022802D1FDF74FF934
:104590001CBD6F480078062802DD00206C490870B9
:1045A0006B48007888B90120694908700020834968
:1045B000087083490880834908708448007801287E
:1045C00003D1022081490870E2E7614800780128A0
:1045D00008D101217148F1F751F904460121F0F7A2
:1045E000FAFE44E05A480078022809D101216B48BC
:1045F000801EF1F743F904460121F0F7ECFE36E0A6
:1046000053480078032809D101216448001FF1F7BD
:1046100035F904460121F0F7DEFE28E04C48007829
:10462000042809D101215D48801FF1F727F90446CC
:104630000121F0F7D0FE1AE045480078052809D19D
:10464000012156480838F1F719F904460121F0F71D
:10465000C2FE0CE03E480078062808D101214F48F0
:104660000A38F1F70BF904460121F0F7B4FE00BF58
:104670008EE71CB53848008838490988884229D017
:104680003648008834490880FDF7B9F850A18020E9
:1046900012F07AFDAFF69841872012F075FD4FA118
:1046A000902012F071FDAFF6A841972012F06CFD3A
:1046B0004DA1882012F068FDAFF6BC418F2012F0AA
:1046C00063FD4CA1982012F05FFDAFF6CC419F2016
:1046D00012F05AFD0020FDF700FC002001212F4BB5
:1046E0005C3B0246CDE9001005218420FDF77CF9F2
:1046F00000200121294B5A3B0246CDE9001005213B
:104700009420FDF771F900200121244B583B02460B
:10471000CDE9001005218C20FDF766F9002001216C
:104720001E4B563B0246CDE9001005219C20FDF7AB
:104730005BF900201F4908701F480078002806D147
:104740002248007802285BD1FDF771F81CBDA9E072
:104750006C01002050080020440300204203002088
:10476000CFD6D4DACAB1BCE43A20202020202020C1
:1047700000000000C4EA0000D4C2202000000000B5
:10478000C8D50000CAB1202000000000B7D6000044
:10479000C3EB202000000000490300202A0A00206B
:1047A0004A0300204B0300204C0300204D0300204F
:1047B0004E030020690300204A000020630100200E
:1047C00066010020620100204E0000205E030020F0
:1047D00041493120B6C1D6B5000000004149322020
:1047E000B6C1D6B50000000041493320B6C1D6B5E8
:1047F0000000000041493420B6C1D6B500000000D9
:10480000FE480078042802DD0020FC490870FB48BF
:10481000007888B90120F94908700020F84908702B
:10482000F8490880F8490870F8480078012803D151
:104830000220F64908701CBDF0480078012808D114
:104840000121F348F1F71AF804460121F0F7C3FDFE
:1048500028E0EA480078022809D10121EC48801CB0
:10486000F1F70CF804460121F0F7B5FD1AE0E34832
:104870000078032809D10121E548001DF0F7FEFF6B
:1048800004460121F0F7A7FD0CE0DC48007804287D
:1048900008D10121DE48801DF0F7F0FF0446012118
:1048A000F0F799FD00BFC6E71CB5DA480088DA4981
:1048B0000988884225D0D8480088D6490880FCF766
:1048C0009EFFD6A1802012F05FFCD7A1872012F0B6
:1048D0005BFCAFF69C61902012F056FCD3A18820BF
:1048E00012F052FCD0A18F2012F04EFCAFF6B8614E
:1048F000982012F049FC4FF47A70CF490880CF49D4
:1049000008800020FDF7E9FA00200121C04B1E3B82
:104910000246CDE9001005218420FDF765F800204E
:104920000121BB4B1C3B0246CDE9001005218C2028
:10493000FDF75AF80020C2490870C248B0F87E015D
:10494000BD490988884229D0BE48B0F87E01BA49DD
:104950000880BC48B0F87E0105281DD2DFE800F0D1
:1049600003080D121700B8A1912012F00DFC14E0FD
:10497000B9A1912012F008FC0FE0BBA1912012F028
:1049800003FC0AE0BCA1912012F0FEFB05E0BEA1F1
:10499000912012F0F9FB00E01CBD00BFA948B0F85F
:1049A0008001A649098888421ED0A648B0F8800137
:1049B000A2490880A348B0F8800120B1012807D09F
:1049C00002280FD109E0B4A1992012F0DDFB0AE022
:1049D000B5A1992012F0D8FB05E0B7A1992012F0FB
:1049E000D3FB00E0D8E700BFB7480078002859D1D2
:1049F00086480078022802D1FCF719FFCCE77F48EF
:104A00000078042802DD00207C4908707B4800788B
:104A100088B90120794908700020794908707949DE
:104A200008807949087079480078012803D102206C
:104A300076490870B0E771480078012809D1012152
:104A400073481E38F0F71AFF04460121F0F7C3FC43
:104A500028E06A480078022809D101216C481C38F6
:104A6000F0F70CFF04460121F0F7B5FC1AE06348AB
:104A70000078032809D1012165481A38F0F7FEFEB5
:104A800004460121F0F7A7FC0CE05C4800780428FC
:104A900008D101215E481838F0F7F0FE04460121E4
:104AA000F0F799FC00BF77E71CB55A4800885A49CF
:104AB0000988884219D05848008856490880FCF770
:104AC0009EFE82A1802012F05FFB61A1872012F080
:104AD0005BFB81A1902012F057FB84A1882012F08B
:104AE00053FB87A1982012F04FFB0020FDF7F5F94A
:104AF00000200121464BCC3B0246CDE900100321AA
:104B00008520FCF771FF00204D4908706E48007841
:104B100078BB3E480078022802D1FCF788FE1CBD15
:104B200036480078012802DD0020344908703348F7
:104B3000007888B901203149087000203049087098
:104B4000304908803049087030480078012803D186
:104B500002202E490870E2E728480078012808D191
:104B600001212B48CC38F0F789FE04460121F0F7EB
:104B700032FC00BFD3E710B52648008826490988D3
:104B8000884215D02448008822490880FCF737FE67
:104B90006049802012F0F8FA5E49902012F0F4FA91
:104BA0005DA1882012F0F0FA5A49982012F0ECFA30
:104BB0000020FDF792F9002021490870FEF738FB2C
:104BC00010BD1CB51348008813490988884213D0CA
:104BD000114800880F490880FCF711FE53A180207E
:104BE00012F0D2FA1BA1872012F0CEFA52A1902027
:104BF00012F0CAFA17A1A5E0B3E000006C01002092
:104C00006301002066010020620100205E03002095
:104C1000CE09002044030020420300204449202004
:104C2000D7B4CCAC00000000D6D60000444F202002
:104C3000D7B4CCAC000000005A0000205C0000207B
:104C40006903002036080020CEDE4449BDD3CDA83C
:104C5000202020202020000044493120BDD3CDA8B1
:104C6000202020202020000044493220BDD3CDA8A0
:104C7000202020202020000044493320BDD3CDA88F
:104C8000202020202020000044493420BDD3CDA87E
:104C90002020202020200000CEDE5120BDD3CDA832
:104CA00020202020202000005131BDD3CDA820207D
:104CB00020202020202000005132BDD3CDA820206C
:104CC00020202020202000004A000020B5E7B6AFB9
:104CD000B7A7D7B4CCAC00003D30B4F2BFAA3B209C
:104CE0003D31B9D8B1D53B20000000003D32B9CAF2
:104CF000D5CF3B203D33B4F2BFAAD6D00000000090
:104D00003D34B9D8B1D5D6D03B202020202020205A
:104D1000000000000C310108312EB9A9CBAEC9E862
:104D2000B6A8B2CECAFD202000000000D0DEB8C474
:104D3000B2CECAFD00000000BBD6B8B4B2CECAFDE8
:104D400000000000972012F01FFAFDA1882012F049
:104D50001BFAFEA18F2012F017FAFDA1982012F085
:104D600013FA0320FDF7B9F8FE4800780121FE4B45
:104D70000022CDE9001005218420FCF735FEFB4818
:104D800000780121F84B9B1C0022CDE90010052181
:104D90009420FCF729FEF64800780021F54B0A46DE
:104DA000CDE9001005218C20FCF71EFE0020F24901
:104DB0000870F2480078012809D10220EF490870F4
:104DC0000020EF490870EF490880EF490870EB4870
:104DD000007802282DD1ED48007801280AD1012160
:104DE000E148F0F74BFD0446E94801882046F0F71A
:104DF000EDFB6CE0E548007802280BD10121DA4890
:104E0000801CF0F73BFD0446E14801882046F0F79E
:104E1000DDFB5CE0DD480078032858D10021D5484F
:104E2000F0F72CFD0446DA4801882046F0F7CEFB67
:104E30004DE0D2480078002849D1D64800780228B1
:104E400002D1FCF7F4FC1CBDD0480078032802DD39
:104E50000020CE490870CD48007888B90120CB49A0
:104E600008700020C6490870C6490880C649087005
:104E7000C8480078012803D10220C6490870E2E73B
:104E8000C2480078012808D10121B748F0F7F6FCA4
:104E900004460121F0F79FFA19E0BC480078022887
:104EA00009D10121B048801CF0F7E8FC044601213B
:104EB000F0F791FA0BE0B5480078032807D10021FC
:104EC000AC48F0F7DBFC04460121F0F784FA00BFA0
:104ED000B9E71CB5B0480088B0490988884225D098
:104EE000AE480088AC490880FCF789FCACA1802062
:104EF00012F04AF9ADA1872012F046F9ACA190203A
:104F000012F042F9A9A1972012F03EF9ABA1882036
:104F100012F03AF9A5A18F2012F036F9AAA1982033
:104F200012F032F9ABA19F2012F02EF90420FCF709
:104F3000D4FF8C48007800218E4B143B0322CDE92E
:104F4000001004218420FCF74FFD884800780021E0
:104F5000884B163B0322CDE9001004219420FCF776
:104F600043FD834800780021824B123B0222CDE9A9
:104F7000001004218C20FCF737FD974800780021B1
:104F8000964B0A46CDE9001003219D20FCF72CFD2D
:104F900000207949087079480078012809D1022059
:104FA000764908700020764908707649088076496D
:104FB00008707248007802283ED1744800780128B1
:104FC0000BD100216B481438F0F758FC04467048A8
:104FD00001882046F0F7FAFA8BE06C480078022846
:104FE0000BD1002163481638F0F748FC04466848A6
:104FF00001882046F0F7EAFA7BE06448007803284D
:105000000BD100215B481238F0F738FC04466048A9
:1050100001882046F0F7DAFA6BE05C480078042853
:1050200067D100216D48F0F729FC044658480188F3
:105030002046F0F7CBFA5CE050480078002858D1C1
:1050400054480078022802D1FCF7F1FB1CBD4F4800
:105050000078042802DD00204C4908704B48007895
:1050600088B9012049490870002045490870454920
:1050700008804549087047480078012803D102207C
:1050800044490870E2E741480078012809D100212D
:1050900038481438F0F7F2FB04460121F0F79BF989
:1050A00027E03A480078022809D100213148163813
:1050B000F0F7E4FB04460121F0F78DF919E03348DD
:1050C0000078032809D100212A481238F0F7D6FBCE
:1050D00004460121F0F77FF90BE02C480078042802
:1050E00007D100213D48F0F7C9FB04460121F0F744
:1050F00072F900BFAAE71CB527480088274909882C
:1051000088427FD02548008823490880FCF777FB38
:1051100033A1802012F038F8AFF2C841872012F096
:1051200033F832A1902012F02FF8AFF2D841972037
:1051300012F02AF83049882012F026F85EE061E08B
:10514000B1BEBBFAB5D8D6B700000000BAC50000A2
:105150002844434D31303029202020202020202099
:105160000000000049030020480800204A030020F6
:105170004B03002064040020690300204A00002043
:105180006301002066010020620100206C01002004
:105190004E0000205E030020440300204203002054
:1051A000BDF8CBAEC1BFB3CC000000004D70000015
:1051B000B3F6CBAEC1BFB3CC00000000B4D3BBFA92
:1051C000D1B9C1A600000000B4D3BBFAC6F4B6AF93
:1051D00059530000205300004C030020E405002038
:1051E000D6F7BBFAB6A8CAB1456E0000BFECCBD962
:1051F000C9E8CAB1BCE400000C310108F7A198204D
:1052000011F0C2FF0220FCF768FEF9480078002187
:10521000F84B0A46CDE9001003218520FCF7E4FB9A
:10522000F54800780121F54B0022CDE9001003215B
:105230009520FCF7D9FB0020F1490870F14800786F
:10524000012809D10220EF4908700020EE490870BA
:10525000EE490880EE490870EA48007802281DD11E
:10526000EC48007801280AD10021E248F0F706FB5B
:105270000446E94801882046F0F7A8F94EE0E548E1
:10528000007802284AD10121DC48F0F7F7FA0446F9
:10529000E14801882046F0F799F93FE0D9480078C5
:1052A00000283BD1DD480078022802D1FCF7BFFA84
:1052B0001CBDD8480078022802DD0020D5490870BE
:1052C000D448007888B90120D24908700020CE491E
:1052D0000870CE490880CE490870D048007801286F
:1052E00003D10220CD490870E2E7CA4800780128BE
:1052F00008D10021BF48F0F7C1FA04460121F0F7B8
:105300006AF80BE0C3480078022807D10121BB48A6
:10531000F0F7B4FA04460121F0F75DF800BFC7E7E3
:105320001CB5BF480088BF490988884222D0BD48C3
:105330000088BB490880FCF762FABBA1802011F00D
:1053400023FFBEA1902011F01FFFBFA1972011F0F5
:105350001BFFBEA1882011F017FFBBA18F2011F009
:1053600013FFBDA1982011F00FFFAFF2C0119F20D5
:1053700011F00AFF0320FCF7B0FD9D4800780021E2
:105380009C4B9B1C0A46CDE9001005219420FCF79C
:105390002BFB994800780021964B1B1D0A46CDE94E
:1053A000001005218C20FCF71FFBAE48007800217F
:1053B000904B9B1D0222CDE9001004219C20FCF79C
:1053C00013FB00208E4908708E480078012809D10F
:1053D00002208C49087000208B4908708B49088096
:1053E0008B4908708748007802282FD189480078B7
:1053F00001280BD100217F48801CF0F73FFA0446BA
:10540000854801882046F0F7E1F86FE08148007890
:1054100002280BD100217748001DF0F72FFA04462F
:105420007D4801882046F0F7D1F85FE079480078A0
:1054300003285BD100216F48801DF0F71FFA044656
:10544000754801882046F0F7C1F84FE06D480078B4
:1054500000284BD171480078022802D1FCF7E7F907
:105460001CBD6C480078032802DD002069490870E3
:105470006848007888B901206649087000206249B0
:105480000870624908806249087064480078012801
:1054900003D1022061490870E2E75E4800780128E4
:1054A00009D100215348801CF0F7E8F90446012196
:1054B000EFF791FF1AE057480078022809D1002140
:1054C0004C48001DF0F7DAF904460121EFF783FF9D
:1054D0000CE050480078032808D100214548801D81
:1054E000F0F7CCF904460121EFF775FF00BFB7E7ED
:1054F0001CB54B4800884B490988884222D049484E
:10550000008847490880FCF77AF957A1802011F0FC
:105510003BFE4DA1872011F037FE56A1902011F0DF
:1055200033FE49A1972011F02FFE55A1882011F0DC
:105530002BFEAFF288318F2011F026FE53A1982068
:1055400011F022FE0320FCF7C8FC29480078002156
:10555000284B08330A46CDE9001005218420FCF7CA
:1055600043FA254800780021224B0A330A46CDE948
:10557000001005219420FCF737FA3A480078002102
:105580001C4B0C330222CDE9001004218C20FCF7C7
:105590002BFA00201A4908701A480078012809D10E
:1055A0000220184908700020174908701749088020
:1055B0001749087013480078022871D115480078FF
:1055C00001286FD100210B480830F0F757F9044645
:1055D000114801882046EFF7F9FFD1E0A3A8D6F7DC
:1055E000BBFAB2CECAFDA3A1A3A1A3A900000000EB
:1055F00049030020D20400204A0300202E0A002084
:10560000690300204A000020630100206601002099
:10561000620100206C0100204E0000205E0300208B
:1056200044030020420300202020D6F7BBFACAB171
:10563000BCE4D1B9C1A6202000000000D6F7C6F412
:105640003154696D00000000484D0000D6F7CDA32D
:105650003154696D00000000D6F73120D1B9C1A6E0
:10566000000000004B030020D6F7C6F43254696DE9
:1056700000000000D6F7CDA33254696D0000000091
:10568000D6F73220D1B9C1A600000000A3A8D6F7F2
:10569000BBFACAB1BCE4B6CE474EA3A900000000D5
:1056A0001FE0FFE7F948007802280AD10021F848F6
:1056B000F0F7E4F80446F74801882046EFF786FF44
:1056C0005EE0F248007803285AD10021F048801C9F
:1056D000F0F7D4F80446EF4801882046EFF776FF4C
:1056E0004EE0ED48007800284AD1EC4800780228C6
:1056F00002D1FCF79CF81CBDE4480078032802DDC9
:105700000020E2490870E148007888B90120DF49AB
:1057100008700020E2490870E2490880E2490870F8
:10572000DE480078012803D10220DC490870E2E756
:10573000D6480078012809D10021D548801EF0F70D
:105740009DF804460121EFF746FE19E0CF480078A6
:10575000022808D10021CE48F0F790F80446012134
:10576000EFF739FE0CE0C9480078032808D1002182
:10577000C748801CF0F782F804460121EFF72BFEA2
:1057800000BFB8E71CB5C9480088C94909888842E4
:1057900025D0C7480088C5490880FCF730F8C5A166
:1057A000802011F0F1FCAFF26011872011F0ECFCC9
:1057B000C3A1902011F0E8FCAFF27411972011F012
:1057C000E3FCC2A1882011F0DFFCAFF220618F2042
:1057D00011F0DAFCAFF24C11982011F0D5FC032047
:1057E000FCF77BFBBC4800780021A94B1B1D0A4637
:1057F000CDE9001005218420FCF7F6F8B7480078C1
:105800000021A34B9B1D0A46CDE9001005219420E1
:10581000FCF7EAF8B248007800219D4B08330222D9
:10582000CDE9001004218C20FCF7DEF80020AD4902
:10583000087099480078012809D10220964908701B
:105840000020974908709749088097490870924846
:10585000007802282FD18D48007801280BD1002133
:105860008B48001DF0F70AF804468A480188204654
:10587000EFF7ACFE6FE08548007802280BD10021DD
:105880008348801DEFF7FAFF0446824801882046CE
:10589000EFF79CFE5FE07D48007803285BD1002194
:1058A0007B480830EFF7EAFF04467A480188204633
:1058B000EFF78CFE4FE07848007800284BD177480E
:1058C0000078022802D1FBF7B2FF1CBD6F480078B8
:1058D000032802DD00206D4908706C48007888B903
:1058E00001206A49087000206D4908706D490880E0
:1058F0006D49087069480078012803D10220674982
:105900000870E2E761480078012809D10021604869
:10591000001DEFF7B3FF04460121EFF75CFD1AE02D
:105920005A480078022809D100215948801DEFF714
:10593000A5FF04460121EFF74EFD0CE05348007827
:10594000032808D1002152480830EFF797FF04469A
:105950000121EFF740FD00BFB7E71CB553480088B1
:1059600053490988884225D0514800884F4908800A
:10597000FBF745FF5CA1802011F006FCAFF2383147
:10598000872011F001FC5BA1902011F0FDFBAFF22C
:105990004831972011F0F8FB59A1882011F0F4FB51
:1059A000AFF2F8718F2011F0EFFBAFF220319820A9
:1059B00011F0EAFB0320FCF790FA47480078002139
:1059C000334B0A330A46CDE9001005218420FCF749
:1059D0000BF84248007800212D4B0C330A46CDE9E4
:1059E000001005219420FBF7FFFF3D4800780021BF
:1059F000274B0E330222CDE9001004218C20FBF747
:105A0000F3FF00203749087023480078012809D1A6
:105A1000022021490870002021490870214908808E
:105A2000214908701C480078022870D11748007876
:105A300001280BD1002116480A30EFF71FFF04465A
:105A4000144801882046EFF7C1FDAFE00F48007809
:105A500002280BD100210E480C30EFF70FFF04464F
:105A60000C4801882046EFF7B1FD9FE00748007819
:105A700003280AD1002106480E30EFF7FFFE044646
:105A8000044801882046EFF7A1FD8FE06C0100205B
:105A9000DC0400204E0000204A0000205E030020AD
:105AA0006301002066010020620100204403002001
:105AB00042030020D6F7C6F43354696D000000009D
:105AC000D6F7CDA33354696D00000000D6F733201C
:105AD000D1B9C1A600000000490300204A030020FC
:105AE0004B03002069030020D6F7C6F43454696DD7
:105AF00000000000D6F7CDA33454696D000000000B
:105B0000D6F73420D1B9C1A600000000FFE7F7485E
:105B1000007800284AD1F6480078022802D1FBF725
:105B200086FE1CBDF3480078032802DD0020F14901
:105B30000870F048007888B90120EE49087000200C
:105B4000ED490870ED490880ED490870E848007893
:105B5000012803D10220E6490870E2E7E548007811
:105B6000012808D10021E748EFF788FE044601210B
:105B7000EFF731FC1AE0DF480078022809D1002154
:105B8000E048801CEFF77AFE04460121EFF723FC82
:105B90000CE0D8480078032808D10021D948001D1E
:105BA000EFF76CFE04460121EFF715FC00BFB8E7E4
:105BB0001CB5D5480088D5490988884229D0D348E2
:105BC0000088D1490880FBF71AFED1A1802011F08E
:105BD000DBFAAFF62821872011F0D6FACFA190206A
:105BE00011F0D2FAAFF63C21972011F0CDFACEA1F8
:105BF000882011F0C9FAAFF624218F2011F0C4FAE1
:105C0000CCA1982011F0C0FAAFF638219F2011F0F6
:105C1000BBFA0420FCF761F9C94800780021B94BB0
:105C2000923B0222CDE9001004218420FBF7DCFE28
:105C3000C44800780021B34B903B0222CDE900100C
:105C400004219420FBF7D0FEBF4800780021AD4B23
:105C50008E3B0A46CDE9001005218C20FBF7C4FEDF
:105C6000BA4800780021A74B8C3B0A46CDE90010CA
:105C700005219C20FBF7B8FE0020B54908709B4821
:105C80000078012809D102209849087000209A491B
:105C900008709A4908809A49087094480078022848
:105CA0003FD19448007801280BD1002195489238C3
:105CB000EFF7E4FD0446A74801882046EFF786FC8D
:105CC0008DE08C48007802280BD100218D48903857
:105CD000EFF7D4FD04469F4801882046EFF776FC95
:105CE0007DE08448007803280BD1002185488E3858
:105CF000EFF7C4FD0446974801882046EFF766FC9D
:105D00006DE07C480078042869D100217D488C38FA
:105D1000EFF7B4FD04468F4801882046EFF756FCA4
:105D20005DE072480078002859D171480078022857
:105D300002D1FBF77CFD1CBD6E480078042802DD13
:105D400000206C4908706B48007888B901206949C7
:105D50000870002068490870684908806849087020
:105D600063480078012803D1022061490870E2E706
:105D700060480078012809D1002162489238EFF785
:105D80007DFD04460121EFF726FB28E05948007805
:105D9000022809D100215B489038EFF76FFD0446D7
:105DA0000121EFF718FB1AE052480078032809D1C7
:105DB000002154488E38EFF761FD04460121EFF7CA
:105DC0000AFB0CE04B480078042808D100214D481C
:105DD0008C38EFF753FD04460121EFF7FCFA00BFC2
:105DE000A9E71CB54848008848490988884221D05D
:105DF0004648008844490880FBF701FD56A18020F1
:105E000011F0C2F957A1872011F0BEF956A19020D8
:105E100011F0BAF957A1972011F0B6F956A18820D0
:105E200011F0B2F957A18F2011F0AEF95649982020
:105E300011F0AAF90320FCF750F84148007800213E
:105E4000304B303B0322CDE9001004218420FBF7C6
:105E5000CBFD3C48007800212A4B2E3B0322CDE9A4
:105E6000001004219420FBF7BFFD37480078002183
:105E7000244B2C3B0322CDE9001004218C20FBF79E
:105E8000B3FD00203249087018480078012809D174
:105E90000220164908700020174908701749088029
:105EA000174908701148007802287FD111480078FE
:105EB00001280BD1002113483038EFF7DFFC0446EE
:105EC000244801882046EFF781FBBEE009480078AE
:105ED00002285CD100210B482E38EFF7CFFC044696
:105EE0001C4801882046EFF771FBAEE04A00002015
:105EF0005E0300206C010020630100206601002089
:105F000062010020E6040020440300204203002038
:105F1000D3D0CBAEBFAAD1B900000000CEDECBAE4D
:105F2000CDA3D1B900000000D3D0CBAED1D3CAB13C
:105F300000000000CEDECBAED1D3CAB1000000001D
:105F4000490300204A0300204B0300204C0300209B
:105F5000690300204E00002050494453B1C8C0FDE1
:105F6000000000002020000050494453B2C9D1F97C
:105F700000000000C3EB000050494453BBFDB7D6FE
:105F800000000000B7D600000C3101080EE0F9480F
:105F90000078032859D10021F748EFF76FFC044639
:105FA000F64801882046EFF711FB4EE0F4480078F0
:105FB00000284AD1F3480078022802D1FBF737FCC9
:105FC0001CBDEC480078032802DD0020E949087078
:105FD000E848007888B90120E64908700020EA49BD
:105FE0000870EA490880EA490870E6480078012804
:105FF00003D10220E3490870E2E7DE480078012877
:1060000009D10021DC48001FEFF738FC04460121CC
:10601000EFF7E1F919E0D7480078022809D100210B
:10602000D548801EEFF72AFC04460121EFF7D3F98B
:106030000BE0D0480078032807D10021CE48EFF7C5
:106040001DFC04460121EFF7C6F900BFB8E71CB5F7
:10605000D0480088D0490988884224D0CE4800889A
:10606000CC490880FBF7CBFBCCA1802011F08CF849
:10607000AFF21011872011F087F8CBA1902011F01A
:1060800083F8AFF21011972011F07EF8C9A1882093
:1060900011F07AF8AFF214118F2011F075F8C84999
:1060A000982011F071F80320FBF717FFC54800781E
:1060B0000021B14B8C330322CDE900100421842050
:1060C000FBF792FCC04800780021AB4B8E330322D3
:1060D000CDE9001004219420FBF786FCBB48007832
:1060E0000021A54B90330322CDE9001004218C2020
:1060F000FBF77AFC0020B6490870A1480078012817
:1061000009D102209E49087000209F4908709F49CC
:1061100008809F4908709A48007802282FD1954836
:10612000007801280BD1002193488C30EFF7A6FBB3
:106130000446924801882046EFF748FA6FE08D4800
:10614000007802280BD100218B488E30EFF796FBA8
:1061500004468A4801882046EFF738FA5FE0854810
:10616000007803285BD1002183489030EFF786FB4D
:106170000446824801882046EFF728FA4FE080481D
:10618000007800284BD17F480078022802D1FBF725
:106190004EFB1CBD77480078032802DD00207549BE
:1061A00008707448007888B901207249087000208E
:1061B00075490870754908807549087071480078FC
:1061C000012803D102206F490870E2E7694800788E
:1061D000012809D1002168488C30EFF74FFB0446B5
:1061E0000121EFF7F8F81AE062480078022809D197
:1061F000002161488E30EFF741FB04460121EFF7A3
:10620000EAF80CE05B480078032808D100215A48DE
:106210009030EFF733FB04460121EFF7DCF800BFC5
:10622000B7E71CB55B4800885B490988884229D0DC
:106230005948008857490880FBF7E1FA65A180209A
:1062400010F0A2FFAFF2E421872010F09DFF64A1BF
:10625000902010F099FFAFF2F421972010F094FFF6
:1062600062A1882010F090FFAFF208318F2010F06B
:106270008BFF61A1982010F087FFAFF218319F20AB
:1062800010F082FF0420FBF728FE4E480078002122
:10629000394B12330A46CDE9001005218420FBF763
:1062A000A3FB494800780021334B14330A46CDE95B
:1062B000001005219420FBF797FB4448007800214B
:1062C0002D4B42330A46CDE9001005218C20FBF707
:1062D0008BFB4C4800780021274B44330A46CDE91C
:1062E000001005219C20FBF77FFB00203849087037
:1062F00023480078012809D1022021490870002094
:106300002149087021490880214908701C480078FB
:10631000022879D11748007801280BD100211648AE
:106320001230EFF7ABFA0446144801882046EFF725
:106330004DF9D6E00F48007802280BD100210E4815
:106340001430EFF79BFA04460C4801882046EFF71B
:106350003DF9C6E007480078032856D100210648D9
:106360004230EFF78BFA0446044801882046EFF7E5
:106370002DF9B6E06C010020BA0400204E00002088
:106380004A0000205E030020630100206601002017
:106390006201002044030020420300205049445879
:1063A000B1C8C0FD0000000050494458B2C9D1F93D
:1063B0000000000050494458BBFDB7D60000000063
:1063C0000C310108490300204A0300204B03002040
:1063D00069030020BDF8CBAEC0E0D0CD00000000C6
:1063E000B3F6CBAEC0E0D0CD00000000BDF8CBAE20
:1063F000B3F5D6B500000000B3F6CBAEB3F5D6B515
:10640000000000004C0300200EE0F648007804284D
:1064100067D10021F448EFF731FA0446F3480188C8
:106420002046EFF7D3F85CE0F1480078002858D117
:10643000F0480078022802D1FBF7F9F91CBDE948C1
:106440000078042802DD0020E6490870E54800785D
:1064500088B90120E34908700020E7490870E7493E
:106460000880E7490870E3480078012803D102203A
:10647000E0490870E2E7DB480078012809D10021F3
:10648000D9483238EFF7FAF904460121EEF7A3FFB5
:1064900027E0D4480078022809D10021D2483038BA
:1064A000EFF7ECF904460121EEF795FF19E0CD482E
:1064B0000078032809D10021CB48801EEFF7DEF9D0
:1064C00004460121EEF787FF0BE0C6480078042858
:1064D00007D10021C448EFF7D1F904460121EEF7B6
:1064E0007AFF00BFAAE71CB5C6480088C6490988DC
:1064F000884222D0C4480088C2490880FBF77FF94F
:10650000C2A1802010F040FEAFF2A851872010F009
:106510003BFEC1A1902010F037FEC2A1972010F0E1
:1065200033FEC1A1882010F02FFEC2A18F2010F0F1
:106530002BFEC1A1982010F027FE0320FBF7CDFC15
:10654000C24800780021A84B2E3B0A46CDE9001036
:1065500005218520FBF748FABD4800780021A24BB1
:10656000803B0322CDE9001004219420FBF73CFA84
:10657000B848007800219C4B9A330A46CDE90010B8
:1065800005218C20FBF730FA0020B34908709848A9
:106590000078012809D10220954908700020964909
:1065A000087096490880964908709148007802283A
:1065B0002FD18C48007801280BD100218A482E3831
:1065C000EFF75CF90446894801882046EEF7FEFFA4
:1065D0006FE08448007802280BD10021824880387F
:1065E000EFF74CF90446814801882046EEF7EEFFAC
:1065F0005FE07C48007803285BD100217A489A301C
:10660000EFF73CF90446794801882046EEF7DEFFB3
:106610004FE07748007800284BD176480078022870
:1066200002D1FBF704F91CBD6E480078032802DD97
:1066300000206C4908706B48007888B901206949CE
:10664000087000206C4908706C4908806C4908701B
:1066500068480078012803D1022066490870E2E703
:1066600060480078012809D100215F482E38EFF7F3
:1066700005F904460121EEF7AEFE1AE0594800780C
:10668000022809D1002158488038EFF7F7F804466E
:106690000121EEF7A0FE0CE052480078032808D153
:1066A000002151489A30EFF7E9F804460121EEF74E
:1066B00092FE00BFB7E71CB55248008852490988CE
:1066C000884222D0504800884E490880FBF797F84E
:1066D00062A1802010F058FDAFF27871872010F091
:1066E00053FD62A1902010F04FFD63A1972010F0A0
:1066F0004BFD62A1882010F047FD5FA18F2010F0B4
:1067000043FD61A1982010F03FFD0320FBF7E5FB5E
:106710004E4800780021344B10330A46CDE9001072
:1067200001218720FBF760F94948007800212E4BB2
:10673000383B0A46CDE9001005219420FBF754F9B7
:10674000444800780021284B363B0A46CDE900102A
:1067500005218C20FBF748F900203F4908702448A8
:106760000078012809D1022021490870002022491F
:10677000087022490880224908701D4800780228C4
:106780002FD11848007801280BD10021164810306D
:10679000EFF774F80446154801882046EEF716FF17
:1067A000CBE01048007802280BD100210E48383881
:1067B000EFF764F804460D4801882046EEF706FF1F
:1067C000BBE00848007803280AD100210648363883
:1067D000EFF754F80446054801882046EEF7F6FE28
:1067E000ABE05BE06C010020FE0400204E000020C6
:1067F0004A0000205E0300206301002066010020A3
:10680000620100204403002042030020C8EDBCFECA
:10681000B3ACD1B9456E0000B3ACD1B9C6ABB2EEE2
:10682000000000004D700000B3ACD1B9D1D3CAB1A3
:10683000000000004D530000A3A8C8EDBCFEB3AC9F
:10684000D1B9B9A6C4DCA3A9000000004903002007
:106850004A0300204B03002069030020BDF8CBAEA3
:10686000D1B9B8DFBDDAC4DC456E0000CDA3BBFAF8
:10687000D1D3CAB10000000020530000BFAABBFA68
:10688000D1D3CAB100000000A3A8BDF8CBAEB8DFD9
:10689000BDDAC4DC474EA3A900000000FE48007822
:1068A00000284AD1FD480078022802D1FAF7BFFF3C
:1068B0001CBDFB480078032802DD0020F849087061
:1068C000F748007888B90120F54908700020F5499B
:1068D0000870F5490880F5490870F04800780128EB
:1068E00003D10220ED490870E2E7ED480078012865
:1068F00008D10021EE48EEF7C1FF04460121EEF772
:106900006AFD1AE0E6480078022809D10021E8482B
:106910004838EEF7B3FF04460121EEF75CFD0CE0CA
:10692000DF480078032808D10021E1484638EEF717
:10693000A5FF04460121EEF74EFD00BFB8E71CB5E8
:10694000DC480088DC49098888421FD0DA48008882
:10695000D8490880FAF753FFD8A1802010F014FC22
:10696000AFF60021872010F00FFCD8A1902010F086
:106970000BFCAFF2FC01972010F006FCD6498820F2
:1069800010F002FCD5A1982010F0FEFB0220FBF7CE
:10699000A4FAD74800780021C54B9B1C0A46CDE9D4
:1069A000001001218720FBF71FF8D2480078002152
:1069B000BF4B1B1F0A46CDE9001005219420FBF7B1
:1069C00013F80020CC490870B3480078012809D199
:1069D0000220B14908700020B2490870B24908800D
:1069E000B2490870AC48007802281FD1AC48007842
:1069F00001280BD10021AE48801CEEF73FFF044672
:106A0000BE4801882046EEF7E1FD51E0A448007839
:106A100002284DD10021A648001FEEF72FFF0446A3
:106A2000B64801882046EEF7D1FD41E09A4800784B
:106A300000283DD199480078022802D1FAF7F7FEE4
:106A40001CBD97480078022802DD00209449087098
:106A50009348007888B90120914908700020914935
:106A6000087091490880914908708C480078012885
:106A700003D1022089490870E2E78948007801289B
:106A800009D100218A48801CEEF7F8FE0446012156
:106A9000EEF7A1FC0CE082480078022808D1002122
:106AA0008348001FEEF7EAFE04460121EEF793FC4F
:106AB00000BFC5E71CB57F4800887F490988884228
:106AC0001AD07D4800887B490880FAF798FE8CA18F
:106AD000802010F059FBAFF66431872010F054FB92
:106AE0007D49902010F050FB7B49882010F04CFB32
:106AF00086A1982010F048FB0120FBF7EEF97C48B6
:106B0000007800216A4B58330A46CDE90010052170
:106B10008420FAF769FF0020774908705E48007802
:106B2000012809D102205C49087000205D490870E5
:106B30005D4908805D4908705748007802280FD1E8
:106B40005748007801283ED1002159485830EEF7C7
:106B500095FE0446694801882046EEF737FD32E08D
:106B60004D48007878BB4D480078022802D1FAF7EA
:106B70005EFE1CBD4A480078012802DD002048491D
:106B800008704748007888B90120454908700020FE
:106B90004449087044490880444908703F480078D7
:106BA000012803D102203D490870E2E73C48007803
:106BB000012808D100213E485830EEF75FFE044618
:106BC0000121EEF708FC00BFD3E71CB53948008867
:106BD0003949098888421ED03748008835490880DD
:106BE000FAF70DFE4EA1802010F0CEFAAFF68C41E0
:106BF000872010F0C9FA4DA1902010F0C5FA4EA1DF
:106C0000972010F0C1FA3449882010F0BDFA4BA14A
:106C1000982010F0B9FA0220FBF75FF934480078A9
:106C20000021234B94330A46CDE90010052184202E
:106C3000FAF7DAFE2F48007800211D4B9833012225
:106C4000CDE9001004219420FAF7CEFE00202A4955
:106C5000087011480078012809D102200E490870F7
:106C600000201049087010490880104908700A482F
:106C7000007802287CD10A480078012869D10021D7
:106C80000B489430EEF7FAFD04461C480188204674
:106C9000EEF79CFCADE06BE04A0000205E030020B4
:106CA0006C010020630100206601002062010020C9
:106CB0000E0500204403002042030020BDF8CBAEA7
:106CC000D1B9B8DFB1A3BBA4456E0000B1A3BBA48A
:106CD000D1D3CAB1000000000C310108A3A8BDF84F
:106CE000CBAEB8DFB1A3BBA4474EA3A90000000000
:106CF000490300204A030020690300204E000020C1
:106D0000B1EDBBB5D1D3CAB100000000A3A8D1B981
:106D1000C1A6B4ABB8D0BBB5474EA3A900000000D4
:106D2000C8EDCDA3CAB9C4DC00000000C3BFC3EBEB
:106D3000BCF5C6B500000000487A0000A3A8C9E869
:106D4000B1B8C8EDCDA3B9A6C4DCA3A9000000006A
:106D5000FFE7F848007802284BD10021F648EEF70B
:106D60008DFD0446F54801882046EEF72FFC40E0F3
:106D7000F348007800283CD1F2480078022802D17C
:106D8000FAF755FD1CBDEB480078022802DD002013
:106D9000E8490870E748007888B90120E54908709B
:106DA0000020E9490870E9490880E9490870E54888
:106DB0000078012803D10220E2490870E2E7DD48AB
:106DC0000078012809D10021DB48001FEEF756FDAD
:106DD00004460121EEF7FFFA0BE0D64800780228BE
:106DE00007D10021D448EEF749FD04460121EEF712
:106DF000F2FA00BFC6E71CB5D6480088D649098814
:106E0000884229D0D4480088D2490880FAF7F7FC94
:106E1000D2A1802010F0B8F9AFF6B861872010F049
:106E2000B3F9D1A1902010F0AFF9AFF2086197202B
:106E300010F0AAF9CFA1882010F0A6F9AFF208113E
:106E40008F2010F0A1F9CEA1982010F09DF9AFF29B
:106E500018119F2010F098F90420FBF73EF8CB485A
:106E600000780021B44B0C3B0A46CDE90010032109
:106E70008520FAF7B9FDC64800780021AE4B9B1F6C
:106E80000322CDE9001004219420FAF7ADFDC1489A
:106E900000780021A84B0A3B0122CDE90010042113
:106EA0008C20FAF7A1FDBC4800780021A24B083BDA
:106EB0000122CDE9001004219C20FAF795FD002065
:106EC000B64908709E480078012809D102209C49E3
:106ED000087000209C4908709C4908809C490870F3
:106EE0009748007802283FD19248007801280BD1BA
:106EF000002191480C38EEF7C1FC04468F48018808
:106F00002046EEF763FB8DE08A48007802280BD11B
:106F100000218948801FEEF7B1FC044687480188AC
:106F20002046EEF753FB7DE08248007803280BD122
:106F3000002181480A38EEF7A1FC04467F48018809
:106F40002046EEF743FB6DE07A480078042869D1CB
:106F5000002179480838EEF791FC0446774801880B
:106F60002046EEF733FB5DE075480078002859D1E4
:106F700074480078022802D1FAF759FC1CBD6D480C
:106F80000078042802DD00206A490870694800780A
:106F900088B901206749087000206B4908706B4967
:106FA00008806B49087067480078012803D10220E7
:106FB00064490870E2E75F480078012809D10021A0
:106FC0005D480C38EEF75AFC04460121EEF703FA4F
:106FD00028E058480078022809D100215648801F2F
:106FE000EEF74CFC04460121EEF7F5F91AE05148A2
:106FF0000078032809D100214F480A38EEF73EFCFB
:1070000004460121EEF7E7F90CE04A48007804282D
:1070100008D1002148480838EEF730FC0446012129
:10702000EEF7D9F900BFA9E71CB54A4800884A49DC
:107030000988884228D04848008846490880FAF7DD
:10704000DEFB57A1802010F09FF858A1872010F098
:107050009BF857A1902010F097F8AFF224319720B9
:1070600010F092F855A1882010F08EF8AFF64C0180
:107070008F2010F089F854A1982010F085F8AFF611
:1070800008019F2010F080F80420FAF726FF3F48FF
:10709000007800214F4B0A46CDE9001005218420DD
:1070A000FAF7A2FC3A48007800214A4B1B1D012246
:1070B000CDE9001004219420FAF796FC35480078B9
:1070C0000021444B0C330322CDE9001004218C2015
:1070D000FAF78AFC3048007800213E4B0E330A460E
:1070E000CDE9001005219C20FAF77EFC00202B49F9
:1070F000087013480078012809D10220104908704F
:1071000000201149087011490880114908700C4885
:10711000007802286FD10748007801285CD100214F
:107120002C48EEF7ABFB0446044801882046EEF7F6
:107130004DFADEE06C010020A60500204E00002084
:107140004A0000205E030020630100206601002049
:10715000620100204403002042030020BDF8CBAEB2
:10716000CFDEC6B5456E0000BDF8C9E8B6A8D1B9F6
:1071700000000000C3BFC3EBBDB5C6B500000000F2
:10718000D7EEB5CDC6B5C2CA000000004903002045
:107190004A0300204B0300204C0300206903002019
:1071A000D0A14C4CCAB9C4DC000000002020000073
:1071B000D0A14C4CC6B5C2CA00000000BAE3D1B998
:1071C000C6ABB2EE00000000BAE3D1B9D1D3CAB168
:1071D0000000000092040020FE48007802280BD135
:1071E0000021FD48EEF74AFB0446FC480188204692
:1071F000EEF7ECF97DE01FE0F648007803280BD1AC
:107200000021F5480830EEF739FB0446F3480188C1
:107210002046EEF7DBF96CE0EE480078042868D1F0
:107220000021ED480A30EEF729FB0446EB480188BF
:107230002046EEF7CBF95CE0E9480078002858D109
:10724000E8480078022802D1FAF7F1FA1CBDE148BB
:107250000078042802DD0020DE490870DD4800784F
:1072600088B90120DB4908700020DF490870DF4938
:107270000880DF490870DB480078012803D102202C
:10728000D8490870E2E7D3480078012809D10021E5
:10729000D148001FEEF7F2FA04460121EEF79BF801
:1072A00027E0CC480078022808D10021CA48EEF730
:1072B000E5FA04460121EEF78EF81AE0C548007899
:1072C000032809D10021C4480830EEF7D7FA044654
:1072D0000121EEF780F80CE0BE480078042808D1C0
:1072E0000021BD480A30EEF7C9FA04460121EEF745
:1072F00072F800BFAAE71CB5BE480088BE490988DD
:10730000884229D0BC480088BA490880FAF777FA41
:10731000BAA180200FF038FFAFF6F82187200FF0D8
:1073200033FFB9A190200FF02FFFAFF6B4219720C3
:107330000FF02AFFB7A188200FF026FFAFF6C82173
:107340008F200FF021FFB6A198200FF01DFFAFF6A0
:10735000D8219F200FF018FF0320FAF7BEFDB34895
:10736000007800219C4B9B1E0222CDE900100421D5
:107370008420FAF739FBAE4800780021964B1B1D9C
:107380000A46CDE9001005219420FAF72DFBA94803
:1073900000780021904BD8330A46CDE90010052132
:1073A0008C20FAF721FB00200121A34B0246CDE9F6
:1073B000001003219D20FAF717FB00209F49087059
:1073C00087480078012809D10220854908700020EB
:1073D000854908708549088085490870804800788B
:1073E00002283ED17B48007801280BD100217A4841
:1073F000801EEEF743FA0446784801882046EEF7EF
:10740000E5F88BE07348007802280BD10021724820
:10741000001DEEF733FA0446704801882046EEF767
:10742000D5F87BE06B48007803280BD100216A482F
:10743000D830EEF723FA0446684801882046EEF774
:10744000C5F86BE063480078042867D101217A48C9
:10745000EEF714FA0446614801882046EEF7B6F8C4
:107460005CE05F480078002858D15E480078022828
:1074700002D1FAF7DCF91CBD56480078042802DD79
:107480000020544908705348007888B901205149B8
:107490000870002054490870544908805449087005
:1074A00050480078012803D102204E490870E2E7D5
:1074B00048480078012809D100214748801EEEF78E
:1074C000DDF904460121EDF786FF27E04148007809
:1074D000022809D100214048001DEEF7CFF90446EB
:1074E0000121EDF778FF19E03A480078032809D127
:1074F00000213948D830EEF7C1F904460121EDF7F3
:107500006AFF0BE033480078042807D101214A487C
:10751000EEF7B4F904460121EDF75DFF00BFAAE7DD
:107520001CB53448008834490988884228D032483C
:10753000008830490880FAF762F941A180200FF0F5
:1075400023FE42A187200FF01FFE41A190200FF0E3
:107550001BFEAFF2A83197200FF016FE3FA1882046
:107560000FF012FEAFF644518F200FF00DFE3EA13A
:1075700098200FF009FEAFF640019F200FF004FEA7
:107580000420FAF7AAFC294800780021124B9B1C22
:107590000A46CDE9001005218420FAF725FA24488F
:1075A000007800210C4B6A330A46CDE90010032114
:1075B0009520FAF719FA1F4800780021064B9B1D09
:1075C0000322CDE9001004218C20FAF70DFA294896
:1075D000007851E06C010020960400204E0000204D
:1075E0004A0000205E0300206301002066010020A5
:1075F000620100204403002042030020D0A14C4C33
:10760000D1B9C1A600000000D0A14C4CBCE4B8F434
:1076100000000000D0A14C4CC6C6BBB50000000065
:10762000D0A14C4CBAE3D1B95F72000049030020ED
:107630004A0300204B0300205C080020690300205F
:10764000D0A14C4CC9CFC9FD00000000C3EB000025
:10765000B2BBBAE3D1B92D31456E0000CDCBB3F644
:10766000C6ABB2EE00000000C3BFC3EBD4F6C6B594
:10767000000000004C0300200021FE4B0122CDE958
:10768000001004219C20FAF7AFF90020FA49087095
:10769000FA480078012809D10220F8490870002032
:1076A000F7490870F7490880F7490870F3480078EF
:1076B00002283CD1F548007801280AD10021F4487D
:1076C000EEF7DCF80446F34801882046EDF77EFF2C
:1076D0000EE0EE48007802280AD10021EC4868301C
:1076E000EEF7CCF80446EB4801882046EDF76EFF34
:1076F000E648007803280BD10021E548001DEEF78D
:10770000BDF80446E34801882046EDF75FFF69E0D5
:10771000DE480078042865D10021D648EEF7AEF89F
:107720000446DC4801882046EDF750FF5AE0D34874
:107730000078002856D1D8480078022802D1FAF7FC
:1077400076F81CBDD1480078042802DD0020CF491E
:107750000870CE48007888B90120CC490870002014
:10776000C7490870C7490880C7490870CA480078E7
:10777000012803D10220C8490870E2E7C348007815
:10778000012808D10021C248EEF778F8044601210B
:10779000EDF721FE0CE0BD480078022808D1002159
:1077A000BB486830EEF76AF804460121EDF713FE96
:1077B000B6480078032809D10021B548001DEEF72E
:1077C0005DF804460121EDF706FE0BE0AF480078B6
:1077D000042807D10021A748EEF750F804460121FC
:1077E000EDF7F9FD00BFACE71CB5AC480088AC492B
:1077F0000988884229D0AA480088A8490880F9F752
:10780000FEFFA8A180200FF0BFFCAFF260618720CF
:107810000FF0BAFCA6A190200FF0B6FCAFF2746195
:1078200097200FF0B1FCA5A188200FF0ADFCAFF2BE
:1078300084618F200FF0A8FCA3A198200FF0A4FC76
:10784000AFF60C319F200FF09FFC0420FAF745FBA8
:10785000A048007800218E4B84330A46CDE9001001
:1078600005218420FAF7C0F89B4800780021884B56
:1078700082330A46CDE9001005219420FAF7B4F8C6
:10788000964800780021824B7E330A46CDE90010ED
:1078900005218C20FAF7A8F89148007800217C4B4C
:1078A000363B0122CDE9001004219C20FAF79CF818
:1078B00000207149087071480078012809D1022020
:1078C0006E49087000206E4908706E4908806E4944
:1078D00008706A48007802283FD16C480078012877
:1078E0000BD100216A488430EDF7C8FF044669488F
:1078F00001882046EDF76AFE8DE064480078022892
:107900000BD1002162488230EDF7B8FF0446614890
:1079100001882046EDF75AFE7DE05C480078032898
:107920000BD100215A487E30EDF7A8FF0446594894
:1079300001882046EDF74AFE6DE05448007804289F
:1079400069D1002152483638EDF798FF0446514876
:1079500001882046EDF73AFE5DE0484800780028AF
:1079600059D14D480078022802D1F9F760FF1CBDBB
:1079700046480078042802DD002044490870434846
:10798000007888B901204149087000203C490870FE
:107990003C4908803C4908703F480078012803D1E1
:1079A00002203D490870E2E738480078012809D1F3
:1079B000002137488430EDF761FF04460121EDF7DF
:1079C0000AFD28E031480078022809D1002130481A
:1079D0008230EDF753FF04460121EDF7FCFC1AE07D
:1079E0002A480078032809D1002129487E30EDF784
:1079F00045FF04460121EDF7EEFC0CE0234800783A
:107A0000042808D1002122483638EDF737FF044614
:107A10000121EDF7E0FC00BFA9E71CB51F48008875
:107A20001F49098888427BD01D4800881B4908806F
:107A3000F9F7E5FE2BA180200FF0A6FB2CA18720F3
:107A40000FF0A2FB2BA190200FF09EFB28A1972006
:107A50000FF09AFB2AA188200FF096FBAFF6B40135
:107A60008F200FF091FB29A198200FF08DFBAFF62E
:107A7000C40152E0E2050020690300204A00002012
:107A80006301002066010020620100206C010020DB
:107A9000980400204E0000205E03002044030020D4
:107AA000420300204D6178204149D6B50000000016
:107AB0004D6178504944D6B5000000004D617820F2
:107AC0005666D6B500000000D7EED0A1C6B5C2CA32
:107AD00000000000490300204A0300204B0300205F
:107AE0004C030020BAE3D1B9B3A4D1D3CAB100008A
:107AF00020530000BCD3D1B9B6CCD1D3CAB1000059
:107B0000B1E4D1B9CFB5CAFD00000000BDF8CBAEDD
:107B1000C6ABB2EE0000000002E09F200FF034FB85
:107B20000420FAF7DAF9FE4800780021FD4B0A46F6
:107B3000CDE9001003218520F9F756FFFA480078B7
:107B40000021F84B9B1C0A46CDE90010032195202B
:107B5000F9F74AFFF54800780021F24B08330A464E
:107B6000CDE9001005218C20F9F73EFFF0480078A0
:107B70000021EC4B9B1D0A46CDE9001005219C20FD
:107B8000F9F732FF0020EB490870EB480078012834
:107B900009D10220E84908700020E8490870E84946
:107BA0000880E8490870E448007802283ED1E64899
:107BB000007801280AD10021DA48EDF75FFE04467B
:107BC000E24801882046EDF701FD8CE0DE480078B0
:107BD00002280BD10021D348801CEDF74FFE04464C
:107BE000DA4801882046EDF7F1FC7CE0D6480078C1
:107BF00003280BD10021CB480830EDF73FFE0446A7
:107C0000D24801882046EDF7E1FC6CE0CE480078D0
:107C1000042868D10021C348801DEDF72FFE0446DB
:107C2000CA4801882046EDF7D1FC5CE0C2480078E4
:107C3000002858D1C6480078022802D1F9F7F7FD8C
:107C40001CBDC1480078042802DD0020BE49087030
:107C5000BD48007888B90120BB4908700020B749A9
:107C60000870B7490880B7490870B94800780128FA
:107C700003D10220B6490870E2E7B3480078012832
:107C800008D10021A748EDF7F9FD04460121EDF7E1
:107C9000A2FB28E0AC480078022809D10021A148C5
:107CA000801CEDF7EBFD04460121EDF794FB1AE093
:107CB000A5480078032809D100219A480830EDF73B
:107CC000DDFD04460121EDF786FB0CE09E480078BF
:107CD000042808D100219348801DEDF7CFFD04460C
:107CE0000121EDF778FB00BFAAE71CB59948008891
:107CF00099490988884224D0974800889549088086
:107D0000F9F77DFD95A180200FF03EFAAFF66431C2
:107D100087200FF039FA94A190200FF035FAAFF6D2
:107D2000E87197200FF030FA924988200FF02CFA72
:107D300091A198200FF028FAAFF690319F200FF014
:107D400023FA0220FAF7C9F8754800780021754B2C
:107D50007C3B0A46CDE9001005218420F9F744FE5A
:107D60007148007800216F4B7A3B0122CDE9001069
:107D700004219420F9F738FE00206E4908706E48FF
:107D80000078012809D102206B49087000206B4956
:107D900008706B4908806B490870674800780228B2
:107DA0001FD16948007801280BD100215D487C383B
:107DB000EDF764FD0446654801882046EDF706FCB2
:107DC00051E06148007802284DD1002155487A38A9
:107DD000EDF754FD04465D4801882046EDF7F6FBBB
:107DE00041E05548007800283DD1594800780228E4
:107DF00002D1F9F71CFD1CBD53480078022802DDB2
:107E00000020514908705048007888B901204E4937
:107E1000087000204949087049490880494908709C
:107E20004B480078012803D1022049490870E2E755
:107E300045480078012809D100213A487C38EDF7FF
:107E40001DFD04460121EDF7C6FA0CE03E4800781E
:107E5000022808D1002133487A38EDF70FFD044697
:107E60000121EDF7B8FA00BFC5E71CB53948008815
:107E700039490988884226D0374800883549088022
:107E8000F9F7BDFC40A180200FF07EF9AFF6E44188
:107E900087200FF079F940A190200FF075F941A1EA
:107EA00097200FF071F940A188200FF06DF940A1E3
:107EB0008F200FF069F93FA198200FF065F939A1E3
:107EC0009F200FF061F90320FAF707F814480078B3
:107ED00000213B4B0A46CDE9001002218620F9F72C
:107EE00083FD114800780021354B983B0A46CDE9C7
:107EF000001003219520F9F777FD0C480078002148
:107F00002F4B34330A46CDE9001003218D20F9F7B9
:107F10006BFD002001212B4B0246CDE9001053E000
:107F200049030020020600204A0300204B030020E2
:107F30004C030020690300204A0000206301002058
:107F400066010020620100206C0100204E0000202C
:107F50005E0300204403002042030020B6A8C6B5FB
:107F6000C4A3CABD00000000B6A8C6B5C6B5C2CA43
:107F7000000000000C310108A3A8B4CBC4A3CABD03
:107F8000CAD6B6AFA3A90000BDF8CBAEC6ABB2EE61
:107F9000B1B6CAFD00000000B1E4C6B5B8B4CEBBAE
:107FA000CAFD0000B4CE0000B1E4C6B5B8B4CEBB83
:107FB000C3EB0000D2D1B1A8BEAFB4CECAFD000061
:107FC000020500205808002003219D20F9F70CFD30
:107FD0000020FE490870FE480078012809D10220DF
:107FE000FB4908700020FB490870FB490880FB49E9
:107FF0000870F748007802283DD1F9480078012838
:108000000AD10021F748EDF739FC0446F64801880B
:108010002046EDF7DBFA8AE0F148007802280BD120
:108020000021F0489838EDF729FC0446EE48018815
:108030002046EDF7CBFA7AE0E948007803280BD127
:108040000021E8483430EDF719FC0446E648018881
:108050002046EDF7BBFA6AE0E1480078042866D1D3
:108060000121E248EDF70AFC0446DF48018820467A
:10807000EDF7ACFA5BE0D6480078002857D1DC4831
:108080000078022802D1F9F7D2FB1CBDD448007851
:10809000042802DD0020D2490870D148007888B950
:1080A0000120CF4908700020CA490870CA490880D9
:1080B000CA490870CE480078012803D10220CC4973
:1080C0000870E2E7C6480078012808D10021C548B9
:1080D000EDF7D4FB04460121EDF77DF927E0C04818
:1080E0000078022809D10021BE489838EDF7C6FB78
:1080F00004460121EDF76FF919E0B948007803282B
:1081000009D10021B7483430EDF7B8FB044601210E
:10811000EDF761F90BE0B2480078042807D101219E
:10812000B248EDF7ABFB04460121EDF754F900BF6F
:10813000ABE71CB5AF480088AF490988884219D021
:10814000AD480088AB490880F9F759FBABA1802006
:108150000FF01AF8ACA190200FF016F8ADA188200E
:108160000FF012F8AEA18F200FF00EF8ADA19820FD
:108170000FF00AF80420F9F7B0FEAD4800780121AD
:108180009A4B6E330022CDE9001005218520F9F7C6
:108190002BFCA84800780121944B70330022CDE9D4
:1081A000001005219520F9F71FFCA3480078002155
:1081B0008C4B82330A46CDE9001005218C20F9F75B
:1081C00013FC9E4800780021864B8A330A46CDE98D
:1081D000001005219D20F9F707FC00207B4908705D
:1081E0007B480078012809D10220794908700020D5
:1081F0007849087078490880784908707448007890
:1082000002283FD17648007801280BD10121774818
:108210006E30EDF733FB0446734801882046EDF7D6
:10822000D5F98DE06E48007802280BD101216F4806
:108230007030EDF723FB04466B4801882046EDF7CC
:10824000C5F97DE06648007803280BD10021654818
:108250008230EDF713FB0446634801882046EDF7B2
:10826000B5F96DE05E480078042869D100215D48C9
:108270008A30EDF703FB04465B4801882046EDF7A2
:10828000A5F95DE052480078002859D15848007897
:10829000022802D1F9F7CBFA1CBD51480078042816
:1082A00002DD00204E4908704D48007888B9012051
:1082B0004B490870002047490870474908804749E2
:1082C00008704B480078012803D102204849087003
:1082D000E2E743480078012809D1012143486E3084
:1082E000EDF7CCFA04460121EDF775F828E03C489B
:1082F0000078022809D101213C487030EDF7BEFA20
:1083000004460121EDF767F81AE0354800780328A4
:1083100009D1002133488230EDF7B0FA044601213B
:10832000EDF759F80CE02E480078042808D1002118
:108330002C488A30EDF7A2FA04460121EDF74BF8FC
:1083400000BFA9E71CB52B4800882B490988884243
:108350001DD02948008827490880F9F750FA38A12C
:1083600080200EF011FF3B4990200EF00DFF3AA146
:1083700091200EF009FF3AA188200EF005FF354943
:1083800098200EF001FF34A199200EF0FDFE02208E
:10839000F9F7A3FD264800780021364B0A46CDE9BF
:1083A000001005219420F9F71FFB224800780021D6
:1083B000304B10330A46CDE9001005219C20F9F717
:1083C00013FB002001490870014855E069030020B3
:1083D0004A000020630100206601002062010020A5
:1083E0006C010020020500204E00002058080020EB
:1083F0005E0300204403002042030020D1A1D4F1F9
:10840000B2CECAFDCFEE000020202020B2CECAFDA1
:10841000D6B50000B0B4BCFCBCE4B8F40000000069
:108420004D530000B1E4C6B5BCF5B4CEC3EB0000BB
:10843000490300204A0300204B0300204C03002086
:10844000CBAED4B4C7D0BBBBCAB9C4DC3A20202061
:10845000000000000C31010828302D3129200000D7
:1084600044444620CAD6B6AFCAB9C4DC3A2020205C
:1084700000000000160600200078012809D1022023
:10848000FC4908700020FC490870FC490880FC4940
:108490000870F848007802281ED1FA4800780128B0
:1084A0000AD10021F848EDF7E9F90446F7480188B8
:1084B0002046EDF78BF850E0F248007802284CD1C6
:1084C0000021F1481030EDF7D9F90446EF48018852
:1084D0002046EDF77BF840E0E648007800283CD1E4
:1084E000EB480078022802D1F9F7A1F91CBDE54854
:1084F0000078022802DD0020E2490870E148007897
:1085000088B90120DF4908700020DB490870DB4989
:108510000880DB490870DE480078012803D102207A
:10852000DB490870E2E7D7480078012808D100212C
:10853000D548EDF7A3F904460121ECF74CFF0CE018
:10854000D0480078022808D10021CF481030EDF73C
:1085500095F904460121ECF73EFF00BFC6E71CB5C4
:10856000CC480088CC49098888421FD0CA48008876
:10857000C8490880F9F743F9C8A180200EF004FE2D
:10858000CB4990200EF000FEAFF2601197200EF064
:10859000FBFDC8A188200EF0F7FDC54998200EF01C
:1085A000F3FDAFF278119F200EF0EEFD0220F9F7F7
:1085B00094FCC54800780021B34B083B0A46CDE93E
:1085C000001005219320F9F70FFAC0480078002128
:1085D000AD4B9B1F0A46CDE9001005219B20F9F702
:1085E00003FA0020BA490870A2480078012809D18E
:1085F0000220A049087000209F4908709F49088008
:108600009F4908709B48007802281FD19D48007838
:1086100001280BD100219C480838EDF72FF90446BA
:108620009A4801882046ECF7D1FF51E09548007840
:1086300002284DD100219448801FEDF71FF9044610
:10864000924801882046ECF7C1FF41E08948007854
:1086500000283DD18E480078022802D1F9F7E7F8CA
:108660001CBD88480078022802DD0020854908707A
:108670008448007888B901208249087000207E492A
:1086800008707E4908807E4908708148007801287A
:1086900003D102207E490870E2E77A480078012879
:1086A00009D1002178480838EDF7E8F8044601219F
:1086B000ECF791FE0CE073480078022808D1002105
:1086C0007148801FEDF7DAF804460121ECF783FECC
:1086D00000BFC5E71CB56F4800886F49098888420C
:1086E0001DD06D4800886B490880F9F788F879A19A
:1086F00080200EF049FD6E4990200EF045FD7AA1D4
:1087000097200EF041FD79A188200EF03DFD6849CB
:1087100098200EF039FD74A19F200EF035FD012048
:10872000F9F7DBFB684800780021574B0A3B0A4603
:10873000CDE9001005219320F9F756F90020012119
:108740006F4B0246CDE9001005219B20F9F74CF94B
:1087500000205F49087047480078012809D10220AD
:10876000444908700020444908704449088044493D
:1087700008704048007802281ED14248007801283D
:108780000BD1002140480A38EDF778F804463F48FD
:1087900001882046ECF71AFF4FE03A48007802289B
:1087A0004BD101215648EDF769F804463748018856
:1087B0002046ECF70BFF40E02E48007800283CD123
:1087C00033480078022802D1F9F731F81CBD2D4852
:1087D0000078022802DD00202A4908702948007824
:1087E00088B90120274908700020234908702349CF
:1087F00008802349087026480078012803D1022008
:1088000023490870E2E71F480078012809D10021B8
:108810001D480A38EDF732F804460121ECF7DBFD7C
:108820000BE018480078022807D101213448EDF701
:1088300025F804460121ECF7CEFD00BFC6E71CB5C4
:108840001448008814490988884272D01248008868
:1088500010490880F8F7D3FF2AA180200EF094FC7D
:10886000134990200EF090FC1FA197200EF08CFC75
:1088700052E05EE04A000020630100206601002013
:10888000620100206C010020160600204E0000202E
:108890005E0300204403002042030020BFAAB5E786
:1088A000B6AFB7A7CAB1BCE43A2020200000000050
:1088B0000C310108B9D8B5E7B6AFB7A7CAB1BCE467
:1088C0003A20202000000000490300204A03002035
:1088D00069030020D7D4C0B4CBAEC7D0BBBBCAB1EC
:1088E000BCE43A2020200000B7D60000D7D4C0B4A2
:1088F000CBAEC7D0BBBBD7DFCAB13A202020000027
:10890000320A0020CBAECFE4C7D0BBBBCAB1BCE4B7
:108910003A20202020200000F7A188200EF034FC0F
:10892000FA4998200EF030FCAFF244019F200EF07F
:108930002BFC0120F9F7D1FAF54800780021F54B1E
:108940000A46CDE9001005219320F9F74DF80020E3
:108950000121F14B0246CDE9001005219B20F9F7DA
:1089600043F80020ED490870ED480078012809D14E
:108970000220EB4908700020EA490870EA490880A3
:10898000EA490870E648007802281DD1E8480078D6
:1089900001280AD10021DF48ECF770FF0446E548C2
:1089A00001882046ECF712FE4EE0E14800780228EC
:1089B0004AD10121D848ECF761FF0446DD4801881F
:1089C0002046ECF703FE3FE0D548007800283BD175
:1089D000D9480078022802D1F8F729FF1CBDD448F5
:1089E0000078022802DD0020D1490870D0480078C4
:1089F00088B90120CE4908700020CA490870CA49C8
:108A00000880CA490870CC480078012803D10220A8
:108A1000C9490870E2E7C6480078012808D100215A
:108A2000BC48ECF72BFF04460121ECF7D4FC0BE02B
:108A3000BF480078022807D10121B748ECF71EFF94
:108A400004460121ECF7C7FC00BFC7E71CB5BB48D3
:108A50000088BB49098888421DD0B9480088B749B9
:108A60000880F8F7CCFEB7A180200EF08DFBA74957
:108A700090200EF089FBB8A197200EF085FBB7A1DE
:108A800088200EF081FBA14998200EF07DFBB2A159
:108A90009F200EF079FB0220F9F71FFA9C4800781E
:108AA00000219C4B1B1D0A46CDE900100521932097
:108AB000F8F79AFFAE4800780021964B08330A4633
:108AC000CDE9001005219B20F8F78EFF0020934987
:108AD000087093480078012809D102209049087055
:108AE00000209049087090490880904908708C488F
:108AF000007802281FD18E48007801280BD1002170
:108B00008448001DECF7BAFE04468A4801882046D6
:108B1000ECF75CFD51E08648007802284DD1002139
:108B20007C480830ECF7AAFE0446824801882046BB
:108B3000ECF74CFD41E07A48007800283DD17E48B2
:108B40000078022802D1F8F772FE1CBD7848007840
:108B5000022802DD0020764908707548007888B93F
:108B600001207349087000206E4908706E49088022
:108B70006E49087070480078012803D102206E49C0
:108B80000870E2E76A480078012809D100216148AD
:108B9000001DECF773FE04460121ECF71CFC0CE011
:108BA00063480078022808D100215A480830ECF7C1
:108BB00065FE04460121ECF70EFC00BFC5E71CB5BD
:108BC0005E4800885E49098888421DD05C4800885C
:108BD0005A490880F8F713FE66A180200EF0D4FAF7
:108BE0004A4990200EF0D0FA5BA197200EF0CCFA03
:108BF00065A188200EF0C8FA444998200EF0C4FA06
:108C000055A19F200EF0C0FA0220F9F766F94048FE
:108C1000007800213F4B9B1D0A46CDE9001005213D
:108C20009320F8F7E1FE524800780021394B0A33CF
:108C30000A46CDE9001005219B20F8F7D5FE00205B
:108C40003649087036480078012809D10220344995
:108C50000870002033490870334908803349087090
:108C60002F48007802281FD13148007801280BD105
:108C700000212848801DECF701FE04462D4801889C
:108C80002046ECF7A3FCA4E02948007802280AD18A
:108C9000002120480A30ECF7F1FD04462548018800
:108CA0002046ECF793FC94E01D480078002875D12D
:108CB00021480078022802D1F8F7B9FD1CBD1C48F4
:108CC0000078022802DD0020194908701848007851
:108CD00088B901201649087000201249087012490D
:108CE00008801249087014480078012857D10220E2
:108CF00011490870E2E752E0CBAECFE4C7D0BBBB6E
:108D0000D7DFCAB13A202020202000000C31010812
:108D10004903002014060020340A002069030020C3
:108D20004A0000206301002066010020620100204B
:108D30006C0100204E0000205E0300204403002050
:108D400042030020B6A8B5E3B9D8B7A7CAB1BCE4BE
:108D5000313A202000000000484D0000B6A8B5E3DD
:108D6000BFAAB7A7CAB1BCE4313A20202000000056
:108D70004A030020B6A8B5E3B9D8B7A7CAB1BCE486
:108D8000323A202000000000B6A8B5E3BFAAB7A77A
:108D9000CAB1BCE4323A20202000000019E0FE48AD
:108DA0000078012808D10021FC48ECF767FD044653
:108DB0000121ECF710FB0CE0F7480078022808D1FD
:108DC0000021F648001DECF759FD04460121ECF79F
:108DD00002FB00BF72E71CB5F1480088F149098821
:108DE00088421FD0EF480088ED490880F8F707FD5A
:108DF000EDA180200EF0C8F9F04990200EF0C4F9E2
:108E0000AFF2AC0197200EF0BFF9EDA188200EF073
:108E1000BBF9EA4998200EF0B7F9AFF2C4019F20E0
:108E20000EF0B2F90220F9F758F8EA48007800216C
:108E3000DA4B08330A46CDE9001005219320F8F7F4
:108E4000D3FDE54800780021D44B0A330A46CDE92A
:108E5000001005219B20F8F7C7FD0020DF490870AE
:108E6000DF480078012809D10220DD490870002080
:108E7000DC490870DC490880DC490870D848007873
:108E800002281FD1C448007801280BD10021C34813
:108E90000830ECF7F3FC0446D54801882046ECF78F
:108EA00095FB51E0BC48007802284DD10021BB4819
:108EB0000A30ECF7E3FC0446CD4801882046ECF785
:108EC00085FB41E0C648007800283DD1C9480078BC
:108ED000022802D1F8F7ABFC1CBDAF48007802288D
:108EE00002DD0020AC490870AB48007888B9012049
:108EF000A94908700020BB490870BB490880BB49DC
:108F00000870BC480078012803D10220B9490870D4
:108F1000E2E7A1480078012809D100219F480830E4
:108F2000ECF7ACFC04460121ECF755FA0CE09A484A
:108F30000078022808D1002198480A30ECF79EFCFE
:108F400004460121ECF747FA00BFC5E71CB5944879
:108F500000889449098888421FD092480088904927
:108F60000880F8F74CFCA4A180200EF00DF993497D
:108F700090200EF009F9AFF2702197200EF004F95D
:108F8000A2A188200EF000F98C4998200EF0FCF880
:108F9000AFF28C219F200EF0F7F80220F8F79DFF2A
:108FA0008C48007801219E4B0022CDE9001005215C
:108FB0009320F8F719FD884800780121984B723BFF
:108FC0000022CDE9001002218E20F8F70DFD0020CF
:108FD0008249087082480078012809D1022080491E
:108FE000087000207F4908707F4908807F49087019
:108FF0007B48007802281ED16748007801280AD1F2
:1090000001218748ECF73AFC04467948018820465C
:10901000ECF7DCFA50E06048007802284CD10121DE
:109020007F487238ECF72AFC0446714801882046D4
:10903000ECF7CCFA40E06A48007800283CD16D4853
:109040000078022802D1F8F7F2FB1CBD52480078E4
:10905000022802DD0020504908704F48007888B986
:1090600001204D49087000205E4908705E49088063
:109070005E4908705F480078012803D102205D49ED
:109080000870E2E744480078012808D101216448CB
:10909000ECF7F4FB04460121ECF79DF90CE03E48A7
:1090A0000078022808D101215D487238ECF7E6FB10
:1090B00004460121ECF78FF900BFC6E71CB538481C
:1090C000008838490988884224D0364800883449C5
:1090D0000880F8F794FB53A180200EF055F8AFF20A
:1090E000D83187200EF050F851A190200EF04CF8A6
:1090F000AFF2EC3197200EF047F850A188200EF027
:1091000043F82E4998200EF03FF8AFF204419F201B
:109110000EF03AF80220F8F7E0FE2E480078002121
:109120004B4B0A46CDE9001005218520F8F75CFC81
:10913000294800780021464B9B1C0A46CDE90010C7
:1091400005219520F8F750FC002024490870344888
:109150007C38408D20B93FA18C200EF015F812E02C
:109160002F487C38408D012804D13DA18C200EF081
:109170000BF808E02A487C38408D022803D13BA137
:109180008C200EF001F81648007801287BD10220CF
:1091900013490870002070E06C0100201A060020BE
:1091A0004403002042030020B6A8B5E3B9D8B7A70E
:1091B000CAB1BCE4333A2020000000000C310108A1
:1091C000B6A8B5E3BFAAB7A7CAB1BCE4333A20201A
:1091D00020000000490300204A030020690300200A
:1091E0004A00002063010020660100206201002087
:1091F0004E0000205E030020B5E7B6AFB7A7CAD681
:10920000B6AFBFD8D6C63A2000000000C7E5B3FD10
:10921000B1E4C6B5BCECB2E93A2020200000000061
:10922000B20800205453B6A8CAB1BFDAC1EE00009C
:109230005453B6A8CAB14D2D442000005453D7B49E
:10924000CCAC3A202020202020202020000000004C
:10925000F8040020CEB4C6F4B6AFA3A1000000000D
:10926000D2D1C6F4B6AFA3A100000000CDA3BBFAD3
:10927000A3A120200000000005E0F8490870F8498B
:109280000880F8490870F848007802282DD1F7487E
:10929000007801280AD10021F548ECF7EFFA0446DE
:1092A000F44801882046ECF791F96CE0EF4800782B
:1092B00002280BD10021EE48801CECF7DFFA0446AF
:1092C000EC4801882046ECF781F95CE0E74800783B
:1092D000032858D10121E848ECF7D0FA0446E548C4
:1092E00001882046ECF772F94DE0DF48007800284D
:1092F00049D1E2480078022802D1F8F798FA1CBD5B
:10930000DA480078032802DD0020D8490870D748E1
:10931000007888B90120D54908700020CF4908702D
:10932000CF490880CF490870D4480078012803D17C
:109330000220D2490870E2E7CC480078012808D121
:109340000021CB48ECF79AFA04460121ECF743F8E8
:1093500019E0C6480078022809D10021C448801CC1
:10936000ECF78CFA04460121ECF735F80BE0BF4826
:109370000078032807D10121BF48ECF77FFA0446A3
:109380000121ECF728F800BFB9E71CB5BC480088FC
:10939000BC490988884226D0BA480088B849088064
:1093A000F8F72DFAB8A180200DF0EEFEAFF2A8611B
:1093B00087200DF0E9FEB7A190200DF0E5FEB8A1E1
:1093C00097200DF0E1FEB7A188200DF0DDFEB4A1DD
:1093D0008F200DF0D9FEB8A198200DF0D5FEB0A1D8
:1093E0009F200DF0D1FE0320F8F777FDB7480078F5
:1093F00000219F4B3C330A46CDE900100421842014
:10940000F8F7F2FAB24800780021994B9A330A46ED
:10941000CDE9001003219620F8F7E6FAAD48007870
:109420000021934B88330A46CDE9001003219E208A
:10943000F8F7DAFA0020A84908708B48007801286C
:1094400009D10220884908700020844908708449A5
:109450000880844908708448007802282FD1834806
:10946000007801280BD1002181483C30ECF706FA46
:109470000446804801882046ECF7A8F86FE07B4856
:10948000007802280BD1002179489A30ECF7F6F9E0
:109490000446784801882046ECF798F85FE0734866
:1094A000007803285BD1002171488830ECF7E6F999
:1094B0000446704801882046ECF788F84FE06A4877
:1094C000007800284BD16D480078022802D1F8F7C7
:1094D000AEF91CBD65480078032802DD0020634911
:1094E00008706248007888B901206049087000203F
:1094F0005A4908705A4908805A4908705F480078EC
:10950000012803D102205D490870E2E7574800783E
:10951000012809D1002156483C30ECF7AFF9044648
:109520000121EBF758FF1AE050480078022809D1D2
:1095300000214F489A30ECF7A1F904460121EBF7DE
:109540004AFF0CE049480078032808D10021484828
:109550008830ECF793F904460121EBF73CFF00BF9C
:10956000B7E710B54648008846490988884215D0B3
:109570004448008842490880F8F741F9574980205B
:109580000DF002FE554990200DF0FEFD54A18820FB
:109590000DF0FAFD514998200DF0F6FD0020F8F786
:1095A0009CFC00204C490870F9F742FE10BD1CB528
:1095B0003348008833490988884227D031480088D9
:1095C0002F490880F8F71BF94AA180200DF0DCFD37
:1095D0004BA187200DF0D8FD4A4990200DF0D4FD15
:1095E00049A197200DF0D0FD46490C3188200DF09F
:1095F000CBFD46A18F200DF0C7FD42491C319820BC
:109600000DF0C2FD42A19F200DF0BEFD0020F8F735
:1096100064FC002003213F4B0122CDE9001004210E
:109620008420F8F7E1F9002003213A4B9B1D024604
:10963000CDE9001005219420F8F7D6F93648808D41
:1096400001286CD100200321324B0A3B0122CDE9D5
:10965000001004218C20F8F7C7F96EE063010020A8
:1096600066010020620100204A0000206C010020F9
:10967000F80400204E000020600800205E03002057
:109680004403002042030020C9E8B1B8C0E0D0CDB7
:1096900000000000B9A9CBAEB1E4C6B5C4A3CABDF1
:1096A000202000002830B9A9CBAE2C31B1E4C6B5DA
:1096B0002920202000000000B2B9B3A5C6F7CDA331
:1096C000BBFA454E20202020000000004903002066
:1096D0004A0300204B030020690300200C310108DD
:1096E000322EB1E4C6B5B9DBBFB4B2CECAFD20207C
:1096F00000000000B5B1C7B0C6B5C2CA0000000086
:10970000487A0000D82401082056000020410000BB
:10971000B6C80000F8100020FA110020FFE7FD484D
:10972000808D022809D100200321FB4B0222CDE9C4
:10973000001005218C20F8F757F900200321F64B83
:109740000E330122CDE9001004219C20F8F74CF9DA
:109750000020F2490870F2480078002858D1F148FA
:109760000078022802D1F8F762F81CBDEE480078B4
:10977000042802DD0020EC490870EB48007888B925
:109780000120E94908700020E8490870E84908808C
:10979000E8490870E3480078012803D10220E14934
:1097A0000870E2E7E0480078012809D10321DA488F
:1097B0000A30ECF763F804460121EBF70CFE27E0D2
:1097C000D9480078022809D10321D3481030ECF79A
:1097D00055F804460121EBF7FEFD19E0D248007868
:1097E000032808D10321CC48ECF748F804460121AE
:1097F000EBF7F1FD0CE0CC480078042808D10321F8
:10980000C5480E30ECF73AF804460121EBF7E3FDCA
:1098100000BFAAE71CB5C8480088C8490988884223
:1098200029D0C6480088C4490880F7F7E8FFC4A1DA
:1098300080200DF0A9FCAFF2301187200DF0A4FCC0
:10984000C2A190200DF0A0FCAFF2AC1197200DF05A
:109850009BFCC1A188200DF097FCAFF25C118F201A
:109860000DF092FCBFA198200DF08EFCAFF27011AC
:109870009F200DF089FC0020F8F72FFB002003212A
:10988000A54B12330246CDE9001005218420F8F7DC
:10989000ABF800200321A04B0C330246CDE90010A9
:1098A00005219420F8F7A0F8002003219A4B4433B7
:1098B0000122CDE9001004218C20F8F795F8002052
:1098C0000321954B08330122CDE9001004219C208F
:1098D000F8F78AF80020914908709148007800282C
:1098E00059D190480078022802D1F7F7A0FF1CBD9B
:1098F0008D480078042802DD00208B4908708A48D2
:10990000007888B9012088490870002087490870CC
:10991000874908808749087082480078012803D168
:10992000022080490870E2E77F480078012809D1C9
:10993000032179481230EBF7A1FF04460121EBF730
:109940004AFD28E078480078022809D103217248AE
:109950000C30EBF793FF04460121EBF73CFD1AE0D6
:1099600071480078032809D103216B484430EBF794
:1099700085FF04460121EBF72EFD0CE06A480078D4
:10998000042808D1032164480830EBF777FF044628
:109990000121EBF720FD00BFA9E71CB56648008850
:1099A00066490988884224D0644800886249088052
:1099B000F7F725FF6EA180200DF0E6FBAFF2B42192
:1099C00087200DF0E1FB6DA190200DF0DDFBAFF2E3
:1099D000C42197200DF0D8FB6BA188200DF0D4FB9B
:1099E000AFF2D8218F200DF0CFFB6A4998200DF0FF
:1099F000CBFB0020F8F771FA4648808D012820D172
:109A000000200321444B0122CDE9001004218420D1
:109A1000F7F7EAFF002003213F4B9B1C0122CDE911
:109A2000001004219420F7F7DFFF002003213A4BB8
:109A30001B1D0122CDE9001004218C20F7F7D4FF73
:109A400023E03448808D02281FD100200321324BAF
:109A50000222CDE9001005218420F7F7C5FF002080
:109A600003212D4B9B1C0222CDE9001005219420DF
:109A7000F7F7BAFF00200321274B1B1D0222CDE977
:109A8000001005218C20F7F7AFFF00202349087054
:109A90002348007800282ED122480078022802D1DD
:109AA000F7F7C5FE1CBD20480078032802DD002022
:109AB0001D4908701C48007888B901201A490870AF
:109AC00000201A4908701A4908801A490870154878
:109AD0000078012803D1022012490870E2E71248F9
:109AE0000078012808D103210B48EBF7C7FE044694
:109AF0000121EBF770FC5BE00B48007802284BD1AA
:109B000003210548801CEBF7B9FE04460121EBF761
:109B100062FC4DE0FA110020EE10002069030020E5
:109B20004A0000205E0300206C0100206301002039
:109B3000660100206201002044030020420300204F
:109B4000CAE4C8EBB5E7D1B900000000B5B1C7B0B1
:109B5000D7AACBD900000000C4BFB1EAC6B5C2CABB
:109B600000000000C1D9CAB1C6B5C2CA00000000D9
:109B7000417EB5E7C1F7D6B500000000427EB5E7EB
:109B8000C1F7D6B500000000437EB5E7C1F7D6B5F2
:109B9000000000000C310108F7480078032807D1C5
:109BA0000321F648EBF76AFE04460121EBF713FCAC
:109BB00000BF77E71CB5F2480088F249098888425F
:109BC00024D0F0480088EE490880F7F718FEEEA18F
:109BD00080200DF0D9FAAFF2385187200DF0D4FA79
:109BE000ECA190200DF0D0FAAFF24C5197200DF07F
:109BF000CBFAEBA188200DF0C7FAAFF25C518F20B1
:109C00000DF0C2FAE94998200DF0BEFA0020F8F7ED
:109C100064F900200321D94B0E3B0246CDE9001028
:109C200005218420F7F7E0FE00200321D34B0C3BF5
:109C30000246CDE9001005219420F7F7D5FE00205B
:109C40000321CE4B0A3B0246CDE9001005218C20B2
:109C5000F7F7CAFE0020D6490870D64800780028D9
:109C60004BD1D5480078022802D1F7F7E0FD1CBDA2
:109C7000C1480078032802DD0020BF490870BE48B3
:109C8000007888B90120BC4908700020CB490870D1
:109C9000CB490880CB490870C7480078012803D118
:109CA0000220C5490870E2E7B3480078012809D1CD
:109CB0000321B2480E38EBF7E1FD04460121EBF732
:109CC0008AFB1AE0AC480078022809D10321AB488E
:109CD0000C38EBF7D3FD04460121EBF77CFB0CE0DD
:109CE000A5480078032808D10321A4480A38EBF7D7
:109CF000C5FD04460121EBF76EFB00BFB7E71CB5BD
:109D00009F4800889F490988884224D09D48008840
:109D10009B490880F7F773FDABA180200DF034FA62
:109D2000AFF2846187200DF02FFAAAA190200DF0E8
:109D30002BFAAFF2946197200DF026FAA8A18820A3
:109D40000DF022FAAFF2A8618F200DF01DFA9749AD
:109D500098200DF019FA0020F8F7BFF80020032131
:109D6000864B143B0246CDE9001005218420F7F70D
:109D70003BFE00200321814B123B0246CDE900103F
:109D800005219420F7F730FE002003217B4B103B88
:109D90000246CDE9001005218C20F7F725FE0020B2
:109DA000834908708348007800284BD182480078A6
:109DB000022802D1F7F73BFD1CBD6F48007803284D
:109DC00002DD00206C4908706B48007888B90120DA
:109DD00069490870002079490870794908807949F3
:109DE000087075480078012803D102207249087074
:109DF000E2E761480078012809D103215F4814385F
:109E0000EBF73CFD04460121EBF7E5FA1AE05A486E
:109E10000078022809D1032158481238EBF72EFDAB
:109E200004460121EBF7D7FA0CE0534800780328E9
:109E300008D1032151481038EBF720FD04460121D9
:109E4000EBF7C9FA00BFB7E71CB54D4800884D498C
:109E50000988884224D04B48008849490880F7F790
:109E6000CEFC62A180200DF08FF963A187200DF058
:109E70008BF962A190200DF087F9614988200DF0DF
:109E800083F9AFF2E4718F200DF07EF95BA1982089
:109E90000DF07AF94FF47A705A4908805A490880CF
:109EA0000020F8F71AF800200121584B0246CDE9AE
:109EB000001003218520F7F797FD002003212F4B89
:109EC00018330246CDE9001005218C20F7F78CFDF0
:109ED0000020374908704E48B0F8BE01494909884A
:109EE000884236D04A48B0F8BE0146490880484802
:109EF000B0F8BE0130B1012809D002280CD00328E7
:109F000025D11FE043A191200DF03EF920E045A1AD
:109F100091200DF039F91BE04648408D20B946A14B
:109F200091200DF031F913E04248408D012803D013
:109F30004048408D022804D144A191200DF024F91D
:109F400006E000BF45A191200DF01EF900E01CBD08
:109F500000BF2F48B0F8E0012B49098888420AD099
:109F60002B48B0F8E001284908802948B0F8E00102
:109F700010287BD27BE0E3E06C010020F21000208F
:109F80004403002042030020417EB5E7C1F7B2C977
:109F900000000000427EB5E7C1F7B2C90000000032
:109FA000437EB5E7C1F7B2C9000000000C310108DB
:109FB000690300204A0000205E03002063010020A6
:109FC0006601002062010020417E20444C48C1E32C
:109FD00000000000427E20444C48C1E30000000025
:109FE000437E20444C48C1E300000000B1E4C6B504
:109FF000CDA3D4ADD2F20000D6D600002D2D0000A6
:10A00000C02B01085600002058000020F209002053
:10A0100036080020CEDECDA3BBFA2D20D5FDB3A39C
:10A0200020200000B0B4BCFCCDA3BBFA202020202F
:10A0300020200000FA11002041524D20BFD8D6C682
:10A04000CDA3BBFA20202020000000004449BFDA45
:10A05000CDA3BBFA2020202020200000B1E4C6B50B
:10A06000B9CAD5CFCDA3BBFA2020000066E0DFE857
:10A0700000F0080D13191F252B31363C42484E5471
:10A080005A60FE4999200DF07FF858E0FB491031E5
:10A0900099200DF079F852E0F849203199200DF01F
:10A0A00073F84CE0F549303199200DF06DF846E039
:10A0B000F249403199200DF067F840E0EF49503106
:10A0C00099200DF061F83AE0EC49603199200DF0EB
:10A0D0005BF834E0EA4999200DF056F82FE0E849A2
:10A0E000103199200DF050F829E0E54920319920F0
:10A0F0000DF04AF823E0E249303199200DF044F8A0
:10A100001DE0DF49403199200DF03EF817E0DC49B1
:10A11000503199200DF038F811E0D949603199207B
:10A120000DF032F80BE0D649703199200DF02CF883
:10A1300005E0D4A199200DF027F800E007E700BF63
:10A14000D4480078012809D10220D24908700020A3
:10A15000D1490870D1490880D1490870CD480078AC
:10A1600002283DD1CF48007801280AD10121CE48EC
:10A17000EBF784FB0446CD4801882046EBF726FA2E
:10A180007AE0C848007802280BD10121C648801C1B
:10A19000EBF774FB0446C54801882046EBF716FA36
:10A1A0006AE0C048007803280AD10321C048EBF7D1
:10A1B00065FB0446BD4801882046EBF707FA5BE0E3
:10A1C000B8480078042857D10121B7482430EBF76C
:10A1D00055FB0446B54801882046EBF7F7F94BE0FC
:10A1E000AC480078F8B9AF480078042802DD0020B8
:10A1F000AC490870AB48007848B90120A9490870FB
:10A200000020A5490870A5490880A5490870A548FF
:10A210000078012808D10121A348EBF72FFB044661
:10A220000121EBF7D8F827E09E480078022809D1F1
:10A2300001219D48801CEBF721FB04460121EBF72F
:10A24000CAF819E097480078032808D103219848F4
:10A25000EBF714FB04460121EBF7BDF80CE0914845
:10A260000078042808D101218F482430EBF706FB41
:10A2700004460121EBF7AFF800BF68E61CB58D4836
:10A2800000888D490988884229D08B4800888949EF
:10A290000880F7F7B4FA89A180200CF075FFAFF2BF
:10A2A000802187200CF070FF87A190200CF06CFFBC
:10A2B000AFF2942197200CF067FF86A188200CF064
:10A2C00063FFAFF2A4218F200CF05EFF84A19820E1
:10A2D0000CF05AFFAFF2B8219F200CF055FF002080
:10A2E000F7F7FBFD00200321714B9B1F0246CDE9D0
:10A2F000001005218420F7F777FB002003216C4B29
:10A300001B1F0246CDE9001005219420F7F76CFBD6
:10A3100000200321664B0A330246CDE900100521D7
:10A320008C20F7F761FB00200321614B083B0246BC
:10A33000CDE9001005219C20F7F756FB00206B4962
:10A34000087054480078002859D1694800780228DC
:10A3500002D1F7F76CFA1CBD52480078042802DDE0
:10A360000020504908704F48007888B901204D49B5
:10A37000087000204849087048490880484908701A
:10A380005B480078012803D1022059490870E2E7B0
:10A3900044480078012809D103214548801FEBF784
:10A3A0006DFA04460121EBF716F828E03D480078E5
:10A3B000022809D103213E48001FEBF75FFA04464B
:10A3C0000121EBF708F81AE036480078032809D194
:10A3D000032137480A30EBF751FA04460121EAF726
:10A3E000FAFF0CE02F480078042808D103213048F8
:10A3F0000838EBF743FA04460121EAF7ECFF00BF07
:10A40000A9E71CB52B4800882B49098888421CD035
:10A410002948008827490880F7F7F1F935A18020FD
:10A420000CF0B2FE38A190200CF0AEFEAFF210415D
:10A4300097200CF0A9FE1249EC3188200CF0A4FE04
:10A440000F49EC3198200CF09FFE0020F7F745FDF6
:10A4500000200321164B0C330246CDE900100521E4
:10A460008420F7F7C1FA00200321114B9B1E0246FE
:10A47000CDE90010052194204CE00000E82B0108F4
:10A4800020300108BCF5CBD9D6D0B9FDB5E7D1B99C
:10A49000000000004A000020630100206601002047
:10A4A000620100206C010020F20900204E00002013
:10A4B0000A1100204403002042030020CDA8D1B699
:10A4C00045525F4300000000C9CFB5E7B6C15F4306
:10A4D00000000000CDA8D1B64F4B5F430000000044
:10A4E000CDA8D1B6BCC6CAFD00000000690300209B
:10A4F0005E030020504450494E545F4320202020EA
:10A500002020202000000000C3EBBCC6CAFDC6F717
:10A5100000000000F7F768FA0020FE490870FE48C6
:10A52000007800283CD1FD480078022802D1F7F7D6
:10A530007EF91CBDFA480078022802DD0020F849A7
:10A540000870F748007888B90120F54908700020A4
:10A55000F4490870F4490880F4490870EF4800781D
:10A56000012803D10220ED490870E2E7EC480078A9
:10A57000012808D10321EE48EBF780F904460121B8
:10A58000EAF729FF0CE0E6480078022808D1032109
:10A59000E7480E38EBF772F904460121EAF71BFF92
:10A5A00000BFC6E71CB5E3480088E3490988884234
:10A5B00026D0E1480088DF490880F7F720F9DFA1BD
:10A5C00080200CF0E1FDAFF2A85187200CF0DCFDFB
:10A5D000DDA190200CF0D8FDAFF2BC5197200CF01B
:10A5E000D3FDAFF2F00188200CF0CEFDAFF2E80110
:10A5F00098200CF0C9FDAFF2D8519F200CF0C4FD9B
:10A600000020F7F76AFC00200321C94B22330246E1
:10A61000CDE9001005218420F7F7E6F90020032199
:10A62000C34B24330246CDE9001005219420F7F7EF
:10A63000DBF900200321BE4B0246CDE900100521C5
:10A640008C20F7F7D1F9C34800780321B84B0E3BB3
:10A650000022CDE9001005219C20F7F7C5F9002064
:10A66000AC490870AC480078002858D1AB48007855
:10A67000022802D1F7F7DBF81CBDA94800780428AE
:10A6800002DD0020A6490870A548007888B901209D
:10A69000A34908700020A3490870A3490880A34972
:10A6A00008709E480078012803D102209B49087059
:10A6B000E2E79B480078012809D103219C48223019
:10A6C000EBF7DCF804460121EAF785FE27E0944821
:10A6D0000078022809D1032195482430EBF7CEF801
:10A6E00004460121EAF777FE19E08D480078032837
:10A6F00008D103218E48EBF7C1F804460121EAF79F
:10A700006AFE0CE086480078042808D103218848B6
:10A710000E38EBF7B3F804460121EAF75CFE00BF00
:10A72000AAE71CB58348008883490988884224D059
:10A73000814800887F490880F7F761F886A180206A
:10A740000CF022FDAFF2287187200CF01DFD85A1D1
:10A7500090200CF019FDAFF2387197200CF014FD29
:10A7600083A188200CF010FDAFF24C718F200CF00B
:10A770000BFD824998200CF007FD0020F7F7ADFB98
:10A78000002003216A4B443B0246CDE9001005211D
:10A790008420F7F729F900200321654B423B02464C
:10A7A000CDE9001005219420F7F71EF900200321C0
:10A7B0005F4B403B0246CDE9001005218C20F7F7A6
:10A7C00013F90020534908705348007800284BD1F2
:10A7D00052480078022802D1F7F729F81CBD5048EA
:10A7E0000078032802DD00204D4908704C480078AD
:10A7F00088B901204A49087000204A4908704A492E
:10A8000008804A49087045480078012803D1022091
:10A8100042490870E2E742480078012809D1032143
:10A8200043484438EBF72AF804460121EAF7D3FD00
:10A830001AE03B480078022809D103213C484238FD
:10A84000EBF71CF804460121EAF7C5FD0CE034489B
:10A850000078032808D1032135484038EBF70EF87B
:10A8600004460121EAF7B7FD00BFB7E71CB5314840
:10A87000008831490988884224D02F4800882D4912
:10A880000880F6F7BCFF3EA180200CF07DFCAFF6FF
:10A89000700187200CF078FC3CA190200CF074FC37
:10A8A000AFF6840197200CF06FFC3BA188200CF0E0
:10A8B0006BFCAFF694018F200CF066FC2F499820BA
:10A8C0000CF062FC0020F7F708FB00200321184B76
:10A8D0003E3B0246CDE9001005218420F7F784F8BD
:10A8E00000200321124B3C3B0246CDE9001005211C
:10A8F0009420F7F779F8002003210D4B3A3B0246EC
:10A90000CDE9001005218C20F7F76EF800200149F1
:10A91000087047E0690300204A0000205E03002021
:10A920006C0100206301002066010020620100200C
:10A930001611002044030020420300204149312029
:10A94000CAE4C8EB0000000041493220CAE4C8EB69
:10A95000000000004C030020B9DBB2ECD6B520317A
:10A9600000000000B9DBB2ECD6B5203200000000D8
:10A97000B9DBB2ECD6B52033000000000C31010881
:10A98000B9DBB2ECD6B5203400000000B9DBB2EC84
:10A99000D6B5203500000000B9DBB2ECD6B52036C4
:10A9A00000000000F948007800284AD1F8480078F3
:10A9B000022802D1F6F73BFF1CBDF64800780328B9
:10A9C00002DD0020F3490870F248007888B90120C0
:10A9D000F04908700020F0490870F0490880F049FB
:10A9E0000870EB480078012803D10220E84908707C
:10A9F000E2E7E8480078012808D10321E948EAF7AE
:10AA00003DFF04460121EAF7E6FC1AE0E148007840
:10AA1000022809D10321E348801CEAF72FFF0446EE
:10AA20000121EAF7D8FC0CE0DA480078032808D1C5
:10AA30000321DC48001DEAF721FF04460121EAF763
:10AA4000CAFC00BFB8E71CB5D7480088D7490988B9
:10AA500088422AD0D5480088D3490880F6F7CFFE2F
:10AA6000D34980200CF090FBAFF64C2187200CF0EE
:10AA70008BFBD0A190200CF087FBAFF65C219720D8
:10AA80000CF082FBCEA188200CF07EFBAFF670218B
:10AA90008F200CF079FBC6490C3198200CF074FB28
:10AAA000AFF684219F200CF06FFB0020F7F715FA1A
:10AAB00000200321BB4B0A3B0222CDE900100421F8
:10AAC0008420F6F791FF00200321B64B683302463D
:10AAD000CDE9001005219420F6F786FF0020032120
:10AAE000B04B6A330246CDE9001005218C20F6F701
:10AAF0007BFF00200521B54B0222CDE90010042187
:10AB00009C20F6F771FF0020B14908709F4800783B
:10AB100000284BD19E480078022802D1F6F787FE24
:10AB20001CBD9C480078032802DD0020994908706C
:10AB30009848007888B90120964908700020964905
:10AB40000870964908809649087091480078012855
:10AB500003D102208E490870E2E78E480078012870
:10AB600009D103218F480A38EAF788FE04460121FB
:10AB7000EAF731FC1AE087480078022809D103215E
:10AB800088486830EAF77AFE04460121EAF723FC98
:10AB90000CE080480078032808D1032181486A30FE
:10ABA000EAF76CFE04460121EAF715FC00BFB7E79F
:10ABB0001CB57D4800887D490988884229D07B489A
:10ABC000008879490880F6F71AFE82A180200CF0EF
:10ABD000DBFAAFF6B43187200CF0D6FA80A19020D2
:10ABE0000CF0D2FAAFF6C83197200CF0CDFA7FA165
:10ABF00088200CF0C9FAAFF6D8318F200CF0C4FAD7
:10AC00007DA198200CF0C0FAAFF6EC319F200CF03B
:10AC1000BBFA0020F7F761F900200321614BE6330E
:10AC20000246CDE9001005218420F6F7DDFE002064
:10AC300003215C4BE8330246CDE900100521942046
:10AC4000F6F7D2FE00200321564BEA330246CDE947
:10AC5000001005218C20F6F7C7FE00200321514B80
:10AC6000EC330246CDE9001005219C20F6F7BCFE2E
:10AC700000205749087045480078002859D14448B9
:10AC80000078022802D1F6F7D2FD1CBD41480078B9
:10AC9000042802DD00203F4908703E48007888B94A
:10ACA00001203C49087000203B4908703B4908805E
:10ACB0003B49087036480078012803D10220344906
:10ACC0000870E2E733480078012809D103213548AC
:10ACD000E630EAF7D3FD04460121EAF77CFB28E0E1
:10ACE0002C480078022809D103212E48E830EAF7E1
:10ACF000C5FD04460121EAF76EFB1AE025480078FD
:10AD0000032809D103212748EA30EAF7B7FD0446B2
:10AD10000121EAF760FB0CE01E480078042808D106
:10AD200003212048EC30EAF7A9FD04460121EAF7A7
:10AD300052FB00BFA9E770B504460D4624480078D1
:10AD4000022822D1102C70D2DFE804F0080D13196C
:10AD50005E636970757B81878D93999F2949284629
:10AD60000CF012FA98E02749103128460CF00CFA42
:10AD700092E02449203128460CF006FA8CE0214963
:10AD8000303128460CF000FA86E086E04A000020C8
:10AD90005E0300206C01002063010020660100209A
:10ADA00062010020D810002044030020420300204C
:10ADB0004C3101084473702D596561720000000028
:10ADC0004473702D44617465000000008A120020F5
:10ADD00069030020436F6D70314473200000000050
:10ADE000436F6D7031517320000000004672714353
:10ADF0006F6D7020000000004672714C696D6974BF
:10AE000000000000E82B0108FE4928460CF0BCF9C0
:10AE100042E0FC49103128460CF0B6F93CE0F94913
:10AE2000203128460CF0B0F936E034E0F6492846E7
:10AE30000CF0AAF930E0F449103128460CF0A4F9DE
:10AE40002AE0F149203128460CF09EF924E0EE4931
:10AE5000303128460CF098F91EE0EB494031284685
:10AE60000CF092F918E0E849503128460CF08CF9C2
:10AE700012E0E549603128460CF086F90CE0E24921
:10AE8000703128460CF080F906E0AFF6082128461C
:10AE90000CF07AF900E070BD00BF00BFFBE71CB505
:10AEA000DA480088DA49098888421CD0D8480088E6
:10AEB000D6490880F6F7A3FCD64980200CF064F947
:10AEC000D5A190200CF060F9AFF6D0618A200CF08B
:10AED0005BF9AFF6D8618D200CF056F9CD491C31E5
:10AEE00098200CF051F90020F6F7F7FF002003211D
:10AEF000CA4B0246CDE9001004218820F6F774FD04
:10AF000000200321C54B9B1C0246CDE90010042103
:10AF10008B20F6F769FD00200321C04B1B1D024664
:10AF2000CDE9001004218E20F6F75EFDBB49CE3935
:10AF3000B1F8CC009121FFF7FEFE0020B84908705F
:10AF4000B8480078002858D1B7480078022802D1C4
:10AF5000F6F76DFC1CBDB5480078042802DD002022
:10AF6000B2490870B148007888B90120AF4908702B
:10AF70000020AF490870AF490880AF490870AA485F
:10AF80000078012803D10220A7490870E2E7A7480A
:10AF90000078012809D10321A048801EEAF76EFC41
:10AFA00004460121EAF717FA27E0A04800780228B2
:10AFB00008D103219948EAF761FC04460121EAF728
:10AFC0000AFA1AE099480078032809D10321934826
:10AFD000801CEAF753FC04460121EAF7FCF90CE077
:10AFE00092480078042808D103218C48001DEAF714
:10AFF00045FC04460121EAF7EEF900BFAAE71CB5BB
:10B00000824800888249098888421AD0804800888E
:10B010007E490880F6F7F3FB7E4980200CF0B4F8F7
:10B0200086A190200CF0B0F885A18A200CF0ACF835
:10B0300083A18D200CF0A8F87649503198200CF0AF
:10B04000A3F80020F6F749FF00200321734B083BCB
:10B050000246CDE9001004218820F6F7C5FC002047
:10B0600003216E4B9B1F0246CDE9001004218B206B
:10B07000F6F7BAFC00200321684B1B1F0246CDE9FE
:10B08000001004218E20F6F7AFFC6449CE39B1F8E8
:10B09000C4009121FFF74FFE00206149087061480C
:10B0A0000078002859D160480078022802D1F6F7CC
:10B0B000BEFB1CBD5D480078042802DD00205B4912
:10B0C00008705A48007888B9012058490870002053
:10B0D0005749087057490880574908705248007806
:10B0E000012803D1022050490870E2E74F48007858
:10B0F000012809D1032149480A38EAF7BFFB044671
:10B100000121EAF768F928E048480078022809D1C7
:10B11000032142480838EAF7B1FB04460121EAF767
:10B120005AF91AE041480078032809D103213B4825
:10B13000801FEAF7A3FB04460121EAF74CF90CE073
:10B140003A480078042808D103213448001FEAF760
:10B1500095FB04460121EAF73EF900BFA9E71CB5BB
:10B160002A4800882A490988884219D02848008836
:10B1700026490880F6F743FB264980200CF004F8A6
:10B1800030A190200CF000F82DA18A200BF0FCFFDC
:10B190002BA18D200BF0F8FF2B4998200BF0F4FF2A
:10B1A0000020F6F79AFE002003211C4B103B0246BC
:10B1B000CDE9001004218820F6F716FC00200321B9
:10B1C000164B0E3B0246CDE9001004218B20F6F70A
:10B1D0000BFC00200321114B0C3B0246CDE9001073
:10B1E00004218E20F6F700FC0C49CE39B1F8BC00E2
:10B1F0009121FFF7A0FD0020094908700948007857
:10B20000002823E0282C01082030010844030020F6
:10B2100042030020203A0108313A00009C1100202E
:10B22000690300204A0000205E0300206C0100201A
:10B23000630100206601002062010020323A000014
:10B240002D2D0000333A0000943E010858D1FE48ED
:10B250000078022802D1F6F7EAFA1CBDFB48007814
:10B26000042802DD0020F9490870F848007888B900
:10B270000120F64908700020F5490870F54908805A
:10B28000F5490870F0480078012803D10220EE4902
:10B290000870E2E7ED480078012808D10321EF4863
:10B2A000EAF7ECFA04460121EAF795F828E0E748C6
:10B2B0000078022809D10321E848801CEAF7DEFA69
:10B2C00004460121EAF787F81AE0E04800780328ED
:10B2D00009D10321E148001DEAF7D0FA0446012113
:10B2E000EAF779F80CE0D9480078042808D103215E
:10B2F000DA48801DEAF7C2FA04460121EAF76BF842
:10B3000000BFAAE71CB5D6480088D64909888842FC
:10B310001BD0D4480088D2490880F6F770FAD24989
:10B3200080200BF031FFD1A190200BF02DFFAFF268
:10B33000F0018A200BF028FFAFF2FC018D200BF00A
:10B3400023FFCB4998200BF01FFF0020F6F7C5FD27
:10B3500000200321C14B9B1F0246CDE900100421B0
:10B360008820F6F741FB00200321BC4B1B1F02463F
:10B37000CDE9001004218B20F6F736FB00200321D5
:10B38000B64B9B1E0246CDE9001004218E20F6F735
:10B390002BFBB249BC39B1F8B4009121FFF7CBFCCB
:10B3A0000020B4490870B4480078002859D1A64854
:10B3B0000078022802D1F6F73AFA1CBDA3480078BB
:10B3C000042802DD0020A1490870A048007888B94F
:10B3D00001209E49087000209D4908709D49088001
:10B3E0009D49087098480078012803D102209649A9
:10B3F0000870E2E795480078012809D103219748B1
:10B400000838EAF73BFA04460121E9F7E4FF28E0AF
:10B410008E480078022809D103219048801FEAF75E
:10B420002DFA04460121E9F7D6FF1AE08748007893
:10B43000032809D103218948001FEAF71FFA0446AF
:10B440000121E9F7C8FF0CE080480078042808D102
:10B4500003218248801EEAF711FA04460121E9F728
:10B46000BAFF00BFA9E71CB57D4800887D4909885F
:10B4700088421CD07B48008879490880F6F7BFF9DC
:10B48000794980200BF080FE7CA190200BF07CFE9F
:10B49000AFF254218A200BF077FEAFF25C218D20B1
:10B4A0000BF072FE7249183198200BF06DFE0020EF
:10B4B000F6F713FD00200321684B0E3B0246CDE951
:10B4C000001004218820F6F78FFA00200321634B37
:10B4D0000C3B0246CDE9001004218B20F6F784FADC
:10B4E000002003215D4B0A3B0246CDE900100421F8
:10B4F0008E20F6F779FA5949BC39B1F8AC009121A0
:10B50000FFF719FC00205B4908705B4800780028B1
:10B5100059D14D480078022802D1F6F788F91CBDB0
:10B520004A480078042802DD00204849087047484E
:10B53000007888B901204549087000204449087006
:10B5400044490880444908703F480078012803D1E5
:10B5500002203D490870E2E73C480078012809D103
:10B5600003213E481038EAF789F904460121E9F73A
:10B5700032FF28E035480078022809D103213748F6
:10B580000E38EAF77BF904460121E9F724FF1AE0B7
:10B590002E480078032809D1032130480C38EAF7F7
:10B5A0006DF904460121E9F716FF0CE02748007801
:10B5B000042808D1032129480A38EAF75FF904462C
:10B5C0000121E9F708FF00BFA9E71CB5244800885E
:10B5D0002449098888421BD02248008820490880D5
:10B5E000F6F70DF9204980200BF0CEFD24A1902024
:10B5F0000BF0CAFDAFF2B8318A200BF0C5FDAFF2F7
:10B60000C0318D200BF0C0FD1E4998200BF0BCFD11
:10B610000020F6F762FC00200321104B163B024687
:10B62000CDE9001004218820F6F7DEF9002003217F
:10B630000A4B143B0246CDE9001004218B20F6F79B
:10B64000D3F9002003211FE05E0300206C010020DD
:10B650006301002066010020620100208A110020A1
:10B660004403002042030020203A0108343A00003D
:10B67000C03E0108690300204A000020353A00005E
:10B68000363A000008430108FE4B0246CDE900109F
:10B6900004218E20F6F7A8F9FA49AA39B1F8A400D6
:10B6A0009121FFF748FB0020F7490870F748007820
:10B6B000002858D1F6480078022802D1F6F7B7F8EA
:10B6C0001CBDF4480078042802DD0020F149087010
:10B6D000F048007888B90120EE4908700020EE4952
:10B6E0000870EE490880EE490870E94800780128A2
:10B6F00003D10220E6490870E2E7E6480078012815
:10B7000009D10321DF48801FEAF7B8F80446012178
:10B71000E9F761FE27E0DF480078022809D103211C
:10B72000D848001FEAF7AAF804460121E9F753FEBA
:10B7300019E0D8480078032809D10321D148801E98
:10B74000EAF79CF804460121E9F745FE0BE0D148F1
:10B750000078042807D10321CA48EAF78FF8044685
:10B760000121E9F738FE00BFAAE71CB5CD480088E3
:10B77000CD490988884225D0CB480088C94908802E
:10B78000F6F73DF8C94980200BF0FEFCC8A19020D7
:10B790000BF0FAFCAFF258518A200BF0F5FCAFF237
:10B7A00060518D200BF0F0FCC049183198200BF04F
:10B7B000EBFCC0A19B200BF0E7FCBC4924319E2090
:10B7C0000BF0E2FC0120F6F788FB0020BA49087074
:10B7D0000321AC4B2C330246CDE900100421882014
:10B7E000F6F702F900200321A64B2E330246CDE9DD
:10B7F000001004218B20F6F7F7F800200321A14B5D
:10B8000030330246CDE9001004218E20F6F7ECF823
:10B81000002003219B4B343B0246CDE9001002215E
:10B820009A20F6F7E1F80120A3490870084600784D
:10B830000321944B203B0022CDE9001002219D20E2
:10B84000F6F7D2F88F49AA39B1F8D4009121FFF761
:10B8500072FA00208C4908708C480078012809D1C0
:10B8600002208A49087000208B4908708B490880A3
:10B870008B4908708548007802280FD185480078E8
:10B8800001280AD103217F482038E9F7F7FF044651
:10B890008A4801882046E9F799FE79E07B480078DC
:10B8A000002875D17A480078022802D1F5F7BFFF49
:10B8B0001CBD78480078062802DD00207549087014
:10B8C0007448007888B901207249087000207249D4
:10B8D000087072490880724908706D480078012824
:10B8E00003D102206A490870E2E76A48007801281B
:10B8F00009D1032163482A30E9F7C0FF044601213A
:10B90000E9F769FD44E063480078022809D1032182
:10B910005C482C30E9F7B2FF04460121E9F75BFDF2
:10B9200036E05C480078032809D1032155482E30C1
:10B93000E9F7A4FF04460121E9F74DFD28E0554849
:10B940000078042809D103214E483030E9F796FFEA
:10B9500004460121E9F73FFD1AE04E48007805282A
:10B9600009D1032147482038E9F788FF044601211F
:10B97000E9F731FD0CE047480078062808D103219B
:10B9800040483438E9F77AFF04460121E9F723FDFE
:10B9900000BF8DE710B543480088434909888842B5
:10B9A00025D0414800883F490880F5F728FF4449E1
:10B9B00080200BF0E9FB424990200BF0E5FB414869
:10B9C000408D20B940A188200BF0DEFB0BE03D4804
:10B9D000408D012803D03B48408D022803D13FA170
:10B9E00088200BF0D1FB364998200BF0CDFB0020CE
:10B9F000F6F773FA002024490870F7F719FC10BD18
:10BA00001CB52848008828490988884225D026483E
:10BA1000008824490880F5F7F2FE35A180200BF05C
:10BA2000B3FB36A187200BF0AFFB35A190200BF0C4
:10BA3000ABFB32A197200BF0A7FB34A188200BF0C1
:10BA4000A3FB35A18F200BF09FFB34A198200BF0B6
:10BA50009BFB31A19F200BF097FB0420F6F73DFAEA
:10BA6000154800780221304B0022CDE90010052155
:10BA70008420F5F7B9FF2D48007802212A4B0A33BC
:10BA8000002255E078110020690300204A000020C0
:10BA90005E0300206C01002063010020660100208D
:10BAA00062010020440300204203002024430108D7
:10BAB0006E3A0000C9CF0000490300204E0000206C
:10BAC0000C310108FA110020332EB1E4C6B5C9E8E3
:10BAD000B6A8B2CECAFD2020000000002020B1E4AC
:10BAE000C6B5C9E8B6A8B2CECAFD20200000000045
:10BAF000BCD3CBD9CAB1BCE4000000002053000085
:10BB0000BCF5CBD9CAB1BCE400000000B5E7BBFA74
:10BB1000D7AACFF20000000020200000D7AABED88C
:10BB2000CCE1C9FD00000000061000204A030020FF
:10BB3000CDE9001005219420F5F756FFFE48007866
:10BB40000221FE4B0022CDE9001005218C20F5F7E3
:10BB50004BFFFB4800780221F84B9B1C0022CDE9EB
:10BB6000001005219C20F5F73FFF0020F5490870E3
:10BB7000F5480078012809D10220F3490870002017
:10BB8000F2490870F2490880F2490870EE480078DE
:10BB900002283ED1F048007801280BD10221E74865
:10BBA000801EE9F76BFE0446EC4801882046E9F761
:10BBB0000DFD8BE0E848007802280BD10221DF4818
:10BBC0000830E9F75BFE0446E44801882046E9F7BF
:10BBD000FDFC7BE0E048007803280AD10221D74829
:10BBE000E9F74CFE0446DD4801882046E9F7EEFC03
:10BBF0006CE0D9480078042868D10221CF48801C25
:10BC0000E9F73CFE0446D54801882046E9F7DEFC0A
:10BC10005CE0CD480078002858D1D148007802284F
:10BC200002D1F5F704FE1CBDCB480078042802DDE4
:10BC30000020C9490870C848007888B90120C64961
:10BC400008700020C1490870C1490880C1490870C6
:10BC5000C3480078012803D10220C1490870E2E7F7
:10BC6000BD480078012809D10221B448801EE9F7B7
:10BC700005FE04460121E9F7AEFB27E0B64800784F
:10BC8000022809D10221AD480830E9F7F7FD044642
:10BC90000121E9F7A0FB19E0AF480078032808D19B
:10BCA0000221A648E9F7EAFD04460121E9F793FBE2
:10BCB0000CE0A9480078042808D102219F48801C84
:10BCC000E9F7DCFD04460121E9F785FB00BFAAE79F
:10BCD0001CB5A4480088A4490988884226D0A248F7
:10BCE0000088A0490880F5F78AFDA0A180200BF00C
:10BCF0004BFAAFF2DC1187200BF046FA9EA19020A0
:10BD00000BF042FA9FA197200BF03EFA9EA18820EB
:10BD10000BF03AFA9BA18F200BF036FA9DA19820E8
:10BD20000BF032FA97A19F200BF02EFA0420F6F7C1
:10BD3000D4F89B4800780221804B1B1D0022CDE9DE
:10BD4000001005218420F5F74FFE96480078022167
:10BD50007A4B0A330122CDE9001004219420F5F733
:10BD600043FE754800780221744B0E330122CDE961
:10BD7000001004218C20F5F737FE7148007802216D
:10BD80006E4B10330122CDE9001004219C20F5F701
:10BD90002BFE00206B4908706B480078012809D100
:10BDA00002206949087000206849087068490880C5
:10BDB000684908706448007802283FD166480078D6
:10BDC00001280BD102215D48001DE9F757FD04460B
:10BDD000624801882046E9F7F9FB8DE05E4800786B
:10BDE00002280BD1022155480A30E9F747FD0446E5
:10BDF0005A4801882046E9F7E9FB7DE0564800787B
:10BE000003280BD102214D480E30E9F737FD0446D7
:10BE1000524801882046E9F7D9FB6DE04E4800788A
:10BE2000042869D1022145481030E9F727FD04466E
:10BE30004A4801882046E9F7C9FB5DE0424800789E
:10BE4000002859D146480078022802D1F5F7EFFCC6
:10BE50001CBD41480078042802DD00203E490870DE
:10BE60003D48007888B901203B49087000203749D7
:10BE70000870374908803749087039480078012828
:10BE800003D1022036490870E2E7334800780128E0
:10BE900009D102212948001DE9F7F0FC04460121DF
:10BEA000E9F799FA28E02C480078022809D1022104
:10BEB00022480A30E9F7E2FC04460121E9F78BFA4F
:10BEC0001AE025480078032809D102211B480E30CA
:10BED000E9F7D4FC04460121E9F77DFA0CE01E489D
:10BEE0000078042808D1022114481030E9F7C6FC74
:10BEF00004460121E9F76FFA00BFA9E71CB519480C
:10BF000000881949098888427BD01748008815495C
:10BF10000880F5F774FC24A180200BF035F9254842
:10BF2000408D18B12348408D012849D122A1862097
:10BF30000BF02AF94CE000004B0300200810002011
:10BF40004C030020690300204A0000206301002008
:10BF500066010020620100206C0100204E000020DC
:10BF60005E03002044030020420300205646C7FA27
:10BF7000CFDF202000000000C6F4B6AFC6B5C2CAAD
:10BF800000000000487A0000C9CFCFDEC6B5C2CAA3
:10BF900000000000CFC2CFDEC6B5C2CA000000005C
:10BFA000490300204A030020D4D8B2A8C6B5C2CAAB
:10BFB00000000000FA110020206B487A0000000009
:10BFC000FD48408D022803D1FCA187200BF0DCF84E
:10BFD000FBA190200BF0D8F8AFF2C44197200BF0F2
:10BFE000D3F8FAA188200BF0CFF8FBA18F200BF03B
:10BFF000CBF8FAA198200BF0C7F8FBA19F200BF01B
:10C00000C3F80420F5F769FFEB48408D18B1EA4802
:10C01000408D01280BD1F54800780221F44B002215
:10C02000CDE9001003218420F5F7DEFC0EE0E248A4
:10C03000408D02280AD1ED4800780221EC4B012204
:10C04000CDE9001004218420F5F7CEFCE948007802
:10C050000221E74B9B1F0A46CDE9001004219420E2
:10C06000F5F7C2FCE44800780221E14B10330022CE
:10C07000CDE9001005218C20F5F7B6FCDF480078EB
:10C080000221DB4B12330022CDE9001005219C2058
:10C09000F5F7AAFC0020DA490870DA480078012890
:10C0A00009D10220D74908700020D7490870D74924
:10C0B0000880D7490870D348007802283ED1D54877
:10C0C000007801280AD10221C948E9F7D7FB0446C4
:10C0D000D14801882046E9F779FA8CE0CD4800780C
:10C0E00002280BD10221C248801FE9F7C7FB044692
:10C0F000C94801882046E9F769FA7CE0C54800781C
:10C1000003280BD10221BA481030E9F7B7FB0446E7
:10C11000C14801882046E9F759FA6CE0BD4800782B
:10C12000042868D10221B2481230E9F7A7FB04467F
:10C13000B94801882046E9F749FA5CE0B14800783F
:10C14000002858D1B5480078022802D1F5F76FFBD6
:10C150001CBDB0480078042802DD0020AD490870FD
:10C16000AC48007888B90120AA4908700020A64987
:10C170000870A6490880A6490870A84800780128D8
:10C1800003D10220A5490870E2E7A24800780128FF
:10C1900008D102219648E9F771FB04460121E9F72D
:10C1A0001AF928E09B480078022809D1022190481A
:10C1B000801FE9F763FB04460121E9F70CF91AE057
:10C1C00094480078032809D1022189481030E9F702
:10C1D00055FB04460121E9F7FEF80CE08D48007894
:10C1E000042808D1022182481230E9F747FB0446AF
:10C1F0000121E9F7F0F800BFAAE71CB588480088DC
:10C2000088490988884226D0864800888449088061
:10C21000F5F7F5FA84A180200AF0B6FF72A1872015
:10C220000AF0B2FF83A190200AF0AEFF84A197200C
:10C230000AF0AAFF83A188200AF0A6FF80A18F2020
:10C240000AF0A2FF82A198200AF09EFFAFF2387197
:10C250009F200AF099FF0420F5F73FFE634800781D
:10C260000221634B14330022CDE900100521842004
:10C27000F5F7BAFB5F48007802215D4B16330122C7
:10C28000CDE9001004219420F5F7AEFB5A48007860
:10C290000221574B0C330122CDE9001004218C20E0
:10C2A000F5F7A2FB554800780221514B18330022C4
:10C2B000CDE9001005219C20F5F796FB00205049A0
:10C2C000087050480078012809D102204D490870B3
:10C2D00000204D4908704D4908804D490870494873
:10C2E000007802283FD14B48007801280BD1022169
:10C2F0003F481430E9F7C2FA04464748018820460F
:10C30000E9F764F9E0E04348007802280BD1022104
:10C3100037481630E9F7B2FA04463F48018820460C
:10C32000E9F754F9D0E03B48007803280BD102210B
:10C330002F480C30E9F7A2FA044637480188204616
:10C34000E9F744F9C0E03348007804280AD1022113
:10C3500027481830E9F792FA04462F48018820460A
:10C36000E9F734F9B0E027480078002823D12B48BA
:10C370000078022802D1F5F75AFA1CBD254800784A
:10C38000042802DD0020234908702248007888B97B
:10C3900001202049087000201B4908701B490880B3
:10C3A0001B4908701D480078012857D102201B49FD
:10C3B0000870E2E752E087E0FA1100206B480000C5
:10C3C000CBC0C7F8B2B9B3A500000000B9FDC1F7F2
:10C3D000B5E7C1F70000000020410000B9FDD1B968
:10C3E000B5E7D1B900000000205600004903002045
:10C3F000141000204A0300204B0300204C030020AF
:10C40000690300204A00002063010020660100202B
:10C41000620100206C0100204E0000205E0300201D
:10C420004403002042030020C7B7D1B9B5E7D1B912
:10C4300000000000B9FDC8C8CEC2B6C800000000A8
:10C44000B6C80000B7E7C9C8D7AACEC2000000002E
:10C45000B7E7C9C8D4CBD0D000000000F8480078B6
:10C46000012808D10221F748E9F708FA044601211A
:10C47000E8F7B1FF28E0F2480078022809D102214C
:10C48000F048801CE9F7FAF904460121E8F7A3FF18
:10C490001AE0EB480078032809D10221E94808385E
:10C4A000E9F7ECF904460121E8F795FF0CE0E448D0
:10C4B0000078042808D10221E248001DE9F7DEF9DE
:10C4C00004460121E8F787FF00BF56E71CB5DE48A8
:10C4D0000088DE490988884228D0DC480088DA498B
:10C4E0000880F5F78CF9DAA180200AF04DFEAFF64E
:10C4F000D81187200AF048FED8A190200AF044FE07
:10C50000AFF6EC1197200AF03FFED7A188200AF081
:10C510003BFEAFF6FC118F200AF036FED5A1982025
:10C520000AF032FED5A19F200AF02EFE0420F5F776
:10C53000D4FCD34800780221C24B08330022CDE955
:10C54000001003218520F5F74FFACE48007802212C
:10C55000BC4B0A330022CDE9001003219520F5F7EA
:10C5600043FAC94800780221B64B9B1D0022CDE951
:10C57000001005218C20F5F737FAC4480078032114
:10C58000C34B0022CDE900109D20F5F72DFA0020C5
:10C59000C0490870C0480078012809D10220BE496E
:10C5A00008700020BD490870BD490880BD49087069
:10C5B000B948007802283ED1A148007801280BD163
:10C5C0000221A0480830E9F759F90446B648018825
:10C5D0002046E8F7FBFF8BE09948007802280BD152
:10C5E000022198480A30E9F749F90446AE48018823
:10C5F0002046E8F7EBFF7BE09148007803280BD159
:10C6000002219048801DE9F739F90446A6480188BF
:10C610002046E8F7DBFF6BE089480078042867D103
:10C6200003219B48E9F72AF904469F4801882046E0
:10C63000E8F7CCFF5CE098480078002858D19B4888
:10C640000078022802D1F5F7F2F81CBD7C4800788A
:10C65000042802DD00207A4908707948007888B9FA
:10C6600001207749087000208C4908708C490880A7
:10C670008C4908708D480078012803D102208B492D
:10C680000870E2E76E480078012809D102216D4860
:10C690000830E9F7F3F804460121E8F79CFE27E0AB
:10C6A00067480078022809D1022166480A30E9F774
:10C6B000E5F804460121E8F78EFE19E060480078AD
:10C6C000032809D102215F48801DE9F7D7F8044605
:10C6D0000121E8F780FE0BE059480078042807D1D3
:10C6E00003216B48E9F7CAF804460121E8F773FE15
:10C6F00000BFAAE71CB554480088544909888842FD
:10C7000025D05248008850490880F5F778F868A18C
:10C7100080200AF039FD59A187200AF035FD67A174
:10C7200090200AF031FD55A197200AF02DFD66A159
:10C7300088200AF029FD51A18F200AF025FD65A16E
:10C7400098200AF021FD4DA19F200AF01DFD042034
:10C75000F5F7C3FB4A48007802213A4B1033002218
:10C76000CDE9001003218520F5F73EF94548007812
:10C770000221344B12330022CDE900100321952011
:10C78000F5F732F94048007802212E4B143300228D
:10C79000CDE9001003218D20F5F726F93B480078FC
:10C7A0000221284B16330022CDE9001003219D20E1
:10C7B000F5F71AF900203749087037480078012842
:10C7C00009D10220344908700020344908703449E6
:10C7D0000880344908703048007802282FD1184862
:10C7E000007801280BD1022116481030E9F746F8ED
:10C7F00004462D4801882046E8F7E8FEDCE01048B2
:10C80000007802280BD102210E481230E9F736F8E1
:10C810000446254801882046E8F7D8FECCE00848C1
:10C82000007803285CD1022106481430E9F726F885
:10C8300004461D4801882046E8F7C8FEBCE05EE0DB
:10C840006C01002028100020440300204203002037
:10C85000B0B4BCFCCDA3C4A3CABD00004449CDA361
:10C86000BBFAC4A3CABD0000BBF4B6FBC0E0D0CD88
:10C8700000000000B9CAD5CFB2E2CAD4202000001F
:10C88000490300204A0300204B0300204C030020F2
:10C8900064110020690300204A0000206301002089
:10C8A00066010020620100204E0000205E0300208F
:10C8B000414F3120CAE4B3F6D4B40000414F3220D6
:10C8C000CAE4B3F6D4B40000444F3120CAE4B3F64E
:10C8D000D4B40000444F3220CAE4B3F6D4B400000C
:10C8E000F8480078042867D10221F748E8F7C6FF26
:10C8F0000446F64801882046E8F768FE5CE0F44804
:10C900000078002858D1F3480078022802D1F4F7C3
:10C910008EFF1CBDEB480078042802DD0020E949A9
:10C920000870E848007888B90120E64908700020BE
:10C93000E9490870E9490880E9490870E548007844
:10C94000012803D10220E3490870E2E7DD480078BE
:10C95000012809D10221DC48801FE8F78FFF044637
:10C960000121E8F738FD27E0D6480078022809D1F0
:10C970000221D548001FE8F781FF04460121E8F7AE
:10C980002AFD19E0CF480078032809D10221CE48BA
:10C99000801EE8F773FF04460121E8F71CFD0BE059
:10C9A000C8480078042807D10221C748E8F766FF85
:10C9B00004460121E8F70FFD00BFAAE71CB5C948EE
:10C9C000408D18B1C748408D01286ED1C6480088F7
:10C9D000C6490988884228D0C4480088C2490880CE
:10C9E000F4F70DFFC2A180200AF0CEFBAFF2741164
:10C9F00087200AF0C9FBC1A190200AF0C5FBC1A1A4
:10CA000097200AF0C1FBC04988200AF0BDFBAFF2B5
:10CA100094118F200AF0B8FBBB4998200AF0B4FBB0
:10CA2000AFF2A8119F200AF0AFFB0220F5F755FAEC
:10CA3000B64800780221A44B0A3B0022CDE9001041
:10CA400003218520F4F7D0FFB148007802219E4BE6
:10CA5000083B0022CDE9001003219520F4F7C4FF24
:10CA60000020AC4908709A480078012809D10220BA
:10CA7000974908700020984908709849088098499B
:10CA8000087093480078022820D18E480078012849
:10CA90000CD102218C480A38E8F7F0FE04468B4896
:10CAA00001882046E8F792FD95E152E0854800783C
:10CAB0000228F9D1022184480838E8F7DFFE04464D
:10CAC000824801882046E8F781FD84E180480078AB
:10CAD0000028E9D17F480078022802D1F4F7A7FEA8
:10CAE0001CBD78480078022802DD002075490870D6
:10CAF0007448007888B9012072490870002076498E
:10CB000008707649088076490870724800780128D4
:10CB100003D102206F490870E2E76A4800780128D3
:10CB200009D1022168480A38E8F7A8FE0446012125
:10CB3000E8F751FC4FE1634800780228B4D10221A4
:10CB400061480838E8F79AFE04460121E8F743FCFB
:10CB500041E16448408D0228A6D1634800886349BA
:10CB60000988884228D0614800885F490880F4F726
:10CB700046FE5FA180200AF007FBAFF2003187205C
:10CB80000AF002FB5DA190200AF0FEFA5DA1972059
:10CB90000AF0FAFA60A188200AF0F6FAAFF224311E
:10CBA0008F200AF0F1FA5FA198200AF0EDFAAFF2B7
:10CBB00034319F200AF0E8FA0420F5F78EF9534843
:10CBC00000780221404B0A3B0022CDE900100321EE
:10CBD0008520F4F709FF4E48007802213A4B083BC4
:10CBE0000022CDE9001003219520F4F7FDFE504806
:10CBF00000780221344B20330022CDE900100321BC
:10CC00008D20F4F7F1FE4B48007803214A4B0022B7
:10CC1000CDE9001005219C20F4F7E6FE00203D49F7
:10CC200008702B480078012809D102202849087093
:10CC3000002029490870294908802949087024489A
:10CC4000007802287BD11F48007801280BD10221EF
:10CC50001D480A38E8F712FE04461C4801882046A1
:10CC6000E8F7B4FCB7E01748007802280BD102219E
:10CC700015480838E8F702FE0446144801882046A3
:10CC8000E8F7A4FCA7E00F48007803280BD10221A5
:10CC90000D482030E8F7F2FD04460C480188204694
:10CCA000E8F794FC97E007480078042809D10321AD
:10CCB0002148E8F7E3FD0446044801882046E8F7E8
:10CCC00085FC88E06C0100203E1000204E00002012
:10CCD0004A0000205E03002063010020660100205E
:10CCE00062010020FA1100204403002042030020CA
:10CCF000B9CAD5CFB8B4CEBB456E0000B9CAD5CF3E
:10CD0000B8B4CEBBC3EB00000C31010849030020CE
:10CD10004A03002069030020C9E8B6A8B8B4CEBB16
:10CD2000CAFD0000D2D1B8B4CEBBCAFD00000000DD
:10CD30004B0300204C03002062110020FFE7FE4857
:10CD40000078F8B9FD480078042802DD0020FB498E
:10CD50000870FA48007848B90120F84908700020A6
:10CD6000F7490870F7490880F7490870F3480078D8
:10CD7000012808D10221F548E8F780FD0446012189
:10CD8000E8F729FB27E0ED480078022809D10221C5
:10CD9000EE48801CE8F772FD04460121E8F71BFB12
:10CDA00019E0E6480078032809D10221E7482A3033
:10CDB000E8F764FD04460121E8F70DFB0BE0DF48CE
:10CDC0000078042807D10321E148E8F757FD04461D
:10CDD0000121E8F700FB00BF82E61CB5DD480088B2
:10CDE000DD490988884227D0DB480088D949088076
:10CDF000F4F705FDD9A180200AF0C6F9AFF28451FD
:10CE000087200AF0C1F9D9A190200AF0BDF9DAA172
:10CE100095200AF0B9F9DAA188200AF0B5F9DBA16A
:10CE20008D200AF0B1F9DBA198200AF0ADF9AFF23C
:10CE3000B4519F200AF0A8F90420F5F74EF8D8481D
:10CE400000780221C14B163B0022CDE900100121E0
:10CE50008720F4F7C9FDD34800780221BB4B123B71
:10CE60000022CDE9001001219420F4F7BDFDCE4849
:10CE700000780421CD4B0022CDE9001001218C2047
:10CE8000F4F7B2FDCA4800780421C84B1B1D0022EC
:10CE9000CDE9001003219D20F4F7A6FD0020C5492F
:10CEA0000870A5480078012809D10220A24908701D
:10CEB0000020A3490870A3490880A34908709E4830
:10CEC000007802283FD19D48007801280BD102212B
:10CED0009E481638E8F7D2FC0446B7480188204639
:10CEE000E8F774FB71E09548007802280BD1022125
:10CEF00096481238E8F7C2FC0446AF48018820463D
:10CF0000E8F764FB61E08D48007803280BD103212A
:10CF10008F485E38E8F7B2FC0446A74801882046EF
:10CF2000E8F754FB51E08548007804284DD10321EF
:10CF300087485C38E8F7A2FC04469F4801882046F1
:10CF4000E8F744FB41E07C48007800283DD19B484D
:10CF50000078022802D1F4F76AFC1CBD77480078FB
:10CF6000022802DD0020754908707448007888B9ED
:10CF700001207249087000207149087071490880C9
:10CF8000714908708D480078012803D102208B492F
:10CF90000870E2E769480078012809D102216B484E
:10CFA0001638E8F76BFC04460121E8F714FA0CE0A8
:10CFB00062480078022808D1022164481238E8F754
:10CFC0005DFC04460121E8F706FA00BFC5E71CB581
:10CFD0006048008860490988884223D05E480088FC
:10CFE0005C490880F4F70BFC75A180200AF0CCF8AE
:10CFF000AFF2787187200AF0C7F874A190200AF088
:10D00000C3F877A188200AF0BFF8AFF290718F20A3
:10D010000AF0BAF877A198200AF0B6F87AA19F2012
:10D020000AF0B2F80220F4F758FF5D4800780421B6
:10D030005E4B9B1C0022CDE9001005218420F4F7F3
:10D04000D3FC584800780421584B163B0122CDE907
:10D0500000109C20F4F7C8FC002056490870F6F731
:10D06000E7F81CBD1CB53B4800883B49098888424D
:10D0700028D03948008837490880F4F7C0FB634955
:10D0800080200AF081F8AFF60C0187200AF07CF8C6
:10D090005E490C3190200AF077F85DA197200AF0E4
:10D0A00073F85CA188200AF06FF8AFF630018F208A
:10D0B0000AF06AF85AA198200AF066F854A19F2055
:10D0C0000AF062F80420F4F708FF354800780221DE
:10D0D0001E4B0E330022CDE9001005218420F4F709
:10D0E00083FC304800780221184B10330122CDE92F
:10D0F000001004219420F4F777FC2B4800780221DB
:10D10000124B28330022CDE9001003218D20F4F7C3
:10D110006BFC2748007802210C4B183B0022CDE91C
:10D12000001005219C20F4F75FFC002021490870C5
:10D1300001480078012879E04A0000206C010020B5
:10D1400063010020660100206201002034100020ED
:10D15000621100204403002042030020C6F4B6AF51
:10D16000C6B5C2CACDA3C4A3CABD0000B2E2CEC236
:10D17000C4A3CABD000000002028302D31290000C2
:10D18000B0B4BCFCC4A3CABD000000002028302DF0
:10D1900032290000B5E7C1F7D0A1CAFDCEBB00001F
:10D1A000490300204A0300204B03002022120020E4
:10D1B0004C030020690300204E0000205E03002085
:10D1C000B2CBB5A5C4A3CABD000000002830B9A9E0
:10D1D000CBAEA3AC313DB1E4C6B5292000000000C0
:10D1E00028323D2044434D32323029202020202057
:10D1F00000000000B1E4C6B5B9A6C2CA20202020B4
:10D2000020202020000000006B5700005C7F0108F8
:10D21000487A0000C6B5C2CAD1A1D4F14149000084
:10D22000D7EEB4F3C6B5C2CA0000000009D102208F
:10D23000FE4908700020FE490870FE490880FE493A
:10D240000870FA48007802283ED1FC48007801288E
:10D250000AD10221FA48E8F711FB0446F94801888F
:10D260002046E8F7B3F98CE0F448007802280BD1A7
:10D270000221F348801CE8F701FB0446F1480188CD
:10D280002046E8F7A3F97CE0EC48007803280BD1AE
:10D290000221EB481A30E8F7F1FA0446E948018820
:10D2A0002046E8F793F96CE0E4480078042868D158
:10D2B0000221E3482638E8F7E1FA0446E14801880C
:10D2C0002046E8F783F95CE0D8480078002858D178
:10D2D000DD480078022802D1F4F7A9FA1CBDD7482E
:10D2E0000078042802DD0020D4490870D348007873
:10D2F00088B90120D14908700020CD490870CD4976
:10D300000880CD490870D0480078012803D1022058
:10D31000CD490870E2E7C9480078012808D1022108
:10D32000C748E8F7ABFA04460121E8F754F828E0CB
:10D33000C2480078022809D10221C148801CE8F7C0
:10D340009DFA04460121E8F746F81AE0BB48007848
:10D35000032809D10221BA481A30E8F78FFA0446A7
:10D360000121E8F738F80CE0B4480078042808D127
:10D370000221B3482638E8F781FA04460121E8F78C
:10D380002AF800BFAAE71CB5B0480088B049098850
:10D39000884229D0AE480088AC490880F4F72FFABB
:10D3A000ACA1802009F0F0FEAFF63031872009F003
:10D3B000EBFEABA1902009F0E7FEAFF640319720DD
:10D3C00009F0E2FEA9A1882009F0DEFEAFF6543193
:10D3D0008F2009F0D9FEA8A1982009F0D5FEAFF65C
:10D3E00064319F2009F0D0FE0420F4F776FDA548B3
:10D3F00000780221924B1B1D0022CDE9001005216F
:10D400008420F4F7F1FAA048007802218C4B9B1D90
:10D410000022CDE9001005219420F4F7E5FA9B489D
:10D4200000780221864B18330022CDE90010052137
:10D430008C20F4F7D9FA964800780221804B0E33FD
:10D440000022CDE9001005219C20F4F7CDFA002040
:10D450009049087075480078012809D10220734965
:10D46000087000207249087072490880724908707B
:10D470006E48007802283FD17048007801280BD10F
:10D4800002216F48001DE8F7F9F904466D4801884C
:10D490002046E8F79BF88DE06848007802280BD119
:10D4A00002216748801DE8F7E9F9044665480188CC
:10D4B0002046E8F78BF87DE06048007803280BD120
:10D4C00002215F481830E8F7D9F904465D48018821
:10D4D0002046E8F77BF86DE058480078042869D1C9
:10D4E000022157480E30E8F7C9F90446554801882B
:10D4F0002046E8F76BF85DE04C480078002859D1E9
:10D5000051480078022802D1F4F791F91CBD4B482C
:10D510000078042802DD0020484908704748007858
:10D5200088B90120454908700020414908704149E7
:10D5300008804149087044480078012803D102203E
:10D5400041490870E2E73D480078012809D10221ED
:10D550003B48001DE8F792F904460121E7F73BFF3D
:10D5600028E036480078022809D102213448801D7D
:10D57000E8F784F904460121E7F72DFF1AE02F4868
:10D580000078032809D102212D481830E8F776F9F0
:10D5900004460121E7F71FFF0CE028480078042823
:10D5A00008D1022126480E30E8F768F90446012127
:10D5B000E7F711FF00BFA9E71CB5244800882449FC
:10D5C0000988884224D02248008820490880F4F73E
:10D5D00016F931A1802009F0D7FD34A1902009F07F
:10D5E000D3FDAFF66851972009F0CEFD32A1882017
:10D5F00009F0CAFDAFF67C518F2009F0C5FD31A1BD
:10D60000982009F0C1FDAFF68C519F2009F0BCFDB8
:10D610000320F4F762FC1B4800780221084B083312
:10D620000022CDE900100521942051E04A0000209D
:10D630006301002066010020620100206C010020CF
:10D64000421000204E0000205E0300204403002012
:10D6500042030020BDC7B6C8B2B9B3A500000000A0
:10D66000BDC7B6C8B2B9322000000000B2B9B3A538
:10D67000B7BDCFF200000000B5E7C1F7CBB3D0F2E1
:10D6800000000000490300204A0300204B03002053
:10D690004C03002069030020D5F0B5B4D2D6D6C61D
:10D6A000B2CECAFDD6B5A3BA00000000BFD5D4D80B
:10D6B000CFB5CAFD00000000B1C8C0FDCFB5CAFD9E
:10D6C00000000000CEA2B7D6CFB5CAFD0000000012
:10D6D000F4F78AF9FE4800780221FE4B0022CDE9DA
:10D6E000001005218C20F4F77FF9FB480078022117
:10D6F000F84B9B1C0022CDE9001005219C20F4F77B
:10D7000073F90020F5490870F5480078012809D11F
:10D710000220F34908700020F2490870F24908809D
:10D72000F2490870EE48007802282ED1F0480078BF
:10D7300001280BD10221E748801EE8F79FF8044634
:10D74000EC4801882046E7F741FF6DE0E8480078A3
:10D7500002280AD10221DF48E8F790F80446E5489C
:10D7600001882046E7F732FF5EE0E14800780328B1
:10D770005AD10221D748801CE8F780F80446DD48DA
:10D7800001882046E7F722FF4EE0D54800780028C0
:10D790004AD1D9480078022802D1F4F748F81CBDD4
:10D7A000D3480078032802DD0020D1490870D04812
:10D7B000007888B90120CE4908700020C949087056
:10D7C000C9490880C9490870CB480078012803D1AD
:10D7D0000220C9490870E2E7C5480078012809D14C
:10D7E0000221BC48801EE8F749F804460121E7F70A
:10D7F000F2FD19E0BE480078022808D10221B548A0
:10D80000E8F73CF804460121E7F7E5FD0CE0B848ED
:10D810000078032808D10221AE48801CE8F72EF8D2
:10D8200004460121E7F7D7FD00BFB8E71CB5B348B0
:10D83000408D022877D1B2480088B24909888842D1
:10D8400026D0B0480088AE490880F3F7D8FFAEA1D3
:10D85000802009F099FCAFF6DC71872009F094FC78
:10D86000ACA1902009F090FCADA1972009F08CFCB0
:10D87000ACA1882009F088FCA9A18F2009F084FCC4
:10D88000AB49982009F080FCAAA19F2009F07CFCFC
:10D890000320F4F722FBA848007802218D4B1633B1
:10D8A0000A46CDE9001004218420F4F79DF8884849
:10D8B00000780221874B18330022CDE900100321A4
:10D8C0009520F4F791F8844800780221814B1A33AF
:10D8D0000022CDE9001003218D20F4F785F8002007
:10D8E0007E4908707E480078012809D102207C49D1
:10D8F000087000207B4908707B4908807B490870CC
:10D900007748007802282FD17948007801280BD178
:10D91000022170481630E7F7B1FF044675480188C8
:10D920002046E7F753FE6FE07148007802280BD1DC
:10D93000022168481830E7F7A1FF04466D480188C6
:10D940002046E7F743FE5FE06948007803285BD193
:10D95000022160481A30E7F791FF044665480188C4
:10D960002046E7F733FE4FE05D48007800284BD1B2
:10D9700061480078022802D1F3F759FF1CBD5C48CA
:10D980000078032802DD00205949087058480078C3
:10D9900088B9012056490870002052490870524940
:10D9A00008805249087054480078012803D10220A9
:10D9B00051490870E2E74E480078012809D1022158
:10D9C00044481630E7F75AFF04460121E7F703FD04
:10D9D0001AE047480078022809D102213D48183052
:10D9E000E7F74CFF04460121E7F7F5FC0CE040485F
:10D9F0000078032808D1022136481A30E7F73EFFA5
:10DA000004460121E7F7E7FC00BFB7E71CB53C4837
:10DA100000883C490988884222D03A480088384921
:10DA20000880F3F7ECFE4549802009F0ADFB41A1E9
:10DA3000872009F0A9FB41490C31902009F0A4FB93
:10DA40003CA1972009F0A0FB3D49882009F09CFBF0
:10DA50003CA18F2009F098FB3BA1982009F094FB92
:10DA60000320F4F73AFA3448007803213B4B0022B4
:10DA7000CDE9001005218420F3F7B6FF14480078A3
:10DA80000321364B9B1C0022CDE900100521942078
:10DA9000F3F7AAFF1048007802210E4B0C3B00223E
:10DAA000CDE9001005218C20F3F79EFF00200B49E3
:10DAB00008700B480078012809D102200849087035
:10DAC000002008490870084908800849087047E0A4
:10DAD0004A0300204C1000204B0300206903002063
:10DAE0004A0000206301002066010020620100203E
:10DAF0006C0100204E0000205E030020FA1100207F
:10DB00004403002042030020B5E7D1B9CFB5CAFDD8
:10DB100000000000BFECCBD9B9FDD1B9D6B50000EB
:10DB200020560000BFECCBD9C7B7D1B9D6B500009D
:10DB30000C31010820200000490300202C4D010871
:10DB400040510108BAC500002844434D3232302903
:10DB50002020202020202020000000002E11002066
:10DB6000FE48007802282DD1FD48007801280AD10E
:10DB70000321FC48E7F782FE0446FB480188204663
:10DB8000E7F724FD6CE0F648007802280BD103216A
:10DB9000F448801CE7F772FE0446F34801882046EB
:10DBA000E7F714FD5CE0EE480078032858D1022125
:10DBB000EE48E7F763FE0446EB4801882046E7F7A6
:10DBC00005FD4DE0E5480078002849D1E848007897
:10DBD000022802D1F3F72BFE1CBDE1480078032890
:10DBE00002DD0020DE490870DD48007888B9012098
:10DBF000DB4908700020DF490870DF490880DF49F1
:10DC00000870DB480078012803D10220D849087049
:10DC1000E2E7D3480078012808D10321D148E7F78B
:10DC20002DFE04460121E7F7D6FB19E0CC48007829
:10DC3000022809D10321CB48801CE7F71FFE0446C8
:10DC40000121E7F7C8FB0BE0C5480078032807D19E
:10DC50000221C648E7F712FE04460121E7F7BBFBA5
:10DC600000BFB9E71CB5C6480088C6490988884284
:10DC700029D0C4480088C2490880F3F7C0FDC2A17A
:10DC8000802009F081FAAFF25411872009F07CFA64
:10DC9000C0A1902009F078FAAFF26811972009F03E
:10DCA00073FABFA1882009F06FFAAFF278118D20C6
:10DCB00009F06AFABFA1982009F066FAAFF28C1158
:10DCC0009F2009F061FA0420F4F707F9BE480078B4
:10DCD0000421BE4B0022CDE9001005218420F3F77A
:10DCE00083FEBB4800780421B84B9B1C0022CDE981
:10DCF000001005219420F3F777FEB6480078042140
:10DD0000B24B6A3B0022CDE9001003218D20F3F7CE
:10DD10006BFEB14800780421AC4B6C3B0022CDE98E
:10DD2000001003219D20F3F75FFE0020AB4908702F
:10DD3000F5F77EFA1CBD1CB5914800889149098809
:10DD4000884229D08F4800888D490880F3F757FD15
:10DD5000A3A1802009F018FAAFF22821872009F04A
:10DD600013FAA4A1902009F00FFAAFF238219720FE
:10DD700009F00AFAA4A1882009F006FAAFF24C21B2
:10DD80008F2009F001FAA5A1982009F0FDF9AFF262
:10DD90005C219F2009F0F8F90420F4F79EF88A48E6
:10DDA00000780421894B683B0022CDE90010032153
:10DDB0008520F3F719FE864800780421834B663BE3
:10DDC0000022CDE9001003219520F3F70DFE8148D4
:10DDD000007804217D4B643B0022CDE90010032133
:10DDE0008D20F3F701FE7C4800780421774B623BDD
:10DDF0000022CDE9001003219D20F3F7F5FD00205E
:10DE000076490870F5F714FA1CBD1CB56F487038D8
:10DE1000008A002868D15A4800885A4909888842EF
:10DE200029D05848008856490880F3F7E8FC80A1BB
:10DE3000802009F0A9F9AFF20431872009F0A4F994
:10DE400080A1902009F0A0F9AFF21831972009F0D5
:10DE50009BF981A1882009F097F9AFF228318F2032
:10DE600009F092F981A1982009F08EF9AFF23C31C6
:10DE70009F2009F089F90420F4F72FF85248007820
:10DE80000421524B543B0022CDE900100321852090
:10DE9000F3F7AAFD4E48007804214C4B523B002278
:10DEA000CDE9001003219520F3F79EFD4948007845
:10DEB0000421464B423B0022CDE9001003218D2076
:10DEC000F3F792FD444800780421404B403B002288
:10DED000CDE9001003219D20F3F786FD00203F4986
:10DEE0000870F5F7A5F921E125480088254909883A
:10DEF000884229D02348008821490880F3F77FFC15
:10DF00005FA1802009F040F9AFF2D831872009F0F5
:10DF10003BF960A1902009F037F9AFF2E831972082
:10DF200009F032F960A1882009F02EF9AFF2FC3136
:10DF30008F2009F029F961A1982009F025F9AFF2A5
:10DF40000C419F2009F020F90420F3F7C6FF1E487A
:10DF5000007804211D4B503B0022B9E04A0000200C
:10DF60006C0100202E1100204E00002040100020E7
:10DF70005E03002063010020660100206201002092
:10DF80004403002042030020D0DEB8C44C6F52612D
:10DF900000000000BBD6B8B44C6F52610000000016
:10DFA000D6F7B4D3BBFAC9E8B6A820202020202099
:10DFB00000000000B1BEBBFAB5D8D6B720202020A3
:10DFC0002020202000000000490300206A120020C9
:10DFD0004A0300204B0300204C030020690300206B
:10DFE000B4D3BBFA3120B5D8D6B7202020202020CA
:10DFF00000000000B4D3BBFA3220B5D8D6B7202039
:10E000002020202000000000B4D3BBFA3320B5D874
:10E01000D6B720202020202000000000B4D3BBFA77
:10E020003420B5D8D6B720202020202000000000C2
:10E03000B4D3BBFA3520B5D8D6B720202020202075
:10E0400000000000B4D3BBFA3620B5D8D6B72020E4
:10E050002020202000000000B4D3BBFA3720B5D820
:10E06000D6B720202020202000000000B4D3BBFA27
:10E070003820B5D8D6B7202020202020000000006E
:10E080004C6F5261CEBBBFD8D6C6202020202020A6
:10E090000000000047707273CEBBBFD8D6C62020E8
:10E0A0002020202000000000B7A2C9E4B2E2CAD4B8
:10E0B000312020202020202000000000B7A2C9E449
:10E0C000B2E2CAD43220202020202020000000000C
:10E0D000CDE9001003218520F3F786FCFE48007887
:10E0E0000421FE4B0022CDE9001003219520F3F717
:10E0F0007BFCFB4800780421F84B9B1C0022CDE9F7
:10E10000001003218D20F3F76FFCF64800780421FE
:10E11000F24B1B1D0022CDE9001003219D20F3F7D7
:10E1200063FC0020F0490870F5F782F81CBD1CB5AF
:10E13000EA482238008A00286BD1EC480088EC4974
:10E14000098888422DD0EA480088E8490880F3F71A
:10E1500056FBAFF2D401802009F016F8AFF22C6123
:10E16000872009F011F8AFF2D401902009F00CF8E3
:10E17000AFF24061972009F007F8AFF2D401882090
:10E1800009F002F8AFF254618F2008F0FDFFAFF202
:10E19000D401982008F0F8FFAFF268619F2008F0E2
:10E1A000F3FF0420F3F799FED24800780421CB4B0B
:10E1B0009B1E0022CDE9001003218520F3F714FCFB
:10E1C000C54800780421C54B0022CDE90010032189
:10E1D0009520F3F709FCC24800780421BF4B9B1C33
:10E1E0000022CDE9001003218D20F3F7FDFBBD488F
:10E1F00000780421B94B1B1D0022CDE9001003213A
:10E200009D20F3F7F1FB0020B7490870F5F710F8EF
:10E2100066E0B6480088B6490988884228D0B448E4
:10E220000088B2490880F3F7EAFAB3A1802008F029
:10E23000ABFFB4A1872008F0A7FFB3A1902008F09E
:10E24000A3FFAFF21071972008F09EFFB1A18820C4
:10E2500008F09AFFAFF224718F2008F095FFB0A16B
:10E26000982008F091FFAFF234719F2008F08CFFE6
:10E270000420F3F732FE9F4800780421974B2633A1
:10E280000022CDE9001005218420F3F7ADFB924870
:10E2900000780421914B28330022CDE9001005219C
:10E2A0009420F3F7A1FB8E48007804218B4B2A338E
:10E2B0000022CDE9001005218C20F3F795FB894859
:10E2C00000780421854B2C330022CDE90010052174
:10E2D0009C20F3F789FB002083490870F4F7A8FF1E
:10E2E0001CBD1CB57D482238008A002867D17F48B4
:10E2F00000887F490988884228D07D4800887B496A
:10E300000880F3F77CFA7CA1802008F03DFF7DA116
:10E31000872008F039FF7CA1902008F035FFAFF28C
:10E32000EC71972008F030FF7AA1882008F02CFFCC
:10E33000AFF600018F2008F027FF79A1982008F0A0
:10E3400023FFAFF610019F2008F01EFF0420F3F713
:10E35000C4FD684800780421604B26330022CDE9D3
:10E36000001005218420F3F73FFB5B48007804216F
:10E370005A4B28330022CDE9001005219420F3F7F1
:10E3800033FB574800780421544B2A330022CDE94F
:10E39000001005218C20F3F727FB52480078042158
:10E3A0004E4B2C330022CDE9001005219C20F3F7C1
:10E3B0001BFB00204C490870F4F73AFF67E04B481C
:10E3C00000884B490988884229D049480088474934
:10E3D0000880F3F714FA55A1802008F0D5FEAFF6B7
:10E3E000AC01872008F0D0FE53A1902008F0CCFEAD
:10E3F000AFF6C001972008F0C7FE52A1882008F0B0
:10E40000C3FEAFF6D0018F2008F0BEFE50A19820C9
:10E4100008F0BAFEAFF6E4019F2008F0B5FE042034
:10E42000F3F75BFD3348007804212C4B2E33002298
:10E43000CDE9001005218420F3F7D6FA26480078AC
:10E440000421264B30330022CDE900100521942011
:10E45000F3F7CAFA224800780421204B3233002215
:10E46000CDE9001005218C20F3F7BEFA1D48007895
:10E4700004211A4B34330022CDE9001005219C20E1
:10E48000F3F7B2FA002018490870F4F7D1FE1CBD6A
:10E490001CB512482238008A00281CD11348008875
:10E4A0001349098888427CD0114800880F490880A8
:10E4B000F3F7A5F929A1802008F066FE2BA187209B
:10E4C00008F062FE2AA1902008F05EFE27A19720A6
:10E4D00008F05AFE55E08FE04A0300201C1200208D
:10E4E0004B0300204C03002069030020440300205C
:10E4F00042030020490300204C6F5261C6B5C2CAD6
:10E5000000000000204D00004C6F5261B9A6C2CA45
:10E51000000000004C6F5261B4F8BFED0000000035
:10E52000B1C8C0FDD2F2D7D300000000B4EDCEF3E5
:10E53000B1E0C2EB000000004372634F6E20202068
:10E5400000000000D2FECABDB1A8CDB70000000097
:10E55000BDD3CAD5B5A5B8F600000000B7A2CBCD93
:10E56000B3ACCAB120202020202000006D73000031
:10E57000BDD3CAD5B3ACCAB12020202020200000D2
:10E580000FE0FCA1882008F0FFFDFEA18F2008F01D
:10E59000FBFDFDA1982008F0F7FDF9A19F2008F0F0
:10E5A000F3FD0220F3F799FCFC4800780421FC4BB2
:10E5B0000022CDE9001005218420F3F715FAF9486F
:10E5C00000780421F64B9B1C0022CDE900100521A8
:10E5D0009420F3F709FA00200521F14B263302229B
:10E5E000CDE9001004218C20F3F7FEF90020EE495C
:10E5F0000870F4F71DFE57E0EC480088EC490988E4
:10E60000884225D0EA480088E8490880F3F7F7F8FF
:10E61000E8A1802008F0B8FDD9A1872008F0B4FD5A
:10E62000E7A1902008F0B0FDD5A1972008F0ACFD3F
:10E63000E6A1882008F0A8FDD1A18F2008F0A4FD54
:10E64000E549982008F0A0FDCDA19F2008F09CFD91
:10E650000320F3F742FCD14800780421D04B9B1FE4
:10E660000022CDE9001003218520F3F7BDF9CD4844
:10E6700000780421CA4B1B1F0022CDE900100321A2
:10E680009520F3F7B1F9D54800780421C44B9B1EBF
:10E690000022CDE9001003218D20F3F7A5F9002019
:10E6A000C1490870F4F7C4FD1CBD1CB5BF48008803
:10E6B000BF490988884221D0BD480088BB490880ED
:10E6C000F3F79DF8C6A1802008F05EFDC8A1872061
:10E6D00008F05AFDC7A1902008F056FDA8A1972088
:10E6E00008F052FDC7A1882008F04EFDA4A18F209C
:10E6F00008F04AFDC7A1982008F046FD0320F3F773
:10E70000ECFBA64800780421A54B5E3B0022CDE936
:10E71000001005218420F3F767F9A248007804214E
:10E720009F4B5C3B0022CDE9001001219420F3F7C0
:10E730005BF9AA4800780521994B4E3B0022CDE9B0
:10E74000001001218C20F3F74FF900209649087042
:10E75000F4F76EFD1CBD1CB59448008894490988E7
:10E76000884228D09248008890490880F3F747F8FB
:10E7700099494C31802008F007FD81A1872008F0DD
:10E7800003FD95495831902008F0FEFC7CA19720AC
:10E7900008F0FAFC90495831882008F0F5FC78A17F
:10E7A0008F2008F0F1FC8C49982008F0EDFC74A152
:10E7B0009F2008F0E9FC0020F3F78FFB00200521E3
:10E7C000774B32330222CDE900108420F3F70CF9A5
:10E7D00000200121724B34330246CDE9001005219F
:10E7E0009420F3F701F9002001216D4B36330246E6
:10E7F000CDE9001005218C20F3F7F6F800206A49D6
:10E800000870F4F715FD1CBD70B504460D46F3F70E
:10E81000CBF865480078022807D12946204608F041
:10E82000CBFC4FF47A7008F0EDF970BD70B504467A
:10E830000D46F3F7B9F85C480078022807D129465D
:10E84000204608F0A1FC4FF47A7008F0DBF970BDA7
:10E8500010B55648008856490988884225D0544842
:10E86000008852490880F2F7CAFF6FA1802008F0A3
:10E870008BFC43A1872008F087FC70A1902008F052
:10E8800083FC3FA1972008F07FFC71A1882008F04D
:10E890007BFC3BA18F2008F077FC72A1982008F048
:10E8A00073FC37A19F2008F06FFC0020F3F715FBE5
:10E8B00071480078F8B971499220FFF7B7FF6F48A7
:10E8C000223890F848109820FFF79EFF6B482238B6
:10E8D00090F849109A20FFF797FF6848223890F87F
:10E8E0004A109C20FFF790FF6448223890F84B10A4
:10E8F0009E20FFF789FF00202B490870F4F798FC51
:10E9000010BD10B52948008829490988884225D0BA
:10E910002748008825490880F2F771FF58A1802018
:10E9200008F032FC16A1872008F02EFC4DA19020A3
:10E9300008F02AFC12A1972008F026FC49A18820A3
:10E9400008F022FC0EA18F2008F01EFC45A19820A3
:10E9500008F01AFC0AA19F2008F016FC0020F3F72B
:10E96000BCFA45480078002802D14448223891E09A
:10E97000D7E00000BFD5D6D0CBD9C2CA20202020F6
:10E98000202000006B62000020202020202020207A
:10E9900020202020202020202000000049030020EB
:10E9A000581200204A03002069030020440300207D
:10E9B0004203002046726571486F704F6E20000060
:10E9C000486F70506572696F642000005061794C27
:10E9D0006F61644C656E00000C3101084B03002030
:10E9E000D6D8C6F4BCE4B8F42020202020200000B3
:10E9F000B7D60000BFD8D6C6D0C5CFA220202020D1
:10EA000020200000C9E8B1B8C0E0D0CD20202020EF
:10EA1000202000002830CBABC7FDA3AC313DB1E4D2
:10EA2000C6B5292000000000202020204454552095
:10EA3000B2CECAFD202020200000000049443A2028
:10EA40002020202020202020202020200000000046
:10EA50004950313A20202020202020202020202032
:10EA6000000000002020202E2020202E2020202EFC
:10EA700020202020000000003F0300204C14002034
:10EA80004950322D4950343A202020202020202087
:10EA90000000000090F84C109020FFF7B5FEF948F8
:10EAA00090F84D109220FFF7AFFEF64890F84E1008
:10EAB0009420FFF7A9FEF34890F84F109620FFF737
:10EAC000A3FEF04890F850108820FFF79DFEED4817
:10EAD00090F851108A20FFF797FEEA4890F85210FC
:10EAE0008C20FFF791FEE74890F853108E20FFF737
:10EAF0008BFEE44890F854109820FFF785FEE1481B
:10EB000090F855109A20FFF77FFEDE4890F85610D7
:10EB10009C20FFF779FEDB4890F857109E20FFF706
:10EB200073FE0020D8490870F4F782FB10BD10B5C1
:10EB3000D6480088D6490988884229D0D448008818
:10EB4000D2490880F2F75BFED2A1802008F01CFBBE
:10EB5000AFF2D411872008F017FBD349902008F0BA
:10EB600013FBAFF2E411972008F00EFBCE4988208A
:10EB700008F00AFBAFF2F8118F2008F005FBCA4934
:10EB8000982008F001FBAFF208219F2008F0FCFA62
:10EB90000020F3F7A2F9C548007858BBB94890F8AF
:10EBA0005900B84A92F8582000EB02219120FFF753
:10EBB0002BFEB44890F85B00B24A92F85A2000EB62
:10EBC00002219520FFF720FEAE4890F85D00AD4A87
:10EBD00092F85C2000EB02218920FFF715FEA9487E
:10EBE00090F85F00A74A92F85E2000EB02218D208A
:10EBF000FFF70AFE0020A4490870F4F719FB10BDC6
:10EC00001CB5A2480088A2490988884223D0A048A0
:10EC100000889E490880F2F7F2FDA5A1802008F047
:10EC2000B3FAA149902008F0AFFAA649952008F060
:10EC3000ABFAA5A1882008F0A7FAAFF2BC218F207B
:10EC400008F0A2FAA3A1982008F09EFAAFF2D02112
:10EC50009F2008F099FA0020F3F73FF993480078D5
:10EC6000B8B9884890F868109120FFF7CDFD854825
:10EC700090F869109220FFF7C7FD824890F86A105B
:10EC80009320FFF7C1FD7F4890F86B109420FFF7A9
:10EC9000BBFD00200521924B0246CDE900108C20DF
:10ECA000F2F7A2FE002005218D4B9B1F0246CDE905
:10ECB00000109C20F2F798FE002073490870F4F7CA
:10ECC000B7FA1CBD10B586488038008A00281ED1CE
:10ECD0006E4800886E490988884215D06C480088C3
:10ECE0006A490880F2F78BFD6F49802008F04CFAE2
:10ECF0006D49902008F048FA7AA1882008F044FA7B
:10ED00006949982008F040FAF4F792FA1DE05F484C
:10ED100000885F490988884215D05D4800885B49B2
:10ED20000880F2F76CFD6049802008F02DFA5E49FA
:10ED3000902008F029FA70A1882008F025FA5A4995
:10ED4000982008F021FAF4F773FA10BD1CB54F486B
:10ED500000884F490988884227D04D4800884B4990
:10ED60000880F2F74CFD6949802008F00DFA68A18F
:10ED7000872008F009FA6749902008F005FA66A193
:10ED8000972008F001FA63490C31882008F0FCF95B
:10ED900062A18F2008F0F8F95E491C31982008F034
:10EDA000F3F95FA19F2008F0EFF90020F3F795F841
:10EDB000002005214A4B32330122CDE90010042105
:10EDC0008420F2F711FE00200521454B3633024620
:10EDD000CDE900109420F2F707FE41488038808D7D
:10EDE00001280BD1002005213D4B34330122CDE910
:10EDF000001004218C20F2F7F7FD0FE0384880382E
:10EE0000808D02280AD100200521354B343302229F
:10EE1000CDE9001004218C20F2F7E6FD0020052149
:10EE20002F4B38330122CDE9001004219C20F2F74A
:10EE3000DBFD002014490870F4F7FAF91CBD1CB57D
:10EE400027488038008A002878D110480088104967
:10EE50000988884273D00E4800880C490880F2F770
:10EE6000CEFC30A1802008F08FF92BA1872008F07C
:10EE70008BF92FA1902008F087F928A1972008F09E
:10EE800083F95DE02A140020690300204403002078
:10EE900042030020B6CBBFDA312DB6CBBFDA343A0D
:10EEA00020202020000000000C3101083F0300203A
:10EEB000CBC4C2B7D0ADD2E95544502E5443503ADA
:10EEC0000000000078D10108D0C5BAC5C7BFB6C8D8
:10EED00000000000586D6F64656DCFEE000000000B
:10EEE0007A12002020202031BAC5B8DFC6B5CBABDE
:10EEF000C7FD20200000000020202031BAC5B1E469
:10EF0000C6B5B5E7BBFA202000000000F496010862
:10EF1000487A0000D8240108205600002041000053
:10EF2000B6C8000041427E20B5E7D1B9000000001C
:10EF3000417EB5E7C1F72020000000004EE019E057
:10EF4000F7A1882008F020F9AFF2CC518F2008F00B
:10EF50001BF9F648007848B9F5A1982008F014F993
:10EF6000AFF2E4519F2008F00FF903E0F3A19820DD
:10EF700008F00AF90020F2F7B0FF00200521F44B59
:10EF80000122CDE9001004218420F2F72DFD00209C
:10EF90000521EF4B0C330222CDE90010062193200E
:10EFA000F2F722FD00200521EA4B0246CDE90010D0
:10EFB0008D20F2F719FDDD48007848B900200521C1
:10EFC000E34B08330246CDE900109D20F2F70CFD1B
:10EFD0000020E1490870F4F72BF98AE0DF48008847
:10EFE000DF49098888422CD0DD480088DB49088049
:10EFF000F2F705FCDBA1802008F0C6F8AFF28061D3
:10F00000872008F0C1F8AFF28861902008F0BCF8C2
:10F01000AFF29461972008F0B7F8AFF29C618820B6
:10F0200008F0B2F8AFF2A8618F2008F0ADF8AFF2A7
:10F03000B061982008F0A8F8AFF2BC619F2008F0FA
:10F04000A3F80020F2F749FF00200521C14B24332B
:10F050000246CDE900108120F2F7C6FC0020052110
:10F06000BC4B26330246CDE900108420F2F7BCFCED
:10F0700000200521B74B28330246CDE9001091202E
:10F08000F2F7B2FC00200521B24B2A330246CDE94B
:10F0900000109420F2F7A8FC00200521AD4B2C3382
:10F0A0000246CDE900108920F2F79EFC00200521E0
:10F0B000A84B2E330246CDE900108C20F2F794FCC9
:10F0C00000200521A34B30330246CDE900109920E2
:10F0D000F2F78AFC002005219E4B32330246CDE92F
:10F0E00000109C20F2F780FC00209B490870F4F788
:10F0F0009FF81CBD1CB59C48008A00287ED197480B
:10F10000008897490988884229D095480088934902
:10F110000880F2F774FB95A1802008F035F8AFF273
:10F12000A071872008F030F893A1902008F02CF807
:10F13000AFF2B471972008F027F893A1882008F067
:10F1400023F8AFF2C4718F2008F01EF8924998207E
:10F1500008F01AF8AFF2D8719F2008F015F80120D6
:10F16000F2F7BBFE00200521794B0A330246CDE9B8
:10F1700000108520F2F738FC00200521874B02465D
:10F18000CDE900109520F2F72FFC85480078052185
:10F19000824B163B0022CDE900108D20F2F724FCB3
:10F1A0008048007840BB6A481C38B0F8520568496E
:10F1B0001C39B1F85C1588421ED065481C38B0F87F
:10F1C0005205012805DD002061491C39A1F85205CE
:10F1D00012E05F481C38B0F852055D491C39A1F8AF
:10F1E0005C050F20A1F866050846B0F85205A1F8A5
:10F1F000680501206B490870002000E004E05649D2
:10F200000870F4F715F88AE05448008854490988D2
:10F2100088422CD05248008850490880F2F7EFFA13
:10F2200061A1802007F0B0FFAFF6AC01872007F0A6
:10F23000ABFFAFF6B401902007F0A6FFAFF6C00118
:10F24000972007F0A1FFAFF6C801882007F09CFFC8
:10F25000AFF6D4018F2007F097FFAFF6DC019820BE
:10F2600007F092FFAFF6E8019F2007F08DFF002026
:10F27000F2F733FE00200521364B34330246CDE948
:10F2800000108120F2F7B0FB00200521314B36330E
:10F290000246CDE900108420F2F7A6FB00200521EC
:10F2A0002C4B38330246CDE900109120F2F79CFB3D
:10F2B00000200521274B3A330246CDE90010942067
:10F2C000F2F792FB00200521224B3C330246CDE9A8
:10F2D00000108920F2F788FB002005211D4B3E33EA
:10F2E0000246CDE900108C20F2F77EFB00200521BC
:10F2F000184B40330246CDE900109920F2F774FB19
:10F3000000200521134B42330246CDE900109C201A
:10F31000F2F76AFB002010490870F3F789FF1CBD63
:10F320004C6F5261BCC6CAFDC6F70000270300201F
:10F33000444E4220BCC6CAFDC6F700003123B1C30B
:10F340004C6F5261CDA8D1B6D2ECB3A3000000003F
:10F35000661500204E13002069030020440300209E
:10F360004203002031200000FA1100203232302008
:10F37000BCC6CAFDC6F70000D4B6B3CCCAFDBEDD1C
:10F380002020202000000000B0B4BCFCC6F4CDA3B7
:10F3900020202020000000000C310108B21A0020BB
:10F3A0004903002061000020322000001CB5FE4807
:10F3B0000088FE490988884224D0FC480088FA4920
:10F3C0000880F2F71CFAFAA1802007F0DDFEAFF604
:10F3D0005021872007F0D8FEF8A1902007F0D4FE36
:10F3E000AFF66421972007F0CFFEF749882007F099
:10F3F000CBFEAFF674218F2007F0C6FEF3499820AC
:10F4000007F0C2FE0020F2F768FD00200521F04B56
:10F410000246CDE900108420F2F7E6FA002005212B
:10F42000EB4B0A3B0222CDE9001004219420F2F7B5
:10F43000DBFA00200521E64B08330246CDE9001037
:10F440008C20F2F7D1FA0020E2490870F3F7F0FEC1
:10F450001CBD1CB5DE48BA38008A002863D1D248EA
:10F460000088D2490988884229D0D0480088CE49EE
:10F470000880F2F7C4F9D849802007F085FED7A1AB
:10F48000872007F081FED4491031902007F07CFEE0
:10F49000D2A1972007F078FECF491C31882007F0D1
:10F4A00073FECEA18F2007F06FFECB492831982044
:10F4B00007F06AFEAFF2A8519F2007F065FE00201A
:10F4C000F2F70BFD00200521C54B0322CDE900100A
:10F4D00004218420F2F788FA00200521C04B9B1CF0
:10F4E0000322CDE9001004219420F2F77DFA0020D8
:10F4F0000521BB4B08330322CDE9001004218C20E9
:10F50000F2F772FA00200521B54B9B1E0122CDE9CE
:10F51000001004219C20F2F767FA0020AD49087022
:10F52000F3F786FE8AE0A0480088A049098888424F
:10F530002CD09E4800889C490880F2F760F9A9A168
:10F54000802007F021FEAFF6C831872007F01CFEAF
:10F55000AFF6D431902007F017FEAFF6DC319720DC
:10F5600007F012FEAFF6E831882007F00DFEAFF687
:10F57000F0318F2007F008FEAFF6FC31982007F03D
:10F5800003FEAFF604419F2007F0FEFD0020F2F7D6
:10F59000A4FC002005218E4BDE330246CDE900108D
:10F5A0008120F2F721FA00200521894BE033024641
:10F5B000CDE900108420F2F717FA00200521844BD2
:10F5C000E2330246CDE900109120F2F70DFA002057
:10F5D00005217F4BE4330246CDE900109420F2F779
:10F5E00003FA002005217A4BE6330246CDE90010EC
:10F5F0008920F2F7F9F900200521754BE83302461E
:10F60000CDE900108C20F2F7EFF900200521704BB6
:10F61000EA330246CDE900109920F2F7E5F900201F
:10F6200005216B4BEC330246CDE900109C20F2F72C
:10F63000DBF9002067490870F3F7FAFD1CBD1CB523
:10F640005948008859490988884223D0574800887A
:10F6500055490880F2F7D3F85F49802007F094FD00
:10F660005EA1872007F090FD5B491031902007F0E4
:10F670008BFD5AA1972007F087FD57491C31882040
:10F6800007F082FD55A18F2007F07EFD4F4998209D
:10F6900007F07AFD0020F2F720FC002005214C4BFA
:10F6A00046330322CDE9001004218420F2F79CF9AF
:10F6B00000200521464B48330322CDE900100421E8
:10F6C0009420F2F791F900200521414B4A3303229F
:10F6D000CDE9001004218C20F2F786F900203D4985
:10F6E0000870F3F7A5FD1CBD7CB500250024384843
:10F6F000BA38008A002855D12B4800882B49098840
:10F70000884227D02948008827490880F2F777F8EF
:10F7100035A1802007F038FD36A1872007F034FDA1
:10F7200035A1902007F030FD32A1972007F02CFD85
:10F7300022A1882007F028FDAFF6BC518F2007F0EA
:10F7400023FD2249982007F01FFDAFF6CC519F20E2
:10F7500007F01AFD0020F2F7C0FB21483838B0F856
:10F760003C0542F21071884209DB1D483838B0F878
:10F770003C05401A1A493839A1F83C050A251848B1
:10F780003838B0F83E0542F21071884209DB14485F
:10F790003838B0F83E05401A11493839A1F83E050D
:10F7A0000A242FE055E0000044030020420300201B
:10F7B000B4EDCEF3C2EB312000000000C8EDBCFE7A
:10F7C000B0E6B1BE0000000008A501080C31010838
:10F7D000B412002069030020902001084D70000041
:10F7E0008215002033200000CEC2B6C8B1ED312012
:10F7F00000000000A1E60000CEC2B6C8B1ED322084
:10F80000000000000021681DC0B2FE4B0122CDE9BE
:10F81000000104218420F2F7E7F80021601DC0B246
:10F82000F84B9B1C0122CDE9000104219420F2F742
:10F83000DBF800200521F44B0222CDE90010042161
:10F840008C20F2F7D1F80020F0490870F3F7F0FCB3
:10F850004FE0EF480088EF490988884223D0ED48FF
:10F860000088EB490880F1F7CAFFEBA1802007F080
:10F870008BFCAFF6F461872007F086FCEBA19020AB
:10F8800007F082FCAFF60871972007F07DFCEC4989
:10F89000882007F079FCEBA18F2007F075FCEA497E
:10F8A000982007F071FC0020F2F717FB00200521DB
:10F8B000E64B0246CDE900108420F2F795F80020CF
:10F8C0000521E24B9B1C0246CDE900109420F2F783
:10F8D0008BF800200521DD4B1B1D0122CDE9001016
:10F8E00004218C20F2F780F80020C8490870F3F753
:10F8F0009FFC7CBD10B5D648008A00281ED1C448A4
:10F900000088C4490988884215D0C2480088C04987
:10F910000880F1F774FFCC49802007F035FCCA4914
:10F92000902007F031FCCBA1882007F02DFCC649C0
:10F93000982007F029FCF3F77BFC1DE0B448008811
:10F94000B4490988884215D0B2480088B049088077
:10F95000F1F755FFBC49802007F016FCBA4990200A
:10F9600007F012FCC0A1882007F00EFCB6499820D1
:10F9700007F00AFCF3F75CFC10BD1CB5B448008A24
:10F98000002872D1A2480088A2490988884235D04F
:10F99000A04800889E490880F1F731FFAFF67C212E
:10F9A000802007F0F1FBAFF69021872007F0ECFBF9
:10F9B000AFF68421902007F0E7FBAFF6A021972057
:10F9C00007F0E2FBAFF2A861882007F0DDFBAFF69D
:10F9D000E4718F2007F0D8FBA848007850B9AFF247
:10F9E000B061982007F0D0FBAFF6EC719F2007F0D4
:10F9F000CBFB03E0A2A1982007F0C6FB0020F2F7A2
:10FA00006CFA00200521804B5E330122CDE9001005
:10FA100004218420F1F7E8FF002005217A4B6A33A6
:10FA20000222CDE9001006219320F1F7DDFF00202E
:10FA30000521864B50330246CDE900108D20F1F7A9
:10FA4000D3FF8E48007848B9002005216E4B6633FD
:10FA50000246CDE900109D20F1F7C6FF00206B495A
:10FA60000870F3F7E5FB79E0FFE76948008869492A
:10FA7000098888422BD06748008865490880F1F7DB
:10FA8000BEFE8449802007F07FFBAFF67C318720E3
:10FA900007F07AFB8049902007F076FBAFF68831BB
:10FAA000972007F071FB7C490C31882007F06CFB34
:10FAB000AFF698318F2007F067FB77491C3198200B
:10FAC00007F062FBAFF6A8319F2007F05DFB002036
:10FAD000F2F703FA002005215C4B403B0122CDE9FF
:10FAE000001004218420F1F77FFF00200521574BEF
:10FAF0003C3B0246CDE900109420F1F775FF5448D5
:10FB0000808D01280BD100200521504B3E3B012266
:10FB1000CDE9001004218C20F1F766FF0EE04C487F
:10FB2000808D02280AD100200521484B3E3B02224D
:10FB3000CDE9001004218C20F1F756FF00200521AB
:10FB4000424B3A3B0122CDE9001004219C20F1F701
:10FB50004BFF00202D490870F3F76AFB1CBD1CB554
:10FB60003B48008A00284BD1294800882949098848
:10FB7000884228D02748008825490880F1F73FFEB1
:10FB8000AFF61801802007F0FFFA44A1872007F0A4
:10FB9000FBFAAFF61C01902007F0F6FA3FA1972080
:10FBA00007F0F2FAAFF62001882007F0EDFA3BA14A
:10FBB0008F2007F0E9FA2449982007F0E5FA37A1E9
:10FBC0009F2007F0E1FA0120F2F787F900200521D4
:10FBD0000D4B68330246CDE900108520F1F704FF94
:10FBE00000200521074B2C330246CDE9001095205B
:10FBF000F1F7FAFE2A4800780521024B183351E04C
:10FC000082E00000861A00205815002069030020B9
:10FC10004403002042030020B9A9CBAED7B4CCAC3A
:10FC2000202020202020202000000000CDA3BBFAAF
:10FC3000D4ADD2F22020202020202020000000007F
:10FC4000F4D101086B5700000C31010800130020AB
:10FC5000FA11002020202032BAC5B8DFC6B5CBABE0
:10FC6000C7FD20200000000020202032BAC5B1E4EA
:10FC7000C6B5B5E7BBFA202000000000280300202D
:10FC80003223B1C34C6F5261CDA8D1B6D2ECB3A32D
:10FC900000000000F4960108D8240108202000008C
:10FCA000490300200022CDE900108D20F1F79CFED1
:10FCB000FE48007810BBFE48B0F85405FC49B1F886
:10FCC0005E1588421AD0FA48B0F85405012804DDC0
:10FCD0000020F749A1F8540510E0F548B0F85405A4
:10FCE000F349A1F85E053720A1F866050846B0F88B
:10FCF0005405A1F868050120EC4908700020ED4981
:10FD00000870F3F795FA52E0EB480088EB49098850
:10FD1000884226D0E9480088E7490880F1F76FFD5E
:10FD2000AFF27451802007F02FFAAFF290018720D4
:10FD300007F02AFAAFF27C51902007F025FAAFF2D3
:10FD4000A401972007F020FADD49882007F01CFA6B
:10FD5000AFF2B8018F2007F017FADA49982007F0C0
:10FD600013FA0020F2F7B9F800200521D64B02461D
:10FD7000CDE900108420F1F737FE00200521D24B99
:10FD80000A3B0222CDE9001004219420F1F72CFE59
:10FD900000200521CC4B08330246CDE900108C2011
:10FDA000F1F722FE0020C3490870F3F741FA1CBDA9
:10FDB0001CB5C548CE38008A002867D1BE480088E7
:10FDC000BE49098888422CD0BC480088BA490880BE
:10FDD000F1F715FDBD49802007F0D6F9AFF20461B7
:10FDE000872007F0D1F9B9491031902007F0CCF9FC
:10FDF000AFF21861972007F0C7F9B4491C31882089
:10FE000007F0C2F9AFF22C618F2007F0BDF9AF49BE
:10FE10002831982007F0B8F9AFF60C719F2007F051
:10FE2000B3F90020F2F759F800200521A04B8833E0
:10FE30000322CDE9001004218420F1F7D5FD002034
:10FE400005219B4B8A330322CDE900100421942025
:10FE5000F1F7CAFD00200521954B90330322CDE92F
:10FE6000001004218C20F1F7BFFD00200521904BEC
:10FE700086330122CDE9001004219C20F1F7B4FD66
:10FE800000208C490870F3F7D3F955E08A480088C0
:10FE90008A490988884226D088480088864908808F
:10FEA000F1F7ADFC8949802007F06EF9AFF2D4611B
:10FEB000872007F069F985491031902007F064F92F
:10FEC000AFF2E861972007F05FF980491C31882084
:10FED00007F05AF9AFF2FC618F2007F055F9794924
:10FEE000982007F051F90020F1F7F7FF00200521D5
:10FEF000754B46330322CDE9001004218420F1F72D
:10FF000073FD00200521704B48330322CDE900101A
:10FF100004219420F1F768FD002005216A4B4A3343
:10FF20000322CDE9001004218C20F1F75DFD0020B3
:10FF300060490870F3F77CF91CBD7CB500250024EE
:10FF40006148CE38008A00287CD15B4800885B4934
:10FF5000098888422CD05948008857490880F1F711
:10FF60004EFCAFF27C71802007F00EF9AFF27C718D
:10FF7000872007F009F9AFF28071902007F004F9AB
:10FF8000AFF29071972007F0FFF8AFF2D0718820A0
:10FF900007F0FAF8AFF2FC218F2007F0F5F8494995
:10FFA000982007F0F1F8AFF20C319F2007F0ECF841
:10FFB0000020F1F792FF3E48B0F8400542F2107180
:10FFC000884207DB3A48B0F84005401A3849A1F8A2
:10FFD00040050A253648B0F8420542F210718842C1
:10FFE00007DB3348B0F84205401A3149A1F8420511
:10FFF0000A240021681DC0B2354B0122CDE9000161
:020000040802F0
:1000000004218420F1F7F0FC0021601DC0B2304BC8
:100010009B1C0122CDE9000104219420F1F7E4FCAE
:1000200000200521224B5E330222CDE9001004217D
:100030008C20F1F7D9FC00201E490870F3F7F8F87E
:100040006AE0FFE71C4800881C490988884226D0DE
:100050001A48008818490880F1F7D1FBAFF24841EF
:10006000802007F091F8AFF2CC31872007F08CF8B0
:10007000AFF24841902007F087F8AFF2E0319720C7
:1000800007F082F81349882007F07EF8AFF24C4160
:100090008F2007F079F80B49982007F075F80020B9
:1000A000F1F71BFF00200521074B15E06100002040
:1000B0004A15002069030020440300204203002069
:1000C00008A501080C310108C81200209020010881
:1000D0008A1A0020F4D101084C330246CDE9001001
:1000E0008420F1F781FC00200521FE4B0246CDE97A
:1000F00000109420F1F778FC00200521F94B9B1C9F
:100100000122CDE9001004218C20F1F76DFC0020C4
:10011000F5490870F3F78CF87CBD10B5F348008AF8
:1001200000281ED1F2480088F2490988884215D07B
:10013000F0480088EE490880F1F761FBEE49802025
:1001400007F022F8EC49902007F01EF8EBA1882078
:1001500007F01AF8E849982007F016F8F3F768F85E
:100160001DE0E3480088E3490988884215D0E1484A
:100170000088DF490880F1F742FBDF49802007F063
:1001800003F8DD49902006F0FFFFE1A1882006F08A
:10019000FBFFD949982006F0F7FFF3F749F810BDA7
:1001A0001CB5D248008A00286DD1D1480088D149B9
:1001B0000988884232D0CF480088CD490880F1F7BD
:1001C0001EFBD849802006F0DFFFD7A1872006F06C
:1001D000DBFFD4490C31902006F0D6FFD3A1972045
:1001E00006F0D2FFAFF6C861882006F0CDFFAFF26F
:1001F00054518F2006F0C8FFCD48007850B9AFF6B3
:10020000D061982006F0C0FFAFF270519F2006F039
:10021000BBFF03E0C7A1982006F0B6FF0020F1F76E
:100220005CFE00200521C84B0122CDE9001004210D
:100230008420F1F7D9FB00200521C34B0C330222A7
:10024000CDE9001006219320F1F7CEFB0020052117
:10025000A44B3C330246CDE900108D20F1F7C4FBDE
:10026000B348007848B900200521B74B083302464F
:10027000CDE900109D20F1F7B7FB00209A490870E6
:10028000F2F7D6FF74E09A4800889A4909888842B4
:1002900027D09848008896490880F1F7B0FAAB4912
:1002A000802006F071FFAAA1872006F06DFFA94902
:1002B000902006F069FF9CA1972006F065FFA549F4
:1002C0000C31882006F060FF98A18F2006F05CFFBB
:1002D000A0491C31982006F057FF9FA19F2006F0EF
:1002E00053FF0020F1F7F9FD002005217D4B423B33
:1002F0000122CDE9001004218420F1F775FB0020D4
:100300000521784B3E3B0246CDE900109420F1F7E1
:100310006BFB7648808D01280BD100200521714BA5
:10032000403B0122CDE9001004218C20F1F75CFB59
:100330000EE06E48808D02280AD100200521694B0D
:10034000403B0222CDE9001004218C20F1F74CFB48
:1003500000200521634B3C3B0122CDE90010042124
:100360009C20F1F741FB00205F490870F2F760FF25
:100370001CBD1CB55D48008A00287DD15C48008802
:100380005C49098888422BD05A480088584908801F
:10039000F1F735FA7149802006F0F6FEAFF20471EC
:1003A000872006F0F1FE6D490C31902006F0ECFE3E
:1003B000AFF21871972006F0E7FE68491C318820DB
:1003C00006F0E2FEAFF22C718F2006F0DDFE4A4906
:1003D000982006F0D9FEAFF23C719F2006F0D4FEC3
:1003E0000120F1F77AFD00200521574B0A33024620
:1003F000CDE900108520F1F7F7FA00200521584BD0
:100400000246CDE900109520F1F7EEFA5548007844
:100410000521534B123B0022CDE900108D20F1F74E
:10042000E3FA5148007840BB4748BC38B0F856055D
:100430004549BC39B1F86015884221D04248BC38E2
:10044000B0F85605012805DD00203F49BC39A1F868
:10045000560515E03C48BC38B0F856053A49BC3959
:10046000A1F860055F20A1F866050846B0F85605BA
:10047000A1F86805012001E008E001E03A490870B0
:10048000002019490870F2F7D3FE9AE01848008856
:100490001849098888426ED0164800881449088097
:1004A000F1F7ADF9AFF6F841802006F06DFEAFF63A
:1004B0001401872006F068FEAFF60051902006F088
:1004C00063FEAFF62801972006F05EFE27498820DC
:1004D00006F05AFEAFF63C018F2006F055FE0649A5
:1004E000982046E01613002069030020FA1100202E
:1004F00044030020420300200C3101082020203357
:10050000BAC5B8DFC6B5CBABC7FD202000000000E0
:1005100020202033BAC5B1E4C6B5B5E7BBFA202028
:100520000000000024EF01082056000020410000D8
:10053000290300203323B1C34C6F5261CDA8D1B63B
:10054000D2ECB3A30000000006160020F4960108C8
:10055000487A0000D8240108B6C800006CF30108EE
:10056000B21A0020490300206100002008A50108FC
:1005700001E006F009FE0020F1F7AFFC00200521A4
:10058000FE4B0246CDE900108420F1F72DFA002041
:100590000521FA4B0A3B0222CDE9001004219420E8
:1005A000F1F722FA00200521F44B08330246CDE989
:1005B00000108C20F1F718FA0020F1490870F2F7CA
:1005C00037FE1CBD1CB5ED48E238008A002866D114
:1005D000EC480088EC49098888422CD0EA48008819
:1005E000E8490880F1F70BF9E849802006F0CCFDD6
:1005F000AFF61861872006F0C7FDE449103190205E
:1006000006F0C2FDAFF62C61972006F0BDFDDF4974
:100610001C31882006F0B8FDAFF640618F2006F04F
:10062000B3FDDA492831982006F0AEFDAFF2E001C3
:100630009F2006F0A9FD0020F1F74FFC00200521C6
:10064000D34B0322CDE9001004218420F1F7CCF92B
:1006500000200521CE4B9B1C0322CDE90010042174
:100660009420F1F7C1F900200521C94B083303227A
:10067000CDE9001004218C20F1F7B6F90020052106
:10068000C34B9B1E0122CDE9001004219C20F1F7F1
:10069000ABF90020BA490870F2F7CAFD55E0B94835
:1006A0000088B9490988884226D0B7480088B549EA
:1006B0000880F1F7A4F8B549802006F065FDAFF693
:1006C000E461872006F060FDB0491031902006F00B
:1006D0005BFDAFF6F861972006F056FDAB491C3183
:1006E000882006F051FDAFF60C718F2006F04CFD0E
:1006F000A849982006F048FD0020F1F7EEFB002005
:1007000005219E4B46330322CDE9001004218420AD
:10071000F1F76AF900200521984B48330322CDE90F
:10072000001004219420F1F75FF900200521934B7C
:100730004A330322CDE9001004218C20F1F754F94B
:1007400000208F490870F2F773FD1CBD7CB50025B1
:1007500000248A48E238008A00287DD18948008830
:100760008949098888422CD08748008885490880B3
:10077000F1F745F8AFF69071802006F005FDAFF671
:100780008C71872006F000FDAFF69471902006F082
:10079000FBFCAFF6A071972006F0F6FCAFF6E47113
:1007A000882006F0F1FCAFF60C318F2006F0ECFC4F
:1007B0007849982006F0E8FCAFF620319F2006F03B
:1007C000E3FC0020F1F789FB7148D838B0F8440504
:1007D00042F21071884209DB6D48D838B0F8440500
:1007E000401A6B49D839A1F844050A256848D83819
:1007F000B0F8460542F21071884209DB6448D838E7
:10080000B0F84605401A6249D839A1F846050A24CD
:100810000021681DC0B2604B0122CDE90001042116
:100820008420F1F7E1F80021601DC0B25A4B9B1CF7
:100830000122CDE9000104219420F1F7D5F8002030
:100840000521534B2A3B0222CDE9001004218C20C4
:10085000F1F7CAF8002000E004E049490870F2F717
:10086000E7FC53E04748008847490988884226D07A
:100870004548008843490880F0F7C1FFAFF668415A
:10088000802006F081FCAFF6EC31872006F07CFC7E
:10089000AFF66841902006F077FCAFF60041972054
:1008A00006F072FC3D49882006F06EFCAFF66C4104
:1008B0008F2006F069FC3749982006F065FC00207F
:1008C000F1F70BFB002005212C4B4C330246CDE900
:1008D00000108420F1F788F800200521274B4E33C3
:1008E0000246CDE900109420F1F77EF800200521A2
:1008F000224B50330122CDE9001004218C20F1F766
:1009000073F800201E490870F2F792FC7CBD10B508
:100910001A48E238008A00281ED11A4800881A496D
:100920000988884215D01848008816490880F0F7D1
:1009300066FF1849802006F027FC1649902006F033
:1009400023FC17A1882006F01FFC1249982006F00E
:100950001BFCF2F76DFC3AE00A4800880A49098856
:10096000884232D00848008806490880F0F747FFDF
:100970000849802006F008FC06491BE0DC12002034
:100980006903002044030020420300209020010856
:10099000221600200C3101088E1A0020F4D1010823
:1009A00020202034BAC5B8DFC6B5CBABC7FD2020A8
:1009B00000000000902006F0E7FBFBA1882006F075
:1009C000E3FBFE49982006F0DFFBF2F731FC10BD97
:1009D0001CB5FB48008A00286DD1FA480088FA4906
:1009E0000988884233D0F8480088F6490880F0F733
:1009F00006FFF649802006F0C7FBAFF2D4418720FE
:100A000006F0C2FBF1490C31902006F0BDFBAFF2BD
:100A1000E441972006F0B8FBED49882006F0B4FBCE
:100A2000AFF688518F2006F0AFFBEA48007850B946
:100A3000E7491031982006F0A7FBAFF6A0519F20A0
:100A400006F0A2FB03E0E4A1982006F09DFB002045
:100A5000F1F743FA00200521E44B0122CDE9001013
:100A600004218420F0F7C0FF00200521DF4B0C3368
:100A70000222CDE9001006219320F0F7B5FF0020F7
:100A80000521DB4B0246CDE900108D20F0F7ACFFCD
:100A9000D048007848B900200521D44B08330246DD
:100AA000CDE900109D20F0F79FFF0020D14908708C
:100AB000F2F7BEFB78E0C3480088C3490988884242
:100AC0002BD0C1480088BF490880F0F798FECA497A
:100AD000802006F059FBAFF28851872006F054FBC6
:100AE000C649902006F050FBAFF2C451972006F0A3
:100AF0004BFBC2490C31882006F046FBAFF2D451C3
:100B00008F2006F041FBBD491C31982006F03CFBCC
:100B1000AFF2BC519F2006F037FB0020F1F7DDF962
:100B200000200521B24B6C3B0122CDE900100421CD
:100B30008420F0F759FF00200521AD4B683B0246A9
:100B4000CDE900109420F0F74FFF9D48808D0128DB
:100B50000BD100200521A64B6A3B0122CDE90010F4
:100B600004218C20F0F740FF0EE09548808D02288C
:100B70000AD1002005219E4B6A3B0222CDE90010DC
:100B800004218C20F0F730FF00200521984B663BB4
:100B90000122CDE9001004219C20F0F725FF002060
:100BA00094490870F2F744FB1CBD1CB58448008AC8
:100BB00000287DD1834800888349098888422CD049
:100BC000814800887F490880F0F719FE80494C3140
:100BD000802006F0D9FAAFF63C71872006F0D4FAEF
:100BE0007B495831902006F0CFFAAFF6507197202C
:100BF00006F0CAFA76496831882006F0C5FAAFF6E1
:100C000064718F2006F0C0FA6C49982006F0BCFA97
:100C1000AFF678719F2006F0B7FA0120F1F75DF981
:100C200000200521714B0A330246CDE900108520D2
:100C3000F0F7DAFE00200521714B0246CDE90010E5
:100C40009520F0F7D1FE6F48007805216C4B103BE2
:100C50000022CDE900108D20F0F7C6FE6A4800782A
:100C600010BB6A48B0F858056849B1F86215884267
:100C70001AD06648B0F85805012804DD0020634901
:100C8000A1F8580510E06148B0F858055F49A1F88F
:100C900062058720A1F866050846B0F85805A1F856
:100CA000680501205849087000205249087000E08A
:100CB00002E0F2F7BDFA4FE0424800884249098855
:100CC000884222D0404800883E490880F0F797FDCE
:100CD0004F49802006F058FA4EA1872006F054FABA
:100CE0004B490C31902006F04FFA4AA1972006F0AC
:100CF0004BFA4949882006F047FA46A18F2006F0B2
:100D000043FA2E49982006F03FFA0020F1F7E5F863
:100D100000200521364B643B0246CDE900108420BB
:100D2000F0F762FE00200521314B6E3B0222CDE937
:100D3000001004219420F0F757FE002005212C4BD1
:100D40005C3B0246CDE900108C20F0F74DFE002000
:100D500028490870F2F76CFA1CBD1CB51848008AC7
:100D6000002820D11748008817490988884269D08F
:100D70001548008813490880F0F741FD2749802075
:100D800006F002FA26A1872006F0FEF92349103169
:100D9000902006F0F9F922A1972006F0F5F91F49F5
:100DA0001C3188203EE081E020202034BAC5B1E427
:100DB000C6B5B5E7BBFA2020000000000C310108E1
:100DC000FA110020440300204203002024EF010810
:100DD00020F301082A0300203423B1C34C6F526171
:100DE000CDA8D1B6D2ECB3A3000000005616002067
:100DF0005413002069030020F4960108D824010848
:100E0000B21A002049030020610000204A1500208A
:100E1000B0F701082020000008A501089020010873
:100E20004D70000006F0B0F9AFF20C018F2006F013
:100E3000ABF9FC49982006F0A7F9AFF6EC019F202A
:100E400006F0A2F90020F1F748F800200521F64B42
:100E50000322CDE9001004218420F0F7C5FD002015
:100E60000521F14B9B1C0322CDE9001004219420A5
:100E7000F0F7BAFD00200521EB4B08330322CDE942
:100E8000001004218C20F0F7AFFD00200521E64B77
:100E90009B1E0122CDE9001004219C20F0F7A4FD47
:100EA0000020E2490870F2F7C3F955E0E0480088F5
:100EB000E0490988884227D0DE480088DC4908805C
:100EC000F0F79DFCD7492839802006F05DF9AFF294
:100ED000B001872006F058F9D2491839902006F061
:100EE00053F9AFF2C401972006F04EF9CD490C3901
:100EF000882006F049F9AFF2D8018F2006F044F9B6
:100F0000CD49982006F040F90020F0F7E6FF0020D8
:100F10000521CA4B0322CDE9001004218420F0F7FB
:100F200063FD00200521C54B9B1C0322CDE9001069
:100F300004219420F0F758FD00200521BF4B1B1D14
:100F40000322CDE9001004218C20F0F74DFD002094
:100F5000B6490870F2F76CF91CBD7CB50025002479
:100F6000B748008A002879D1B1480088B14909887A
:100F7000884229D0AF480088AD490880F0F73FFC8F
:100F8000B049802006F000F9AFA1872006F0FCF8F8
:100F9000AC491031902006F0F7F8ABA1972006F08D
:100FA000F3F8A8492C39882006F0EEF8AFF29C112E
:100FB0008F2006F0E9F8A049982006F0E5F8AFF296
:100FC000AC119F2006F0E0F80020F0F786FF9F4864
:100FD000B0F8480542F21071884207DB9B48B0F830
:100FE0004805401A9949A1F848050A259748B0F8DC
:100FF0004A0542F21071884207DB9448B0F84A056E
:10100000401A9249A1F84A050A240021681DC0B27D
:101010008F4B0122CDE9000104218420F0F7E4FC8C
:101020000021601DC0B28A4B9B1C0122CDE900014A
:1010300004219420F0F7D8FC002005217A4B2A3BAC
:101040000222CDE9001004218C20F0F7CDFC002015
:1010500076490870F2F7ECF852E0FFE77448008830
:1010600074490988884224D07248008870490880F1
:10107000F0F7C5FB7749802006F086F8AFF26C21C7
:10108000872006F081F873491431902006F07CF82F
:10109000AFF28021972006F077F86F49882006F09C
:1010A00073F86EA18F2006F06FF86349982006F060
:1010B0006BF80020F0F711FF002005215F4B9B1D0E
:1010C0000246CDE900108420F0F78EFC00200521B7
:1010D0005A4B08330246CDE900109420F0F784FC07
:1010E00000200521554B0A330122CDE900100421CF
:1010F0008C20F0F779FC00204C490870F2F798F842
:101100007CBD10B54A4800884A490988884215D0F4
:101110004848008846490880F0F771FB464980201E
:1011200006F032F84449902006F02EF84CA18820B1
:1011300006F02AF84049982006F026F8F2F778F8E9
:1011400010BD1CB53A4800883A490988884233D016
:101150003848008836490880F0F751FB454980201F
:1011600006F012F8AFF64041872006F00DF841492D
:101170000C31902006F008F8AFF65041972006F0A9
:1011800003F83D49882005F0FFFFAFF278318F204A
:1011900005F0FAFF3948007850B9374910319820E6
:1011A00005F0F2FFAFF294319F2005F0EDFF03E070
:1011B00033A1982005F0E8FF0020F0F78EFE002014
:1011C0000521194B34330122CDE90010042184207C
:1011D000F0F70AFC00200521134B40330222CDE931
:1011E000001006219320F0F7FFFB00200521134B90
:1011F00020330246CDE900108D20F0F7F5FB25489D
:10120000007848B900200521074B3C330246CDE960
:1012100000109D20F0F7E8FB002004490870F2F769
:1012200007F81CBDB82001087216002069030020D1
:1012300044030020420300200C3101083613002033
:10124000FA110020E8F70108A1E600004A15002085
:10125000921A002018FC0108F4D101086B57000015
:1012600020202035BAC5B8DFC6B5CBABC7FD2020DE
:101270000000000024EF010820F301082A030020E9
:101280003523B1C34C6F5261CDA8D1B6D2ECB3A314
:10129000000000002B0300201CB5FE480088FE491A
:1012A000098888422BD0FC480088FA490880F0F76A
:1012B000A6FAFA49802005F067FFAFF2A84187201F
:1012C00005F062FFF5490C31902005F05DFFAFF2AB
:1012D000BC41972005F058FFF0491C31882005F0EB
:1012E00053FFAFF2D0418F2005F04EFFEC4998201C
:1012F00005F04AFFAFF2E4419F2005F045FF0120D1
:10130000F0F7EBFD00200521E64B0246CDE9001089
:101310008520F0F769FB00200521E34B0246CDE96B
:1013200000109520F0F760FBE04800780521DE4BC7
:101330000E3B0022CDE900108D20F0F755FBDC4874
:10134000007810BBDB48B0F85A05DA49B1F86415EB
:1013500088421AD0D748B0F85A05012804DD002089
:10136000D449A1F85A0510E0D248B0F85A05D1493D
:10137000A1F86405AF20A1F866050846B0F85A0543
:10138000A1F868050120CA4908700020CA49087000
:10139000F1F74EFF1CBD1CB5BE480088BE49098848
:1013A00088422CD0BC480088BA490880F0F727FA58
:1013B000C249802005F0E8FEAFF29C51872005F07D
:1013C000E3FEBE491031902005F0DEFEAFF2B051D1
:1013D000972005F0D9FEB9491C31882005F0D4FECC
:1013E000AFF2C4518F2005F0CFFEB44928319820C8
:1013F00005F0CAFEAFF6A8619F2005F0C5FE0020EB
:10140000F0F76BFD00200521A64B12330322CDE936
:10141000001004218420F0F7E7FA00200521A14BF9
:1014200014330322CDE9001004219420F0F7DCFAF4
:10143000002005219B4B1A330322CDE90010042123
:101440008C20F0F7D1FA00200521964B10330122B1
:10145000CDE9001004219C20F0F7C6FA002096493F
:101460000870F1F7E5FE1CBD7CB500250024894815
:1014700000888949098888422BD087480088854997
:101480000880F0F7BCF98E49802005F07DFEAFF2B0
:101490004821872005F078FE89491031902005F019
:1014A00073FEAFF25C21972005F06EFE84492C3963
:1014B000882005F069FEAFF2A4618F2005F064FE7C
:1014C0007749982005F060FEAFF2B8619F2005F0E3
:1014D0005BFE0020F0F701FD7648B0F84C0542F2C3
:1014E0001071884207DB7348B0F84C05401A714907
:1014F000A1F84C050A256F48B0F84E0542F210716C
:10150000884207DB6B48B0F84E05401A6949A1F8DC
:101510004E050A240021681DC0B2634B1C3B01220A
:10152000CDE9000104218420F0F75EFA0021601D5E
:10153000C0B25D4B1A3B0122CDE900010421942089
:10154000F0F752FA00200521564B183B0222CDE954
:10155000001004218C20F0F747FA0020564908704B
:10156000F1F766FE7CBD10B54A4800884A490988F3
:10157000884215D04848008846490880F0F73FF96E
:101580004749802005F000FE4549902005F0FCFD0C
:101590004CA1882005F0F8FD4149982005F0F4FDA4
:1015A000F1F746FE10BD1CB53A4800883A49098853
:1015B000884225D03848008836490880F0F71FF95E
:1015C00045A1802005F0E0FD46A1872005F0DCFD67
:1015D00045A1902005F0D8FD46A1972005F0D4FD47
:1015E00045A1882005F0D0FD42A18F2005F0CCFD5B
:1015F00044A1982005F0C8FD3EA19F2005F0C4FD40
:101600000020F0F76AFC00200521414B0122CDE9C2
:10161000001004218420F0F7E7F9002005213C4B5D
:101620000E3B0246CDE900109420F0F7DDF90020D2
:101630000521374B0C3B0246CDE900108C20F0F71A
:10164000D3F900200521324B0A3B0246CDE90010B8
:101650009C20F0F7C9F9002017490870F1F7E8FD60
:101660001CBD1CB50B4800880B490988884278D0FE
:101670000948008807490880F0F7C1F825A18020B3
:1016800005F082FD26A1872005F07EFD25A1902092
:101690004EE066E044030020420300206CF30108A2
:1016A0000C310108B0160020B21A002049030020B6
:1016B000610000204A1500206903002090200108E5
:1016C000E8F7010820202036BAC5B8DFC6B5CBAB95
:1016D000C7FD202000000000B5E7BBFAC6B5C2CAAE
:1016E00000000000487A0000CFDFB5E7D1B9313201
:1016F0000000000020560000CFDFB5E7D1B932333B
:1017000000000000CFDFB5E7D1B9333100000000A1
:101710001C0D00202041CFE0B5E7C1F7000000001C
:10172000204100002042CFE0B5E7C1F700000000F3
:1017300005F02AFDAFF21801972005F025FDFEA166
:10174000882005F021FDAFF228018F2005F01CFD57
:10175000FCA1982005F018FDAFF200519F2005F084
:1017600013FD0020F0F7B9FB00200521F84B012202
:10177000CDE9001004218420F0F736F9002005217E
:10178000F34B9B1C0122CDE9001004219420F0F7BB
:101790002BF900200521EE4B1B1D0122CDE9001085
:1017A00004218C20F0F720F900200521E84B9B1D37
:1017B0000246CDE900109C20F0F716F90020E5491B
:1017C0000870F1F735FD1CBD2DE9FC410024002512
:1017D00000260027E0480088E049098888422AD08E
:1017E000DE480088DC490880F0F709F8DC498020F1
:1017F00005F0CAFCAFF2B051872005F0C5FCD8490E
:101800001031902005F0C0FCAFF2C451972005F0D4
:10181000BBFCD4A1882005F0B7FCAFF2D4518F20D7
:1018200005F0B2FCD2A1982005F0AEFCAFF2E85171
:101830009F2005F0A9FC0020F0F74FFBCF48B0F83F
:10184000CC0442F21071884207DBCC48B0F8CC04DB
:10185000401ACA49A1F8CC040A24C848B0F8CE04FA
:1018600042F21071884207DBC448B0F8CE04401A37
:10187000C249A1F8CE040A25C048B0F8D00442F20B
:101880001071884207DBBD48B0F8D004401ABB494C
:10189000A1F8D0040A26B948B0F8D20442F2107177
:1018A000884207DBB548B0F8D204401AB349A1F822
:1018B000D2040A270021601DC0B2A54B123B0122B1
:1018C000CDE9000104218420F0F78EF80021681D85
:1018D000C0B29F4B103B0122CDE9000104219420AE
:1018E000F0F782F80021701DC0B2994B0E3B012227
:1018F000CDE9000104218C20F0F776F80021781D55
:10190000C0B2934B0C3B0122CDE9000104219C2085
:10191000F0F76AF800208F490870F1F789FCBDE8FC
:10192000FC817CB5002500248B4800888B49098800
:1019300088422AD08948008887490880EFF75FFFEE
:101940008FA1802005F020FCAFF20471872005F004
:101950001BFC8EA1902005F017FCAFF214719720AC
:1019600005F012FC7E492C39882005F00DFCAFF6FD
:101970005C318F2005F008FC8749982005F004FCB5
:10198000AFF670319F2005F0FFFB0020F0F7A5FABD
:101990007A48B0F8D40442F21071884207DB7748E5
:1019A000B0F8D404401A7549A1F8D4040A25734844
:1019B000B0F8D60442F21071884207DB6F48B0F8E5
:1019C000D604401A6D49A1F8D6040A240021681DE6
:1019D000C0B25F4B0A3B0122CDE900010421842003
:1019E000F0F702F80021601DC0B2594B083B0122FC
:1019F000CDE9000104219420EFF7F6FF0020052136
:101A0000664B0222CDE9001004218C20EFF7ECFF99
:101A100000200521614B9B1C0246CDE900109C2053
:101A2000EFF7E2FF00204B490870F1F701FC7CBDA5
:101A300010B54948008849490988884215D0474867
:101A4000008845490880EFF7DAFE5549802005F007
:101A50009BFB5349902005F097FB52A1882005F08D
:101A600093FB4F49982005F08FFBF1F7E1FB10BD88
:101A70001CB5394800883949098888422DD0374833
:101A8000008835490880EFF7BAFEAFF2B431802004
:101A900005F07AFBAFF2B431872005F075FBAFF2A9
:101AA000B831902005F070FBAFF2B831972005F007
:101AB0006BFBAFF2BC31882005F066FBAFF2CC3196
:101AC0008F2005F061FBAFF2C431982005F05CFB7C
:101AD000AFF2E0319F2005F057FB0020F0F7FDF951
:101AE000002005211A4B38330122CDE900100421D2
:101AF0008420EFF779FF00200521154B2A33024699
:101B0000CDE900109420EFF76FFF00200521104B66
:101B10002C330246CDE900108C20EFF765FF002042
:101B200005210B4B2E330246CDE900109C20EFF728
:101B30005BFF002007493FE02043CFE0B5E7C1F756
:101B400000000000D3D0B9A6B9A6C2CA00000000A8
:101B5000140D0020690300204403002042030020EC
:101B6000E8F70108CEC2B6C8B1ED3320000000008E
:101B7000CEC2B6C8B1ED3420000000003608002007
:101B8000CEC2B6C8B1ED352000000000CEC2B6C846
:101B9000B1ED36200000000008A501087E0B0020F2
:101BA0000C31010820202037BAC5B8DFC6B5CBAB51
:101BB000C7FD2020000000000870F1F739FB1CBDB4
:101BC0001CB5FE480088FE49098888422DD0FC4893
:101BD0000088FA490880EFF712FEAFF2C841802072
:101BE00005F0D2FAAFF2C841872005F0CDFAAFF286
:101BF000CC41902005F0C8FAAFF2DC41972005F007
:101C0000C3FAAFF2CC01882005F0BEFAAFF2F04182
:101C10008F2005F0B9FAAFF2D401982005F0B4FA9C
:101C2000AFF6C8119F2005F0AFFA0020F0F755F984
:101C300000200521E34B0122CDE90010042184207E
:101C4000EFF7D2FE00200521DE4B9B1C0122CDE9DF
:101C5000001004219420EFF7C7FE00200521D94B86
:101C60001B1D0122CDE9001004218C20EFF7BCFEE2
:101C700000200521D34B9B1D0246CDE900109C207E
:101C8000EFF7B2FE0020D0490870F1F7D1FA1CBD81
:101C90002DE9FC410024002500260027C7480088C4
:101CA000C749098888422CD0C5480088C3490880A4
:101CB000EFF7A5FDC549802005F066FAAFF678215B
:101CC000872005F061FAC1491031902005F05CFAD7
:101CD000AFF68C21972005F057FAAFF278118820E3
:101CE00005F052FAAFF6A0218F2005F04DFAAFF2C1
:101CF0008011982005F048FAAFF6B4219F2005F036
:101D000043FA0020F0F7E9F8B148B0F8FC0442F2D9
:101D10001071884207DBAE48B0F8FC04401AAC49A9
:101D2000A1F8FC040A24AA48B0F8FE0442F210719B
:101D3000884207DBA648B0F8FE04401AA449A1F87F
:101D4000FE040A25A248B0F8000542F2107188424C
:101D500007DB9F48B0F80005401A9D49A1F800052F
:101D60000A269B48B0F8020542F21071884207DB50
:101D70009748B0F80205401A9549A1F802050A27CC
:101D80000021601DC0B28F4B123B0122CDE9000142
:101D900004218420EFF728FE0021681DC0B2894B82
:101DA000103B0122CDE9000104219420EFF71CFE35
:101DB0000021701DC0B2834B0E3B0122CDE9000112
:101DC00004218C20EFF710FE0021781DC0B27D4B5E
:101DD0000C3B0122CDE9000104219C20EFF704FE19
:101DE000002079490870F1F723FABDE8FC817CB541
:101DF00000250024714800887149098888422AD04A
:101E00006F4800886D490880EFF7F9FCAFF2902128
:101E1000802005F0B9F9AFF6D031872005F0B4F98C
:101E2000AFF29821902005F0AFF9AFF6E43197209A
:101E300005F0AAF965492C39882005F0A5F965A1B6
:101E40008F2005F0A1F96449982005F09DF961A162
:101E50009F2005F099F90020F0F73FF85C48B0F8B2
:101E6000040542F21071884207DB5948B0F80405B6
:101E7000401A5749A1F804050A255548B0F8060547
:101E800042F21071884207DB5148B0F80605401A4B
:101E90004F49A1F806050A240021681DC0B2494B2C
:101EA0000A3B0122CDE9000104218420EFF79CFDCB
:101EB0000021601DC0B2434B083B0122CDE9000167
:101EC00004219420EFF790FD00200521434B0222CE
:101ED000CDE9001004218C20EFF786FD00200521BC
:101EE0003E4B9B1C0246CDE900109C20EFF77CFD89
:101EF000002035490870F1F79BF97CBD10B52F48DB
:101F000000882F490988884215D02D4800882B4920
:101F10000880EFF774FC3249802005F035F930492C
:101F2000902005F031F92FA1882005F02DF92C49DA
:101F3000982005F029F9F1F77BF910BD1CB51F4871
:101F400000881F49098888422DD01D4800881B49F8
:101F50000880EFF754FCAFF68001802005F014F9FB
:101F6000AFF68001872005F00FF9AFF684019020CD
:101F700005F00AF9AFF68401972005F005F9AFF6F0
:101F80008801882005F000F9AFF698018F2005F050
:101F9000FBF8AFF69001982005F0F6F8AFF6AC012B
:101FA0009F2005F0F1F80020EFF797FF00200521B2
:101FB000044B38330122CDE900101DE0440300201A
:101FC00042030020440D002069030020E8F70108C7
:101FD000360800202020000008A50108AE0B0020D4
:101FE0000C31010820202038BAC5B8DFC6B5CBAB0C
:101FF000C7FD20200000000004218420EFF7F4FC3E
:1020000000200521FB4B0246CDE900109420EFF79C
:10201000EBFC00200521F74B9B1C0246CDE900108C
:102020008C20EFF7E1FC00200521F24B1B1D02463E
:10203000CDE900109C20EFF7D7FC0020EE49087096
:10204000F1F7F6F81CBD1CB5EC480088EC4909888E
:1020500088422DD0EA480088E8490880EFF7CFFB96
:10206000AFF65011802005F08FF8AFF64C118720A5
:1020700005F08AF8AFF65411902005F085F8AFF618
:102080006011972005F080F8AFF25451882005F0D8
:102090007BF8AFF674118F2005F076F8AFF25C5143
:1020A000982005F071F8AFF64C619F2005F06CF8B0
:1020B0000020EFF712FF00200521CE4B9B1D0122CF
:1020C000CDE9001004218420EFF78EFC00200521CB
:1020D000C84B08330122CDE9001004219420EFF70A
:1020E00083FC00200521C34B0A330122CDE90010F7
:1020F00004218C20EFF778FC00200521BD4B0C3328
:102100000246CDE900109C20EFF76EFC0020BA4992
:102110000870F1F78DF81CBD2DE9FC410024002565
:1021200000260027B5480088B549098888422CD088
:10213000B3480088B1490880EFF761FBB1498020BE
:1021400005F022F8AFF60071872005F01DF8AD49C3
:102150001031902005F018F8AFF61471972005F0B3
:1021600013F8AFF20061882005F00EF8AFF6287181
:102170008F2005F009F8AFF20861982005F004F807
:10218000AFF63C719F2004F0FFFF0020EFF7A5FEA3
:102190009D48B0F82C0542F21071884207DB9A483E
:1021A000B0F82C05401A9849A1F82C050A24964845
:1021B000B0F82E0542F21071884207DB9248B0F861
:1021C0002E05401A9049A1F82E050A258E48B0F830
:1021D000300542F21071884207DB8B48B0F83005B9
:1021E000401A8949A1F830050A268748B0F8320517
:1021F00042F21071884207DB8348B0F83205401A7A
:102200008149A1F832050A270021601DC0B2794B2F
:102210000C3B0122CDE9000104218420EFF7E4FB0F
:102220000021681DC0B2734B0A3B0122CDE90001B9
:1022300004219420EFF7D8FB0021701DC0B26D4B34
:10224000083B0122CDE9000104218C20EFF7CCFBF3
:102250000021781DC0B2674B9B1F0122CDE9000110
:1022600004219C20EFF7C0FB002063490870F0F7C1
:10227000DFFFBDE8FC817CB5002500245F480088B5
:102280005F49098888422AD05D4800885B490880F8
:10229000EFF7B5FAAFF21871802004F075FF5BA17B
:1022A000872004F071FFAFF21C71902004F06CFFE6
:1022B00056A1972004F068FF52492C39882004F079
:1022C00063FFAFF2F0218F2004F05EFF50499820A9
:1022D00004F05AFFAFF204319F2004F055FF0020B4
:1022E000EFF7FBFD4848B0F8340542F21071884220
:1022F00007DB4548B0F83405401A4349A1F83405D6
:102300000A254148B0F8360542F21071884207DBD1
:102310003D48B0F83605401A3B49A1F836050A2475
:102320000021681DC0B2334B1B1F0122CDE9000103
:1023300004218420EFF758FB0021601DC0B22D4B13
:102340009B1E0122CDE9000104219420EFF74CFBF4
:10235000002005212F4B0222CDE9001004218C2002
:10236000EFF742FB002005212A4B9B1C0246CDE9DA
:1023700000109C20EFF738FB00201F490870F0F791
:1023800057FF7CBD10B51D4800881D49098888424B
:1023900015D01B48008819490880EFF730FA1E490C
:1023A000802004F0F1FE1C49902004F0EDFE1BA1FA
:1023B000882004F0E9FE1849982004F0E5FEF0F7C3
:1023C00037FF10BD1CB50D4800880D4909888842AB
:1023D0004FD00B48008809490880EFF710FA14A184
:1023E000802004F0D1FEAFF21441872004F0CCFE2F
:1023F00024E000006E0D002069030020440300204B
:1024000042030020E8F7010836080020A1E600009A
:1024100008A50108DE0B00200C31010820202059FE
:1024200057333130B2CECAFD2020202000000000FA
:10243000D0DEB8C45957333130200000FBA19020C2
:1024400004F0A2FEAFF27441972004F09DFEFCA1BF
:10245000882004F099FEAFF284418F2004F094FEAE
:10246000FCA1982004F090FEAFF298419F2004F068
:102470008BFE0320EFF731FDFB4800780821FB4B72
:102480000022CDE9001004218520EFF7ADFAF848CD
:1024900000780821F54B9B1C0022CDE90010042197
:1024A0009520EFF7A1FAF34800780821EF4B1B1DA8
:1024B0000022CDE9001004218D20EFF795FA0020CD
:1024C0000821EA4B08330246CDE9001005219D2082
:1024D000EFF78AFA0020E8490870E84800780128F8
:1024E00009D10220E54908700020E5490870E54956
:1024F0000880E5490870E148007802283ED1E348A9
:10250000007801280AD10821D848E3F7B7F9044632
:10251000DF4801882046E3F759F87DE0DB48007882
:1025200002280BD10821D148801CE3F7A7F9044603
:10253000D74801882046E3F749F86DE0D348007892
:1025400003280BD10821C948001DE3F797F9044679
:10255000CF4801882046E3F739F85DE0CB480078A2
:10256000042859D10821C1480830E3F787F9044607
:10257000C74801882046E3F729F84DE0BF480078B6
:10258000002849D1C1480078042802DD0020BF4955
:102590000870BE48007848B90120BC490870002086
:1025A000B7490870B7490880B7490870B74800783C
:1025B000012808D10821AD48E3F760F9044601215C
:1025C000E2F709FF28E0B1480078022809D1082184
:1025D000A648801CE3F752F904460121E2F7FBFE0E
:1025E0001AE0AA480078032809D108219F48001D55
:1025F000E3F744F904460121E2F7EDFE0CE0A348BD
:102600000078042808D1082198480830E3F736F903
:1026100004460121E2F7DFFE1CBD1CB59D48008881
:102620009D490988884229D09B480088994908809B
:10263000EFF7E5F899A1802004F0A6FDAFF26C61F8
:10264000872004F0A1FD9AA1902004F09DFDAFF237
:102650007C61972004F098FD9AA1882004F094FDF5
:10266000AFF290618F2004F08FFD9BA1982004F0C1
:102670008BFDAFF2A0619F2004F086FD0320EFF7F1
:102680002CFC794800780821784B1B1F0022CDE9EB
:10269000001003218620EFF7A7F97548007808217C
:1026A000724B9B1E0322CDE9001004219420EFF70A
:1026B0009BF97048007808216C4B0E330022CDE95D
:1026C000001005218C20EFF78FF900200821674BBF
:1026D0000A330222CDE9001004219D20EFF784F98E
:1026E00000206549087065480078012809D102205A
:1026F0006249087000206249087062490880624996
:1027000008705E48007802283FD1604800780128B0
:102710000BD108215548001FE3F7B0F804465C4888
:1027200001882046E2F752FF7EE0584800780228F0
:102730000BD108214D48801EE3F7A0F80446544809
:1027400001882046E2F742FF6EE0504800780328F7
:102750000BD1082145480E30E3F790F804464C4869
:1027600001882046E2F732FF5EE0484800780428FE
:102770005AD108213D480A30E3F780F8044644481E
:1027800001882046E2F722FF4EE03C48007800280E
:102790004AD13E480078042802DD00203B490870F9
:1027A0003A48007848B90120384908700020344977
:1027B000087034490880344908703448007801288A
:1027C00009D108212948001FE3F758F804460121E0
:1027D000E2F701FE28E02D480078022809D10821FF
:1027E0002248801EE3F74AF804460121E2F7F3FD90
:1027F0001AE026480078032809D108211B480E302A
:10280000E3F73CF804460121E2F7E5FD0CE01F4840
:102810000078042808D1082114480A30E3F72EF87C
:1028200004460121E2F7D7FD1CBD0000BBD6B8B4B9
:102830005957333130202020202020200000000074
:10284000CEC2B8D0B5D8D6B7202020202020202056
:1028500000000000BCC6CAFDC6F7202020202020B2
:102860002020202000000000490300203E0A002014
:102870004A0300204B030020690300204A00002087
:102880006301002066010020620100206C0100202D
:102890004E0000204403002042030020D1B9C1A60D
:1028A000CEC2B6C8D1A1D4F1202020200000000063
:1028B000D1B9CEC2CFB5CAFD2020202020202020B3
:1028C0000000000041493120B3F5D6B5202020207A
:1028D0002020202000000000205957333130B0E67E
:1028E000B1BE202020202020000000001CB5FC48A4
:1028F0000088FC490988884229D0FA480088F849AC
:102900000880EEF77CFFF8A1802004F03DFCAFF2D8
:102910000451872004F038FCF8A1902004F034FC26
:10292000AFF21851972004F02FFCF9A1882004F091
:102930002BFCAFF660118F2004F026FCF94998209B
:1029400004F022FCAFF674119F2004F01DFC03205C
:10295000EFF7C3FAF44800780821F44B0022CDE9E0
:10296000001005218420EFF73FF8F1480078082196
:10297000EE4B9B1E0022CDE9001005219420EFF7BD
:1029800033F8EC4800780821E84B12330022CDE9F7
:10299000001005218C20EFF727F80020E649087089
:1029A000E6480078012809D10220E4490870002097
:1029B000E3490870E3490880E3490870DF4800787C
:1029C00002283ED1E148007801280AD10821D748E1
:1029D000E2F754FF0446DE4801882046E2F7F6FDA0
:1029E0007DE0DA48007802280BD10821CF48801E0C
:1029F000E2F744FF0446D64801882046E2F7E6FDA8
:102A00006DE0D248007803280BD10821C748123066
:102A1000E2F734FF0446CE4801882046E2F7D6FDAF
:102A20005DE0CA480078042859D10821BF48103019
:102A3000E2F724FF0446C64801882046E2F7C6FDB7
:102A40004DE0BE480078002849D1C04800780428ED
:102A500002DD0020BD490870BC48007848B901205B
:102A6000BA4908700020B6490870B6490880B649CE
:102A70000870B6480078012808D10821AB48E2F771
:102A8000FDFE04460121E2F7A6FC28E0AF480078ED
:102A9000022809D10821A548801EE2F7EFFE04466E
:102AA0000121E2F798FC1AE0A8480078032809D130
:102AB00008219E481230E2F7E1FE04460121E2F7C8
:102AC0008AFC0CE0A1480078042808D10821974826
:102AD0001030E2F7D3FE04460121E2F77CFC1CBD76
:102AE00010B57F4800887F490988884215D07D4805
:102AF00000887B490880EEF782FE8A49802004F036
:102B000043FB8849902004F03FFB92A1882004F009
:102B10003BFB8449982004F037FBF0F789FB10BD9C
:102B20001CB56F4800886F490988884229D06D48D4
:102B300000886B490880EEF762FE8BA1802004F0CC
:102B400023FBAFF67031872004F01EFB89A1902093
:102B500004F01AFBAFF68431972004F015FB884986
:102B6000882004F011FBAFF694318D2004F00CFBAB
:102B700084A1982004F008FBAFF6A8319F2004F050
:102B800003FB0420EFF7A9F9674800780821674B99
:102B90009B1D0022CDE9001004218520EEF724FFC3
:102BA000634800780821614B08330022CDE900100A
:102BB00004219520EEF718FF5E48007808215B4B52
:102BC00018330022CDE9001003218D20EEF70CFF11
:102BD000714800780821554B16330022CDE90010CA
:102BE00002219E20EEF700FF002053490870534851
:102BF0000078012809D1022050490870002050496E
:102C0000087050490880504908704C4800780228E4
:102C10003FD14E48007801280BD108214348801D40
:102C2000E2F72CFE04464A4801882046E2F7CEFC33
:102C3000DCE04648007802280BD108213B480830E8
:102C4000E2F71CFE0446424801882046E2F7BEFC3B
:102C5000CCE03E48007803280BD1082133481830D7
:102C6000E2F70CFE04463A4801882046E2F7AEFC43
:102C7000BCE03648007804280AD108212B481630D9
:102C8000E2F7FCFD0446324801882046E2F79EFC4C
:102C9000ACE02A480078002820D12C48007804288D
:102CA00002DD0020294908702848007848B9012031
:102CB00026490870002022490870224908802249CC
:102CC000087022480078012868D108211748801D23
:102CD000E2F7D4FD04460121E2F77DFB86E05DE0EA
:102CE0004403002042030020D5FDCEC2C1BFB3CCB7
:102CF000202020202020202000000000B8BACEC2D2
:102D0000C1BFB3CC202020202020202000000000C4
:102D1000D7EEB4F34149D6B5202020202020202032
:102D2000000000000C31010849030020380A00208F
:102D30004A0300204B030020690300204A000020C2
:102D40006301002066010020620100206C01002068
:102D50004E000020202020535A4D32323020B2CE77
:102D6000CAFD202000000000D0DEB8C45A4D323227
:102D700030000000BBD6B8B45A4D323230000000EB
:102D8000A0DF01083232302D4C4F5241B5D8D6B7B2
:102D900020202020000000004C030020FE48007886
:102DA000022808D10821FD48E2F768FD0446012108
:102DB000E2F711FB1AE0F8480078032809D108214E
:102DC000F6481030E2F75AFD04460121E2F703FB12
:102DD0000CE0F1480078042808D10821EF480E30B3
:102DE000E2F74CFD04460121E2F7F5FA1CBD1CB5E3
:102DF000EB480088EB49098888422BD0E9480088D5
:102E0000E7490880EEF7FBFCE749802004F0BCF9B5
:102E1000E6A1872004F0B8F9E3491031902004F0CE
:102E2000B3F9AFF65061972004F0AEF9DE491C31DA
:102E3000882004F0A9F9AFF664618F2004F0A4F9AA
:102E4000D9492831982004F09FF9AFF678619F2086
:102E500004F09AF90420EFF740F8D54800780821EB
:102E6000CE4B14330022CDE9001005218420EEF76B
:102E7000BBFDD04800780821C84B16330022CDE9AD
:102E8000001005219420EEF7AFFDCB480078082113
:102E9000C24B18330022CDE9001005218C20EEF73B
:102EA000A3FDC64800780821BC4B1A330022CDE9A7
:102EB000001005219C20EEF797FD0020C049087006
:102EC000C0480078012809D10220BE4908700020BE
:102ED000BD490870BD490880BD490870B9480078EF
:102EE00002283FD1AC48007801280BD10821AB481B
:102EF0001430E2F7C3FC0446B64801882046E2F7E6
:102F000065FB7EE0A448007802280BD10821A34885
:102F10001630E2F7B3FC0446AE4801882046E2F7DB
:102F200055FB6EE09C48007803280BD108219B4894
:102F30001830E2F7A3FC0446A64801882046E2F7D1
:102F400045FB5EE09448007804285AD10821934854
:102F50001A30E2F793FC04469E4801882046E2F7C7
:102F600035FB4EE09748007800284AD18A4800781F
:102F7000042802DD0020884908708748007848B995
:102F800001208549087000208F4908708F4908800A
:102F90008F49087080480078012809D108217F48AE
:102FA0001430E2F76BFC04460121E2F714FA28E042
:102FB00079480078022809D1082178481630E2F7CC
:102FC0005DFC04460121E2F706FA1AE07248007837
:102FD000032809D1082171481830E2F74FFC044654
:102FE0000121E2F7F8F90CE06B480078042808D1D9
:102FF00008216A481A30E2F741FC04460121E2F751
:10300000EAF91CBD1CB566480088664909888842F3
:1030100029D06448008862490880EEF7F0FB6249D5
:103020003431802004F0B0F86BA1872004F0ACF8B4
:103030005D494031902004F0A7F867A1972004F083
:10304000A3F859494C31882004F09EF862A18F20E2
:1030500004F09AF854495831982004F095F85EA18C
:103060009F2004F091F80420EEF737FF50480078D5
:1030700008214A4B1C330022CDE900100521842091
:10308000EEF7B2FC4B4800780821444B1E33002277
:10309000CDE9001005219420EEF7A6FC4648007803
:1030A00008213E4B20330022CDE9001005218C2061
:1030B000EEF79AFC414800780821384B2233002271
:1030C000CDE9001005219C20EEF78EFC00203C4944
:1030D00008703C480078012809D10220394908705D
:1030E0000020394908703949088039490870354845
:1030F000007802283FD12848007801280BD1082108
:1031000026481C30E2F7BAFB0446324801882046C4
:10311000E2F75CFAA0E02048007802280BD10821F1
:103120001E481E30E2F7AAFB04462A4801882046C2
:10313000E2F74CFA90E01848007803280BD10821F8
:1031400016482030E2F79AFB0446224801882046C0
:10315000E2F73CFA80E01048007804287CD108218E
:103160000E482230E2F78AFB04461A4801882046BE
:10317000E2F72CFA70E01348007800286CD106487A
:103180000078042802DD0020034908700248007816
:1031900060BB0120004921E06C010020400A0020B2
:1031A0004403002042030020F8E40108204D000001
:1031B000490300204A0300204B0300204C03002059
:1031C000690300204A0000206301002066010020FE
:1031D000620100204E000020202000000870002026
:1031E000FE490870FE490880FE490870FE480078D4
:1031F000012808D10821FD48E2F740FB04460121DF
:10320000E2F7E9F828E0F8480078022809D1082117
:10321000F648801CE2F732FB04460121E2F7DBF8B6
:103220001AE0F1480078032809D10821EF48001D71
:10323000E2F724FB04460121E2F7CDF80CE0EA486E
:103240000078042808D10821E848801DE2F716FB21
:1032500004460121E2F7BFF81CBD1CB5E448008814
:10326000E449098888422BD0E2480088E049088078
:10327000EEF7C5FAE049802003F086FFAFF2A8011F
:10328000872003F081FFDC490C31902003F07CFFA4
:10329000AFF2BC01972003F077FFD749183188209F
:1032A00003F072FFAFF2D0018F2003F06DFFD3491E
:1032B000982003F069FFAFF2E0019F2003F064FF64
:1032C0000420EEF70AFECE4800780821C74B0833E9
:1032D0000022CDE9001003218520EEF785FBC948C7
:1032E00000780821C14B0A330022CDE900100321E8
:1032F0009520EEF779FBC44800780821BB4B0C33CE
:103300000022CDE9001003218D20EEF76DFBBF48B0
:1033100000780821B54B0A3B0022CDE900100321BB
:103320009D20EEF761FB0020B9490870B94800788C
:10333000012809D10220B74908700020A749087068
:10334000A7490880A7490870B248007802283FD1F1
:10335000A548007801280BD10821A4480830E2F7DD
:103360008DFA0446AC4801882046E2F72FF97EE04A
:103370009D48007802280BD108219C480A30E2F7CA
:103380007DFA0446A44801882046E2F71FF96EE062
:103390009548007803280BD1082194480C30E2F7B7
:1033A0006DFA04469C4801882046E2F70FF95EE07A
:1033B0008D48007804285AD108218C480A38E2F751
:1033C0005DFA0446944801882046E2F7FFF84EE093
:1033D0009048007800284AD183480078042802DD0C
:1033E0000020814908708048007848B901207E4952
:1033F0000870002079490870794908807949087077
:1034000079480078012809D1082178480830E2F786
:1034100035FA04460121E1F7DEFF28E07248007822
:10342000022809D1082171480A30E2F727FA044638
:103430000121E1F7D0FF1AE06B480078032809D199
:1034400008216A480C30E2F719FA04460121E1F735
:10345000C2FF0CE064480078042808D108216348C2
:103460000A38E2F70BFA04460121E1F7B4FF1CBD6C
:103470001CB55F4800885F490988884223D05D48B1
:1034800000885B490880EEF7BAF96449802003F0B0
:103490007BFE63A1872003F077FE60491431902002
:1034A00003F072FE5EA1972003F06EFE5249403990
:1034B000882003F069FE5BA18F2003F065FE5AA10E
:1034C000982003F061FE0220EEF707FD4C480078DB
:1034D0000821464B0E330022CDE90010052184203F
:1034E000EEF782FA474800780821404B103300225B
:1034F000CDE9001005219420EEF776FA002008218E
:103500003A4B16330222CDE9001004218C20EEF74D
:103510006BFA00203E4908703E480078012809D126
:1035200002203C49087000202C4908702C49088072
:103530002C4908703748007802282FD12A48007893
:1035400001280BD1082129480E30E2F797F90446EB
:10355000314801882046E2F739F890E022480078A7
:1035600002280BD1082121481030E2F787F90446E0
:10357000294801882046E2F729F880E01A480078B7
:1035800003287CD1082119481630E2F777F9044660
:10359000214801882046E2F719F870E01D480078BC
:1035A00000286CD110480078032802DD00200E4965
:1035B00008700D48007848B901200B4908700020B8
:1035C00006490870064908800649087006480078D0
:1035D00001283AD1082105480E302FE06301002070
:1035E00066010020620100206C0100205C0A0020BE
:1035F0004403002042030020B4E9010880E00108F0
:10360000490300204A0300204B0300204C03002004
:10361000690300204A0000204E0000205CE50108FC
:103620006D7300006B620000535A4D3232302D2D05
:103630004C4F5241B2CECAFD00000000E2F71EF925
:1036400004460121E1F7C7FE19E0F6480078022898
:1036500008D10821F448E2F711F904460121E1F705
:10366000BAFE0CE0EF480078032808D10821EE48A4
:10367000801DE2F703F904460121E1F7ACFE1CBD11
:103680001CB5EA480088EA490988884224D0E848FD
:103690000088E6490880EEF7B2F8E6A1802003F042
:1036A00073FDE7A1902003F06FFDAFF2D4419720A6
:1036B00003F06AFDE749882003F066FDAFF2E841B8
:1036C0008F2003F061FDE349982003F05DFDAFF228
:1036D000F8419F2003F058FD0020EEF7FEFB00208C
:1036E0000821D14B08330246CDE900100521852081
:1036F000EEF77AF900200821CB4B0A330222CDE9FC
:10370000001004219520EEF76FF90020D2490870CF
:10371000D2480078012809D10220D0490870002041
:10372000CF490870CF490880CF490870CB4800784E
:1037300002281FD1BB48007801280BD10821BA48C4
:103740000830E2F79BF80446C84801882046E1F7B4
:103750003DFF41E0B348007802283DD10821B2483E
:103760000A30E2F78BF80446C04801882046E1F7AA
:103770002DFF31E0B948007800BBAA480078022844
:1037800002DD0020A7490870A648007848B901204A
:10379000A44908700020B2490870B2490880B249B3
:1037A0000870A0480078012809D108219E480830F7
:1037B000E2F764F804460121E1F70DFE0CE09948B8
:1037C0000078022808D1082197480A30E2F756F815
:1037D00004460121E1F7FFFD1CBD1CB5934800889C
:1037E00093490988884227D0914800888F490880EA
:1037F000EEF705F89EA1802003F0C6FCAFF2286129
:10380000872003F0C1FC9FA1902003F0BDFCA2A182
:10381000972003F0B9FCA1A1882003F0B5FCAFF21A
:1038200048618F2003F0B0FCA1A1982003F0ACFC0C
:1038300099A19F2003F0A8FC0020EEF74EFB00208A
:103840000521794B1A330222CDE900108320EEF7CF
:10385000CBF800200521744B1C330246CDE9001043
:1038600004218620EEF7C0F800200521954B024682
:10387000CDE9001002219120EEF7B6F800200521D5
:10388000904B9B1C0246CDE9001002219320EEF7DD
:10389000ABF8002005218B4B1B1D0246CDE9001023
:1038A00004219520EEF7A0F8002005215E4B1E3381
:1038B0000222CDE900108B20EEF796F800200521BA
:1038C000594B20330246CDE9001004218E20EEF73B
:1038D0008BF8002005217B4B9B1D0246CDE9001093
:1038E00003219920EEF780F800200521754B08335D
:1038F0000246CDE9001002219B20EEF775F800206A
:103900000521704B0A330246CDE9001004219D20A9
:10391000EEF76AF8002050490870EFF789FC1CBDEB
:1039200010B54248008842490988884217D040486B
:1039300000883E490880EDF762FF03F009FC624908
:10394000802003F021FC61A1902003F01DFC41497F
:10395000882003F019FC62A1982003F015FC0020D8
:10396000EEF7BBFA00203C490870EFF761FC10BD90
:103970002DE9F84F05460E4617461C46DDE90AA814
:10398000A14636480078032811DAEEF70DF83248E0
:10399000007802280BD14B463A4631462846CDF8EE
:1039A000008003F09EFC4FF47A7003F02BF9BDE821
:1039B000F88F10B500204F4908704F48006810B9C3
:1039C00001200870A4E04C48001D006818B90220CE
:1039D000484908709CE04948006818B906204549E4
:1039E000087095E04648006818B9072041490870FA
:1039F0008EE042482030006818B908203D49087020
:103A000086E03E480838006818B90920394908702E
:103A10007EE03A482430006818B90A203549087019
:103A200076E06FE06C0100206C0A00204403002067
:103A300042030020535A4D323230BCC6CAFD00004A
:103A4000535A4D323230B0E6B1BE20202020202023
:103A5000000000000C310108690300204A0000202A
:103A60006301002066010020620100204E0000205A
:103A7000CEB3B6C83A2020202020202020202020AD
:103A80000000000020202020442020202E20202084
:103A9000202020200000000046200000BEADB6C857
:103AA0003A2020202020202020202020000000007C
:103AB00020202020204420202E20202020202020D4
:103AC0000000000096120020C81B010820202020C2
:103AD000BBB6D3ADC4FAA3A1202020200000000073
:103AE00020202020202020202020202020456E641F
:103AF000000000003F030020100121421401224277
:103B000004812142F848006810B90B20F749087079
:103B1000F7480078F5490978884207D0F3480078DB
:103B2000F34908700020F34908804AE0F148018811
:103B30000088401CEF4A10800A2942DD002011460F
:103B40000880EA48007828B90020EB490870EB4962
:103B5000087036E00120E8490870E9490880E94822
:103B6000008D30B3E748008D012817D1DF48007879
:103B7000082803D10B20DD49087022E0DB480078DB
:103B80000B2803D10820D94908701AE0D7480078DB
:103B9000052816D10920D549087012E0D948008DB2
:103BA00002280ED1D1480078082803D10B20CF4934
:103BB000087006E0CD4800780B2802D10820CB49D8
:103BC0000870D048008A002841F0E681CE4800788D
:103BD000002871D1C8480078012826D1C348007850
:103BE000002822D0C54800780028F6D10120C3491A
:103BF0000870C448C088002874D1BC4800780828E0
:103C000071D1C248008840F2E73188426BDABF4880
:103C10000088401CBD490880BA48408D98BB0846C2
:103C20000088152802D16420088050E2B748008837
:103C3000882803D1C720B549088048E2B3480088E6
:103C4000D02804D14FF49670B04908803FE2AF48C5
:103C50000088B0F59B7F04D140F21F20AB4908805B
:103C600035E2AA480088072803D10820A749088020
:103C70002DE2A6480088B0F5087F05D140F2222049
:103C8000A249088023E20AE0A048008840F22721E8
:103C90008842CAD140F2E7309C49088017E299482F
:103CA000408D012833D199480088DE2805D14FF492
:103CB0009670964908800AE2F8E19448008840F23C
:103CC0003711884204D140F21F2090490880FEE15C
:103CD0008E480088B0F5087F06D140F222208B493B
:103CE0000880F4E16DE152E08848008840F2272125
:103CF000884204D140F2E73084490880E7E18348F4
:103D00000088D22891D1D32080490880DFE17D4806
:103D1000408D022889D17D480088D02803D1FA201F
:103D20007A490880D3E179480088B0F5837F04D1CF
:103D30004FF4967075490880C9E17448008840F2D4
:103D40003711884204D14FF4A57070490880BEE154
:103D50006E480088B0F5A67F04D140F21F206B4961
:103D60000880B4E169480088B0F5087F04D140F2CA
:103D7000222066490880AAE16448008840F2272191
:103D800088428BD140F2E730604908809FE1574874
:103D900000780B286FD15D48008800286BDD5B48F8
:103DA0000088401E594908805648408DB0BB0846DF
:103DB000008840F21E21884204D140F23510534958
:103DC000088084E15148008840F22B11884203D1D9
:103DD000CF204E4908807AE14C480088C62803D19C
:103DE00087204A49088072E148480088632803D147
:103DF0001420464908806AE144480088072803D116
:103E000006204249088062E140480088B0F5087FFA
:103E100005D140F21F203D49088058E10AE03B48A7
:103E2000008840F2E631884286D140F226203749A8
:103E300008804CE13348408D01283AD1334800884E
:103E400040F21E21884204D14FF49B702F49088014
:103E50003DE12E48008840F22B11884203D1DD203D
:103E60002A49088033E129480088C72804D1C8209E
:103E7000264908802BE17BE024480088B0F5087FC4
:103E800004D140F21F202149088020E11F4800880A
:103E900040F2E631884204D140F226201B490880D6
:103EA00015E11A480088D2288BD1D1201749088003
:103EB0000DE11448408D02288DD11448008840F24D
:103EC0001E21884204D140F24B1010490880FEE0C8
:103ED0000E48008840F24911884219D14FF49B7076
:103EE0000A490880F3E000001C8121423F030020C2
:103EF00040030020620300203E0300204603002010
:103F00001E010020FA110020470300204203002078
:103F1000FC48008840F22B11884204D140F2051081
:103F2000F8490880D3E0F7480088F92803D1CF206A
:103F3000F4490880CBE0F3480088C72803D1C820A3
:103F4000F0490880C3E0EF480088B0F5087F04D14D
:103F500040F21F20EB490880B9E0EA48008840F2AF
:103F6000E631884203D140F22620E6490880AEE0DF
:103F7000E54800780A2803D10020E2490880A6E03D
:103F8000E1480078062808D10120E0490870E0489F
:103F90000078401CDE49087099E0DB48007807286B
:103FA00005D1DC480078401CDA4908708FE0D6481B
:103FB0000078092804D1D8480078401CD6490870F8
:103FC00085E0D648C088012821D1CF4800780B2849
:103FD0001ED1CC480088B0F5FA7F19DDC9480088A9
:103FE000401EC84908800846008840F2E6318842F1
:103FF00003D140F23520C3490880C248008840F20E
:104000001E21884263D140F20D20BE4908805EE047
:10401000BD48007808281FD1BA48008840F2E7312F
:10402000884219DAB7480088401CB649088008461B
:10403000008840F23621884203D140F2E730B1498E
:104040000880B048008840F20E2188423FD140F2FB
:104050001F20AC4908803AE0AB4800780A2804D118
:104060004FF4FA70A749088031E0A7480078062885
:1040700008D10120A5490870A5480078401CA44932
:10408000087024E0A0480078072805D1A1480078EE
:10409000401CA04908701AE09B480078092816D1F6
:1040A0009D480078401C9C49087010E09C480078AE
:1040B00001280CD19448007848B19A48007830B96A
:1040C00001209849087090480078974908709448F2
:1040D000007801281BD18C480078012817D18F481F
:1040E000408D022804D101209049A1F890000AE0F7
:1040F0008A48408D18B18948408D012803D101209C
:104100008B49A1F87A0001208A4908701EE0844892
:10411000007801281AD17C480078022816D17F48FF
:10412000408D022804D100208049A1F890000AE0C7
:104130007A48408D18B17948408D012803D100207C
:104140007B49A1F87A0001207A4908707A48007802
:10415000642823D17148408D02280CD10321734873
:104160009030E1F78BFB04467048B0F89010204681
:10417000E1F72CFA12E06948408D18B16748408D8C
:1041800001280BD101216A487A30E1F777FB044618
:104190006748B0F87A102046E1F718FA5F48C088FF
:1041A00000287AD15D48408D002877D15548008895
:1041B00068B958480078022809D10520514908807B
:1041C0000020544908705449087002F03CB84D482A
:1041D000008805280CD14F480078022808D10A2011
:1041E0004849088000204B4908704B490870ECE7AB
:1041F000444800880A280CD146480078022808D193
:104200001120404908800020424908704249087046
:10421000DBE73C48008811280CD13E480078022892
:1042200008D165203749088000203A4908703A498A
:104230000870CAE73348008865280CD135480078F3
:10424000022808D167202F490880002031490870D2
:1042500031490870B9E72B48008867280CD12D48F0
:104260000078022808D16C202649088000202949BE
:10427000087029490870A8E7224800886C280ED1E8
:104280002448007802280AD171201E4908800020A5
:10429000204908702049087097E7F5E3CBE11948F9
:1042A000008871280CD11B480078022808D175209D
:1042B000144908800020174908701749087084E7DE
:1042C0001048008875280CD112480078022808D1BF
:1042D00079200C49088000200E4908700E490870AA
:1042E00073E708480088792828D10A48007802280E
:1042F00024D17D2003490880002006490870064922
:10430000087062E7420300203F03002047030020BB
:10431000480300205803002059030020FA11002010
:104320003E030020460300204F030020CE10002053
:10433000360800205A0300204A000020F848008870
:104340007D280CD1F7480078022808D18120F44953
:1043500008800020F3490870F349087035E7F048F9
:10436000008881280CD1EF480078022808D18720E6
:10437000EB4908800020EB490870EB49087024E7FE
:10438000E748008887280CD1E6480078022808D141
:10439000C820E34908800020E2490870E24908701B
:1043A00013E7DF480088C8280CD1DE4800780228CF
:1043B00008D1CD20DA4908800020DA490870DA49AE
:1043C000087002E7D6480088CD280DD1D54800787E
:1043D000022809D140F22D10D14908800020D1498E
:1043E0000870D1490870F0E6CD48008840F22D11E0
:1043F00088420CD1CB480078022808D1081DC84952
:1044000008800020C7490870C7490870DDE6C44825
:10441000008840F2311188420CD1C248007802284D
:1044200008D1081DBE4908800020BE490870BE4959
:104430000870CAE6BA48008840F2351188420DD1AA
:10444000B8480078022809D140F21F20B4490880FA
:104450000020B4490870B4490870B6E6B048008836
:1044600040F21F2188420CD1AE480078022808D1C2
:10447000481DAB4908800020AA490870AA49087065
:10448000A3E6A7480088B0F5097F0DD1A5480078BC
:10449000022809D140F2E730A14908800020A14953
:1044A0000870A149087090E69D48008860B99E4850
:1044B0000078022808D1C8209949088000209A492C
:1044C00008709849087080E695480088C8280CD183
:1044D00095480078022808D1CA2091490880002018
:1044E000914908708F4908706FE68D480088CA2886
:1044F0000CD18D480078022808D1CD208849088049
:10450000002089490870874908705EE68448008861
:10451000CD280CD184480078022808D1CF208049CA
:1045200008800020804908707E4908704DE67C486C
:104530000088CF280DD17C480078022809D140F2AC
:104540002D10774908800020774908707549087058
:104550003BE67348008840F22D1188420CD1724826
:104560000078022808D1081D6D49088000206E4996
:1045700008706C49087028E66948008840F23111DB
:1045800088420CD168480078022808D1081D644987
:1045900008800020634908706349087015E6604888
:1045A000008840F2351188420DD15F48007802281A
:1045B00009D140F21F205A49088000205A4908704A
:1045C0005849087001E65648008840F21F21884289
:1045D0000CD155480078022808D1481D5049088060
:1045E0000020514908704F490870EEE54C4800889A
:1045F000B0F5097F0DD14C480078022809D140F26E
:10460000E73047490880002047490870454908704D
:10461000DBE543480088652888D1434800780228B4
:1046200084D140F22D103E49088000203E49087098
:104630003C490870C9E53D48408D01286FD1384894
:104640000088C8280CD137480078022808D1D0202B
:104650003349088000203349087033490870B4E5B5
:104660002F480088D0280DD12E480078022809D183
:104670004FF496702A49088000202A4908702A4978
:104680000870A2E526480088B0F5967F0DD1254830
:104690000078022809D140F22D102149088000201D
:1046A00020490870204908708FE51D48008840F2B5
:1046B0002D1188420CD11B480078022808D1081D12
:1046C00017490880002017490870174908707CE5D1
:1046D0001348008840F2311188420CD1114800780B
:1046E000022808D1081D0E49088000200D490870D5
:1046F0000D49087069E50A48008840F23511884282
:1047000016D108480078022812D140F21F2004492F
:1047100008800020034908700349087055E5E3E06C
:10472000420300205803002059030020FA11002002
:10473000FA48008840F21F2188420CD1F8480078DE
:10474000022808D1481DF54908800020F449087066
:10475000F449087039E5F1480088B0F5097F0DD1BA
:10476000EF480078022809D140F2E730EB49088091
:104770000020EB490870EB49087026E5E7480088FF
:10478000C8280CD1E7480078022808D1CF20E34997
:1047900008800020E3490870E149087015E5DF480A
:1047A0000088CF280CD1DF480078022808D1D52016
:1047B000DA4908800020DB490870D949087004E50F
:1047C000D6480088D5280CD1D6480078022808D1D0
:1047D000DC20D24908800020D2490870D0490870F6
:1047E000F3E4CE480088DC280CD1CE4800780228BB
:1047F00008D1DD20C94908800020CA490870C8498D
:104800000870E2E4C5480088DD280DD1C54800786D
:10481000022809D140F22D10C04908800020C1496A
:104820000870BF490870D0E4BC48008840F22D11E0
:1048300088420CD1BB480078022808D1081DB7492E
:1048400008800020B7490870B5490870BDE4B34836
:10485000008840F2311188420CD1B2480078022819
:1048600008D1081DAD4908800020AD490870AD4948
:104870000870AAE4A948008840F2351188420DD199
:10488000A8480078022809D140F21F20A3490880D7
:104890000020A4490870A249087096E49F48008847
:1048A00040F21F2188420CD19E480078022808D18E
:1048B000481D9A49088000209A4908709849087054
:1048C00083E496480088B0F5097F89D1954800783F
:1048D000022885D140F2E7309049088000209149B4
:1048E00008708F49087070E48F48408D022888D185
:1048F0008A480088C8280CD189480078022808D145
:10490000CF208649088000208549087085490870B5
:104910005BE482480088CF280DD1814800780228C6
:1049200009D14FF496707D49088000207C490870B9
:104930007C49087049E479480088B0F5967F0DD12C
:1049400077480078022809D140F22D107349088079
:104950000020734908707349087036E46F48008876
:1049600040F22D1188420CD16D480078022808D100
:10497000081D6A4908800020694908706949087063
:1049800023E46648008840F2311188420CD1644823
:104990000078022808D1081D60490880002060497D
:1049A00008706049087010E45C48008840F23511D6
:1049B00088420CD15A480078022808D1481C57492F
:1049C0000880002056490870564908700FE4534883
:1049D0000088B0F59B7F0DD151480078022809D19D
:1049E0004FF4A5704D49088000204D4908704D498D
:1049F00008700DE449480088B0F5A57F0DD14848FE
:104A00000078022809D140F21F2044490880002084
:104A100043490870434908700BE44048008840F25D
:104A20001F2188420CD13E480078022808D1481D39
:104A30003A49088000203A4908703A49087009E468
:104A400036480088B0F5097F0DD135480078022836
:104A500009D140F2E7303149088000203049087020
:104A60003049087007E42D480088C8280DD12D482A
:104A70000078022809D1CF20284908800020294940
:104A800008702749087007E4E8E024480088CF2828
:104A90000CD124480078022808D1FA201F49088048
:104AA0000020204908701E49087008E41B4800884F
:104AB000FA280CD11B480078022808D1FF2017499A
:104AC00008800020174908701549087008E4134849
:104AD0000088FF280DD113480078022809D140F240
:104AE00005100E49088000200E4908700C49087016
:104AF00007E40A48008840F20511884216D10948A7
:104B00000078022812D14FF49670044908800020E2
:104B1000044908700249087020E4000042030020A4
:104B20005803002059030020FA110020F94800889A
:104B3000B0F5967F0DD1F8480078022809D140F2EF
:104B40002D10F44908800020F3490870F3490870DB
:104B500004E4F048008840F22D1188420CD1EE4860
:104B60000078022808D1081DEA4908800020EA4997
:104B70000870EA49087013E4E648008840F23111F1
:104B800088420CD1E4480078022808D1081DE14988
:104B900008800020E1490870DF49087011E4DD4811
:104BA000008840F2351188420CD1DB480078022899
:104BB00008D1481CD74908800020D7490870D74938
:104BC000087010E4D3480088B0F59B7F0DD1D2481F
:104BD0000078022809D14FF4A570CE490880002042
:104BE000CE490870CC49087010E4CA480088B0F576
:104BF000A57F0DD1C8480078022809D140F21F20B6
:104C0000C44908800020C4490870C449087010E4F1
:104C1000C048008840F21F2188420CD1BE4800786D
:104C2000022808D1481DBB4908800020BA490870F5
:104C3000BA49087011E4B7480088B0F5097F87D1F8
:104C4000B5480078022896D140F2E730B149088093
:104C50000020B1490870B149087011E4B048C0881B
:104C6000012888D1AB480088B0F5FA7F0DD1AB4858
:104C70000078022809D140F21F20A64908800020B0
:104C8000A6490870A44908700DE4A248008840F2C3
:104C90001F2188420CD1A1480078022808D1481C65
:104CA0009C49088000209D4908709B4908700AE4CF
:104CB00098480088B0F5087F0DD198480078022800
:104CC00009D14FF409709349088000209349087076
:104CD0009149087008E48F480088B0F5097F0DD12C
:104CE0008E480078022809D140F22720894908809F
:104CF00000208A4908708849087006E485480088C1
:104D000040F2272188420CD184480078022808D13B
:104D1000081D804908800020804908707E4908707D
:104D200004E47C48008840F22B2188420CD17B4867
:104D30000078022808D1081D7649088000207749AC
:104D400008707549087016E47248008840F22F21F7
:104D500088420CD171480078022808D1881D6D491D
:104D6000088000206D4908706B49087016E4694896
:104D7000008840F2352188420DD168480078022829
:104D800009D140F2E7306349088000206349087088
:104D90006149087016E45F480088B0F5FA7F0DD1CC
:104DA0005D480078022809D140F2F5105949088081
:104DB0000020594908705949087016E45548008880
:104DC00040F2F51188420CD153480078022808D1EE
:104DD000481D5049088000204F4908704F4908700D
:104DE00016E44C480088B0F5FD7F0DD14A480078A4
:104DF000022809D140F2FF104649088000204649A8
:104E000008704649087015E44248008840F2FF11D6
:104E100088420CD140480078022808D1481D3D49FD
:104E2000088000203C4908703C49087017E4394864
:104E30000088B0F5017F0DD137480078022809D1EC
:104E400040F2092033490880002033490870334973
:104E5000087004E42F48008840F2092188420DD1EF
:104E60002D480078022809D140F21F2029490880E6
:104E70000020294908702949087015E42548008850
:104E800040F21F2188420CD123480078022808D123
:104E9000481C2049088000201F4908701F490870DD
:104EA00015E41C480088B0F5087F0DD11A48007839
:104EB000022809D14FF409701649088000201649CC
:104EC00008701649087015E412480088B0F5097F8B
:104ED0000DD111480078022809D140F227200D4950
:104EE000088000200C4908700C49087016E4094835
:104EF000008840F22721884214D107480078022810
:104F000010D1081D03490880002003490870034997
:104F100008701FE4420300205903002058030020BA
:104F2000FA110020FB48008840F22B2188420CD166
:104F3000F9480078022808D1081DF64908800020A9
:104F4000F5490870F549087004E4F248008840F219
:104F50002F2188420CD1F0480078022808D1881D02
:104F6000EC4908800020EC490870EC49087004E422
:104F7000E848008840F23521884291D1E64800781F
:104F800002288DD140F2E730E24908800020E24952
:104F90000870E249087012E4E1480078002871D1F5
:104FA000E0480078012825D1DF480078002821D08A
:104FB000DE4800780028F6D10120DC490870DC4882
:104FC000C08898BBD8480078082871D1D14800889B
:104FD00040F2E73188426BDACE480088401CCD4968
:104FE0000880D348408DA0BB08460088152802D110
:104FF000642008804BE2C7480088882803D1C72076
:10500000C449088043E2C3480088D02804D14FF443
:105010009670C04908803AE2BE480088B0F59B7F90
:1050200005D140F20B20BB49088030E2ABE1B94822
:105030000088072803D10820B649088027E2B54830
:105040000088B0F5037F05D140F20D20B1490880FA
:105050001DE20AE0AF48008840F21221884203D1E5
:1050600040F2E730AB49088011E2B148408D012899
:1050700032D1A8480088DE2805D14FF49670A549A2
:10508000088004E2F2E1A348008840F23711884228
:1050900004D140F20B209F490880F8E19D48008828
:1050A000B0F5037F05D140F20D209A490880EEE16A
:1050B00053E09848008840F21221884204D140F21F
:1050C000E73094490880E2E192480088D22802D172
:1050D000D32090490880DAE19548408D022806D116
:1050E0008C480088D02803D1FA208A490880CEE174
:1050F00088480088B0F5837F04D14FF496708549C5
:105100000880C4E18348008840F23711884204D106
:105110004FF4A5707F490880B9E17E48008840F2CD
:105120004D11884204D140F20B207A490880AEE14B
:1051300078480088B0F5037F04D140F20D2075490E
:105140000880A4E17348008840F21221884203D10C
:1051500040F2E7306F49088099E1734800780B28E6
:105160006FD16C48008800286BDD6A480088401EBB
:10517000684908806E48408DB0BB0846008840F200
:105180000A21884204D140F23510624908807EE14C
:105190006048008840F22B11884203D1CF205D493E
:1051A000088074E15B480088C62803D187205949EC
:1051B00008806CE157480088632803D114205549C2
:1051C000088064E153480088072803D1062051492C
:1051D00008805CE14F480088B0F5037F05D140F2BC
:1051E0000B204C49088052E10AE04A48008840F20E
:1051F000E631884203D140F211204649088046E159
:105200004B48408D01283AD14248008840F20A219B
:10521000884204D14FF49B703E49088037E13D48F5
:10522000008840F22B11884203D1DD2039490880E3
:105230002DE138480088C72804D1C82035490880A6
:1052400025E177E033480088B0F5037F04D140F2D0
:105250000B20304908801AE12E48008840F2E631E0
:10526000884204D140F211202A4908800FE12948E0
:105270000088D22802D1D1202649088007E12C4895
:10528000408D022809D12348008840F20A21884233
:1052900004D14FF4A6701F490880F8E01D4800882B
:1052A00040F24911884204D14FF49B70194908809B
:1052B000EDE01848008840F22B11884204D140F2FA
:1052C000051014490880E2E012480088F92803D14B
:1052D000CF2010490880DAE00E480088C72803D1A3
:1052E000C8200C490880D2E00A480088B0F5037F46
:1052F00004D140F20B2007490880C8E00548008827
:1053000040F2E631884203D140F211200149088081
:10531000BDE0000042030020590300205803002094
:10532000470300203E0300203F03002046030020E7
:10533000FA110020FC4800780A2803D10020FB491C
:105340000880A4E0F8480078062808D10120F84930
:105350000870F8480078401CF649087097E0F24859
:105360000078072805D1F4480078401CF2490870FD
:105370008DE0ED480078092804D1F0480078401C01
:10538000EE49087083E0EE48C08801287FD1E648E6
:1053900000780B281DD1E5480088B0F5FA7F18DDAC
:1053A000E2480088401EE14908800846008840F233
:1053B000E631884203D140F21620DC490880DB4800
:1053C000008840F20A21884261D1801ED7490880B6
:1053D0005DE0D548007808281ED1D448008840F206
:1053E000E731884218DAD1480088401CCF4908804C
:1053F0000846008840F21721884203D140F2E73086
:10540000CA490880C948008840F2092188423ED133
:10541000801CC64908803AE0C34800780A2804D1B5
:105420004FF4FA70C149088031E0BF48007806287F
:1054300008D10120BE490870BE480078401CBD4913
:10544000087024E0B8480078072805D1BA480078E9
:10545000401CB94908701AE0B3480078092816D1F1
:10546000B6480078401CB549087010E0B54800788F
:1054700001280CD1AC48007848B1B348007830B965
:105480000120B1490870A8480078B0490870AD48BB
:10549000007801281BD1A4480078012817D1A8481A
:1054A000408D022804D10120A949A1F890000AE00A
:1054B000A348408D18B1A248408D012803D1012096
:1054C000A449A1F87A000120A34908701EE09D4874
:1054D000007801281AD194480078022816D19848FB
:1054E000408D022804D100209949A1F890000AE0DB
:1054F0009348408D18B19248408D012803D1002077
:105500009449A1F87A0001209349087093480078E3
:10551000642823D18A48408D02280CD103218C486D
:105520009030E0F7ABF904468948B0F89010204677
:10553000E0F74CF812E08248408D18B18048408D69
:1055400001280BD1012183487A30E0F797F904460E
:105550008048B0F87A102046E0F738F87848C088DC
:10556000002879D17648408D88BB7048008860B9A2
:1055700071480078022808D105206C490880002075
:105580006D4908706D49087004E468480088052872
:105590000CD169480078022808D10A2063490880A4
:1055A0000020654908706549087006E45F48008876
:1055B0000A280DD160480078022809D111205B49E2
:1055C000088000205C4908705C49087008E413E218
:1055D0005648008811280CD157480078022808D175
:1055E00065205249088000205349087053490870CB
:1055F00009E44E48008865280CD14F4800780228FD
:1056000008D167204949088000204B4908704B4960
:1056100008700BE44548008867280CD1464800789C
:10562000022808D16C2041490880002042490870B6
:10563000424908700DE43D4800886C280DD13E4871
:105640000078022809D171203849088000203A49A1
:1056500008703A49087010E4FBE334480088712868
:105660000CD135480078022808D175202F490880D0
:105670000020314908703149087011E42B48008836
:1056800075280CD12C480078022808D179202749A8
:1056900008800020284908702849087013E423482E
:1056A000008879280CD124480078022808D17D2070
:1056B0001E490880002020490870204908700EE229
:1056C0001A4800887D280CD11B480078022808D190
:1056D0008120164908800020174908701749087072
:1056E000FDE11248008881280CD113480078022877
:1056F00008D187200D49088000200F4908700F4904
:105700000870ECE109480088872829D10A48007808
:10571000022825D1C82005490880002006490870C4
:1057200006490870DBE100003F030020420300202F
:10573000470300204803002058030020590300209D
:10574000FA1100203E030020460300204F030020F2
:10575000CE100020360800205A0300204A00002006
:10576000FC480088C8280CD1FB480078022808D1E2
:10577000CD20F84908800020F7490870F7490870E3
:10578000ADE1F4480088CD280DD1F3480078022817
:1057900009D140F22D10EF4908800020EE49087031
:1057A000EE4908709BE1EB48008840F22D118842D9
:1057B0000CD1E9480078022808D1081DE549088085
:1057C0000020E5490870E549087088E1E148008853
:1057D00040F2311188420CD1DF480078022808D10C
:1057E000081DDC4908800020DB490870DB4908708F
:1057F00075E1D848008840F2351188420DD1D6486D
:105800000078022809D140F20B20D24908800020FC
:10581000D1490870D149087061E1CE48008840F252
:105820000B2188420CD1CC480078022808D1081DF1
:10583000C84908800020C8490870C84908704EE16E
:10584000C448008840F20F2188420DD1C248007838
:10585000022809D140F2E730BE4908800020BE4945
:105860000870BE4908703AE1BA48008860B9BB4880
:105870000078022808D1C820B64908800020B7491E
:105880000870B54908702AE1B2480088C8280CD1D0
:10589000B2480078022808D1CA20AE49088000200A
:1058A000AE490870AC49087019E1AA480088CA28B6
:1058B0000CD1AA480078022808D1CD20A54908803B
:1058C0000020A6490870A449087008E1A148008892
:1058D000CD280CD1A1480078022808D1CF209D49BD
:1058E000088000209D4908709B490870F7E099489E
:1058F0000088CF280DD199480078022809D140F2BC
:105900002D1094490880002094490870924908702D
:10591000E5E09048008840F22D1188420CD18F4874
:105920000078022808D1081D8A49088000208B4988
:10593000087089490870D2E08648008840F2311129
:1059400088420CD185480078022808D1081D814979
:10595000088000208049087080490870BFE07D48B9
:10596000008840F2351188420DD17C480078022829
:1059700009D140F20B207749088000207749087050
:1059800075490870ABE07348008840F20B218842EB
:105990000CD172480078022808D1081D6D49088092
:1059A00000206E4908706C49087098E069480088CA
:1059B00040F20F2188420DD168480078022809D1B1
:1059C00040F2E7306349088000206449087062496A
:1059D000087084E05F480088652887D15F480078B8
:1059E000022895D140F22D105A49088000205B49C9
:1059F00008705949087072E05948408D01286FD1EC
:105A000054480088C8280CD153480078022808D18F
:105A1000D0205049088000204F4908704F49087035
:105A20005DE04C480088D0280DD14B480078022812
:105A300009D14FF496704749088000204649087004
:105A400046490870FFE343480088B0F5967F0DD1C2
:105A500041480078022809D140F22D103D490880C4
:105A600000203D4908703D490870ECE33948008842
:105A700040F22D1188420CD137480078022808D115
:105A8000081D3449088000203349087033490870E4
:105A9000D9E33048008840F2311188420CD12E48B9
:105AA0000078022808D1081D2A49088000202A49C8
:105AB00008702A490870C6E32648008840F235116C
:105AC00088420ED12448007802280AD140F20B20E7
:105AD0002049088000202049087020490870B2E35E
:105AE000E6E01C48008840F20B2188420CD11A489D
:105AF0000078022808D1081D1649088000201649A0
:105B00000870164908709EE31248008840F20F2181
:105B100088420DD110480078022809D140F2E730C0
:105B20000C49088000200C4908700C4908708AE371
:105B300008480088C82815D108480078022811D1E3
:105B4000CF200449088000200449087002490870E9
:105B500079E300004203002058030020590300208D
:105B6000FA110020FC480088CF280CD1FB480078AF
:105B7000022808D1D520F84908800020F74908708C
:105B8000F74908705FE3F4480088D5280CD1F34842
:105B90000078022808D1DC20EF4908800020EF4976
:105BA0000870EF4908704EE3EB480088DC280CD100
:105BB000EA480078022808D1DD20E7490880002063
:105BC000E6490870E64908703DE3E3480088DD28AF
:105BD0000DD1E2480078022809D140F22D10DE49AB
:105BE00008800020DD490870DD4908702BE3DA48A1
:105BF000008840F22D1188420CD1D8480078022844
:105C000008D1081DD44908800020D4490870D4491F
:105C1000087018E3D048008840F2311188420CD156
:105C2000CE480078022808D1081DCB490880002002
:105C3000CB490870C949087005E3C748008840F29D
:105C4000351188420DD1C5480078022809D140F2AB
:105C50000B20C14908800020C0490870C049087065
:105C6000F1E2BD48008840F20B2188420CD1BB48CC
:105C70000078022808D1081DB74908800020B749DC
:105C80000870B7490870DEE2B348008840F20F217F
:105C900088420CD1B1480078022808D140F2E730A0
:105CA000AD4908800020AD490870AD490870CAE2CE
:105CB000AC48408D02280FD1A7480088C8280CD1D5
:105CC000A7480078022808D1CF20A34908800020E7
:105CD000A3490870A1490870B5E29F480088CF2801
:105CE0000DD19F480078022809D14FF496709A4947
:105CF000088000209A49087098490870A3E29648E5
:105D00000088B0F5967F0DD195480078022809D11A
:105D100040F22D10904908800020914908708F4969
:105D2000087090E28C48008840F22D1188420CD116
:105D30008B480078022808D1081D87490880002078
:105D400087490870854908707DE28348008840F2E1
:105D5000311188420CD182480078022808D1081DF0
:105D60007D49088000207E4908707C4908706AE2FD
:105D70007948008840F2351188420CD17848007883
:105D8000022808D1481C7449088000207449087012
:105D90007249087057E270480088B0F59B7F0DD1BA
:105DA0006F480078022809D14FF4A5706A4908802D
:105DB00000206B4908706949087044E26648008811
:105DC000B0F5A57F0DD166480078022809D140F2D0
:105DD0000B20614908800020614908705F49087004
:105DE00031E25D48008840F20B2188420CD15C48CA
:105DF0000078022808D1081D57490880002058491A
:105E00000870564908701EE25348008840F20F217E
:105E100088420DD152480078022809D140F2E7307B
:105E20004D49088000204E4908704C4908700AE22C
:105E300049480088C8280DD148480078022809D16F
:105E4000CF20454908800020444908704449087023
:105E5000F9E1E9E040480088CF280CD13F480078BC
:105E6000022808D1FA203C49088000203B490870EC
:105E70003B490870E7E138480088FA280CD13748D8
:105E80000078022808D1FF203349088000203349D8
:105E9000087033490870D6E12F480088FF280DD1DB
:105EA0002E480078022809D140F205102A490880BE
:105EB00000202A4908702A490870C4E12648008851
:105EC00040F2051188420DD124480078022809D1FA
:105ED0004FF496702049088000202049087020491E
:105EE0000870B0E11C480088B0F5967F0DD11B48C2
:105EF0000078022809D140F22D10174908800020AF
:105F000016490870164908709DE11348008840F250
:105F10002D1188420CD111480078022808D1081DA3
:105F20000D49088000200D4908700D4908708AE16C
:105F30000948008840F23111884215D1074800789D
:105F4000022811D1081D0449088000200449087066
:105F50000249087077E10000420300205903002045
:105F600058030020FA110020F748008840F235114C
:105F700088420CD1F5480078022808D1481CF24923
:105F800008800020F1490870F14908705BE1EE4893
:105F90000088B0F59B7F0DD1EC480078022809D12C
:105FA0004FF4A570E84908800020E9490870E749E6
:105FB000087048E1E4480088B0F5A57F0DD1E348BA
:105FC0000078022809D140F20B20DF490880002028
:105FD000DE490870DE49087035E1DB48008840F290
:105FE0000B2188420CD1D9480078022808D1081D1D
:105FF000D54908800020D5490870D549087022E1AC
:10600000D148008840F20F2188420CD1CF48007857
:10601000022808D140F2E730CB4908800020CB4964
:106020000870CB4908700EE1CA48C088012811D118
:10603000C5480088B0F5FA7F0DD1C5480078022820
:1060400009D140F20B20C04908800020C0490870E7
:10605000BE490870F7E0BC48008840F20B21884236
:106060000CD1BB480078022808D1481CB6490880EA
:106070000020B7490870B5490870E4E0B2480088CC
:10608000B0F5037F0DD1B2480078022809D140F263
:106090000F20AD4908800020AD490870AB49087059
:1060A000D1E0A948008840F20F2188420CD1A848CD
:1060B0000078022808D1081DA34908800020A449BF
:1060C0000870A2490870BEE09F48008840F2132182
:1060D00088420DD19E480078022809D140F2E7306D
:1060E0009949088000209A49087098490870AAE0E8
:1060F00095480088B0F5FA7F0DD1944800780228C1
:1061000009D140F2F5109049088000208F490870AD
:106110008F49087097E08C48008840F2F51188425A
:106120000CD18A480078022808D1481D8649088089
:106130000020864908708649087084E082480088FB
:10614000B0F5FD7F0DD181480078022809D140F2D9
:10615000FF107D49088000207C4908707C49087048
:1061600071E07948008840F2FF1188420CD17748ED
:106170000078022808D1481D73490880002073491F
:106180000870734908705EE06F480088B0F5017FC1
:106190000DD16E480078022809D140F20B206A49DF
:1061A0000880002069490870694908704BE066481A
:1061B000008840F20B2188420CD164480078022804
:1061C00008D1481C60490880002060490870604977
:1061D000087038E05C480088B0F5037F0DD15B485B
:1061E0000078022809D140F20F205749088000208A
:1061F000564908705649087025E05348008840F217
:106200000F2188420CD151480078022808D1081D7E
:106210004D49088000204D4908704D49087012E032
:106220004948008840F2132188420CD14748007841
:10623000022808D140F2E730434908800020434952
:1062400008704349087044480078444909788842F6
:1062500027D041480078414908703D48007800281F
:1062600003DC3A480078002812DD3D480088401CD5
:106270003B4908803B48B0F85A010988884210DA47
:10628000002037490880324908703049087008E01A
:1062900033480088002804DD31480088401E30491A
:1062A00008803148008828490988884222D12F482F
:1062B0000078F8B9284840782D49097888421CD0E0
:1062C000254840782A4908702A480088401C2949F6
:1062D00008800846008840F2DC5188420DDD6420C9
:1062E000234908700020234908804FF47A701E4922
:1062F000088002E000201F4908801648C088E0B9E5
:106300001D480078F0B9144840781C490978884243
:1063100018D0114840781949087019480088401C65
:106320001749088008460088B0F5967F0ADD0020EE
:10633000088001201049087004E0002010490880FE
:106340000D49087010BD00004203002059030020D1
:1063500058030020FA1100203404002054030020C8
:10636000560300204E040020440300204703002071
:106370005B0300205C0300205E0300205F0300201D
:106380006003002010B5F6480088C8280ADCF548EC
:10639000408D012803D0F348408D022802D1C82047
:1063A000EF490880EE480088FF2871D075DC792815
:1063B00070D020DC64286ED00EDC15286CD2DFE8AB
:1063C00000F0EDECEBEAE9E8E7E6E5E4E3E2E1E042
:1063D000DFDEDDDCDBDAD90065381428EED2DFE859
:1063E00000F0F3F2F1F0EFEEEDECEBEAE9E8E7E6CE
:1063F000E5E4E3E2E1E0CE2879D026DC842877D01A
:106400000ADCA0F17A000A28D8D2DFE800F0EAE935
:10641000E8E7E6E5E4E3E2E1C9286AD00CDC872896
:1064200068D004DC85287DD0862835D1FDE1C728D9
:1064300079D0C828F9D101E2CA2875D0CB2874D008
:10644000CC2873D0CD28F0D107E2D9286FD00ADC50
:10645000A0F1CF000A28B1D2DFE800F0D2D1D0CF2E
:10646000CECDCCCBCAC9FA287AD008DCDA2878D0CD
:10647000DB2877D0DC2876D0DD28D6D12BE2FB28AC
:1064800072D0FC2871D0FD2870D0FE28CDD131E229
:1064900033E202E0A2E15DE13DE140F20A22811A2D
:1064A000904264D056DC40F2F512A0EB020190421B
:1064B0005ED040DCB0F5987F5BD01CDC40F205126A
:1064C000A0EB020190426AD008DCA0F5807005289C
:1064D00084D2DFE800F0F0EFEEEDEC0027295FD08A
:1064E000282972D0292971D02A299ED134E2C5E108
:1064F00095E1A6E19CE1B0F59B7F68D008DCA0F2B5
:1065000031100528A7D2DFE800F0F0EFEEEDEC0047
:10651000B0F5A57F66D0A0F24B10002863D001280B
:1065200062D005E07EE186E18EE190E192E1C6E194
:10653000A92888D142E215298DD2DFE801F0ECEBE1
:10654000EAE9E8E7E6E5E4E3E2E1E0DFDEDDDCDB23
:10655000DAD9D800182948D06DDC1829B8D250E013
:10656000BCE1AFE1B1E1B3E1BBE1BDE1BFE179E2A3
:1065700027E2F4E1EBE0E1E0DDE0D9E0D5E0D1E0D5
:10658000CDE0C9E0AAE0A6E0A2E09EE09AE096E0B5
:1065900092E089E085E081E07DE079E075E0BEE1B0
:1065A000C0E118E114E110E10CE108E104E100E1CF
:1065B000FCE0F8E0F4E0F0E0ECE0E8E0E4E0E0E06B
:1065C000DCE0D8E0D4E0D0E0C7E0BFE1C1E1D8E151
:1065D00022E11EE11AE116E112E10EE10AE106E113
:1065E00002E1FEE0E1E1E3E1E5E1C5E223E063E1B0
:1065F0005FE15BE157E153E14FE14BE147E143E10B
:106600003FE1DFE811F0880032023B0244024D0214
:1066100056025F02680271027A0283028C029502BE
:106620009E02A102A402A702AA02AD02880088006D
:10663000B002B302B602232958D00FDCA1F1190130
:106640000A298BD2DFE811F09B029E02A102A4026C
:10665000A702AA02AD02B002B302B602282970D086
:1066600008DC24296ED025296DD026296CD0272955
:1066700051D1AEE2292968D02A2967D02B2973D0BD
:10668000A1F2DD110029F3D1B2E2EBF767FCB3E22E
:10669000EBF770FDB0E2EBF740FEADE2ECF701F98D
:1066A000AAE2ECF766FBA7E2ECF7E8FBA4E233E131
:1066B0002FE12BE127E123E1ECF780FC9CE2ECF7F2
:1066C000D9FD99E2ECF7DAFD96E2ECF798FE93E259
:1066D000EDF76CF890E2EDF716F98DE2EDF70EFAB2
:1066E0008AE24BE147E143E13FE13BE165E2B6E1AC
:1066F000B2E1AEE1AAE1A6E1A2E19EE19AE196E172
:1067000092E18EE18AE186E182E17EE17AE176E161
:106710006CE162E158E16EE2EDF7A2FA6CE2EDF7AE
:1067200051FB69E2EDF736FC66E2EDF7E4FC63E26B
:10673000EDF72EFE60E2EDF79CFF5DE2EEF7B4F8B8
:106740005AE249E23CE23EE240E248E24AE2EEF747
:10675000ABF951E2EEF70FFA4EE2EEF732FA4BE206
:1067600042030020FA1100203FE2EEF7B2FB43E2C1
:10677000EEF7C1FC40E2EEF7D3FD3DE2EEF7B8FEE6
:106780003AE2EEF7FFFF37E2EFF7E7F834E2EFF730
:106790000FFA31E2EFF725FB2EE2EFF758FC2BE280
:1067A000EFF73FFD28E2EFF79EFE25E2EFF783FFCC
:1067B00022E2F0F7C4F81FE2F0F77CF91CE2F0F7F0
:1067C00004FA19E2F0F717FB16E2F0F72DFC13E2DA
:1067D000F0F791FD10E2F0F7A3FE0DE2F1F704F8F7
:1067E0000AE2F1F71AF907E2F1F77FFA04E2F1F7AA
:1067F0003CFB01E2F1F79DFCFEE1F1F7A3FDFBE1BB
:10680000F1F7ADFEF8E1F1F765FFF5E1F2F717F802
:10681000F2E1F2F71BF9EFE1F2F7D1F9ECE1F2F76F
:10682000DAFAE9E1F2F792FBE6E1F2F747FCE3E19D
:10683000F2F7ABFDE0E1F2F794FEDDE1F2F7B7FE2F
:10684000DAE1F2F7E7FFD7E1F3F7A7F8D4E1F3F7DE
:10685000B1F9D1E1F3F753FACEE1E948408D10B92F
:10686000F3F7F2FA09E0E648408D012803D0E44846
:10687000408D022801D1F3F7E7FABDE1F3F7FEFC02
:10688000BAE1F3F7BEFDB7E1ECF7F8FAB4E1ECF7E3
:1068900095FBB1E1ECF7EEFCAEE1ECF7EFFCABE120
:1068A000ECF7ADFDA8E1ECF781FFA5E1EDF72BF8E2
:1068B000A2E1EDF723F99FE1EDF7D2F99CE1EDF7C5
:1068C00081FA99E1EDF766FB96E1EDF714FC93E1AF
:1068D000EDF75EFD90E1EDF7CCFE8DE1F3F762FEA2
:1068E0008AE1F3F71EFF87E1F3F7C0FF84E1F4F7D5
:1068F000AAF881E1F4F75CF97EE1F4F7D0FA7BE1E4
:10690000F4F77DFB78E1F4F72AFC75E1F4F7FAFC83
:1069100072E1F4F7A8FD6FE1F4F757FE6CE1F4F7CC
:1069200024FF69E1B648408D10B9F5F733F80CE063
:10693000B348408D012802D1EEF743F905E0B04895
:10694000408D022801D1F7F761F855E1F5F758F8C5
:1069500052E1F5F7BDF94FE1F5F7D0FA4CE1F5F763
:106960004CFC49E1F5F7B2FD46E1F5F7C3FE43E122
:10697000F6F724F840E1F6F730FA3DE1F6F727FBA9
:106980003AE19F48408D10B9F1F7AFF90CE09C480F
:10699000408D012802D1F1F7A8F905E09848408D13
:1069A000022801D1F6F75EFB26E1F6F7ECFC23E1C5
:1069B000F6F702FE20E1F6F739FF1DE1FCF70DFFC7
:1069C0001AE1F8F77FF917E18D48008A10B9F8F756
:1069D00036FA01E0F8F7BAF90EE18948008A10B9F1
:1069E000F8F788FB01E0F8F7E1FC05E18448008A4C
:1069F00010B9F8F72EFD01E0F8F721FEFCE0F8F7FA
:106A000073FEF9E0F8F776FFF6E0F8F7B6FFF3E08B
:106A1000F9F7A5F8F0E0F9F7CBF9EDE0F9F78DFA21
:106A2000EAE0F9F77AFBE7E0F9F7BAFBE4E0F9F717
:106A3000A0FCE1E0F9F7C6FDDEE0F9F787FEDBE058
:106A4000F9F765FFD8E0F9F7C3FFD5E0FAF7ADF83D
:106A5000D2E0FAF782F9CFE0FAF77FFACCE0FAF762
:106A600050FBC9E0FAF76DFBC6E06548008A10B933
:106A7000FAF712FC01E0F7F7F5F8BDE06048008A8C
:106A800010B9FAF788FC01E0F7F755F9B4E05C4873
:106A9000008A10B9FAF7E8FC01E0F7F7B6F9ABE0C5
:106AA0005748008A10B9FAF75EFD01E0F7F73FFB9F
:106AB000A2E05348008A10B9FAF775FD01E0F7F734
:106AC00010FC99E04E48008A10B9FAF7CAFD01E0BF
:106AD000F7F7DEFC90E04A48008A10B9FAF774FE36
:106AE00001E0F7F7E2FD87E04548008A10B9FAF7C0
:106AF00018FF01E0F7F72FFE7EE04148008A10B949
:106B0000FAF796FF01E0F7F7A3FE75E03C48008A2C
:106B100010B9FAF7ADFF01E0F7F7F3FE6CE0384883
:106B2000008A10B9FBF74CF801E0F8F700F863E0D1
:106B30003348008A10B9FBF7ABF801E0F8F760F8CA
:106B40005AE0FBF754F957E0FBF7D8F954E0FBF7AC
:106B5000F5F951E0FBF777FA4EE0FBF7DDFA4BE091
:106B6000FBF789FB48E0F7F77DF845E0F7F7E3F836
:106B700042E0F7F74AF93FE0F7F7D9FA3CE0F7F7D8
:106B8000B0FB39E0F7F784FC36E0F7F78EFD33E031
:106B9000F7F7E1FD30E0F7F75BFE2DE0F7F7B1FE28
:106BA0002AE0F7F7C4FF27E0F8F72AF824E0FBF71C
:106BB000E9FB21E0FBF706FC1EE0FBF72EFD1BE0E6
:106BC000FBF794FE18E0FBF78BFF15E0FBF7A8FF3F
:106BD00012E0FCF70CF90FE0FCF714FA0CE0FCF7FC
:106BE0003CFB09E0FCF744FC06E0FCF749FD03E050
:106BF000FCF796FE00E010BD00BF00BFFBE7000001
:106C0000FA11002000BF011EA0F10100FBD1704766
:106C100010B5044604F0010028B14FF48041FA4851
:106C2000D9F787FF04E04FF48041F748D9F783FF95
:106C300004F0020028B14FF40041F348D9F779FF7E
:106C400004E04FF40041F048D9F775FF04F0040068
:106C500020B14021ED48D9F76CFF03E04021EB481B
:106C6000D9F769FF04F0080020B18021E748D9F77F
:106C700060FF03E08021E548D9F75DFF04F01000D4
:106C800028B14FF48071E148D9F753FF04E04FF485
:106C90008071DE48D9F74FFF04F0200028B14FF48F
:106CA0000071DA48D9F745FF04E04FF40071D74886
:106CB000D9F741FF04F0400028B14FF48071D44867
:106CC000D9F737FF04E04FF48071D148D9F733FF8B
:106CD00004F0800028B14FF40041CD48D9F729FFD6
:106CE00004E04FF40041CA48D9F725FF0A20FFF716
:106CF00089FF10BD10B54FF40071C348D9F71BFFD1
:106D00001021C248D9F715FF0A20FFF77BFF802129
:106D1000BF48D9F70EFF1920FFF774FF8021BC4848
:106D2000D9F709FF1920FFF76DFF012010BD10B53D
:106D30000446FFF7DFFF4FF40071B348D9F7FBFEBD
:106D40001021B248D9F7F7FE8021B148D9F7F3FEF8
:106D50001920FFF757FF2046FFF75AFF1920FFF7CA
:106D600051FF8021AA48D9F7E4FE1920FFF74AFF16
:106D70008021A748D9F7DFFE1920FFF743FF42F231
:106D80001070FFF73FFF10BD10B504219F48D9F7E1
:106D9000D2FE44F62060FFF735FF04219B48D9F767
:106DA000C8FE44F62060FFF72DFF4FF4805198484D
:106DB000D9F7BFFE42F21070FFF724FF3020FFF733
:106DC000B6FF4FF47A70FFF71DFF0120FFF7AFFF0A
:106DD00042F21070FFF716FF0620FFF7A8FF4FF4EE
:106DE0007A70FFF70FFF0C20FFF7A1FF4FF47A70C6
:106DF000FFF708FF10BD10B5FF20FFF709FF0A20BD
:106E0000FFF700FF00244FF480417F48D9F777FE59
:106E100008B144F001044FF400417B48D9F76FFEFC
:106E200008B144F0020440217848D9F768FE08B15F
:106E300044F0040480217548D9F761FE08B144F09C
:106E400008044FF480717148D9F759FE08B144F035
:106E500010044FF400716D48D9F751FE08B144F0A9
:106E600020044FF480716A48D9F749FE08B144F014
:106E700040044FF400416648D9F741FE08B144F0A0
:106E80008004204610BD10B50446FFF733FF4FF4D1
:106E900000715D48D9F74DFE10215C48D9F74BFED3
:106EA00080215B48D9F747FE1920FFF7ABFE20464B
:106EB000FFF7AEFE1920FFF7A5FE80215448D9F751
:106EC00038FE1920FFF79EFE80215148D9F733FE86
:106ED0001920FFF797FE10BD10B54FF400714A4816
:106EE000D9F727FE10214948D9F723FE80214848C9
:106EF000D9F721FE1920FFF785FE80214448D9F7F4
:106F000018FE1920FFF77EFEFFF775FF044680216B
:106F10003F48D9F710FE1920FFF774FE204610BD38
:106F200070B53620FFF703FF002415E004F180015F
:106F3000C8B2FFF7FCFE8020FFF7F9FE002507E04E
:106F40000020FFF7A0FF0020FFF79DFF681CC5B2DF
:106F5000102DF5DB601CC4B2202CE7DB70BD10B532
:106F600004461CB91020FFF7E2FE02E01420FFF7F0
:106F7000DEFE10BD2DE9F04704460E469246202E57
:106F800016DB06F1600000F0FF092046E11704EB74
:106F900011710911883101F0FF08E11704EB11713B
:106FA0000911A4EB01124FF4004141FA02F715E078
:106FB00006F1800000F0FF092046E11704EB117193
:106FC0000911803101F0FF08E11704EB117109117B
:106FD000A4EB01124FF4004141FA02F74846FFF7D3
:106FE000A6FE4046FFF7A3FEFFF776FFFFF774FF0C
:106FF00005462D02FFF770FF0543BAF1000F09D1D6
:1070000027EA050507E00000000C014000100140E0
:10701000000801403D434846FFF789FE4046FFF720
:1070200086FEC5F30720FFF72EFFE8B2FFF72BFF20
:107030003620FFF77CFE3220FFF7E4FDBDE8F08745
:107040002DE9F04704460D46202D15DB05F16000C3
:1070500000F0FF082046E11704EB11710911883197
:10706000CEB2E11704EB11710911A4EB01124FF438
:10707000004141FA02F714E005F1800000F0FF083A
:107080002046E11704EB117109118031CEB2E117EE
:1070900004EB11710911A4EB01124FF4004141FA04
:1070A00002F74046FFF743FE3046FFF740FEFFF78A
:1070B00013FFFFF711FF81464FEA0929FFF70CFF85
:1070C00040EA090909EA070010B10120BDE8F0878C
:1070D0000020FBE710B53020FFF729FE4FF47A704F
:1070E000FFF790FD0620FFF722FE4FF47A70FFF7BE
:1070F00089FD0C20FFF71BFE4FF47A70FFF782FD2D
:1071000010BD10B53020FFF712FE4FF47A70FFF774
:1071100079FD0620FFF70BFE4FF47A70FFF772FD42
:107120000C20FFF704FE4FF47A70FFF76BFD34205C
:10713000FFF7FDFD4FF47A70FFF764FD10BDF84ACC
:10714000116800BFF64A1268521A8242FAD3704799
:1071500010B53020FFF7EBFD4FF47A70FFF752FDCA
:107160000120FFF7E4FD0320FFF7E9FF10BD70B534
:1071700004460D463020FFF7DAFDE0B2FFF7D7FDF9
:107180002846FFF780FE70BD70B506460C463020DD
:10719000FFF7CDFDF0B2FFF7CAFD002504E0605D0A
:1071A000FFF771FE681CC5B2605D0028F7D14FF48F
:1071B000FA70FFF727FD70BD2DE9F041A0B007463A
:1071C0000C464FF000083020FFF7B1FD002C01DB2A
:1071D000264600E066424CB300250EE00A2096FBEE
:1071E000F0F100FB11604DF825000A2096FBF0F647
:1071F00008F1010806B902E06D1C0A2DEEDB00BFA4
:10720000A8F10108F8B2FFF792FD002C02DA2D2058
:10721000FFF739FE454606E01DF825103031C8B2AB
:10722000FFF731FE6D1E002DF6DA06E02CB9F8B23C
:10723000FFF77DFD3020FFF726FE20B0BDE8F0818E
:107240002DE9F041A0B080460F46154617B920B091
:10725000BDE8F081002403E000204DF82400641C08
:10726000202CF9DB3020FFF762FD002D01DB2E46DC
:1072700000E06E4235B300240CE00A2096FBF0F1EA
:1072800000FB11604DF824000A2096FBF0F606B9C9
:1072900002E0641C0A2CF0DB00BF08F0FF00FFF7DF
:1072A00046FD002D02DA2D20FFF7EDFD7C1E06E0E5
:1072B0001DF824103031C8B2FFF7E5FD641E002C24
:1072C000F6DA0CE05DB908F0FF00FFF730FD0024AE
:1072D00003E03020FFF7D7FD641CBC42F9DB00BFA0
:1072E000B5E72DE9F04FA1B004460F461646994682
:1072F000DDF8A88000200090B8F10A0F06DBA8F1A5
:107300000A0000F0FF084FF0010B01E04FF0000B06
:1073100017B921B0BDE8F08F002504E0002001A9D5
:1073200041F825006D1C202DF8DB3020FFF7FFFC15
:10733000B9F1000F01DBCA4601E0C9F1000A0025DE
:107340000FE00A209AFBF0F100FB11A001A941F81F
:1073500025000A209AFBF0FABAF1000F00D102E0F2
:107360006D1C0A2DEDDB00BF6E48008A002878D125
:107370006D480088112803D06B480088DC2814D1A0
:10738000611EC8B2FFF7D3FCB8F1000F06D0202071
:10739000FFF779FD3E20FFF776FDEDE02020FFF7B7
:1073A00072FD2020FFF76FFDE6E05F4800880A28A5
:1073B0002BDB5D480088102827DC5B4800881028FC
:1073C0000FD15A48007800280BDD5948007840B1A9
:1073D000611EC8B2FFF7ABFC601E56A1FFF7D4FEDA
:1073E000CAE05148008810280BD15148007840B1BC
:1073F000611EC8B2FFF79BFC601E4FA1FFF7C4FEE1
:10740000BAE0E0B2FFF793FCB6E047480088D52821
:107410002CDB45480088DB2828DC43480088DB2833
:107420000FD14248007800280BDD4148007840B178
:10743000611EC8B2FFF77BFC601E3EA1FFF7A4FEF1
:107440009AE039480088DB280CD13948007848B1E7
:10745000611EC8B2FFF76BFC601E37A1FFF794FEF8
:107460008AE007E1E0B2FFF762FC85E02E48008881
:10747000FF2830DB2C480088B0F5837F2BDA2A48C0
:10748000008840F2051188420FD128480078002872
:107490000BDD2748007840B1611EC8B2FFF747FCFA
:1074A000601E24A1FFF770FE66E01F48008840F2CE
:1074B000051188420BD11E48007840B1611EC8B248
:1074C000FFF735FC601E1CA1FFF75EFE54E0E0B242
:1074D000FFF72DFC50E014480088B0F5FA6F04D097
:1074E00011480088B0F5FA7F03D1E0B2FFF71FFC26
:1074F00042E00D4800887E2820DB0B480088852864
:107500001CDCE0B2FFF713FCB8F1000F03D03E2003
:10751000FFF7B9FC30E02020FFF7B5FC2CE00000BD
:107520006C030020FA1100204203002047030020D2
:1075300049030020203E000020200000FD48008874
:1075400040F22721884203D1E0B2FFF7F0FB13E0BD
:10755000E0B2FFF7ECFBB8F1000F03D03E20FFF7DD
:1075600092FC09E0BBF1010F03D12D20FFF78BFC4A
:1075700002E03A20FFF787FCB9F1000F02DA2D2074
:10758000FFF781FCB74200DA3746B74212D130200C
:10759000FFF779FC2E20FFF776FC7D1E07E001A99E
:1075A00011F825103031C8B2FFF76DFC6D1E002DAB
:1075B000F5DADEE126BB0020DF4908707D1E1CE005
:1075C00001A850F8250000B915B90120DA49087062
:1075D000D948007838B101A911F825103031C8B266
:1075E000FFF751FC08E0D348008840F22721884289
:1075F00002D02020FFF747FC6D1E002DE0DAB8E135
:10760000002ED6DDB81B01281CDD7D1E17E001A869
:1076100050F8250048B9009838B9681C801B01282B
:1076200003DD2020FFF72FFC08E00120009001A9D6
:1076300011F825103031C8B2FFF725FC6D1EB54298
:10764000E5DA07E0791E01AA12F821103031C8B23C
:10765000FFF719FC2E20FFF716FC751E07E001A9A5
:1076600011F825103031C8B2FFF70DFC6D1E002D4A
:10767000F5DA7EE1AF480088112803D0AD480088D4
:10768000DC2814D1611EC8B2FFF751FBB8F1000F1E
:1076900006D02020FFF7F7FB3E20FFF7F4FBE2E0E7
:1076A0002020FFF7F0FB2020FFF7EDFBDBE0A148F7
:1076B00000880A282DDB9F480088102829DC9D4877
:1076C0000088102810D19D48007800280CDD9C48C7
:1076D000007848B1611EC8B2FFF729FB601EAFF207
:1076E000AC11FFF751FDBEE09248008810280CD184
:1076F0009348007848B1611EC8B2FFF718FB601EBE
:10770000AFF2CC11FFF740FDADE0E0B2FFF70FFBA9
:10771000A9E088480088D5282DDB86480088DB282A
:1077200029DC84480088DB2810D1844800780028B0
:107730000CDD8348007848B1611EC8B2FFF7F7FA44
:10774000601EAFF21021FFF71FFD8CE07948008822
:10775000DB280CD17A48007848B1611EC8B2FFF727
:10776000E6FA601EAFF23021FFF70EFD7BE0E0B2DB
:10777000FFF7DDFA77E06F480088FF2832DB6D48BD
:107780000088B0F5837F2DDA6A48008840F2051141
:10779000884210D16948007800280CDD68480078DC
:1077A00048B1611EC8B2FFF7C2FA601EAFF27C2179
:1077B000FFF7EAFC57E05F48008840F20511884275
:1077C0000CD15F48007848B1611EC8B2FFF7AFFA2C
:1077D000601EAFF29C21FFF7D7FC44E0E0B2FFF758
:1077E000A6FA40E053480088DA2804D051480088BF
:1077F000B0F5FA7F03D1E0B2FFF799FA33E04D48D4
:1078000000887E2811DB4B48008885280DDCE0B21B
:10781000FFF78DFAB8F1000F03D03E20FFF733FBDE
:1078200021E02020FFF72FFB1DE04248008840F2B6
:107830001321884203D1E0B2FFF779FA13E0E0B2F6
:10784000FFF775FAB8F1000F03D03E20FFF71BFBDE
:1078500009E0BBF1010F03D12D20FFF714FB02E07B
:107860003A20FFF710FBB9F1000F02DA2D20FFF7E5
:107870000AFBB74200DA3746B74212D13020FFF791
:1078800002FB2E20FFF7FFFA7D1E07E001A911F889
:1078900025103031C8B2FFF7F6FA6D1E002DF5DA6B
:1078A00067E026BB0020244908707D1E1CE001A86B
:1078B00050F8250000B915B901201F4908701E486D
:1078C000007838B101A911F825103031C8B2FFF79E
:1078D000DAFA08E01748008840F21321884202D003
:1078E0002020FFF7D0FA6D1E002DE0DA41E0002ED7
:1078F0003FDDB81B012825DD7D1E17E001A850F8EB
:10790000250048B9009838B9681C801B012803DDA0
:107910002020FFF7B8FA08E00120009001A911F833
:1079200025103031C8B2FFF7AEFA6D1EB542E5DA68
:1079300010E00000420300207203002047030020F3
:1079400049030020791E01AA12F821103031C8B273
:10795000FFF799FA2E20FFF796FA751E07E001A9A6
:1079600011F825103031C8B2FFF78DFA6D1E002DC9
:10797000F5DA00BFCDE4000010B504460120FD4952
:1079800008600A20DBF7F7FAFB48047000BF80218B
:10799000FA48D9F719FB0028F9D040F22661F748D8
:1079A000D9F752FBF4480178F448D9F79FFA00BFA1
:1079B000F248008800F040000028F9D040F226612B
:1079C000EE48D9F741FB10BD70B504460020E949E7
:1079D00008600025EA490880EA49088010E040F282
:1079E0002551E648D9F706FB50B1E448D9F782FAA9
:1079F000C5B240F22551E148D9F726FB284670BDB3
:107A0000DF480088A042EADB0120DE4908802846E2
:107A1000F5E730B50246002000230BE012F8015BC9
:107A200085EA2024E4B2D84D35F8144084EA0024D5
:107A3000A0B25B1C8B42F1DB30BD2DE9F041064664
:107A40000C4615468EB129462046FFF7E2FF074651
:107A5000681C205C615D00EB01201FFA80F847453F
:107A600002D10120BDE8F0810EE00022002103E0F8
:107A7000605C1044C2B2491CA942F9DB605D9042CF
:107A800001D10120EEE700BF0020EBE710B5C820D0
:107A9000DBF788FA4FF47A70FFF796FF0446202C44
:107AA00011D16420DBF77EFA4FF47A70FFF78CFF78
:107AB0000446202C07D1B5A0E4F7E5FABFA0E4F70F
:107AC000E2FA012010BD0020FCE770472DE9FC47D9
:107AD0004FF000090027C248C24908600020C2498F
:107AE0000880DDE2C1A1BF48006804F03EF9BD494D
:107AF000086008460068002876D0BB48008810B9A6
:107B0000BBA0E4F7C0FAB7490968881EDFF790F810
:107B1000C049087008460078632806DC0022084641
:107B20000178BD48DFF76EF80746012500220D21D8
:107B3000AC480068DFF766F88046FF2F08D0FF2DBD
:107B400006D0B8F1FF0F03D0B2480078902804DDCA
:107B50004FF00109B1A0E4F796FAA2480068801C32
:107B6000A0490860B9F1000F56D1AA480078202832
:107B70000FD0A848007830280BD0A64800784028BD
:107B800007D0A4480078502803D0A2480078622883
:107B900043D1002623E093480068DFF772F82DF800
:107BA000160056B93DF8160038B90020ADF80200AD
:107BB000ADF80400ADF806000326032E00D110E056
:107BC00000222E2187480068DFF71CF8054685480B
:107BD00000682844401C83490860701CC6B2042E0B
:107BE000D9DB00BF002615E054E23DF81600FF285F
:107BF00008DC1DF816008E4931F8171031448D4A03
:107C0000505405E04FF002098BA0E4F73CFA03E082
:107C1000701CC6B2042EE8DB2BE27E4800780128F7
:107C200017D07C480078052813D07A4800780628B9
:107C30000FD07848007821280BD07648007831287A
:107C400007D074480078412803D072480078512842
:107C500076D170480078012807D1A8EB0500401EB6
:107C6000082802DD4FF0030946E06A48007805283D
:107C700007D1A8EB0500401E182802DD4FF00309CC
:107C80003AE064480078062807D1A8EB0500401EBA
:107C90000B2802DD4FF003092EE05E480078212812
:107CA00007D1A8EB0500401E1E2802DD4FF0030996
:107CB00022E058480078312807D1A8EB0500401E83
:107CC0001E2802DD4FF0030916E0524800784128D3
:107CD00007D1A8EB0500401E1E2802DD4FF0030966
:107CE0000AE04C480078512806D1A8EB0500401E58
:107CF0001E2801DD4FF00309B9F1030F05D14548F6
:107D0000017853A0E4F7BFF9B3E100260AE0354853
:107D10000068805D464931F817103144454A505497
:107D2000701CC6B2A8EB0500401EB042EFDC00207C
:107D30003F4931F8171031443E4A505499E1FFE76A
:107D4000344800780D2813D126480068DEF799FFE3
:107D50000446B4F5966F0CD0B4F5166F09D0B4F59F
:107D6000965F06D0B4F5165F03D0B4F5964F87E062
:107D700060E18CE08C8122427C03002000440040C2
:107D80007603002074030020FCF902080D0A2D2D53
:107D90002D2D2D2D2D2D2D2D2D2D2D2D2D2D2D2D13
:107DA0002D2D2D2D2D2D2D2D2D2D2D2D2D2D2D2D03
:107DB0002D2D426567696E200D0A0000456E7465C1
:107DC0007220586D6F64656D2073657420677072E2
:107DD0007320706172206D6F64650D0A00000000F1
:107DE0006C3F0020740200207A030020293D00002F
:107DF0000D0A2D2D2D2D2D2D2D2D2D2D2D2D2D2DF6
:107E00002D2D2D2D2D526573756C7420696E666F46
:107E10000D0A000058020020B2F60208436F6D6D93
:107E2000616E644E6F204572726F72210D0A000000
:107E300048F702082A140020495020416464726502
:107E4000737320536574204572726F72210D0A009E
:107E5000506172204974656D20307825783A20533E
:107E60007472696E67204C656E677468204F766522
:107E7000726C6F6E67204572726F7221200D0A005E
:107E800005D0B4F5164F02D0B4F5614F0CD12112D4
:107E9000FE4830F81700801CFD4A1154FB4830F8AA
:107EA0001700C01C145405E024B14FF00409F9A0D8
:107EB000E4F7E9F800222C21FD480068DEF7A2FE75
:107EC0000546FF2D01D1FF24A9E0F94800682844A8
:107ED000401CF749086008460068DEF7D2FE0446F9
:107EE000082C0ADC052C08DB601FC1B2E74830F81B
:107EF0001700001DE64A115405E024B14FF00509B2
:107F0000ECA0E4F7C0F800222C21E9480068DEF775
:107F100079FE0546FF2D01D1FF2480E0E44800688A
:107F20002844401CE249086008460068DEF7A9FEC4
:107F30000446012C01D0022C09D1601E8006010EDE
:107F4000D24830F81700401DD14A115405E024B141
:107F50004FF00609DFA0E4F796F800222C21D44860
:107F60000068DEF74FFE0546FF2D01D1FF2456E0E5
:107F7000CF4800682844401CCD4908600846006886
:107F8000DEF77FFE0446022C1CDC3CB90021BF4812
:107F900030F81700801DBE4A115418E0012C07D19B
:107FA0000821BA4830F81700801DB94A11540EE074
:107FB000022C0CD11821B54830F81700801DB44AA6
:107FC000115404E04FF00709CAA0E4F75CF800225E
:107FD0002C21B7480068DEF715FE0546FF2D01D1BC
:107FE000FF241CE0B24800682844401CB0490860E7
:107FF00008460068DEF745FE0446052C08DC002C28
:1080000006DDA24830F81700C01DA14A145405E04F
:1080100024B14FF00809C0A0E4F735F800BFFF2CE9
:1080200027D1B9F1000F24D14FF00909C2A0E4F71C
:108030002AF81EE00022C8480178C848DEF7E2FDB1
:1080400006469B480068DEF71CFE0446FF2E0BD058
:1080500021128E4830F817008D4A11548B4830F8A1
:108060001700401C145404E0884830F81700884A70
:108070001454B9F1000F07D04946B9A0E4F703F84A
:10808000C0A0E4F700F80CE0C7480088401CC649CF
:10809000088005E0C4480188C4A0E3F7F4FF00E0CD
:1080A00020E500BFBDE8FC872DE9F34FADF2144D8C
:1080B000002002904326012781461920009000BF2E
:1080C0000020019040E02EB1C820DAF76BFF304667
:1080D000FFF752FC4FF4FA60FFF776FC8046BE488B
:1080E000008870BBB8F1010F09D0B8F1020F08D0B9
:1080F000B8F1040F08D0B8F1180F20D10EE0802598
:1081000037E04FF4806534E0FFF7DFFC0620FFF72F
:1081100033FC48460DF21C4DBDE8F08F4FF47A70E9
:10812000FFF752FC8046B8F1180F07D1FFF7CDFCDE
:108130000620FFF721FC4FF0FF30EBE700E000BF27
:1081400000BF0198401C019001981028BBDB432E12
:1081500001D11526B4E7FFF7B8FC1820FFF70CFC97
:108160001820FFF709FC1820FFF706FC6FF001004C
:10817000D0E7432E01D101200290002603AC04F881
:10818000018BB3460FE04FF47A70FFF71DFC804679
:108190009249A1F800B09048008800B15AE004F874
:1081A000018B0BF1010B029808B1012000E00020C7
:1081B0002844C01C5845E6DC9DF80D009DF80E10C3
:1081C000C943C9B2884244D19DF80D00B84204D0D9
:1081D0009DF80D10781E81423BD12A460DF10F010A
:1081E0000298FFF72AFC78B39DF80D00B84218D129
:1081F000DDF81804A0EB090AAA4500DDAA46BAF189
:10820000000F09DDDDF8141401EB090052460DF1F1
:108210000F0103F0DBFDD144781CC7B21A20009097
:1082200000BF0098401E009000280EDCFFF74DFCB8
:108230001820FFF7A1FB1820FFF79EFB1820FFF77F
:108240009BFB6FF0020065E703E00620FFF794FB5D
:1082500036E700BFFFF739FC1520FFF78DFB2FE74E
:1082600010B500245E48C08F5D49A1F8660008463D
:10827000B0F84000A1F868000846B0F84200A1F844
:108280006A000846B0F84400ACE0000048F7020875
:108290002A140020436F6D3120426175647261744D
:1082A0006520536574204572726F72210D0A0000BB
:1082B00074020020436F6D3120446174614269741F
:1082C0004C656E67746820536574204572726F72D6
:1082D000210D0A00436F6D312053746F7042697431
:1082E0004C656E67746820536574204572726F72B6
:1082F000210D0A00436F6D3120506172697479421B
:1083000069744C656E677468205365742045727299
:108310006F72210D0A000000436F6D3120466C6FB3
:1083200077436F6E74726F6C205365742045727260
:108330006F72210D0A00000053657269616C205054
:108340006F7274204974656D204C61636B204572B7
:10835000726F72210D0A000058020020DEF7020839
:10836000586D6F64656D2046696C65205472616E4E
:1083700073666572206572723D202564202021217C
:10838000210D0A00506C656173652072657374611C
:1083900072742046696C65205472616E73666572F2
:1083A000202121210D0A00007A030020586D6F64FE
:1083B000656D2073657420656E64A3AC736574206D
:1083C000706172206974656D2025642074696D6523
:1083D0007321204F4B0D0A00740300207803002006
:1083E000FA110020A1F86C000846B0F84600A1F888
:1083F0006E004FF46140C8870320A1F840000020C0
:10840000A1F84200A1F844000320A1F84600DDF7DE
:108410008EFD01202749087027A0E3F734FE40F2C3
:108420002B202849A1F87A00FFF730FB002821D043
:108430004FF400612448FFF737FE2249A1F87C0081
:108440004FF4FA70DAF7AEFD1E48B0F87C00002851
:1084500009DDFFF73BFB1D4800881A49A1F87A00A7
:1084600001201B4908701BA0E3F70DFE23A0E3F7D2
:108470000AFE01241348B0F866001249C88708466E
:10848000B0F86800A1F840000846B0F86A00A1F80A
:1084900042000846B0F86C00A1F844000846B0F865
:1084A0006E00A1F84600DDF742FD14B90220014933
:1084B000087010BD7D0300202020586D6F64656D2D
:1084C0000D0A0000FA1100206C3F00207A03002002
:1084D000020100204578697420586D6F64656D2035
:1084E0002C20456E746572206E6F726D616C207207
:1084F000756E206D6F64652E200D0A002D2D2D2DBB
:108500002D2D2D2D2D2D2D2D2D2D2D2D2D2D2D2D9B
:108510002D2D2D2D2D2D2D2D2D2D2D2D2D2D2D2D8B
:108520002D456E64200D0A0010B504460120FC495B
:1085300008600A20DAF71FFDFA48047000BF8021A6
:10854000F948D8F741FD0028F9D040F22661F648F5
:10855000D8F77AFDF3480178F348D8F7C7FC00BF95
:10856000F148008800F040000028F9D040F2266170
:10857000ED48D8F769FD10BD70B504460020E84904
:1085800008600025E9490880E949088010E040F2C8
:108590002551E548D8F72EFD50B1E348D8F7AAFC9D
:1085A000C5B240F22551E048D8F74EFD284670BDCF
:1085B000DE480088A042EADB0120DD490880284629
:1085C000F5E710B5C820DAF7EDFC4FF47A70FFF745
:1085D000D3FF0446202C11D16420DAF7E3FC4FF4DA
:1085E0007A70FFF7C9FF0446202C07D1D1A0E3F72A
:1085F00081FDDCA0E3F77EFD012010BD0020FCE73B
:108600002DE9FC474FF000090027DF48DF490860EB
:108610000020DF490880E8E2DEA1DC48006803F0C2
:10862000A4FBDA49086008460068002876D0D848DC
:10863000008810B9D8A0E3F75DFDD4490968881E09
:10864000DEF7F6FADD49087008460078632806DC94
:10865000002208460178DA48DEF7D4FA07460125F9
:1086600000220D21C9480068DEF7CCFA8046FF2FB2
:1086700008D0FF2D06D0B8F1FF0F03D0CF48007807
:10868000902804DD4FF00109CEA0E3F733FDBF4889
:108690000068801CBD490860B9F1000F56D1C74879
:1086A000007820280FD0C548007830280BD0C34868
:1086B0000078402807D0C1480078502803D0BF4830
:1086C0000078622843D1002623E0B0480068DEF736
:1086D000D8FA2DF8160056B93DF8160038B9002022
:1086E000ADF80200ADF80400ADF806000326032E35
:1086F00000D110E000222E21A4480068DEF782FAA3
:108700000546A24800682844401CA0490860701C27
:10871000C6B2042ED9DB00BF002615E05FE23DF8AB
:108720001600FF2808DC1DF81600AB4931F81710B9
:108730003144AA4A505405E04FF00209A8A0E3F7DB
:10874000D9FC03E0701CC6B2042EE8DB36E29B487D
:108750000078012817D099480078052813D0974849
:10876000007806280FD09548007821280BD0934830
:108770000078312807D091480078412803D08F48ED
:108780000078512876D18D480078012807D1A8EBD0
:108790000500401E082802DD4FF0030946E0874827
:1087A0000078052807D1A8EB0500401E182802DD37
:1087B0004FF003093AE081480078062807D1A8EB7A
:1087C0000500401E0B2802DD4FF003092EE07B4818
:1087D0000078212807D1A8EB0500401E1E2802DDE5
:1087E0004FF0030922E075480078312807D1A8EB43
:1087F0000500401E1E2802DD4FF0030916E06F48F9
:108800000078412807D1A8EB0500401E1E2802DD94
:108810004FF003090AE069480078512806D1A8EB17
:108820000500401E1E2801DD4FF00309B9F1030FBA
:1088300005D16248017870A0E3F75CFCBEE1002638
:108840000AE052480068805D634931F817103144EE
:10885000624A5054701CC6B2A8EB0500401EB042DC
:10886000EFDC00205C4931F8171031445B4A50546A
:10887000A4E1FFE7514800780D284FD14348006834
:10888000DEF7FFF90446B4F5966F11D0B4F5166F14
:108890000ED0B4F5965F0BD0B4F5165F08D0B4F5E2
:1088A000964F05D0B4F5164F02D0B4F5614F0CD1F8
:1088B0002112494830F81700801C484A1154464894
:1088C00030F81700C01C145405E024B14FF004091F
:1088D00055A0E3F70FFC00222C212C480068DEF79E
:1088E00091F90546FF2D01D1FF243DE1274800689D
:1088F0002844401C2549086008460068DEF7C1F995
:108900000446082C0BDC052C09DB601FC1B2324881
:1089100030F81700001D314A115499E02FE191E021
:108920008C81224286030020003801408003002011
:108930007E0300200D0A2D2D2D2D2D2D2D2D2D2DBD
:108940002D2D2D2D2D2D2D2D2D2D2D2D2D2D2D2D57
:108950002D2D2D2D2D2D2D2D2D2D426567696E2050
:108960000D0A0000456E74657220586D6F64656D68
:1089700020736574206770727320706172206D6F50
:1089800064650D0A000000006C2B002074020020BA
:1089900084030020293D00000D0A2D2D2D2D2D2DA5
:1089A0002D2D2D2D2D2D2D2D2D2D2D2D2D52657354
:1089B000756C7420696E666F0D0A00005802002005
:1089C000B2F60208436F6D6D616E644E6F204572A2
:1089D000726F72210D0A000048F702082A14002065
:1089E0004950204164647265737320536574204557
:1089F00072726F72210D0A00506172204974656DA8
:108A000020307825783A20537472696E67204C655F
:108A10006E677468204F7665726C6F6E6720457262
:108A2000726F7221200D0A00436F6D312042617513
:108A3000647261746520536574204572726F72218F
:108A40000D0A000024B14FF00509F9A0E3F752FB2D
:108A500000222C21FE480068DEF7D4F80546FF2DE1
:108A600001D1FF2480E0FA4800682844401CF849FE
:108A7000086008460068DEF704F90446012C01D0BE
:108A8000022C09D1601E8006010EF24830F8170052
:108A9000401DF14A115405E024B14FF00609EFA042
:108AA000E3F728FB00222C21E9480068DEF7AAF84A
:108AB0000546FF2D01D1FF2456E0E5480068284413
:108AC000401CE349086008460068DEF7DAF804460F
:108AD000022C1CDC3CB90021DE4830F81700801D58
:108AE000DD4A115418E0012C07D10821D94830F88B
:108AF0001700801DD84A11540EE0022C0CD1182109
:108B0000D44830F81700801DD34A115404E04FF0C8
:108B10000709DAA0E3F7EEFA00222C21CC4800681E
:108B2000DEF770F80546FF2D01D1FF241CE0C84890
:108B300000682844401CC649086008460068DEF703
:108B4000A0F80446052C08DC002C06DDC14830F8EE
:108B50001700C01DC04A145405E024B14FF00809A5
:108B6000CFA0E3F7C7FA00BFFF2C27D1B9F1000F60
:108B700024D14FF00909D2A0E3F7BCFA1EE000228D
:108B8000D7480178D748DEF73DF80646B048006878
:108B9000DEF777F80446FF2E0BD02112AD4830F8EF
:108BA0001700AD4A1154AB4830F81700401C14545C
:108BB00004E0A84830F81700A74A1454B9F1000F90
:108BC00007D04946C8A0E3F795FAD0A0E3F792FA98
:108BD0000CE0D7480088401CD549088005E0D448FF
:108BE0000188D4A0E3F786FA00E015E500BFBDE8F0
:108BF000FC872DE9F34FADF2144D0020029043267F
:108C0000012781461920009000BF002001903CE020
:108C10002EB1C820DAF7C6F93046FFF785FC4FF4CD
:108C2000FA60FFF7A9FC8046CD48008850BBB8F138
:108C3000010F09D0B8F1020F08D0B8F1040F08D025
:108C4000B8F1180F1CD10CE0802531E04FF480659D
:108C50002EE00620FFF768FC48460DF21C4DBDE8EB
:108C6000F08F4FF47A70FFF787FC8046B8F1180F49
:108C700005D10620FFF758FC4FF0FF30EDE700E08C
:108C800000BF00BF0198401C019001981028BFDB75
:108C9000432E01D11526B8E71820FFF745FC182010
:108CA000FFF742FC1820FFF73FFC6FF00100D4E70C
:108CB000432E01D101200290002603AC04F8018B61
:108CC000B3460FE04FF47A70FFF756FC8046A54993
:108CD000A1F800B0A248008800B158E004F8018B68
:108CE0000BF1010B029808B1012000E0002028449C
:108CF000C01C5845E6DC9DF80D009DF80E10C943D8
:108D0000C9B2884242D19DF80D00B84204D09DF806
:108D10000D10781E814239D12A460DF10F010298BB
:108D2000FEF78BFE88B39DF80D00B84218D1DDF830
:108D30001804A0EB090AAA4500DDAA46BAF1000F03
:108D400009DDDDF8141401EB090052460DF10F01A5
:108D500003F03CF8D144781CC7B21A20009000BF41
:108D60000098401E009000280BDC1820FFF7DCFB69
:108D70001820FFF7D9FB1820FFF7D6FB6FF0020091
:108D80006BE70620FFF7D0FB3FE7FFE700BF1520AA
:108D9000FFF7CAFB39E710B500247348C08F72494A
:108DA000A1F866000846B0F84000A1F8680008463F
:108DB000B0F84200A1F86A000846B0F84400A1F8F3
:108DC0006C000846B0F84600A1F86E004FF4614010
:108DD000C8870320A1F840000020A1F84200A1F8B4
:108DE00044000320A1F84600DBF763FB01205F4944
:108DF00008705FA0E3F77EF940F22B205A49A1F8F2
:108E00007A00FFF7DEFB002810D04FF400615B48CA
:108E1000FFF7EFFE5449A1F87C004FF4FA70DAF73F
:108E2000C1F85148B0F87C000028A9E0BAE0000081
:108E3000436F6D3120446174614269744C656E67A3
:108E4000746820536574204572726F72210D0A0098
:108E50007402002048F702082A140020436F6D3185
:108E60002053746F704269744C656E677468205348
:108E70006574204572726F72210D0A00436F6D3167
:108E8000205061726974794269744C656E677468C8
:108E900020536574204572726F72210D0A00000024
:108EA000436F6D3120466C6F77436F6E74726F6CD9
:108EB00020536574204572726F72210D0A00000004
:108EC00053657269616C20506F7274204974656DCE
:108ED000204C61636B204572726F72210D0A000095
:108EE00058020020DEF70208586D6F64656D204659
:108EF000696C65205472616E73666572206572726A
:108F00003D20256420202121210D0A00506C65613F
:108F1000736520726573746172742046696C652094
:108F20005472616E73666572202121210D0A000062
:108F300084030020586D6F64656D2073657420652F
:108F40006E64A3AC73657420706172206974656D82
:108F50002025642074696D657321204F4B0D0A0034
:108F60007E03002082030020FA11002087030020E6
:108F70002020586D6F64656D0D0A00006C2B002079
:108F800009DDFFF73DFB174800881749A1F87A0073
:108F900001201649087016A0E3F7ACF81EA0E3F70D
:108FA000A9F801241048B0F866000F49C8870846A0
:108FB000B0F86800A1F840000846B0F86A00A1F8CF
:108FC00042000846B0F86C00A1F844000846B0F82A
:108FD0006E00A1F84600DBF76CFA14B902201949BB
:108FE000087010BD84030020FA1100200201002047
:108FF0004578697420586D6F64656D202C20456E2E
:10900000746572206E6F726D616C2072756E206D6A
:109010006F64652E200D0A002D2D2D2D2D2D2D2D4B
:109020002D2D2D2D2D2D2D2D2D2D2D2D2D2D2D2D70
:109030002D2D2D2D2D2D2D2D2D2D2D2D2D456E64D0
:10904000200D0A00870300200748084908600848E7
:109050004860084888600848C860084808610848AF
:1090600048610846704700005D910208D463002003
:109070002F9102084D92020865920208859202081B
:10908000D392020810B5044697480078A04200D158
:1090900010BD9548047095480470007801282BD1C4
:1090A000002001F019FB92480068407800F07F0032
:1090B00040F080008E49096848708D48006841780A
:1090C000012002F06BFC012001F006FB0020884922
:1090D000096881F83F008649096881F8400002224A
:1090E000834801683F31402002F036FC6F228149FD
:1090F000012002F05BFC18E0002001F0EDFA7C4852
:109100000068407800F07F00794909684870784825
:1091100000684178012002F041FC012001F0DCFAF6
:109120006F227449012002F041FC00BFB0E710B586
:10913000012002F0E7FB7048046800BF6E48006839
:10914000001BFBD0002002F0DDFB6B48046800BF71
:1091500069480068001B0628FAD310BD08B56548A9
:10916000401E664908606249086002F073FBFFF721
:10917000DEFF6946062002F03CFC05E060A0E2F755
:1091800082FF6420FDF7DBFF9DF800006C28F5D11D
:1091900001205649087008460078FFF773FF01F078
:1091A000CFFA08BD51480078704710B504464F48C3
:1091B000007818B9204600F0ABF802E0204601F034
:1091C0008BFA10BD10B54948007810B900F08BF942
:1091D00010BD01F027FBFBE710B54448007810B93B
:1091E00000F0E0F910BD01F036FBFBE710B53F4899
:1091F000007810B900F0CAF910BD01F020FBFBE7C0
:1092000010B53A48007810B900F0E1F910BD01F04E
:1092100058FBFBE710B53548007808B900BFFEE7FA
:1092200001F052FB10BD10B53048007810B900F0C5
:10923000D1F910BD01F04CFBFBE710B52B480078CD
:1092400010B900F0CAF910BD00BFFEE710B52748FD
:10925000007818B9012000F0C3F902E0012001F004
:109260003AFB10BD70B504460D462048007820B981
:109270002946204600F0BCF903E02946204601F0CB
:1092800032FB70BD70B504460D461848007820B911
:109290002946204600F0BBF903E02946204601F0AC
:1092A00038FB70BD10B51148007810B900F0FFF917
:1092B00010BD01F044FBFBE710B504460B480078F5
:1092C00018B9204600F08CF902E0204601F003FBBB
:1092D00010BD10B50548007810B900F0EBF910BDCD
:1092E00001F030FBFBE70000890300208803002029
:1092F0000C040020ED63002030040020AC030020AB
:10930000486172642053504920457272210D0A0051
:1093100070B504460025F7480068407820F0F80052
:10932000F54908700846007884421CD0032C01D10E
:10933000012500E00025F1480078854204D0EF487F
:109340000570284602F096FBEA480068407800F075
:10935000F8002043E74909684870E648006841780A
:10936000012002F01BFB70BD10B5E24801684231DC
:10937000422002F03EFB10BD10B50020E04908700D
:10938000FFF7F2FF6F22DF49012002F00FFB002000
:10939000D84909684870D74800684178012002F030
:1093A000FDFA2020D34909688872D2480068817A82
:1093B0000A2002F0F3FA2020CE4909680873CD484C
:1093C0000068017B0C2002F0E9FACF48407E0128BA
:1093D00004D11E20C7490968487303E00E20C5491F
:1093E000096848730820C349096881F82600AA2043
:1093F000C0490968C877FF20BE49096808749320EE
:10940000BC49096881F827006920BA49096881F8D0
:1094100028008120B749096881F829007E20B549D4
:10942000096881F82A009620B249096881F82B0062
:10943000B548007E802141EA0010AE49096881F8F4
:10944000300000F0AAFFB048807EAA49096881F880
:1094500032006F22AB49012002F07EFAAA49086867
:1094600000F02EFCA849486800F0CAFCA6498868AC
:1094700000F010FDA448002102699E4800681230E7
:1094800000F0F3FEA048002142699A4800681330BA
:1094900000F0EBFE002001F06FF89B4800689B494C
:1094A00088420DD9802001F013F8012000F0D3FF8D
:1094B00014209549087391F90C0000F042FD0CE06E
:1094C000002001F005F8002000F0C5FF0E208E49B5
:1094D000087391F90C0000F034FD0120FFF718FF2C
:1094E00000F03CFC10BD10B582480168491C012009
:1094F00002F07FFA7F480068407820F0F80010BD45
:109500002DE9F04702227B4801681D311D2002F041
:109510004DFA78490968897F764A1268527F41EA94
:10952000022004F0D8FF804604F078FF824604F061
:10953000D2FF06460022764B05F034F8044604F0CC
:109540006DFFBDE8F0872DE9F04702226948016808
:109550001B311B2002F02AFA66490968097F654A17
:109560001268D27E41EA022004F0B5FF804604F082
:1095700055FF824604F0AFFF06460022644B05F01B
:1095800011F8044604F04AFFBDE8F08710B55948C9
:1095900001680C310C2002F02CFA56480068007B60
:1095A000400910BD70B5534801681131112002F017
:1095B00020FA50490968487C04F0A4FF04460022C0
:1095C0004FF0804304F0D2FD81F0004170BD51485E
:1095D00000787047504903C9704750480068704789
:1095E00047490870704700B50120FFF7F9FF00BD3B
:1095F00070B505460C464A4800882080002048493E
:10960000088022884749284602F0E0FB70BD70B50B
:1096100004460D464448058002882146414802F030
:10962000D5FB07203649087070BD30B53148006859
:1096300090F8270000F00700421C2E48006890F8C0
:109640003000C3092B48006890F8300000F0060095
:1096500008B1012000E0002004462648006890F888
:1096600032102448006890F8300000F010001028F4
:1096700001D1022000E000200546D0182044084413
:10968000284480B230BD1B48006890F82600194B72
:109690001B6893F8253040EA03211648006890F8CB
:1096A000270000F00700421C881880B27047144859
:1096B000007870472DE9F04F89B0012008901048DC
:1096C00000780C287ED2DFE800F00607A0FDFCFB46
:1096D000FAF9F8F7F6F5DEE20648006890F830008F
:1096E00000F01000102821D14C200249096881F8AF
:1096F000400020E0AC030020E8030020E903002044
:10970000B1030020ED63002090030020008F42335E
:1097100080844E40D4030020C8030020D0030020E2
:10972000C00300205C640020E00300200C20FE4900
:10973000096881F84000E120FB49096881F841008F
:109740000222F94801684031402002F005F9052065
:10975000FFF7DEFD4FF48071F44802F07CFBF44922
:10976000486804F0CFFECDE90201FFF75EFF0190EB
:1097700004F0C8FE80460022EE4B04F013FF0646BC
:10978000DDE9022304F0F2FC0022EB4BCDE90401F9
:1097900004F008FFCDE9060104F090FB0446002226
:1097A000E64B04F027FC824604F068FE80B2E449F0
:1097B00008600846006800EB500008600846006832
:1097C000E04900E066E20860DF480068DF490860C1
:1097D000DF490860A020D449096881F83500D248E3
:1097E000006890F83510352002F0D8F80020D949EB
:1097F0000870D9490870D9490870D9490870D94901
:1098000008800220D849087045E202F025F90128B5
:1098100009D1D048007830B90120CE490870CA4833
:109820000068CB49086002F00BF901281ED1C94835
:10983000007801281AD1C8480078B8B90120C64973
:109840000870FFF7AFFEC94A03C2FFF77CFEC849A4
:109850000860FFF79BFEC7490870BB480068BB491A
:109860000860BB4908600320BF490870BA48007807
:10987000B8B9B8480078012813D1B3480068B44992
:109880000968401AAF49096888420AD90120B649D7
:109890000870A5480068407B40F020010D2002F0D0
:1098A0007DF8AD480078D8B9AA480078C0B9AB486F
:1098B000007808E0E8E1E1E194E15FE10CE1F8E043
:1098C000E4E0DAE00DE058B99F4800689F49096874
:1098D000401A9B490968884202D90520A2490870AC
:1098E000D9E1A0480088B0F5807F03DD06209E49BD
:1098F0000870D0E102F09EF8012853D19948008801
:10990000A8B99748007890B98748006890F8300067
:1099100000F08000802804D10121924802F07BF8F9
:1099200005E08148006890F832008E4908808D4833
:1099300000888B490978401A7B49096891F83510ED
:1099400001F03F01884217DD774A126892F835200E
:1099500002F03F01754A824B1B78D01802F05BF889
:109960007148006890F8350000F03F007C490978A4
:1099700008447B49087015E07A4A1278784B1B78C6
:10998000D21AD1B2694A764B1B78D01802F043F84C
:109990007448007872490978401A71490978084476
:1099A0006F49087002F040F8012856D166480068F7
:1099B000664908606B48008890BB6948007878BBAE
:1099C0005948006890F8300000F08000802804D1E9
:1099D0000121644802F01FF805E05348006890F840
:1099E0003200604908805F4A12785D4B1B78D21ABA
:1099F000D1B24E4A5A4B1B78D01802F00CF8594895
:109A0000007857490978401A55490978084454495B
:109A100008700120514908700420534908701CE067
:109A2000FFE7504A12784E4B1B78D21AD1B23F4A08
:109A30004B4B1B78D01801F0EEFF4A48007848499C
:109A40000978401A464909780844454908700120B8
:109A5000424908700420444908704048007858B9C9
:109A60003948006839490968401A35490968884207
:109A700002D905203C4908700DE1002038490870E2
:109A80000120394908700220089004E1002034497F
:109A900008703449088024480068407B40F0200169
:109AA0000D2001F07BFF01202F4908700320089052
:109AB000F1E000202A4908702A4908801A48006805
:109AC000407B40F020010D2001F068FF0120264975
:109AD000087006200890DEE001201349096881F82B
:109AE000400020201049096881F8410002220E48F8
:109AF00001684031402001F02FFF98200A49096891
:109B000081F835000848006890F83510352001F0DC
:109B100045FF0320FFF7FCFB0820134908700020D5
:109B200015490870B7E00000AC0300205C64002019
:109B3000900300200000204000408F400000F03FD4
:109B4000B4030020B803002030040020D803002014
:109B5000DC030020BC030020BD030020BE03002066
:109B6000C2030020C0030020B1030020C80300206E
:109B7000D0030020D4030020C303002001F066FFBF
:109B800001282ED14648006890F8300000F080008F
:109B9000802803D10121434801F034FF4148008867
:109BA000002808DD3F480088402804DC3D48007854
:109BB0003D49087002E020203B4908703A4801788E
:109BC0003A4801F01FFF3A480078374909780844BD
:109BD0003749087037480068374908600920374915
:109BE000087058E001F026FF70BB2E48008830490D
:109BF0000978401A2C49097888420FDD2B492C4AF4
:109C0000127888182849097801F0FCFE2848007865
:109C10002549097808442649087015E0214A127838
:109C2000234B1B78D21AD1B2204A214B1B78D01873
:109C300001F0E8FE1B4800781D490978401A1C49CC
:109C4000097808441A49087001F0EEFE012809D18C
:109C500018480068184908600A201849087001204F
:109C6000FFF756FB1348006813490968401AB0F51E
:109C70007A7F02D90B20114908700CE000200F49AF
:109C800008700420089006E000200C4908700520A8
:109C9000089000E000BF00BF089809B0BDE8F08F51
:109CA000AC030020E0030020B00300205C6400202F
:109CB000C303002030040020E4030020B10300208F
:109CC0002DE9F0410446FB480460204604F01AFCEC
:109CD00005460022F84B04F049FA074604F0CEFB93
:109CE0000446200CF54909688871200AF34909687F
:109CF000C871F24909680C720322F0480168891D95
:109D0000062001F029FEBDE8F0812DE9F041032293
:109D1000EA480168891D062001F048FEE74800680E
:109D200080790004E5490968C97940EA0120E349DE
:109D30000968097A0843DF490860086804F0E2FB13
:109D400006460022DC4B04F02DFC044604F096FB92
:109D5000D849086008460068BDE8F08138B5694612
:109D6000092001F046FEFFF7D0FF04460020D3494A
:109D700009684872D1480068417A092001F00EFE56
:109D8000CF48FFF79DFFCD4801683B313B2001F0F4
:109D900030FECA48006890F83B0000F0BF0040F079
:109DA0004000C649096881F83B00C448006890F843
:109DB0003B103B2001F0F2FDC04801683B313B20E5
:109DC00001F017FE05E0BD4801683B313B2001F082
:109DD00010FEBA48006890F83B0000F020002028F0
:109DE000F1D09DF80000B54909684872B348006891
:109DF000417A092001F0D2FD2046FFF761FF38BD0E
:109E00002DE9F0410446AB484460204604F07AFB5B
:109E100005462A460B460020AA4904F0A7F9074642
:109E200004F02CFB84B2200AA44909688870A34975
:109E30000968CC700222A1480168891C104601F013
:109E40008BFDBDE8F0812DE9F04102229B480168BD
:109E5000891C104601F0AAFD98480068C07897490F
:109E60000968897840EA012092494860486804F00E
:109E700049FB064632460B460020924904F076F92B
:109E8000044604F0FBFA80B28A49486008464068FC
:109E9000BDE8F0812DE9F04104468648846087489A
:109EA0000168091D042001F0A4FD204604F02AFBEE
:109EB00005460022804B04F059F9074604F0DEFA0B
:109EC00084B27E480068007900F0C000210A21F0C9
:109ED000C0010843794909680871784909684C71DB
:109EE000022276480168091D042001F035FDBDE815
:109EF000F0812DE9F041022270480168091D04201B
:109F000001F054FD6D48006800796FF0C00101EA6E
:109F100000206A4909684979084366498860886869
:109F200004F0F0FA06460022634B04F03BFB0446C3
:109F300004F0A4FA80B25F49886008468068BDE8F2
:109F4000F08110B504465D4801680931092001F02F
:109F500050FD5A4801684D314D2001F04AFD5748E7
:109F60000068407A00F08000802841D153480068A2
:109F700090F84D0000F0870087281CD1052C00DAEE
:109F80000524142C00DD14244C480068407A00F0AD
:109F90008F0040F0700049490968487247480068DE
:109FA000407A00F0F000611F01F00F0108434349BF
:109FB000096848723AE0022C00DA0224112C00DD14
:109FC00011243E480068407A00F08F0040F0700095
:109FD0003A490968487239480068407A00F0F00050
:109FE000A11E01F00F0108433449096848721DE0C1
:109FF000B4F1FF3F01DA4FF0FF340E2C00DD0E24E8
:10A000002E480068407A00F08F0040F070002B4925
:10A010000968487229480068407A00F0F000611C25
:10A0200001F00F0108432549096848722348006878
:10A03000417A092001F0B2FC1E48047310BD10B52E
:10A040001E4801680931092001F0D3FC1B48016852
:10A050004D314D2001F0CDFC18480068407A00F0E9
:10A060008000802819D11548006890F84D0000F054
:10A070000700072808D111480068407A20F0F00056
:10A08000401D0C49087310E00C480068407A20F02D
:10A09000F000801C0749087307E008480068407A10
:10A0A00020F0F000401E03490873024890F90C00AC
:10A0B00010BD00009003002080844E40AC030020BF
:10A0C000008F423380847E412DE9FF5F83468A46BC
:10A0D000002018BB0AF1020004F0FDF906463246E2
:10A0E0000B4600204FF0804103F0FCF9CDE9000160
:10A0F000584604F007FA8046DDE9002304F052FADE
:10A1000002460B46CDE902010020FD4904F02EF87D
:10A11000044604F0B3F904B0BDE8F09F0AF103006F
:10A1200004F0D9F902460B46CDE9000100204FF0BA
:10A13000804103F0D7F9CDE90201584604F0E2F975
:10A140000646DDE9022304F02DFA044622460B46BA
:10A150000020EB4904F00AF8804604F08FF9DAE7B2
:10A160002DE9F74F88B08A4693460024A14600BFE8
:10A170000027DFF8908300BF72E04FF010096AE01B
:10A18000002008BBA01C04F0A6F902460B46CDE94E
:10A19000000100204FF0804103F0A4F9CDE9040153
:10A1A000484604F0AFF9CDE90201DDE9042304F0EB
:10A1B000F9F902460B46CDE906010020D04903F02B
:10A1C000D5FF05460E4620E0E01C04F084F9024667
:10A1D0000B46CDE9000100204FF0804103F082F9E9
:10A1E000CDE90401484604F08DF9CDE90201DDE92D
:10A1F000042304F0D7F902460B46CDE906010020FE
:10A20000BF4903F0B3FF05460E46089804F07AF9FB
:10A210002A463346CDE9040104F052FB21F0004107
:10A220003A464346CDE9060104F080F90FD208987A
:10A2300004F068F92A463346CDE9060104F040FBF4
:10A2400021F0004807468AF800908BF8004009F199
:10A25000040000F0FF09B9F1180F91DD601CC4B2D1
:10A26000082C8ADB0BB0BDE8F08F7CB504460E46A7
:10A270001546002001900090A348006812308442E7
:10A2800003D106F06000207001E0002020706A46D3
:10A2900001A92846FFF764FF9DF80400102804D0A8
:10A2A00014280AD018281CD111E020789DF800103D
:10A2B00001F007010843207014E020789DF8001099
:10A2C00001F0070141F00801084320700AE02078FE
:10A2D0009DF8001001F0070141F0100108432070C3
:10A2E00000E000BF00BF884800681230844206D1F9
:10A2F0002178122001F052FB8448056105E02178A5
:10A30000132001F04BFB814845617CBD70B50446CC
:10A31000002500262078C0F3C10020B1012804D018
:10A32000022806D103E0102604E0142602E01826D5
:10A3300000E000BF00BF207800F007013046FFF7C3
:10A34000C3FE0546704800681230844203D1284697
:10A350006E490D6170BD28466C494D61FAE710B534
:10A360000446694801683031302001F042FB6648FC
:10A37000006890F8300000F0EF0040EA04106249F5
:10A38000096881F830006048006890F8301030208B
:10A3900001F004FB5D48047610BD10B55A48016811
:10A3A0003031302001F025FB5748006890F830002C
:10A3B000C0F30010554908760846007E10BD10B560
:10A3C0000446514801680D310D2001F012FB4E4842
:10A3D0000068407B00F0EF0040EA04104A49096839
:10A3E000487349480068417B0D2001F0D7FA47487F
:10A3F000447610BD10B5444801680D310D2001F0C0
:10A40000F8FA41480068407BC0F300103F494876A5
:10A410000846407E10BD10B504463B48006880F8F1
:10A4200032403948006890F83210322001F0B6FA14
:10A430003648847610BD10B5334801683231322079
:10A4400001F0D7FA3048006890F832002F4988763A
:10A450000846807E10BD10B504462B4801684D317A
:10A460004D2001F0C6FA284801680931092001F0A1
:10A47000C0FA25480068407A00F08000802807D1A3
:10A48000012C0AD187202049096881F84D0004E099
:10A4900084201D49096881F84D001B48006890F828
:10A4A0004D104D2001F07AFA10BD10B51648016824
:10A4B0004D314D2001F09DFA1348006890F84D0091
:10A4C00000F00700072801D1012010BD0020FCE7A3
:10A4D00010B504460C4801680931092001F089FAD9
:10A4E00009480068407A00F07F0020430649096867
:10A4F000487205480068417A092001F04FFA10BD02
:10A5000080847E41D0126341AC0300209003002080
:10A5100010B56F4801680931092001F06AFA6C48EA
:10A520000068407A20F07F0010BD10B504466848EE
:10A5300001680A310A2001F05CFA65480068807AF7
:10A5400000F0F00024F0F0010843614909688872C6
:10A550005F480068817A0A2001F020FA10BD10B52A
:10A560005B4801680A310A2001F043FA5848006844
:10A57000807A20F0F00010BD10B504465448016800
:10A580000E310E2001F035FA002C04DA1F2020EAEB
:10A590000404641C64424E480068807B04F01F0180
:10A5A00040EAC1004A490968887349480068817BCC
:10A5B0000E2001F0F3F910BD10B5454801680E31C9
:10A5C0000E2001F016FA42480068807BC41004F0A7
:10A5D0001000102804D11F2020EA0404641C6442E7
:10A5E000204610BD70B50024394801683B313B203E
:10A5F00001F0FFF93648006890F83B0000F0FE00DB
:10A600003349096881F83B003148006890F83B10F5
:10A610003B2001F0C3F92E480168491C012001F0DC
:10A62000E8F92B48006845780420294909684870F2
:10A63000274800684178012001F0B0F925480668F4
:10A6400000BF24480068801BFBD0214801683B31D3
:10A650003B2001F0CEF91E48006890F83B0000F066
:10A66000FE00401C1A49096881F83B001848006840
:10A6700090F83B103B2001F091F9154801683C31FE
:10A680003C2001F0B6F91248006890F83C0000F058
:10A690007F040F48006890F83C0000F0800080289C
:10A6A00001D1604244B22946012001F077F92046E9
:10A6B00070BD10B50446FFF795FF201A40B210BDDB
:10A6C00010B50446FFF78EFF204440B210BD0000D5
:10A6D000AC0300203004002070B504460025FE487D
:10A6E0000068407820F0F800FC49087008460078BF
:10A6F00084421CD0032C01D1012500E00025F8483C
:10A700000078854204D0F6480570284601F0B2F979
:10A71000F1480068407800F0F8002043EE490968ED
:10A720004870ED4800684178012001F037F970BDAC
:10A7300010B5E94801684131422001F05AF910BDD5
:10A7400010B50020E7490870FFF7F2FF6F22E649D5
:10A75000012001F02BF92020DF49096808736F22DE
:10A76000E149012001F0F8F8E049086800F060FCD8
:10A77000DE49887900F0A6FDDC49C87900F0DBFDF0
:10A78000DA49087A00F004FED849487900F056FD0D
:10A79000D649487A00F060FE40F2FF3000F068FFD2
:10A7A000D249087E00F0BBFE012000F095FFCF48A3
:10A7B0000068CF4988420DD9802000F00DFF0120AC
:10A7C00000F0CDFE1420C949087191F9040000F091
:10A7D0007DFC0CE0002000F0FFFE002000F0BFFE3A
:10A7E0000E20C249087191F9040000F06FFC0120AD
:10A7F000FFF772FF10BD10B5012001F083F8BD48CE
:10A80000046800BFBB480068001BFBD0002001F0BB
:10A8100079F8B848046800BFB6480068001B0628ED
:10A82000FAD310BD10B5AC480168491C012001F0F5
:10A83000E0F8A9480068407820F0F80010BD10B595
:10A84000A54801680C310C2001F0D3F8A24800683B
:10A85000007B400910BD2DE9F0419F4801681B3184
:10A860001B2001F0C6F8A1480068A349884214D211
:10A8700099490968C87E03F045FE04460D469B4889
:10A8800040799E4901EBC000D0E900633246204682
:10A89000294603F0AFFBBDE8F0818F490968C87E07
:10A8A00003F030FE04460D4690484079944901EB90
:10A8B000C000D0E9006332462046294603F09AFBE7
:10A8C000E9E79048007870478F4890F9000070479A
:10A8D0008E4903C9704783490870704700B501204D
:10A8E000FFF7F9FF00BD70B505460C4688480088A3
:10A8F000FA2802DD052086490880854800882080E6
:10A9000000208349088022888249284601F05EFAA7
:10A9100070BD70B504460D467448C07A10B97E48C3
:10A92000058002E0FF207C4908807B4802882146A0
:10A93000784801F04BFA05206A49087070BD6948F3
:10A94000007870472DE9FE4F01200290654800789D
:10A950000B2874D2DFE800F0060774FCEDECEBEA9C
:10A9600073E9E8005BE30120FFF7B6FE9D205A493A
:10A970000968487458480068417C112001F00EF8BD
:10A980005A48C07A012816D15848007B52490968B4
:10A9900081F82400504801681C311C2001F029F87E
:10A9A0004D490968097F01F03F015C4A52F82100D6
:10A9B00000F03EFB04E0FF204749096881F82400CD
:10A9C0004548006890F82410242000F0E7FF00209C
:10A9D0004149096881F83F003F49096881F8400012
:10A9E00002223D4801683F31402000F0B5FF3F485A
:10A9F000807A012803D10620FFF76EFE0EE036486C
:10AA00000068C07B34490968487333480068417B5B
:10AA10000D2000F0C3FF0520FFF75EFE4FF48071AC
:10AA20003C4801F018FA314840693D490860314816
:10AA300000683C49086002202A490870EFE2EDE214
:10AA400000F0F2FF01281ED12A480068354908604D
:10AA50002648C07A01280FD11F4801681C311C20EC
:10AA600000F0C7FF1C490968097F01F03F012B4A2C
:10AA700052F8210000F0DCFA4021122000F08EFF95
:10AA800003201849087000F0DBFF01281FD1194886
:10AA90000068244908601548C07A01280FD10E4883
:10AAA00001681C311C2000F0A4FF0B490968097FD4
:10AAB00001F03F01194A52F8210000F0B9FA0221D1
:10AAC000122000F06BFFFFF7BAFE0E49087007482E
:10AAD000807A01283BD12EE00C0400202E040020B7
:10AAE0002F04002010040020ED630020F00300205C
:10AAF0000057A61630040020008F423350FC020895
:10AB0000A0FC0208200400201404002018040020E7
:10AB1000120400205C6500202C040020F0FC0208D8
:10AB200028040020240400205CE237E22DE2DBE16F
:10AB300060E159E10CE0FE480068FE490968401AEE
:10AB4000FD490968884202D90420FC49087066E280
:10AB5000FB4801681231122000F04BFFF8480068F2
:10AB6000807C00F0200020280ED12021122000F04F
:10AB700015FFF448807A012802D1F049087002E0FC
:10AB80000220EE4908704AE201A9192000F031FFC5
:10AB90009DF8040000F0800068B19DF80400C043F7
:10ABA000401CC0F38500E849087008460078404220
:10ABB00040B2087004E09DF804008008E249087083
:10ABC000E0480068E149884246D2DF4890F9000039
:10ABD000002825DADC4890F9000003F07CFC0446EC
:10ABE0000D46D8484079DA4901EBC000D0E900634E
:10ABF00032460020D74903F0D5FC82460022D64BCE
:10AC000003F0F8F90022D54BCDE9000103F0F2F989
:10AC1000804622462B4603F0EDF9D14A03C261E09B
:10AC2000C74801681A311A2000F0E3FEC4490968D8
:10AC3000887E03F067FC04460D46C2484079C94946
:10AC400001EBC000D0E9006332462046294603F0FC
:10AC5000D1F9C34A03C245E0BB4890F9000000287F
:10AC600025DAB94890F9000003F035FC80468946A2
:10AC7000B4484079B64901EBC000D0E900633246E0
:10AC80000020B44903F08EFC04460022B24B03F0CE
:10AC9000B1F90022B44BCDE9000103F0ABF98246D3
:10ACA00042464B4603F0A6F9AD4A03C21AE0A44857
:10ACB00001681A311A2000F09CFEA1490968887EBB
:10ACC00003F020FC04460D469E484079A74901EB5D
:10ACD000C000D0E9006332462046294603F08AF9D5
:10ACE0009F4A03C29748807A01282FD19448006870
:10ACF000C07B93490968487391480068417B0D20E7
:10AD000000F04CFE8F48407A01280DD18C48006835
:10AD100090F82200964908808948006890F822102F
:10AD2000944800F078FE52E0854801681331132002
:10AD300000F05FFE82480068C07C8D490880804832
:10AD40000068C17C8B4800F066FE40E07C480168EA
:10AD50001031102000F04DFE7A48407A012819D1B8
:10AD60007748006890F8220081490880744800689C
:10AD7000007C73490968487371480068417B0D2065
:10AD800000F00CFE6E48006890F82210794800F040
:10AD900042FE1CE06A4801681331132000F029FECE
:10ADA00067480068C07C7249088065480068007C7C
:10ADB00063490968487362480068417B0D2000F0D0
:10ADC000EDFD5F480068C17C6A4800F024FE5D48E4
:10ADD000807A012802D15949087002E002205749BF
:10ADE0000870022002901AE10120544908700320E3
:10ADF000029014E10120FFF76FFC5248C07A01284D
:10AE00001AD1F5204E49096848744E48007B4C49D8
:10AE1000096881F824004A4801681C311C2000F0B0
:10AE2000E8FD47490968097F01F03F01524A52F89D
:10AE3000210000F0FDF808E0F72041490968487456
:10AE400000203F49096881F824003D48006890F8D7
:10AE50002410242000F0A2FD39480068417C112014
:10AE600000F09CFD454800783549096881F82200CA
:10AE70003348006890F82210222000F08FFD002057
:10AE80002F49096888732E480068817B0E2000F0E6
:10AE900085FD2B480068807B29490968487328484C
:10AEA0000068417B0D2000F079FD2548006890F88E
:10AEB0002210304800F0A6FD41202149096881F8A0
:10AEC0003F0040201E49096881F8400002221C48CA
:10AED00001683F31402000F03FFD0320FFF7FCFBFD
:10AEE0000620164908709AE000F09EFD012806D160
:10AEF0000821122000F052FD07201049087000F0D0
:10AF00009FFD012840D10F48C07A01280FD10C487D
:10AF100001681C311C2000F06CFD09490968097F9B
:10AF200001F03F01144A52F8210000F081F827E0B7
:10AF300030040020240400202804002010040020F5
:10AF40000C040020F003002014040020008F423382
:10AF500000FC02080000244000C065C00000104052
:10AF60001804002050FC020800001840A0FC020851
:10AF7000120400205C650020F0FC02082C04002074
:10AF80000221122000F00AFD49E00120FFF7A4FB96
:10AF90000020254908700420029040E00120FFF7BE
:10AFA0009BFBFA2021490968487420480068417CCD
:10AFB000112000F0F3FC00201C49096881F83F00D3
:10AFC0001A49096881F840000222184801683F3197
:10AFD000402000F0C1FC0720FFF77EFB0A20124949
:10AFE00008701CE000F032FD012816D10421122067
:10AFF00000F0D4FC00F030FD012809D1012112201D
:10B0000000F0CCFC0120084908700820029004E000
:10B010000020054908700720029000E000BF00BF33
:10B020000298BDE8FE8F0000100400200C040020F0
:10B030002DE9F0410446FA480460204603F062FA24
:10B0400005460022F74B03F091F8074603F016FA85
:10B050000446200CF44909688871200AF2490968FD
:10B06000C871F14909680C720322EF480168891D13
:10B07000062000F071FCBDE8F0812DE9F0410322CB
:10B08000E9480168891D062000F090FCE648006848
:10B0900080790004E4490968C97940EA0120E2495D
:10B0A0000968097A0843DE490860086803F02AFA4B
:10B0B00006460022DB4B03F075FA044603F0DEF986
:10B0C000D749086008460068BDE8F08110B504461D
:10B0D000D54801680931092000F08BFCD24801688D
:10B0E0004C314D2000F085FCCF480068407A00F0DC
:10B0F0008000802841D1CC48006890F84C0000F0D6
:10B10000870087281CD1052C00DA0524142C00DDCB
:10B110001424C5480068407A00F08F0040F07000A9
:10B12000C14909684872C0480068407A00F0F000E0
:10B13000611F01F00F010843BB49096848723AE0FA
:10B14000022C00DA0224112C00DD1124B64800681C
:10B15000407A00F08F0040F07000B34909684872EF
:10B16000B1480068407A00F0F000A11E01F00F0124
:10B170000843AD49096848721DE0B4F1FF3F01DAA8
:10B180004FF0FF340E2C00DD0E24A7480068407AF3
:10B1900000F08F0040F07000A34909684872A2488F
:10B1A0000068407A00F0F000611C01F00F010843D4
:10B1B0009D49096848729C480068417A092000F05E
:10B1C000EDFB9748047110BD10B59748016809312F
:10B1D000092000F00EFC944801684C314D2000F02D
:10B1E00008FC91480068407A00F08000802819D15E
:10B1F0008D48006890F84C0000F00700072808D13F
:10B2000089480068407A20F0F000401D84490871A8
:10B2100010E085480068407A20F0F000801C8049EA
:10B22000087107E080480068407A20F0F000401E76
:10B230007B4908717A4890F9040010BD10B50446A6
:10B24000794801681D311D2000F0D3FB7648006865
:10B25000407F64F31F10744909684877724800689A
:10B26000417F1D2000F09AFB6D48447110BD10B560
:10B270006D4801681D311D2000F0BBFB6A48006865
:10B28000407F0011664948710846407910BD10B5ED
:10B290000446654801683031312000F0AAFB62485D
:10B2A000006890F8300000F0F80020435E4909681B
:10B2B00081F830005C48006890F83010312000F0D0
:10B2C0006DFB10BD10B504460C2C01DD0C2402E012
:10B2D000062C00DA0624062C03D10520FFF7D7FF41
:10B2E00002E00320FFF7D3FF4F4801681E311E2004
:10B2F00000F07FFB4C480068807F64F31F104A49D0
:10B300000968887748480068817F1E2000F046FB66
:10B310004348847110BD10B5434801681E311E209A
:10B3200000F067FB40480068807F00113C4988714D
:10B330000846807910BD10B504463B4801681D31B0
:10B340001D2000F056FB38480068407F00F0F100F7
:10B3500040EA440034490968487733480068417F2F
:10B360001D2000F01BFB2E48C47110BD10B52E48E7
:10B3700001681D311D2000F03CFB2B480068407F18
:10B3800020F0F10040102649C8710846C07910BD70
:10B3900010B50446244801681E311E2000F029FB28
:10B3A00021480068807F00F0FB0040EA84001E49CD
:10B3B000096888771C480068817F1E2000F0EEFA3B
:10B3C0001748047210BD10B50446022216480168E1
:10B3D0002031202000F0EAFA200A1349096881F898
:10B3E00020001149096881F8214002220E480168B5
:10B3F0002031202000F0B0FA10BD10B502220A481A
:10B4000001682031202000F0D1FA0748006890F848
:10B4100021100548006890F8200041EA002010BD86
:10B42000F003002080844E400C04002010B5C64874
:10B4300001681E311E2000F0DCFAC3480068807FDE
:10B4400000F00400401008B1012000E00020BF49D6
:10B4500008720846007A10BD10B50446BA48016863
:10B460001D311D2000F0C5FAB7480068407F00F08C
:10B47000FE002043B44909684877B3480068417F1B
:10B480001D2000F08BFAB148447210BD10B5AE48D3
:10B4900001681D311D2000F0ACFAAB480068407F08
:10B4A00000F00100A94948720846407A10BDA7493A
:10B4B00088727047A548807A7047A449C87270475F
:10B4C000A248C07A704710B504469F48006880F8CB
:10B4D00024409D48006890F82410242000F05EFA73
:10B4E0009A48047310BD10B5974801682431242090
:10B4F00000F07FFA9448006890F82400934908739C
:10B500000846007B10BD9149086170478F4800696B
:10B5100070478E49486170478C484069704710B544
:10B5200004468948006880F822408748006890F8FF
:10B530002210222000F032FA8448047610BD10B5A3
:10B54000814801682231222000F053FA7E480068C9
:10B5500090F822007D4908760846007E10BD10B59F
:10B560000446794801684C314D2000F042FA764893
:10B5700001680931092000F03CFA73480068407AFC
:10B5800000F08000802807D1012C0AD187206E4965
:10B59000096881F84C0004E084206B49096881F84F
:10B5A0004C006948006890F84C104D2000F0F6F906
:10B5B00010BD10B5644801684C314D2000F019FAF7
:10B5C0006148006890F84C0000F00700072801D19E
:10B5D000012010BD0020FCE710B504465A48016860
:10B5E0000931092000F005FA57480068407A00F058
:10B5F0007F00204354490968487253480068417AE3
:10B60000092000F0CBF910BD10B54F480168093191
:10B61000092000F0EEF94C480068407A20F07F00E5
:10B6200010BD10B50446484801680A310A2000F0F0
:10B63000E0F945480068807A00F0F00024F0F0015D
:10B6400008434149096888723F480068817A0A20A6
:10B6500000F0A4F910BD10B53B4801680A310A207A
:10B6600000F0C7F938480068807A20F0F00010BD7B
:10B6700010B504460222344801681E311E2000F035
:10B6800095F931480068807F00F0FC006FF0FC0104
:10B6900001EA242108432C49096888772A49096866
:10B6A000CC770222284801681E311E2000F054F990
:10B6B00010BD10B50222244801681E311E2000F082
:10B6C00075F921480068C07F1F490968897F21F00A
:10B6D000FC0140EA012010BD10B504461A4801687B
:10B6E0002631262000F085F91748006890F82600DA
:10B6F00000F0F70040EAC4001349096881F8260009
:10B700001148006890F82610262000F047F910BD77
:10B7100010B50D4801682631262000F06AF90A4864
:10B72000006890F82600C0F3C00010BD10B50648B0
:10B7300001683031312000F05CF90348006890F86E
:10B74000300000F0070010BD0C040020F0030020C2
:10B7500000B587B001210846D5F70CF801212E4825
:10B76000D5F70BFA01210820D5F704F80121C80309
:10B77000D5F70DF803208DF8060018208DF8070086
:10B780000820ADF8040001A92448D5F725F92020A8
:10B79000ADF8040001A92148D5F71EF91020ADF835
:10B7A000040001A91D48D5F717F90020ADF80800DD
:10B7B0004FF48270ADF80A000020ADF80C00ADF82F
:10B7C0000E00ADF810004FF40070ADF8120010201C
:10B7D000ADF814000020ADF816000720ADF81800F1
:10B7E00002A90F48D5F74EFF01210D48D5F7EFFF0D
:10B7F00007B000BD10B5044621460948D6F718F831
:10B8000000BF01210648D6F766F80028F9D00448A1
:10B81000D6F710F8C0B210BD00023000000C014095
:10B82000003C004010B54FF480619748D5F781F98E
:10B830004FF400619448D5F77EF910BD10B54FF470
:10B8400080619148D5F777F94FF400618E48D5F7BC
:10B8500070F910BD08B501217D20D4F78BFF1020B1
:10B860008DF8030003208DF802000120ADF80000E0
:10B8700069468648D5F7B0F8012211468348D5F7C6
:10B880005CF94FF48060ADF8000069467E48D5F75A
:10B89000A3F84FF40060ADF8000069467A48D5F788
:10B8A0009BF8FFF7BFFF04208DF80300ADF8000000
:10B8B00069467548D5F790F84020ADF80000694614
:10B8C0007248D5F789F84020ADF8000069466E4807
:10B8D000D5F782F88020ADF8000069466A48D5F7B0
:10B8E0007BF84FF48070ADF8000069466648D5F7E4
:10B8F00073F84FF40070ADF8000069466248D5F760
:10B900006BF808BD38B50446012C12D10220ADF801
:10B91000000003208DF8020010208DF80300694616
:10B920005A48D5F759F8002202215848D5F705F9A9
:10B9300011E00220ADF8000003208DF80200102075
:10B940008DF8030069465148D5F746F801220221D7
:10B950004E48D5F7F2F838BD2DE9F04105460E46C0
:10B960001746002201214948D5F7E7F8E1F7E9FF3A
:10B9700045F08000FFF73EFF002404E0305DFFF754
:10B9800039FF601CC4B2BC42F8DB012211463F48BB
:10B99000D5F7D3F8E1F73DFEBDE8F08113B50446D5
:10B9A000012201A92046FFF7D7FF1CBD2DE9F04178
:10B9B00005460E461746002201213448D5F7BDF84A
:10B9C000E1F7BFFF05F07F00FFF714FF002405E05B
:10B9D0000020FFF70FFF3055601CC4B2BC42F7DBFC
:10B9E000012211462948D5F7A8F8E1F712FEBDE873
:10B9F000F08170B504460D46012229462046FFF726
:10BA0000D5FF70BD70B504460D462A46214600207C
:10BA1000FFF7A2FF70BD70B504460D462A462146C9
:10BA20000020FFF7C3FF70BD10B504211648D5F7FD
:10BA300066F810BD10B540211448D5F760F810BD68
:10BA400010B540211048D5F75AF810BD10B5802127
:10BA50000D48D5F754F810BD10B54FF480710A4861
:10BA6000D5F74DF810BD10B54FF400710648D5F765
:10BA700046F810BD10B5044614B1FFF7DFFE01E033
:10BA8000FFF7D0FE10BD0000001401400008014087
:10BA9000704700001CB50C46064B7B44694600907D
:10BAA000204600F0E0FA04460020694600F0EEFA75
:10BAB00020461CBDEF0500000FB4044910B503AAD1
:10BAC000029800F0FFFA10BC5DF814FBF4000020AF
:10BAD0000FB41CB5084B06AA7B4469460090059834
:10BAE00000F0C1FA04460020694600F0CFFA204673
:10BAF0001CBC5DF814FB0000B105000070B50C46DD
:10BB00000546012A05D02878800600D5EA69002379
:10BB100002E0012305E05B1C934202D2E05C0028B6
:10BB2000F9D1A869E618C01AA861286A18442862E1
:10BB3000284600F0ECF904E0D5E9012114F8010BE6
:10BB40009047B442F8D3284600F0F7F970BD0000E2
:10BB50002DE9F0410646002410687529314616A5E6
:10BB600010D000F0FBF9002802DA404213A507E0EC
:10BB700031688A0701D512A502E0490704D511A54D
:10BB8000012401E000F0F3F900210A2206F1240764
:10BB900009E0B0FBF2FCB0FBF2F302FB1C0030301A
:10BBA00078541846491C0028F3D123462A463046CB
:10BBB000BDE8F04100F0E4B9000000002D000000F5
:10BBC0002B000000200000002DE9F05F89460446AC
:10BBD0004FF0000ADFF874B1FB44C0F820A0204603
:10BBE000E1688847002874D0252806D0D4E90121CF
:10BBF0009047206A401C2062F1E700265F462046FD
:10BC0000E16888472028054607DB312D05D27819E1
:10BC100010F8200C08B10643F1E7B00701D526F073
:10BC20000406C4F81CA00027C4F818A02A2D09D0C7
:10BC3000284601F04FFC38B304EB8708303DC8F8C4
:10BC4000185019E059F8041B204604EB8702916153
:10BC5000E1688847012F054618D1E069002820DAFD
:10BC600026F020061DE0D8F8180000EB800005EB58
:10BC700040003038C8F818002046E168884705467B
:10BC800001F028FC0028EED1012F0AD02E2D08D17A
:10BC90002046E16888477F1C0546022F46F02006B3
:10BCA000C4DBA069002803DA404246F00106A06127
:10BCB000F00701D026F010066C2D0BD0682D09D0AE
:10BCC0004C2D39D06A2D35D0742D35D07A2D33D006
:10BCD00016E038E0E1682F4620468847B84205461E
:10BCE00009D16C2F26D04FF48060E16806432046CE
:10BCF0008847054604E06C2F1AD04FF48070064345
:10BD00000DB3A5F14100192802D8203546F400668C
:10BD10004A462946204626604E46D4F763FA80B14B
:10BD200001280BD0F61D26F0070000F1080956E7A0
:10BD30004020E4E78020D8E70020D6E706F1040998
:10BD40004DE7284652E7206ABDE8F09FE041000039
:10BD500070B5064600F0CCF80468054630460A2265
:10BD6000002100F0DFFA2C6070BD30B505460B46AF
:10BD70002A4613F8014B12F8010B08B1A042F8D083
:10BD80001CB1002802D06D1CF1E7284630BD10B56B
:10BD9000431C02E010F8011B71B18107FAD14FF08A
:10BDA000013202C88C1A8C4314EAC211F9D0C01AAD
:10BDB0000A0603D0C01E10BDC01A10BD0A0401D06F
:10BDC000801E10BD0902FCD0401E10BD032A40F2A7
:10BDD000308010F0030C00F0158011F8013BBCF12D
:10BDE000020F624498BF11F801CB00F8013B38BF45
:10BDF00011F8013BA2F1040298BF00F801CB38BF53
:10BE000000F8013B11F0030300F0C482083AC0F0CF
:10BE1000088051F8043B083A51F804CBA0E8081018
:10BE2000F5E7121D5CBF51F8043B40F8043BAFF34B
:10BE30000080D20724BF11F8013B11F801CB48BFA5
:10BE400011F8012B24BF00F8013B00F801CB48BFDB
:10BE500000F8012B70474FF000020429C0F0128057
:10BE600010F0030C00F01B80CCF1040CBCF1020FAD
:10BE700018BF00F8012BA8BF20F8022BA1EB0C0182
:10BE800000F00DB85FEAC17C24BF00F8012B00F878
:10BE9000012B48BF00F8012B70474FF0000200B59E
:10BEA000134694469646203922BFA0E80C50A0E8DD
:10BEB0000C50B1F12001BFF4F7AF090728BFA0E88B
:10BEC0000C5048BF0CC05DF804EB890028BF40F857
:10BED000042B08BF704748BF20F8022B11F0804F99
:10BEE00018BF00F8012B70477047704770477047C4
:10BEF000004870475C66002010B5FFF7F9FF006846
:10BF000010BD10B50446FFF7F3FF046010BD70B517
:10BF1000044685690068C10601D5302600E0202668
:10BF2000C00707D070BDD4E9012130469047206A90
:10BF3000401C20626D1EF6D570BD70B50446856943
:10BF40000078C00707D170BDD4E9012120209047B7
:10BF5000206A401C20626D1EF6D570BD09684A0536
:10BF600001D540B27047C905FCD500B270470968D9
:10BF70004A0501D5C0B27047C905FCD580B27047EB
:10BF80002DE9F0470D4699469246044600F12408F3
:10BF90000168880604D5E06921F01001216000E005
:10BFA0000120A84201DD471B00E00027A1697A19A2
:10BFB00002EB0900081AA0612078C00602D42046CE
:10BFC000FFF7A5FF002608E0D4E901211AF80600D2
:10BFD0009047206A401C761C20624E45F4DB207896
:10BFE000C0060AD52046FFF792FF06E0D4E90121FA
:10BFF00030209047206A401C2062381EA7F10107BC
:10C00000F4DC07E0D4E9012118F805009047206A24
:10C01000401C2062281EA5F10105F3DC2046FFF735
:10C020008CFF2078000602D50220BDE8F0870120B1
:10C03000FBE711680268006A530501D508700AE041
:10C04000D30501D5088006E0130603D5C217C1E960
:10C05000000200E0086001207047000001694A1CEE
:10C0600002610878704700B58FB0CDE90131002139
:10C07000059105497944CDE9031011466846FFF75B
:10C08000A3FD0FB000BD0000E5FFFFFF0A6802F846
:10C09000010B0A60704710B5436913B1AFF300801C
:10C0A00001E0FFF72BFD012010BD127800F1240103
:10C0B0000A7000224A700122EDE711684FF0FF324A
:10C0C000E9E70000074B70B50D467B44FFF7CBFF57
:10C0D0000446284600F055FC10B14FF0FF3070BD0B
:10C0E000204670BD67A9FDFF2DE9FF5F15468A4612
:10C0F0000446DFF8AC80F8440027D8E900103E463B
:10C10000CDE9001010E03AF816106A4602A800F0D7
:10C110003CFC411C07D02178890603D5E269391817
:10C1200091420DD80744761C2078800602D5E0693C
:10C13000B84205DDAE42E6DB3AF816000028E2D14F
:10C14000A069C01BA0612046FFF7E1FED8E90010FE
:10C15000CDE90010002017E03AF818106A4602A84E
:10C1600000F013FCB0F1FF3F81460BD000250DF12C
:10C17000080B05E0D4E901211BF8050090476D1C70
:10C180004D45F7D308F10100B0428046E4DB206A58
:10C19000384420622046FFF7D0FEBDE8FF9F000034
:10C1A0005E3D00002DE9F0418046D21D22F00702DD
:10C1B0000025D2E90002F52915A614D0011E72F15E
:10C1C000000106DA0023D0EB030063EB020211A6A4
:10C1D00008E0D8F800108B0701D50FA602E0490748
:10C1E00001D50EA601251146002408F1240704E01C
:10C1F00000F00EF930323A55641C50EA0102F7D1D2
:10C200002B46324621464046BDE8F041FFF7B8BE16
:10C21000000000002D0000002B00000020000000A6
:10C2200030B4002100F1240408E002F00705D20830
:10C23000303542EA4372DB086554491C52EA030573
:10C24000F3D10468002310A2250707D5A40600D463
:10C2500021B1C46901230DA2641EC46130BCFFF783
:10C260008FBE10B5044621461068FFF780FE0246D7
:10C270002046BDE810400023D2E7D21D22F007017E
:10C28000D1E90023CCE700000000000030000000EE
:10C29000F0B40D460188090502D5214C7C4402E02A
:10C2A0001F4C7C440E34002100F1240608E002F00B
:10C2B0000F071209E75D42EA03721B097754491C14
:10C2C00052EA0307F3D102780023120704D5702D38
:10C2D00006D009B1022311342246F0BCFFF750BE4C
:10C2E00001231034F8E770B504460D462146106866
:10C2F000FFF73DFE024629462046BDE87040002378
:10C30000C6E7D21D22F00703D3E90023C0E7036884
:10C31000126843F0200303600823C3610023B7E7DA
:10C32000C03B00002DE9F04791460F468046044689
:10C33000002614F8015B2DB100F062F80068405D42
:10C34000C007F6D12B2D02D02D2D18D0641E4A46E1
:10C350003946204600F0C6FA27B13968A14201D11A
:10C36000C7F800804FF0020471050BD54042002849
:10C3700003DDFFF7BDFD0460A007BDE8F08746F4CC
:10C380008066E4E70028F8DAFFF7B2FD04606FF09A
:10C390000040F2E710B5203AC0F00B80B1E8185029
:10C3A000203AA0E81850B1E81850A0E81850BFF49F
:10C3B000F5AF5FEA027C24BFB1E81850A0E818503E
:10C3C00044BF18C918C0BDE810405FEA827C24BF92
:10C3D00051F8043B40F8043B08BF7047D20728BF20
:10C3E00031F8023B48BF11F8012B28BF20F8023B6F
:10C3F00048BF00F8012B7047004870475C6600207A
:10C4000010B500F007FB001D10BD00BF911B000020
:10C4100030B5B0F10A024FEA900E71F100034EEA16
:10C42000817EB0EB0E0061EB91014FEA101E4EEAE7
:10C43000017E10EB0E0041EB11114FEA102E4EEA77
:10C44000016E10EB0E0041EB11214FEA104E4EEA47
:10C45000014E10EB0E0041EB1141401841F100017B
:10C460004FEAD00040EA41704FEAD10110EB80055D
:10C470004FEA810444EA907444EB01046D1944EBE3
:10C480000404521BA3414FF0000348BF0A3200D5F9
:10C4900030BD401C41F1000130BD70472DE9FF4F18
:10C4A0000C461E464FF0FF378BB0D2E90001DDF895
:10C4B00060800A908A46C1F30A5505B93D460021BD
:10C4C00008464FF00000BAF1000F00F4400005DA12
:10C4D00000EB80004FF4400101EA50004FEA905910
:10C4E000B9F1010F00DDB9460A9850EA4A000ED0B2
:10C4F00044F61050A5F2FF3545432F14B8F1000F54
:10C500001ED07542291E1EDDC9F100021CE0B8F1E3
:10C51000010F4FF0000001D0302103E0F24305E0AD
:10C520002154401CB042FBDB304600220021215444
:10C530000B99C1F80880C1E900200FB0BDE8F08F69
:10C54000BD1B6D1CDEE74A4600DA694206A800F012
:10C55000B3FA06AB93E8070003AB83E80700504645
:10C560000A9900F065FB8DE80700A0F500501F3820
:10C5700000900398002D0ADD42F21F014A4608444C
:10C58000002303A90390684600F0CEFD09E0A0F562
:10C5900000504A461F38002303A90390684600F064
:10C5A000D8FD8DE807000004000C03D04FF0FF30E9
:10C5B000410800E01046B8F1000F03D000220092BD
:10C5C00015461EE0751E05D4FFF722FF3032625576
:10C5D0006D1EF9D5B3460122084302D000227F1C0C
:10C5E00004E02078302801D100227F1E002A09971C
:10C5F00084D01DE0112D07DAFFF70AFF30326255B3
:10C600006D1C50EA0102F5D1084302D00098C8B170
:10C610000EE00021681E05E0235C625C6354225436
:10C62000401E491C8142F7DBAB46A81B401E099007
:10C63000002004F80B000B98099AC0F80880C0E9A4
:10C64000002B7AE711264FF0000857E72DE9F04F4D
:10C6500088460446D21D22F0070191B0D1E90001BD
:10C66000CDE90A0100F0ACFE02460B98C00F01D0E4
:10C670002D2007E02068810701D52B2002E0202132
:10C6800001EAC000032A099001D0072A05DB03460E
:10C690004146204600F0C2F90BE12078800601D522
:10C6A000E06900E00620B8F1650F814606D0B8F1D8
:10C6B000660F18D0B8F1670F70D131E00020B9F1E2
:10C6C000110F009001DB112301E009F101030AAA17
:10C6D00001A90CA8FFF7E2FEDDE90C70002609F1C4
:10C6E0000105834647E001204B4600904FF000478C
:10C6F0000AAA01A90CA8FFF7D1FEDDE90DB00C993B
:10C700005D46002610B909F101000D18B9EB0500CE
:10C7100003D4C0F1FF3609F10105A5EB09002BE0B8
:10C72000B9F1010F01DA4FF001090020B9F1110F41
:10C730000090484601DD112300E003460AAA01A942
:10C740000CA8FFF7ABFEDDE90C704D4600268346D2
:10C75000207800070AD4AB4500DA5D4601A8012D18
:10C7600004DD411911F8011C302907D04F4502DAC8
:10C7700017F1040F04DA012082460FE06D1EEEE788
:10C78000002F02DCED1B3E4403E0781CA84200DDD4
:10C790007D1CB81B00F1010A4FF00047207800070C
:10C7A00003D4AA4501DB4FF0FF3A0021B7F1004F57
:10C7B0000DF143088DF8431024D002202B23002FC5
:10C7C00001DA7F422D230A21021EA0F1010000DCC4
:10C7D0005FB197FBF1FC97FBF1F201FB1C7C174664
:10C7E0000CF1300C08F801CDEEE7A8F10100037060
:10C7F0002188090501D5452100E06521A0F1010846
:10C8000000F8011C09980FA9A1EB0807FF1D00B152
:10C810000120411901EBEA70A1693844081A401E51
:10C82000A0612078C00602D42046FFF770FB09986B
:10C8300028B1D4E901219047206A401C2062207869
:10C84000C00622D52046FFF762FB1EE0002E04DB67
:10C85000B34502DD01A8805D00E03020D4E901216C
:10C860009047206A401C2062761CAAF101005FEA12
:10C87000000A0AD100F0CEF8C0680168405CD4E933
:10C8800001219047206A401C2062281EA5F1010565
:10C89000DCDC07E0D4E9012118F8010B9047206A9D
:10C8A000401C2062381EA7F10107F3DC2046FFF789
:10C8B00044FB032011B041E610B5436913B1AFF357
:10C8C000008001E0FFF710FC012010BD128800F18C
:10C8D000240182840022C2840122EDE711684FF016
:10C8E000FF32E9E72DE9F05F824615468B460027C7
:10C8F0000AF10104B9460078302801D09DB113E057
:10C9000014F8010B0127782803D0582801D045B12D
:10C910000AE00DB1102D07D1002714F8010B1025E6
:10C9200002E0082500E00A250026B0460EE005FBDF
:10C93000080005FB06F101271FFA80F801EB1046FD
:10C94000B6F5803F00D3B94614F8010B294600F034
:10C95000A5F80028EBDABBF1000F05D00FB1641E7B
:10C9600000E05446CBF80040B9F1000F06D0FFF7C5
:10C97000BFFA02210160C81EBDE8F09F48EA0640E8
:10C98000FAE7007B00F08000704770B516460C4651
:10C990000546FFF735FD036893F80101012806D02D
:10C9A000FF2C0FD8185D68B101202C7070BDD3F832
:10C9B00007013246214603F2071303442846BDE827
:10C9C000704018474FF0FF3070BD7546FFF714FDFB
:10C9D000AE4605006946534620F00700854618B06C
:10C9E00020B5D5F759FFBDE820404FF000064FF0C5
:10C9F00000074FF000084FF0000B21F00701AC4694
:10CA0000ACE8C009ACE8C009ACE8C009ACE8C009B2
:10CA10008D467047004870477C6600202DE9F04144
:10CA20001F46044603260168072A01F4006004DB60
:10CA300008B116A505E016A503E008B115A500E0AC
:10CA400015A521F010002060A069C01EA0610FB1E3
:10CA5000401EA0612046FFF75AFA4FB1D4E90121E8
:10CA600038469047206A401C2062C01C206206E0C5
:10CA7000206AFAE7D4E9012115F8010B9047761EE8
:10CA8000F8D22046FFF759FABDE8F0814E414E003A
:10CA90006E616E00494E4600696E66003A2800D20B
:10CAA000303820F02002412A01D3A2F13700884219
:10CAB00001D34FF0FF3070472DE9F047814616460D
:10CAC0008AB0354878440DC88DE80D003248784466
:10CAD000801C03AC0DC884E80D0041F69B3008446F
:10CAE000372190FBF1F290FBF1F5A5F1800501FBF8
:10CAF00012041B3C02D56442012000E00020DFF854
:10CB000098A080460027FA44AAF1BE0A0EE0E0078A
:10CB10000AD03246684607EB470101230AEB810140
:10CB200000F017FB8DE8070064107F1C002CEED18D
:10CB3000194F7F44AE3F19E0E80715D007EB04100A
:10CB40000DF1180A90E80E008AE80E00C068F04265
:10CB500001D1981908903246012306A903A800F0D4
:10CB6000F8FA03AB83E807006D10641C002DE3D1D5
:10CB70004FF0010332466946B8F1000F03A802D016
:10CB800000F0D2FA01E000F0E4FAC9E90001C9F8C6
:10CB900008200AB0BDE8F0874434000010B5044610
:10CBA000AFF300802046BDE81040D3F77EBB000005
:10CBB0004FF0013C50F8042B51F8043B9A4221D12C
:10CBC000A2EB0C03934313EACC1317D150F8042BB8
:10CBD00051F8043B9A4215D1A2EB0C03934313EA9C
:10CBE000CC130BD150F8042B51F8043B9A4209D1D5
:10CBF000A2EB0C03934313EACC13DBD04FF00000FD
:10CC0000704700BFD01A01BAB1FA81F101F01801E2
:10CC100022FA01F0CB40C1F12001DBB2C0B2C01A50
:10CC20002CFA01F3D11A914311EAC311E6D17047EE
:10CC30005FEA400C08BF91F0000F4FEA8C234FEAE7
:10CC4000C12243EA51514FEA1C5018BF00F5F04091
:10CC50004FEA300018BF41F000415FEA6C5C00F021
:10CC60002980BCF1FF3F08BF40F080407047130CA3
:10CC700006BF12044FF0100C4FF0000C130E04BF4F
:10CC800012020CF1080C130F04BF12010CF1040C7A
:10CC9000930F04BF92000CF1020CD30F04BF52009B
:10CCA0000CF1010C11464FF00002A0F11F00A0EBA7
:10CCB0000C00704711F0004F08BF704731F0004181
:10CCC0003FF4D5AF0B0C06BF09044FF0100C4FF02A
:10CCD000000C0B0E04BF09020CF1080C0B0F04BF73
:10CCE00009010CF1040C8B0F04BF89000CF1020C3C
:10CCF000CB0F04BF49000CF1010CCCF12003A0EBD9
:10CD00000C0022FA03F302FA0CF241EA030100F1EB
:10CD10000100704720F07F4C80EA030023F07F473A
:10CD2000ACEB070303F57C5300F0004003F1FF0375
:10CD30002DE980494FEA154B09B44FEA144325EA1F
:10CD40000B4E24EA03480FF2042606EB132749088A
:10CD50003E785FEA320203FB0667C7F5000707FB70
:10CD600006F64FEA54374FEAD64606F1020607FBAD
:10CD7000066CCCF1005C4FEA1C472CEA074C07FB21
:10CD800006F40CFB06F504EB15464FEA961634BF85
:10CD900000204FF000404FEAD13706FB07FC4FEA76
:10CDA0001C4C0CFB0BF7D21B03FB0CF761EB0701D0
:10CDB0000CFB0EF7B0EB074072EB17420CFB08F7C9
:10CDC00034BFA2EB0742B2EB074261EB17414FEAD7
:10CDD0000C444FEA910706FB07FC4FEA1C4C0CFB86
:10CDE0000BF7B0EBC74072EB573203FB0CF734BFC5
:10CDF000A2EBC742B2EBC74261EB57310CFB0EF717
:10CE0000B0EBC70072EB57720CFB08F734BFA2EB14
:10CE1000C702B2EBC70261EB5771039F4FEA816112
:10CE200041EA921104EBCC044FEAD1374FEA826217
:10CE300006FB07FC42EA90124FEA80604FEA1C4C66
:10CE40000CFB0BF7D21B03FB0CF761EB07010CFB90
:10CE50000EF7B0EB074072EB17420CFB08F734BF3C
:10CE6000A2EB0742B2EB074261EB17414FEA8C5548
:10CE70004FEA910704EB9C2406FB07FC4FEA1C4C8D
:10CE80000CFB0BF7B0EBC74072EB573203FB0CF710
:10CE900034BFA2EBC742B2EBC74261EB57310CFB88
:10CEA0000EF7B0EBC70072EB57720CFB08F734BFFC
:10CEB000A2EBC702B2EBC70261EB577115EB4C2531
:10CEC0004FEA816141EA92114FEA82624FEAD1371B
:10CED00042EA901206FB07FC44F100044FEA80602E
:10CEE0004FEA1C4C0CFB0BF7D21B03FB0CF761EB5E
:10CEF00007010CFB0EF7B0EB074072EB17420CFB7F
:10CF000008F734BFA2EB0742B2EB074261EB1741CF
:10CF100015EB1C154FEA813141EA92414FEA82320A
:10CF200042EA90424FEA80304FEA0C7644F1000426
:10CF300048EA03434EEA0B484FF0000EB2EB080CF0
:10CF400071EB030724BF624639464EEB0E0E4FF0DD
:10CF5000000B0018524149414BEB0B0BB2EB080C94
:10CF600071EB03077BF1000B24BF624639464EEBA1
:10CF70000E0E4FF0000B0018524149414BEB0B0BCA
:10CF8000B2EB080C71EB03077BF1000B24BF624688
:10CF900039464EEB0E0E51EA020718BF46F0010665
:10CFA00016EB0E7655F1000254F1000103D5BDE8F1
:10CFB0008901BDE80088BDE88901BDE80048B619CF
:10CFC000524141EB0101A3F10103704780807F7E54
:10CFD0007D7C7B7A797877767675747372717170EF
:10CFE0006F6E6E6D6C6C6B6A6A69686867666665A1
:10CFF0006464636362616160605F5F5E5E5D5D5C2F
:10D000005C5B5B5A5A59595858575756565555559F
:10D010005454535352525251515050504F4F4F4EFF
:10D020004E4D4D4D4C4C4C4B4B4B4A4A4A4949494D
:10D03000484848474747474646464545454444448F
:10D04000444343434342424242414141002B9C46B8
:10D0500030D477002BD01CB54FEA370703B44FF01C
:10D0600010004FF01001BAF1000F06D0BCF1000F14
:10D07000DCBF40F0080040F008014FF000000FBC9A
:10D08000BDE810400BF1010BBBF1010F08BF5FEAD7
:10D09000170722BF12F1010211F101014FF0004107
:10D0A00043F1000300F0004043EA00007047F9D369
:10D0B0005708D0E746EA064613F1400F4FEA1646F6
:10D0C0001FDD13F1200FDFBF16430A460021203376
:10D0D0005B42BED0C3F1200746EA064602FA07F7D4
:10D0E0004FEA164646EA0706C3F1200722FA03F282
:10D0F00001FA07F721FA03F14FF0000342EA0702B1
:10D10000A7E746EA020646EA06464FEA164646EA18
:10D110000106BCBF46EA0646360C4FF000034FF04E
:10D1200000024FF0000194E72DE9804C9A469346A7
:10D1300070B491E8380007C831EA400C48BF34EABF
:10D14000430C03D5FFF7E6FDFFF780FFF0BCBDE819
:10D15000008C2DE9804C9A46934670B491E83800D3
:10D1600007C810F0804F08BF13F0804F03D100F0C4
:10D1700005F8FFF76BFFF0BCBDE8008C20F07F479F
:10D1800080EA030023F07F4C07EB0C03A3F57C53EC
:10D1900000F00040A3F1FE0392F0000F00F0B38016
:10D1A00095F0000F00F077802DE901494FEA11401A
:10D1B0004FEA144621EA004800FB06FC24EA064731
:10D1C00008FB06F607FB08F800FB07F718EB064814
:10D1D0004CEB164C4FEA124B18EB07484FEA15463A
:10D1E0004CEB174022EA0B4E0BFB06FC25EA0647E8
:10D1F0000EFB06F607FB0EFE0BFB07F71EEB064EBB
:10D200004CEB164C4FF000061EEB074E4CEB174B49
:10D2100018EB0B0840F1000018EB0E0B58EB000860
:10D2200040F100008F1A4FF000013CBFC943661B5C
:10D2300014BFB5EB040C00213CBFC943F61B4FEAF9
:10D2400017444EEA8E0E27EA04454FEA1C4704FBBA
:10D2500007622CEA074C05FB07F70CFB05F604FBFD
:10D260000CFC16EB074642EB174216EB0C4642EB62
:10D270001C421BEB060658EB0202414146EA9E06A1
:10D2800001D5BDE80189B619524141EB0101A3F175
:10D290000103BDE801894FEA14454FEA114724EA2A
:10D2A000054621EA074C05FB07F406FB07F70CFBD4
:10D2B00006F105FB0CFC11EB074144EB17444FEA68
:10D2C000124711EB0C4144EB1C4422EA074C05FBCE
:10D2D00007F206FB07F70CFB06F605FB0CFC16EB4A
:10D2E000074642EB174216EB0C4642EB1C456A1808
:10D2F00054F1000148BF7047B619524141EB01019A
:10D30000A3F10103704795F0000F37D04FEA1142A7
:10D310004FEA144721EA024624EA074C02FB07F1D0
:10D3200006FB07F70CFB06F402FB0CFC14EB0744AE
:10D3300041EB17414FEA154714EB0C4441EB1C41FC
:10D3400025EA074C02FB07F506FB07F70CFB06F680
:10D3500002FB0CFC16EB074645EB174516EB0C469B
:10D3600045EB1C42121951F1000148BF7047B61934
:10D37000524141EB0101A3F1010370474FEA14450B
:10D380004FEA114724EA054621EA074C05FB07F15D
:10D3900006FB07F70CFB06F24FF0000605FB0CFC42
:10D3A00012EB074241EB174112EB0C4251EB1C41CF
:10D3B00048BF7047921841EB0101A3F10103704788
:10D3C000490050EAC12018BF04204A0D18BF40F0A0
:10D3D000010040F2FF72B2EB515F08BF40F0020063
:10D3E000012808BF052070472DE9F0414F1E00EBD2
:10D3F000C7010446D1E9000115461E4637F0060272
:10D400000DD02A46334601F0CDF87F1E04EBC7034A
:10D41000D3E9002300F0EEFD37F00602F1D1022F30
:10D4200025D0042F13D0062F18BFBDE8F0812A465F
:10D43000334601F0B7F8D4E90A2300F0DBFD2A46B1
:10D44000334601F0AFF8D4E9082300F0D3FD2A46B3
:10D45000334601F0A7F8D4E9062300F0CBFD2A46B5
:10D46000334601F09FF8D4E9042300F0C3FD2A46B7
:10D47000334601F097F8D4E9022300F0BBFD2A46B9
:10D48000334601F08FF8D4E90023BDE8F04100F005
:10D49000B1BD0000002213461046014900F066BEEF
:10D4A0000000F03F00F0A6BD0022134610461146D2
:10D4B00000F05CBE40F2013200204FF0E04101F08C
:10D4C000F0BE0000024A0020110701F0EABE000091
:10D4D00001FDFFFF30380A2801D2012070470020EB
:10D4E000704700002DE9F04D1D460C4698B01746D8
:10D4F00021F0004123F00043002814BF4FF0010C3D
:10D500004FF0000C0CEB440CFE4A0CEB02064FEA09
:10D51000620C66452BD33E0018BF012606EB45067C
:10D520001644F94A964222D3F84A53EA070C02D02D
:10D53000944205D148B918B000201146BDE8F08DDD
:10D54000002808BF4FF0000C01D04FF0010C0CEB8D
:10D55000440212F5001F0AD8002F14BF4FF0010C2F
:10D560004FF0000C0CEB450212F5001F07D918B064
:10D570003A462B462146BDE8F04DFFF793BF002207
:10D58000DFF88CA3002CB8BF534526DADFF884C33C
:10D590006345A8BF022220DADFF870C39C451CDC7B
:10D5A000DFF874C30CEB235CBCF1140F08DDCCF185
:10D5B000340627FA06FC0CFA06F6BE420DD108E046
:10D5C0005FB9CCF1140623FA06FC0CFA06F69E426B
:10D5D00003D10CF00102C2F1020251EA000C19D190
:10D5E000002D17DA002C18BF022A01D0012A07D01B
:10D5F0000220FEF786FC18B0BDE8F04DFFF74ABFE9
:10D600000220FEF77EFCFFF745FF18B081F00041D5
:10D61000BDE8F08DB7F1000C6CD1534525D104F174
:10D62000804212F5801201BF00280020B74918B0CF
:10D6300008BFBDE8F08DB548884207DC002DA1BFCA
:10D640006046294618B0BDE8F08D07E0281E05DACF
:10D6500080F0004118B06046BDE8F08DAF497944D4
:10D66000D1E9000118B0BDE8F08DDFF8A0C2634534
:10D6700025D1002D1FDA19B1514512D1D8B909E0D1
:10D68000002840F0EC82A24A214618B062F31E0145
:10D69000BDE8F08D0020214618B060F31E01BDE802
:10D6A000F08D08DA18B02346BDE8F04D02460020A0
:10D6B000614600F05BBD18B02146BDE8F08D5145D4
:10D6C00018DAB5F1804F0DD0A5F1005CBCF1FF5C1C
:10D6D00010D1B4F1000C0DDB18B06146BDE8F04D7F
:10D6E00000F036BC234618B00246BDE8F04D19469E
:10D6F00000F058BF060024F0004C3BD1D9B1514591
:10D7000033D1002C06DD002DA1BF0020514618B0FA
:10D71000BDE8F08D002C01DD002D1BDB002C13DAA1
:10D72000002D11DB012A4FF0000014BF78497C491D
:10D7300018B0BDE8F08D022A18BF002C0AD0012ACB
:10D7400008D1002C06DA0AE0002CB8BF002D11DA4F
:10D75000012A04D0002018B00146BDE8F08D18B0B1
:10D7600000204FF00041BDE8F08DA1F14050B0F134
:10D770007F601AD0012000EBE47050EA020421D04F
:10D78000624C521E4FF0000B104304BF4FF0000BD1
:10D79000644C654883427CDD644A654893421FDDE2
:10D7A000884217DB002D25DB37E0002C00DA4AB178
:10D7B000022A0CBF01204FF0FF3018B0BDE8F04D39
:10D7C00000F089BE0120FEF79CFB18B0BDE8F04DCB
:10D7D000FFF76ABE4D4A8A4202DC002D0ADC1CE0DB
:10D7E000814202DA002D18DA04E0484B994220DD2C
:10D7F000002D12DD0220FEF784FBFFF75BFE0546DD
:10D800000E46002253465846214600F0CBFE18B083
:10D8100066F31E012846BDE8F08D0220FEF771FB7D
:10D82000FFF750FE0A46214618B062F31E01BDE81C
:10D83000F08D00223046614601F034F980460E46F4
:10D840006FF0010201F02DFD4FF05532394B01F020
:10D8500037F84246334600F0A5FE0022364B01F071
:10D860002FF882464246334604911046194600F08E
:10D8700099FE5246049B00F095FE8A4600904FF0B8
:10D88000C0422E4B4046314600F08CFE2C4A2B4BBA
:10D8900000E027E0CDE906015146009800F082FE45
:10D8A00082460191274A284B4046314600F07AFED5
:10D8B0005246019B01F0F6F882460B46024605915E
:10D8C000DDE9060100F096FBDDE906230026884627
:10D8D000304601F0E7F85246059B00F0F1FF0246A2
:10D8E00000F07EB90020B1F5801F07DA35223046FE
:10D8F000614601F0D6FC06466FF0340000EB215083
:10D9000024E00000FFFF1F00FFFF0F000000F03FBA
:10D910000000F07F0000404301FCFFFF26280000CC
:10D920000000F0FF0000F0BF0000E0410000F04305
:10D93000FFFFEF3F5555D53F0000E03F4715F73F4C
:10D94000FE822B6544DF5DF80BAE543EA0F2FF3043
:10D950000190C1F3130040F07F6141F0405102910A
:10D96000FE498842D8BF002004DDFD498142C8BF7E
:10D97000012001DD0D9008E000200D900198401C71
:10D9800001900298A0F5801002900299F548784421
:10D990000B910D9900EBC100D0E900230F933046A5
:10D9A0000A920B9901F07EF8CDE90601DDE90A2122
:10D9B00030460F9B00F01EFB02460B460020EA4952
:10D9C00000F0D4FB059102460B460090DDE906010C
:10D9D00000F0E8FD1490E5488A464FF000087844CE
:10D9E0000299006812904FF0005040EA61010D98D2
:10D9F0000F9B01EB804000F5002109910A9A1298D3
:10DA000001F050F832460B9B00F05AFF4246534655
:10DA100000F0C8FD0646029140465146099B129A05
:10DA200000F0C0FDDDE9062300F04AFF3246029B0C
:10DA300001F038F8059B009A00F0B4FD0091149AAB
:10DA4000049053461046194600F0ACFD06460246C7
:10DA5000C7480B46029106217844FFF7C5FCCDE983
:10DA60000510029B32461046194600F09BFDDDE989
:10DA7000053200F097FD059106465346404619468B
:10DA8000149A00F0B7FA009B049A00F08BFD32461E
:10DA9000059B00F0AFFACDE905104246534610460B
:10DAA000194600F07FFD0022B24B02910A9000F06F
:10DAB000A1FADDE9053200F09DFA0E464246AD4B73
:10DAC000404600F0EFFF029B0A9A00F0EBFFDDE911
:10DAD000053200F0F5FE424602910A9033461046A8
:10DAE000514600F05FFDCDE906015346149A0299B4
:10DAF0000A9800F057FD8A46029033464246009944
:10DB0000049800F04FFD5346029A00F073FA8246E3
:10DB10000B4602460591DDE9060100F06BFADDE9EE
:10DB2000062300208846064600F0BCFF5246059BAF
:10DB300000F0C6FE824609914FF060428E4B30469F
:10DB4000414600F02FFD049006918C4A8A4B5046C6
:10DB5000099900F027FD82460291894A894B304697
:10DB6000414600F01FFD5246029B00F043FA864BEF
:10DB70007B440D9A03EBC203D3E9002300F03AFA89
:10DB80000E900791019800F0A6FC0591DDE90613BF
:10DB900082460E9A049800F02DFA7C4A7A440D9B36
:10DBA00002EBC303D3E900230093029200F022FAB0
:10DBB0005246059B00F01EFA002688465246304623
:10DBC000059B00F06FFF009B029A00F06BFF069B25
:10DBD000049A00F067FF079B0E9A00F071FE024660
:10DBE00000200B4602903846294600F0DBFC8246B6
:10DBF00001912B4638461946029A00F053FF3246EF
:10DC0000434600F0CFFC5246019B00F0F3F9074673
:10DC10008A46324643462946029800F0C3FC054630
:10DC20000E463A46534600F0E5F9594A8846914275
:10DC300021DBA8EB020353EA000210D12A46334647
:10DC400000F030FFCDE90401524A534B38465146AB
:10DC500000F0D0F9DDE9042300F0A2FD21D202207A
:10DC6000FEF74FF9FFF726FC0A46214618B062F38B
:10DC70001E01BDE8F08D494B28F000429A4210D3B6
:10DC8000474A08EB020353EA00027FF4C6AD2A4676
:10DC9000334600F007FF3A46534600F081FD7FF619
:10DCA000BCAD0022019228F000403E493E4A01EB03
:10DCB0002051824223DA481C4FF4801121FA00F0EF
:10DCC00040443A4AC0F30A517A44394BA1F2FF3139
:10DCD000CB4020EA0303C0F3130040F48010C1F1ED
:10DCE0001401C84012680190B8F1000FBCBF404257
:10DCF00001902846314600F0D5FE05460E462A46DC
:10DD000033463846514600F075F94FF00008424658
:10DD1000284B4046059100F045FCCDE90601264A16
:10DD2000264B4046059900F03DFC009102902A46A2
:10DD300033464046059900F0B5FE3A46534600F09A
:10DD4000BFFD1F4A1F4B00F02DFC009B029A00F004
:10DD500051F90746884602460B4635E08E98030087
:10DD60007AB60B003E2400000000F03FA62400001D
:10DD7000A42300000000084009C7EE3FFD033ADC81
:10DD8000F5015B14E02F3EBE7C2200004022000023
:10DD900000009040FE822B654715973C00CC9040D8
:10DDA00000346F3F01FCFFFF0000E03FBC2100009A
:10DDB000FFFF0F00432EE63F396CA80C615C20BECC
:10DDC000EF39FAFE422EE63FDDE9060100F012F9D6
:10DDD000DDE9062305460E4600F064FE3A4643465A
:10DDE00000F06EFD0F462A46334600901046194655
:10DDF00000F0D8FB824602462E4888460B46052195
:10DE00007844FFF7F1FA5246434600F0CBFB2A462E
:10DE1000334600F055FD80468A463B46284631464B
:10DE2000009A00F0BFFB3B46009A00F0E3F8069131
:10DE3000009000224FF080434046514600F032FEF1
:10DE40000F460C90424653462846314600F0AAFB46
:10DE50003B460C9A00F08AF9069B009A00F022FEDD
:10DE60002A46334600F01EFE0022134B00F028FD28
:10DE7000054601980E4601EB00510815002810DCFC
:10DE800028463146019A01F00CFAFFF799FA042866
:10DE900008BFFFF717FB28463146019A01F001FA47
:10DEA00005460B4618B02A4658462146BDE8F04DB7
:10DEB00000F078BB2C2000000000F03F2DE9F04D71
:10DEC00007460E4600F0A2FC04460D463A4633468D
:10DED00000F0F6FCDFF86CA0DFF86CB01B4B0746D7
:10DEE000884616F0004F4FF000020AD000F01EFBEB
:10DEF0000AD900225B463846414600F051FC1BD24D
:10DF000012E000F013FB08D20022534620462946B7
:10DF100000F0C8FD04460D460EE000225B46384680
:10DF2000414600F03DFC07D80022534620462946D2
:10DF300000F060F804460D463146204665F31E01A8
:10DF4000BDE8F08D0000F03F0000E03F0000E0BFC2
:10DF50002DE9F04106460F4600F0BEFC041E0D46BA
:10DF600018BF0120284320F00040C0F17F6000F17D
:10DF7000E040C00F0ED0301C18BF0120384320F005
:10DF80000040C0F17F6000F1E040C00F04BF0120FD
:10DF9000FDF7B7FF20462946BDE8F08110B50029FE
:10DFA0000AD00878002807D005487844FEF700FE1C
:10DFB000002801D0002010BD0248784410BD0000A8
:10DFC000A21F00009A1F000010B500290AD008788F
:10DFD000002807D005487844FEF7EAFD002801D064
:10DFE000002010BD0248784410BD000086200000CB
:10DFF0007E20000010B591EA030F48BF83F0004374
:10E0000000F15885841A71EB030C05D2121943EB09
:10E010000C03001B61EB0C01DFF824E14FEA115403
:10E02000A4EB135C1EEA430F18BF9EEA445F73D053
:10E0300023EA0E03DCF1200E21EA045143F480139D
:10E0400032D322FA0CFE10EB0E0023FA0CFE41EB49
:10E050000E01CCF1200E03FA0EFE10EB0E0051F172
:10E060000001B1F5801FCCF1200E32D201EB04513A
:10E0700012FA0EF2BDE8104058BF7047401C38BF7E
:10E080005FEA420218BF7047002814BF20F0010069
:10E0900041F100014FEA410313F5001F38BF7047FB
:10E0A000A1F1C04100F076BB012A43EB0302ACF1C1
:10E0B000200CDCF11F0E32BF4FF0000E23FA0CF3E0
:10E0C00010EB030041EB0451B4EB115FD0D0A1EB96
:10E0D000045101F5801149085FEA300001EB045159
:10E0E0000ED350F1000038BF12FA0EFE08D1BDE881
:10E0F0001040C9E7401C38BF5FEA4202CAD1C3E7FB
:10E10000BDE810404FEA410313F5001F38BF7047C8
:10E11000A1F1C04100F03EBB9EEA445F08D011EA85
:10E120005E0FBDE8104004BF01F0004100207047C1
:10E13000BDE8104070B500F0DFFA00BF64FBBE3EE2
:10E140000000E0FF02494FF0000001F078B800BF86
:10E150000000F87F491058BFC1F140415B1058BF23
:10E16000C3F140438B42EFF3008070472DE9C0417B
:10E1700030B4DFF8A0C23CEA111418BF3CEA131413
:10E1800000F0EC8081EA03051CEA111444EAD5741E
:10E1900018BF1CEA131500F0C780A4EB05044FF06C
:10E1A000004545EAC12145EAC32341EA505143EA0B
:10E1B000525304F17F74994204F500344FEAC020B1
:10E1C0004FEAC22208BF904200F09C804FEA1365DC
:10E1D0000FF24016765D4FEA134506FB05F7C7F1CF
:10E1E000807706FB07F74FEAD737A7FB036876422D
:10E1F000C8F58038A7FB06CE38BFA8F1010807FB99
:10E2000008E64FF0000EA6FB028CE6FB03CEDCF125
:10E21000000CCEF1004E38BFAEF1010EA6FB0C583B
:10E220004FF000074FF00005E6FB0E87A1FB08C684
:10E23000A0FB07CE16EB0E0645F10005E1FB0765D6
:10E2400015F1E04E7EBFA4F580345FEA46066D41CD
:10E2500016F1800745F100054FEA17274FEA0666D9
:10E2600047EA0567A6F1DE46B6F1805F4FEA15255D
:10E270001FD9384624F0010C05EBC471BCF1FE6FC8
:10E2800001EB0C1102D8F0BCBDE8008124425CBF58
:10E2900001F5801E9EEAC47F02D4F0BCBDE8008177
:10E2A000244238D4F0BCA1F1C041BDE8004100F0E7
:10E2B00071BA4FEAD22242EA43524FEAD323A7FB74
:10E2C00002864FEAD02040EA415007FB03661EEA6F
:10E2D0000E0F4FEAD12105FB026658BFA6EB005690
:10E2E000B6EB00564FEA520E4EEAC37E18EB0E0E06
:10E2F00056EB530EBDD518EB02085E417F1C55F15D
:10E300000005B6E74FF480154FF000074FF0000608
:10E310004FF00008ADE7F0BC4FF0000001F1C04144
:10E3200001F00041BDE8008111EA0C1F0CEA131551
:10E3300000D00CE013EA0C1F00F025804FF0000025
:10E34000F0BC81EA030101F00041BDE80081F0BCAE
:10E35000BDE8004181EA030100F01CBAF0BCBDE851
:10E36000004170B500F0C8F9097EFC3E00F007B826
:10E3700081EA03014FF0000001F00041704781EA9B
:10E38000030100F007BAF0BCBDE800414FF0000007
:10E3900021497047FFFDFBF9F7F5F4F2F0EEEDEBE4
:10E3A000E9E8E6E4E3E1E0DEDDDBDAD8D7D5D4D393
:10E3B000D1D0CFCDCCCBCAC8C7C6C5C4C2C1C0BFDF
:10E3C000BEBDBCBBBAB9B8B7B6B5B4B3B2B1B0AFE5
:10E3D000AEADACABAAA9A8A8A7A6A5A4A3A3A2A1C9
:10E3E000A09F9F9E9D9C9C9B9A9999989797969584
:10E3F00095949393929191908F8F8E8E8D8C8C8B20
:10E400008B8A8989888887878685858484838382A7
:10E41000828181800000FF070000F87F4FEA4103FE
:10E420004FEA5353A3F58063D3F11E03C8BFD3F162
:10E43000210C0CDD4FF0004242EAC12242EA505268
:10E4400032FA03FC8CEAE17CACEBE1707047102BF4
:10E45000C4BF0020704703F5787CBCF1FF3F04D0B7
:10E460006FF0004282EA2100704770B500F044F975
:10E470004992248000207047F2E700004FEA1153D0
:10E48000A3F58063D3F11E03A8BFD3F1200C08DBF2
:10E490004FF0004242EAC12252EA505232FA03F0EF
:10E4A000704709420BD4102BC4BF0020704703F5FE
:10E4B000787CBCF1FF3F05D04FF0FF3070474FF044
:10E4C0000000704770B500F017F900BF4992248032
:10E4D00000207047F0E710F0004248BF4042B0FA19
:10E4E00080F310FA03F10AD0C3F11D0303F5806332
:10E4F0004FEA415002EB035202EBD12170474FF03B
:10E5000000007047B0FA80F310FA03F10AD0C3F1AB
:10E510001D0303F580634FEA41504FEA035202EBBB
:10E52000D12170474FF000007047000051EA030C02
:10E5300017D41CF5801F58BFBCF5801F00F1068062
:10E54000994218BF704708BF9042704707D711F52E
:10E55000801F58BF13F5801F19D499427047894214
:10E5600070471CF5801F08D5BCF5801FF7D58B427E
:10E5700018BF704708BF824270474FF4001C1CEB65
:10E58000410F38BF1CEB430F01D28B42704770B56F
:10E5900000F0B2F8922449004FF000514FF0805340
:10E5A000FFF7D8BDDFF848C170B51CEA111E1EBFC9
:10E5B0001CEA13159EEA0C0F95EA0C0F00F06F8011
:10E5C00081EA030423EA4C134EEAD47E21EA4C117B
:10E5D00041F4801143F48013AE44A1FB024CA0FB34
:10E5E0000365AEF17F7E361955EB0C05A1FB034C9C
:10E5F0004CF10003A0FB021C16EB0C06654153F125
:10E600000003094218BF46F0010613F4007F0BD146
:10E610004FEA03314FEA0530340341EA155140EA2D
:10E6200016506FF003020AE04FEAC3214FEAC520FB
:10E63000F40241EA555140EA56506FF0020202EBF3
:10E640002E4201EB025585EACE710AD05FEA440CF6
:10E6500018BF24F0004450F1000041F1000120EA0D
:10E66000D47040F2FE7C624500D270BDA84214BF57
:10E670004FF080444FF04044002E08BF0024BEF10C
:10E68000806FA8BFA1F1C041BDE8704080F28280D8
:10E690004FF0000001F1C04101F0004170479EEAD7
:10E6A0000C0F0CEA131518BF95EA0C0F06D04FF0AB
:10E6B000000081EA030E0EF0004170BD00F01CF86E
:10E6C0008900013E00F007B800F009B84FEA430C9A
:10E6D0005FEA5C5C08D081EA030100F05BB84FEAB6
:10E6E000410C5FEA5C5CF6D14FF0000001497047D5
:10E6F0000000FF070000F87F0EF1020E2EF0030E5F
:10E700005EF8046B364205D4012A43EB030515F588
:10E71000001F12D8012841EB010C1CF5001F0CD87A
:10E720000ED14FEAD17C15F5001F0CEB4C0C0CF10F
:10E73000020C08BF4CEBD37C04E04FF0080C01E066
:10E740004FEAD37C0CEB4C0526FA05F606F00706DB
:10E75000B6F1040C06D20EEB860CBDE870404CF00E
:10E76000010C6047DFE80CF0090B02024FF000419A
:10E770004FF00000A1F5002170BD19461046012898
:10E7800051EB010418BFD4F5001484BF002001F040
:10E79000004170BD0808A0F500114FEA3101704733
:10E7A00053EA010C17D41CF5801F58BFBCF5801F1D
:10E7B00000F106808B4218BF704708BF8242704745
:10E7C00007D713F5801F58BF11F5801F19D48B424E
:10E7D00070479B4270471CF5801F08D5BCF5801F11
:10E7E000F7D5994218BF704708BF904270474FF461
:10E7F000001C1CEB430F38BF1CEB410F01D29942A8
:10E8000070470FB40CBC03BCFFF7C1BE5FEA410CFC
:10E810005FEA5C5CACF580635B1C39D4D3F13402F5
:10E8200040F34580B2F1200314DA4FF0010C0CFAEA
:10E8300002FCACF101030340B3EB5C0220EA0300ED
:10E8400008BF10EA0C0F98BF704710EB0C0041F1A5
:10E85000000170470AD0C3F1200201FA02FC01282E
:10E8600021FA03F101FA03F14CF100004FF0010C21
:10E870000CFA03FCACF10103B0F1004F21EA0301F3
:10E8800008BF11EA0C0F4FF0000088BF61447047C9
:10E89000B3F1FF3F28BF50EAC12C01F000414FF017
:10E8A000000084BF41F07C5141F470017047B3F522
:10E8B000806FB8BF704770B5FFF71EFF40DBB6BE74
:10E8C00091EA030F10B581F000413FF59BAB83F057
:10E8D000004300F0EFB800002DE9F04101F5801C85
:10E8E000BCF5001FC0F2C3804FEA115C21EA0C5155
:10E8F0000CF1FD0C41F480115FEA5C0C0CF5C07C5E
:10E9000001D3400049413DA4890241EA9051870268
:10E910008E0E0A0CA45D04FB04F602FB06F6C6F19B
:10E920004046A4FB0662F60D46EA422606FB06F4C4
:10E93000A4FB01235242C3F1404338BF5B1EA6FB38
:10E9400002420024E6FB0324D20B42EA4446A6FB23
:10E950000623A1FB02E2A3FB07E4A4184FF0000288
:10E9600052F10002E3FB01426442C2F1404E38BF63
:10E97000AEF1010EA6FB04234FF00002E6FB0E32BF
:10E98000A2FB03464FF00004B61954F10004E2FB69
:10E990000264A1FB06E6A4FB07E816EB08064FF0AD
:10E9A000000858F10008E4FB01687642C8F14058BD
:10E9B00038BFA8F10108A2FB06E4A3FB08E52D1966
:10E9C0004FF0000454F10004E2FB0854A1FB05E6FB
:10E9D000A7FB04E818EB06084FF0000656F1000606
:10E9E000E1FB048618F1200556F10006A809A8F1FC
:10E9F0001B08B10908F03F08B8F10A0F40EA866029
:10EA00001CD901EB0C51BDE8F08100BFFCF5EEE82C
:10EA1000E2DDD8D3CFCBC7C3C0BDB9B6B4B1AEACBD
:10EA2000A9A7A5A3A19F9D9B9A9896959392908F35
:10EA30008D8C8B898887868584838281A0FB006882
:10EA400000FB01F208EB4208B8EB872807D5341821
:10EA500058EB0104D5D5401C51F10001D1E7341A1F
:10EA600078EB0104CDD4401E71F10001C9E75FEAE3
:10EA70004C0C5FEA9C5C0DD105D34FF0000001F017
:10EA80000041BDE8F081BDE8F04170B5FFF734FE0C
:10EA90006DDBFFBEBDE8F0414FF00000004970475C
:10EAA0000000F87F10B591EA030F48BF83F00043E0
:10EAB0003FF5A8AA841A71EB030C07D212198CF047
:10EAC000004C43EB0C03001B61EB0C01DFF8A4E1ED
:10EAD0004FEA1154A4EB135C1EEA430F18BF9EEAE1
:10EAE000445F00F0B08023EA6E03524221EA0451F1
:10EAF000C3EB6E0338BF5B1EDCF1200E25D322FA78
:10EB00000CFE10EB0E0043FA0CFE41EB0E01CCF1B3
:10EB1000200E03FA0EFE10EB0E0051F10001CCF1B5
:10EB2000200E29D412FA0EF201EB0451BDE8104078
:10EB300058BF7047401C1CBFB2F1004F70470028FF
:10EB40000CBF491C20F00100704712EB020E43EB92
:10EB5000030218BF4FF0010E4EEA4202ACF1200C46
:10EB6000DCF11E0E54D943FA0CFE10EB0E0051F1ED
:10EB7000FF31CCF11E0ED5D50EF1010E12FA0EFEAC
:10EB8000404141EB010101EB445C5FEA5C5C10D960
:10EB900010EBDE7001EB045138BFBEF1004FBDE851
:10EBA000104018BF704700280CBF491C20F001001E
:10EBB000704730D24FEAD42C11F5001124F40064D0
:10EBC0001BD0B1FA81F20B3AA41AA41ED2F1200391
:10EBD000914030FA03F31943904001EBCC71002CC3
:10EBE00001EB0451BDE81040A8BF704701F1C041DE
:10EBF0004FF0000001F000417047B0FA80F310FAC6
:10EC000003F100D110BDE41A173C4805C90AE4E736
:10EC100001EB045110BD491001EB0451BDE8104057
:10EC20004FEA300002E04FF0000170474A0008BF91
:10EC30000042F8D0B2F5001F28BF704701F0004134
:10EC40004FF0000070479EEA445F07D011EA5E0F64
:10EC5000BDE8104004BF002100207047BDE810400F
:10EC600070B5FFF749FD00BF40DFF63E83F000417D
:10EC7000104670470000E0FF43004FEAD30C4FEA14
:10EC80003C0C43401FBF40070CF1605113F0FE4F96
:10EC900070471CF0006F03D100200CF0004170475A
:10ECA0000CF0004343EA507010B540EACC0000F08D
:10ECB00004FA00BF000000924FEA0001FFF76ABDAE
:10ECC0004FF000414FF00000A1F500217047000017
:10ECD00090EA010F48BF81F0004100F14082421AE2
:10ECE0003CBF801A89184FEAD0524FF07F4C1CEA83
:10ECF000410FA2EBD15318BF9CEA026F00F03B809A
:10ED00004FF0004C4CEA00204CEA012121FA03FCB0
:10ED100010EB0C0C1ED202F1FF325FEA1C2040EB1C
:10ED2000C25038BF70471CF07F0F4FEA400C18BF2D
:10ED3000BCF17F4F38BF7047C3F12003994008BF33
:10ED400020F00100BCF17F4F38BF7047A0F1C040F8
:10ED500000F0F9B94FEA3C00000A40EBC25028BF6E
:10ED60001CF0FF0F4FEA400CE6D018BFBCF17F4FFC
:10ED700038BF7047EAE79CEA026F05D010EA5C0FE3
:10ED800008BF00F00040704710B500F096F900BFD2
:10ED900064FBBE3E4FF47F0C1CEAD0121EBF1CEA7F
:10EDA000D11392EA0C0F93EA0C0F00F0858090EAE1
:10EDB000010F48BF42F4807240F4000C41F400009F
:10EDC0002CF07F4120F07F4000B58142A2EB03028E
:10EDD0000FF2081CACEB504EC0F100009EF800E0B2
:10EDE0004FEA4E0E00FB0EFC38BF49004FEA2C1CC8
:10EDF00002F5FA020CFB0EF34FEACE1E4FEA112C7D
:10EE00004FEAC1210EEB635E42EB22420EFB0CFC8B
:10EE10004FEA1C5300FB03114FEA112C4FEA01315A
:10EE20000EFB0CFC4FEADC4C00FB0C11C14228BF6E
:10EE300009184CEB03335DF804EB10EB410143EB95
:10EE4000C250B2F57C0F38BF704729D512F0F00FD1
:10EE50001CBF00F1C04000F0004070470081828379
:10EE60008485868788898B8C8D8E8F9192939596D9
:10EE700097999A9C9D9FA0A2A3A5A7A8AAACAEB063
:10EE8000B2B3B5B7B9BCBEC0C2C5C7C9CCCED1D468
:10EE9000D7D9DCDFE2E6E9ECF0F3F7FAFE00000098
:10EEA0004FEA400C0CF1807CBCF17E4F28BF7047CC
:10EEB000B0F1C04000F047B990EA010F0CEAD1135D
:10EEC00048BF42F48072624538BF634507D213F4ED
:10EED0007F0F16D080EA010000F00040704710B5A7
:10EEE00000F0EBF8097EFC3E00F005B880EA010076
:10EEF00000F00040704780EA010000F0004000F0A0
:10EF000022B912F47F0F04BF0248704780EA010063
:10EF100000F019B90000C07F41000B0ED3F19E0232
:10EF200008D950F400034FEA032323FA02F048BF44
:10EF30004042704710B500F0C0F800BF49922480ED
:10EF4000002070476FF0004282EA20007047000006
:10EF5000C10DD1F19E0206DB4FEA002343F00043CE
:10EF600023FA02F07047004207D54FEA4001B1F1A1
:10EF7000FE4F02D24FF00000704710B500F09DF830
:10EF800049922480002070476FEA200070470000FB
:10EF9000B0FA80F310FA03F2C3F19D030AD0D90549
:10EFA00001EB1220530638BF704700F1010008BF83
:10EFB00020F00100704700004FF47F0C1CEAD012D3
:10EFC0001EBF1CEAD11392EA0C0F93EA0C0F00F05B
:10EFD000478090EA010F48BF42F480724FF0004C26
:10EFE0004CEA00204CEA012102EB0302A0FB0113D2
:10EFF000A2F50002002918BF43F001035B0028BFFF
:10F000004FEA330342EB22425FEA132C4CEBC2502F
:10F010002EBFBCEB436FB2F57C0F70474FEA036C19
:10F02000BCF1004F08BF20F00100B2F57C0F38BFE3
:10F0300070470BD582F0FF0212F5803FC8BF7047C2
:10F0400000F1C040D8BF00F00040704700F5000C50
:10F050005FEA4C0C48BF7047B0F1C04000F073B895
:10F0600090EA010F0CEAD11348BF42F48072624566
:10F0700038BF634504D280EA010000F000407047C9
:10F0800010B500F01AF800BF8900013E00F007B883
:10F0900000F009B85FEA410C5FEA1C6C08D080EA16
:10F0A000010000F050B85FEA400C5FEA1C6CF6D13A
:10F0B0004FF00040A0F5800070470EF1020E2EF0D8
:10F0C000030E5EF8044B244204D44FEA4102B2F12D
:10F0D0007F4F11D84FEA4003B3F17F4F0CD80ED1C8
:10F0E0004FEAD07CB2F17F4F0CEB4C0C0CF1020CD0
:10F0F00008BF4CEBD17C04E04FF0080C01E04FEA74
:10F10000D17C0CEB4C0324FA03F404F00704B4F1B3
:10F11000040C06D20EEB840CBDE810404CF0010C40
:10F120006047DFE80CF0070802024FF00040A0F54E
:10F13000800010BD0846420018BFD2F1807288BF1F
:10F1400000F0004010BDFF2141EAD050C0057047DB
:10F1500090EA010F48BF81F000413FF5C0AD421A6F
:10F1600004D882F00042A0EB020011444FEAD052D2
:10F170004FF07F4C1CEA410FA2EBD15318BF9CEA21
:10F18000026F4AD04FF0004C4CEA00204CEA0121BB
:10F1900021FA03FCB0EB0C0C0FD412F0FE0F36D0AA
:10F1A0005FEA4C001DD5001240EBC25038BF7047DB
:10F1B0001CF03F0F18BF70470BE0A2F101025FEA9D
:10F1C0001C2040EBC25038BF70471CF07F0F18BFA7
:10F1D0007047C3F12003994014BF401E20F0010086
:10F1E000704780084FEA122308BF7047B0FA80FCCE
:10F1F000A2EB0C02CCF1280C60FA0CF093EA122F6F
:10F2000004BF00EBC25070474FEAC3707047130A47
:10F210005FEADC1008BF7047F6E79CEA026F04D093
:10F2200010EA5C0F08BF0020704710B5FFF745FFDC
:10F2300040DFF63E81F000407047FDF707BA0CF062
:10F240000F03092B08BF082000F059800A2B0BD0B0
:10F25000082B18BF704708BF1CF0400F0AD04FF0B2
:10F2600000004FF0000170471CF0400F18BF4FF036
:10F27000004070471CF0100F08D020F0704300F0E1
:10F280007F4242EAD3014FEA4370704700F060408A
:10F2900021F07F4242EA000201F07F4040EA7270B2
:10F2A00070474FF0FF0C4CF4E06C1CEA11531CBF8C
:10F2B0009CEA030C9445C2BFDA4201EB025170474D
:10F2C000002B0DD0BCF1000F0FD0002A01F000413F
:10F2D000A4BF41F0E04141F07F614FF00000704772
:10F2E00001F000414FF00000704750EA01334FF049
:10F2F0009B0C18BF4CF0806C7EF424AF70471CF45C
:10F30000801F11D01CF4E02F03D06FEACC314900EC
:10F3100070474FF04050EFF3008222F0704242EA13
:10F32000000282F3008870474FF00000704760EAE7
:10F3300000000200010003000400000000000000C3
:10F3400000000000020000000000000000000100BA
:10F35000090000000000060000000000000000009E
:10F360000000000000000000000000E18025030014
:10F37000000000000300B3011400090007000200B0
:10F38000010000000000000004008000E803E80322
:10F39000000000C1814001C0804101C0804100C126
:10F3A000814001C0804100C1814000C1814001C055
:10F3B000804101C0804100C1814000C1814001C045
:10F3C000804100C1814001C0804101C0804100C135
:10F3D000814001C0804100C1814000C1814001C025
:10F3E000804100C1814001C0804101C0804100C115
:10F3F000814000C1814001C0804101C0804100C105
:10F40000814001C0804100C1814000C1814001C0F4
:10F41000804101C0804100C1814000C1814001C0E4
:10F42000804100C1814001C0804101C0804100C1D4
:10F43000814000C1814001C0804101C0804100C1C4
:10F44000814001C0804100C1814000C1814001C0B4
:10F45000804100C1814001C0804101C0804100C1A4
:10F46000814001C0804100C1814000C1814001C094
:10F47000804101C0804100C1814000C1814001C084
:10F48000804100C1814001C0804101C0804100C174
:10F49000814000C0C101C30302C2C60607C705C53B
:10F4A000C404CC0C0DCD0FCFCE0E0ACACB0BC909AC
:10F4B00008C8D81819D91BDBDA1A1EDEDF1FDD1DBC
:10F4C0001CDC14D4D515D71716D6D21213D311D1EC
:10F4D000D010F03031F133F3F23236F6F737F5353C
:10F4E00034F43CFCFD3DFF3F3EFEFA3A3BFB39F96C
:10F4F000F83828E8E929EB2B2AEAEE2E2FEF2DED3C
:10F50000EC2CE42425E527E7E62622E2E323E121AB
:10F5100020E0A06061A163A3A26266A6A767A565BB
:10F5200064A46CACAD6DAF6F6EAEAA6A6BAB69A92B
:10F53000A86878B8B979BB7B7ABABE7E7FBF7DBD3B
:10F54000BC7CB47475B577B7B67672B2B373B1716B
:10F5500070B050909151935352929656579755953B
:10F5600094549C5C5D9D5F9F9E5E5A9A9B5B9959EB
:10F570005898884849894B8B8A4A4E8E8F4F8D4DBB
:10F580004C8C44848545874746868242438341812B
:10F5900080402A39392A2A2A312300434D4E4554C6
:10F5A000000000000000000000000000000000005B
:10F5B000000000003133393132333435363738000A
:10F5C000010001900100001E0000002580030000E2
:10F5D000030A000002003C0000072F5D06FA276ABC
:10F5E00040270000000000000000139027480000A2
:10F5F00000001389138A138B138C00000000010193
:10F60000010100180018001800180014001400145C
:10F610000014050505050505050507070707000C86
:10F62000000C000C000C020005CA6086850000007A
:10F6300000000000000000000000000000000000CA
:10F6400000000000000000000000000000000000BA
:10F6500000000000000000000000000000000000AA
:10F66000000000000000000000000000000000009A
:10F67000000000000000000000000000000000008A
:10F68000000000000000000000000000000000007A
:10F69000000000000000000000000000000000006A
:10F6A000000000000000000000000000000000005A
:10F6B00000000105060708090A0B0C0D0E0F1011BA
:10F6C0001213142030405022324252233343532429
:10F6D000344454253545552636465627374757284E
:10F6E000384858293949592B3B4B5B2C3C4C5C60C2
:10F6F0006162632131415170717374750008180B98
:10F7000002020101020108010101010202010404D7
:10F7100004040202020202020202010101010101CB
:10F7200001010202020202020202010101010101C1
:10F7300001010101010102020202010204021F1F74
:10F740001F1F0708130605000000090022002E00F5
:10F750003000320033003400360037003F004000F4
:10F760004100420043004500470048004C00500063
:10F77000540058005A005C005E00600062006400A3
:10F780006600680069006A006B006C006D006E0026
:10F790006F00700072007400760078007A007C00C0
:10F7A0007E00800081008200830084008500860046
:10F7B0008700880089008A008B008C008E009000F2
:10F7C00092009400950097009B009D00BC00DB0018
:10F7D000FA00000000000000000000000000070820
:10F7E0000B121322324252233343532636465627F6
:10F7F0003747572C3C4C5C6163007B01001631336A
:10F800003931323334353637380A669A000FA27BE5
:10F810007B0B016C313339313233343536373801B3
:10F820000A2A39392A2A2A31230202030204027BD6
:10F830000D001031333931323334353637387B7B74
:10F8400009001031333931323334353637387B35AE
:10F850002E333000000032303235303230355635FC
:10F860002E332D463130332D3447202053414E4C1A
:10F8700045595A475033333120536574204F4B213B
:10F880002020536574204661696C212020506172EC
:10F89000616D65746572204572726F72212020431C
:10F8A0006F6D6D616E64204572726F722120205001
:10F8B000617373776F7264204572726F72212020BA
:10F8C00052656164204F4B212020506172616D654B
:10F8D0007465723A20204474755265737461727451
:10F8E0002C2044747548617264526573746172743B
:10F8F0002C20536D73436F6E74726F6C53746F7002
:10F900002C20536D73436F6E74726F6C52756E2C36
:10F9100020536D735761746368646F6752657374C5
:10F920006172742C2042617564526174652050616B
:10F9300072204572726F72212020446174614269A5
:10F94000744C656E67746820506172204572726FE6
:10F950007221202053746F704269744C656E677415
:10F960006820506172204572726F722120205061B0
:10F97000726974794269744C656E6774682050616D
:10F9800072204572726F72212020466C6F77436F30
:10F990006E74726F6C20506172204572726F7221AA
:10F9A000202053657269616C20506F727420497415
:10F9B000656D204C61636B204572726F722120204F
:10F9C000537472696E67204C656E677468204F7659
:10F9D00065726C6F6E67204572726F7221202054C1
:10F9E0006869732069732061207465737420534DB6
:10F9F0005321200028FF020824FF020800002110E4
:10FA0000422063308440A550C660E7700881299188
:10FA10004AA16BB18CC1ADD1CEE1EFF13112100230
:10FA200073325222B5529442F772D66239931883D8
:10FA30007BB35AA3BDD39CC3FFF3DEE362244334FC
:10FA400020040114E664C774A44485546AA54BB528
:10FA500028850995EEE5CFF5ACC58DD553367226D0
:10FA600011163006D776F6669556B4465BB77AA778
:10FA700019973887DFF7FEE79DD7BCC7C448E5581C
:10FA80008668A7784008611802282338CCC9EDD9C8
:10FA90008EE9AFF9488969990AA92BB9F55AD44A70
:10FAA000B77A966A711A500A333A122AFDDBDCCB18
:10FAB000BFFB9EEB799B588B3BBB1AABA66C877C3C
:10FAC000E44CC55C222C033C600C411CAEED8FFD68
:10FAD000ECCDCDDD2AAD0BBD688D499D977EB66E10
:10FAE000D55EF44E133E322E511E700E9FFFBEEFB8
:10FAF000DDDFFCCF1BBF3AAF599F788F8891A9817A
:10FB0000CAB1EBA10CD12DC14EF16FE18010A10063
:10FB1000C230E3200450254046706760B983989353
:10FB2000FBA3DAB33DC31CD37FE35EF3B1029012B3
:10FB3000F322D2323542145277625672EAB5CBA51F
:10FB4000A89589856EF54FE52CD50DC5E234C32403
:10FB5000A01481046674476424540544DBA7FAB7F3
:10FB60009987B8975FE77EF71DC73CD7D326F23653
:10FB70009106B01657667676154634564CD96DC93F
:10FB80000EF92FE9C899E9898AB9ABA944586548A3
:10FB900006782768C018E1088238A3287DCB5CDB93
:10FBA0003FEB1EFBF98BD89BBBAB9ABB754A545AF3
:10FBB000376A167AF10AD01AB32A923A2EFD0FED5F
:10FBC0006CDD4DCDAABD8BADE89DC98D267C076C43
:10FBD000645C454CA23C832CE01CC10C1FEF3EFF33
:10FBE0005DCF7CDF9BAFBABFD98FF89F176E367E93
:10FBF000554E745E932EB23ED10EF01E00000000F2
:10FC0000417574196F240F402EBAACDA27121040D8
:10FC10004032C4C178C61040661330AC684611400B
:10FC2000E029CEF6B9FA11400101CEFEA97A1240C0
:10FC30008021D82BFB2E13402019E2603C63144036
:10FC4000C010EC957D9715406008F6CABECB1640F3
:10FC500000000000006063C000000000006063C09E
:10FC600000000000006063C000000000006063C08E
:10FC700000000000006063C000000000006063C07E
:10FC800000000000006063C000000000006063C06E
:10FC900000000000006063C000000000006063C05E
:10FCA0000000000000C062C00000000000C062C090
:10FCB0000000000000C062C00000000000C062C080
:10FCC0000000000000C062C00000000000C062C070
:10FCD0000000000000C062C00000000000C062C060
:10FCE0000000000000C062C00000000000C062C050
:10FCF00020AEA036E07D0B37A017083660F0AF3697
:10FD000060F0AF36403D2E36C0AFD235000D99368B
:10FD100020A5633680A331374061223760DE353657
:10FD200040466B36A032BF36A032BF36A00ECB3570
:10FD3000E0625436A0443937A00ECB35809AF436B1
:10FD4000001F1337E050DA3540466B36809AF436A0
:10FD500080A33137807F3D360016D636A03BFC3677
:10FD6000C0C14C36809AF43660DE353680A3313718
:10FD7000809AF4368091B73660022A3700FB1E362F
:10FD800060F0AF36A0443937209C2636000D9936F6
:10FD900060D5F835000D9936C0AFD2354034F13515
:10FDA000C0CA893640466B36C0B80F36807F3D36B4
:10FDB000A044393760022A37C0C14C36040000081D
:10FDC0000000000000000002000100001000000020
:10FDD000000000000000F03F000000000000F83FBD
:10FDE00000000000000000000000004003B8E23FF7
:10FDF000000000000000000006D0CF43EBFD4C3EA9
:10FE0000033333333333E33FFFAB6FDBB66DDB3F9D
:10FE10004D268F515555D53F01411DA96074D13FE5
:10FE200065DBC9934A86CD3FEF4E454A287ECA3FDF
:10FE30003E5555555555C53F93BDBE166CC166BF61
:10FE40002CDE25AF6A56113FF16BD2C541BDBBBE5A
:10FE5000D0A4BE726937663E0000000000000000BA
:10FE600030313233343536373839414243444546F0
:10FE700040305800303132333435363738396162EA
:10FE800063646566403078000000000000000000F8
:10FE900002400000000000A000000000054000003B
:10FEA000000000C8000000000C4000000000409C62
:10FEB00000000000194000000020BCBE000000004F
:10FEC00034400000BFC91B8E00000004B540000094
:10FED000504BCFD06607E2CF010000006C4100001C
:10FEE0003E8251AADFEEA73401000000D942000093
:10FEF000DCB5A0E23A301F97FFFFFFFFB4450000DA
:10FF0000FD25A0C8E9A3C14FFFFFFFFFFF3F000091
:10FF10000000008000000000FF3F000000000080A3
:10FF2000000000005443500055445000780003087E
:10FF300000000020340400006C010008E000030809
:10FF4000340400208C680000C80100081001000083
:10FF500043000000F8FFFFFF0040404040404040A9
:10FF6000404041414141414040404040404040408C
:10FF70004040404040404040400502020202020230
:10FF8000020202020202020202202020202020207F
:10FF90002020200202020202020290909090909093
:10FFA0001010101010101010101010101010101051
:10FFB00010101010020202020202888888888888C5
:10FFC00008080808080808080808080808080808B1
:10FFD00008080808020202024000000000000000B9
:10FFE0000000000000000000000000000000000011
:10FFF0000000000000000000000000000000000001
:020000040803EF
:1000000000000000000000000000000000000000F0
:1000100000000000000000000000000000000000E0
:1000200000000000000000000000000000000000D0
:1000300000000000000000000000000000000000C0
:1000400000000000000000000000000000000000B0
:100050000000000000000000000000001C00000084
:1000600043000000F8FFFFFF0C0000000E0000003E
:100070000F0000002E0000001184A24A046809014C
:10008000020304060708090C691005FF02040608AC
:100090005115E8F7FF1F84E0010813340102FF2027
:1000A000019902B764278025DB3380252350C332B2
:1000B0001414A0860114F04902540101FF02232008
:1000C0000A12011459152809C092ED1914070702E4
:1000D0000F32044BE803040A23804C494600000019
:0400000508000131BD
:00000001FF
