:020000040800F2
:1068000098850020118F0008D5510108D751010843
:10681000DB510108DF510108E351010800000000CD
:10682000000000000000000000000000E751010827
:10683000E951010800000000EB510108ED51010889
:106840002B8F00082B8F00082B8F00082B8F000840
:106850002B8F00082B8F00082B8F00082B8F000830
:10686000555701082B8F00082B8F00082B8F00082D
:106870002B8F00082B8F00082B8F00082B8F000810
:106880002B8F00082B8F00082B8F00082B8F000800
:106890002B8F00082B8F00082B8F000871570108E1
:1068A0002B8F00082B8F00082B8F00082B8F0008E0
:1068B000915701082B8F00082B8F00082B8F0008A1
:1068C0002B8F00082B8F00082B8F00082B8F0008C0
:1068D0002B8F0008895301086F5401080D550108DA
:1068E0002B8F00082B8F00082B8F00082B8F0008A0
:1068F0002B8F00082B8F00082B8F00082B8F000890
:106900002B8F00082B8F00082B8F00082B8F00087F
:10691000B15601082B8F00082B8F00082B8F000821
:106920002B8F00082B8F00082B8F00082B8F00085F
:10693000DFF80CD02EF0B2FF004800474593000866
:106940009885002080F30888704700000CB500206F
:10695000019000906C48006840F480306A490860FB
:1069600000BF6948006800F4003000900198401CA6
:106970000190009818B90198B0F5A06FF1D1624864
:10698000006800F4003010B10120009001E0002008
:1069900000900098012843D15C48006840F0100046
:1069A0005A4908600846006820F00300086008465D
:1069B000006840F00200086053484068524948604F
:1069C0000846406848600846406840F48060486077
:1069D0000846406820F47C1048600846406840F44F
:1069E000E81048600846006840F08070086000BF0A
:1069F0004548006800F000700028F9D0424840681F
:106A000020F00300404948600846406840F002001A
:106A1000486000BF3C48406800F00C000828F9D1ED
:106A20000CBD10B5FFF792FF10BD10B536480068D9
:106A300040F0010034490860084640683449084085
:106A40003149486008460068324908402E490860CC
:106A50000846006820F4802008600846406820F45A
:106A6000FE0048604FF41F008860FFF7DAFF4FF028
:106A700000602949086010BD10B5002100200022E7
:106A8000214B5B6803F00C0121B1042906D00829D1
:106A900028D107E0214B224C236027E01F4B204CDC
:106AA000236023E0184B5B6803F47010164B5B689F
:106AB00003F48032022303EB904022B9194B434385
:106AC000174C23600DE0104B5B6803F4003323B1D7
:106AD000144B4343124C236003E0104B4343104CD0
:106AE000236003E00D4B0E4C236000BF00BF064B3C
:106AF0005B68C3F303130C4CE15C094B1B68CB4090
:106B0000074C236010BD000000100240002002402E
:106B10000000FFF8FFFFF6FE08ED00E000127A002B
:106B20000000002000093D0004000020DF4800684C
:106B300040F00100DD49086008464068DC49084033
:106B4000DA49486008460068DA490840D7490860D1
:106B50000846006820F4802008600846406820F459
:106B6000FE0048604FF41F0088607047CF490968F5
:106B700021F48031CD4A11601146096821F4802149
:106B80001160B0F5803F03D0B0F5802F0ED106E044
:106B9000C649096841F48031C44A116007E0C3491D
:106BA000096841F4A021C14A116000E000BF00BFA4
:106BB000704710B501460022002300204A11012A27
:106BC00002D1BA4C236806E0022A02D1B74C236AEC
:106BD00001E0B64C636A01F01F02012494401C409E
:106BE0000CB1012000E0002010BD38B5002000905D
:106BF0000024002500BF3120FFF7DBFF0546009889
:106C0000401C00900098B0F5A06F01D0002DF2D08C
:106C10003120FFF7CEFF08B1012400E00024204618
:106C200038BD01460020A14A106820F0F80040EA73
:106C3000C10010607047A0490860704702460020FC
:106C40009A4B586820F47C1042EA01031843974B92
:106C50005860704798490866704701460020934A7B
:106C6000506820F003000843506070478F48406828
:106C700000F00C007047014600208C4A506820F05C
:106C8000F00008435060704701460020874A506872
:106C900020F4E06008435060704701460020834ABA
:106CA000506820F4605040EAC1005060704729B13C
:106CB0007E4A527A02437D4B5A7204E07B4A527AF2
:106CC00082437A4B5A7270477B49D83108607047CB
:106CD00001460020754A506820F440400843506047
:106CE00070470021714A20321170704A82F82010DA
:106CF000012802D004280AD104E001216B4A203285
:106D0000117005E00521694A2032117000E000BFD2
:106D100000BF70476949086070476449096A0143C8
:106D2000624A11627047654944390860704730B55E
:106D300000210022002400235C4D6D6805F00C0149
:106D400021B1042905D0082923D105E05C4D056057
:106D500022E05B4D05601FE0544D6D6805F4701234
:106D6000524D6D6805F48034022505EB92421CB942
:106D7000544D554305600BE04C4D6D6805F40035EE
:106D80001DB1504D5543056002E04D4D5543056022
:106D900002E04B4D056000BF00BF444D6D6805F03B
:106DA000F0010909484D6B5C0568DD4045603F4DC9
:106DB0006D6805F4E061090A434D6B5C4568DD4090
:106DC00085603A4D6D6805F46051C90A3E4D6B5CB3
:106DD0004568DD40C560354D6D6805F44041890B5F
:106DE0003A4D6B5CC568B5FBF3F5056130BD29B163
:106DF0002E4A526902432D4B5A6104E02B4A5269D4
:106E000082432A4B5A61704729B1284A926902434A
:106E1000264B9A6104E0254A92698243234B9A618A
:106E2000704729B1214AD2690243204BDA6104E05C
:106E30001E4AD26982431D4BDA61704729B11B4A51
:106E4000D2680243194BDA6004E0184AD2688243E0
:106E5000164BDA60704729B1144A12690243134B8A
:106E60001A6104E0114A12698243104B1A6170479B
:106E700012494039086070470F49C86470470B4990
:106E8000C87170470948406A40F0807007494862FD
:106E9000704701460020054A92680A400AB1012065
:106EA00000E00020704701498872704700100240DE
:106EB0000000FFF8FFFFF6FE00004242800442425D
:106EC00000127A0000093D00140000202400002078
:106ED00031490143314A1160704770B500210023E8
:106EE0000F22C47804B32D4C246804F4E064C4F584
:106EF000E064210AC1F10403CA40447804FA03F1B2
:106F00008478144021430901254C0678A155047862
:106F100004F01F050124AC4005786D11AD0005F1AA
:106F2000E025C5F8004109E0047804F01F050124BC
:106F3000AC401C4D0678761145F8264070BD1A4AC3
:106F40000A400243154B1B1F1A60704739B1134AA0
:106F5000121D12680243114B1B1D1A6006E00F4AF6
:106F6000121D126882430D4B1B1D1A6070470428C6
:106F700008D14FF0E021096941F004014FF0E0220F
:106F8000116107E04FF0E021096921F004014FF0A1
:106F9000E0221161704700000000FA050CED00E0EE
:106FA00000E400E080E100E080FFFF1F10B5044630
:106FB000CC48844208D101210420FFF73FFF002183
:106FC0000420FFF73BFF46E0C748844208D1012177
:106FD0000820FFF733FF00210820FFF72FFF3AE0DA
:106FE000C248844208D101211020FFF727FF002169
:106FF0001020FFF723FF2EE0BD48844208D1012175
:107000002020FFF71BFF00212020FFF717FF22E0C1
:10701000B848844208D101214020FFF70FFF00212A
:107020004020FFF70BFF16E0B348844208D101214E
:107030008020FFF703FF00218020FFF7FFFE0AE01A
:10704000AE48844207D101218015FFF7F7FE0021E9
:10705000A015FFF7F3FE10BD10B501210846FFF79C
:10706000EDFE00210120FFF7E9FE10BD2DE9F04102
:10707000024600250026002000230024002791F866
:1070800003C00CF00F0591F803C00CF0100CBCF11C
:10709000000F03D091F802C04CEA050591F800C03A
:1070A000BCF1000F31D0146800202BE04FF0010C30
:1070B0000CFA00F3B1F800C00CEA03069E4220D19E
:1070C00083004FF00F0C0CFA03F7BC4305FA03FCE6
:1070D0004CEA040491F803C0BCF1280F06D14FF02C
:1070E000010C0CFA00FCC2F814C00AE091F803C0CD
:1070F000BCF1480F05D14FF0010C0CFA00FCC2F8AE
:1071000010C0401C0828D1D31460B1F800C0BCF1F5
:10711000FF0F34DD546800202EE000F1080C4FF022
:10712000010808FA0CF3B1F800C00CEA03069E420D
:1071300021D183004FF00F0C0CFA03F7BC4305FA82
:1071400003FC4CEA040491F803C0BCF1280F05D1FC
:1071500000F1080C08FA0CF8C2F8148091F803C08A
:10716000BCF1480F07D100F1080C4FF0010808FAF4
:107170000CF8C2F81080401C0828CED35460BDE83B
:10718000F0814FF6FF710180022181700421C170EE
:1071900070470246002093680B400BB1012000E0CD
:1071A000002070470146886880B270470246002080
:1071B000D3680B400BB1012000E00020704701466E
:1071C000C86880B2704701617047416170470AB179
:1071D000016100E041617047C16070474FF4803247
:1071E0000A438261816182618269826970470246D5
:1071F0000020434B18684FF68073184040EA021095
:1072000008433F4B186070473E49C8617047F0B56E
:107210000A46002300240021002500F00046B6F1B4
:10722000004F02D1364EF16901E0354E7168C0F36E
:10723000034583B200F44016B6F5401F08D121F093
:1072400070612F4E766826F070662D4F7E6012E0DA
:1072500000F48016B6F5801F06D1032606FA05F461
:10726000A14341F0706106E0460D360103FA06F6CF
:10727000B14341F0706122B1460D360103FA06F6C2
:10728000314300F00046B6F1004F02D11C4EF161CF
:1072900001E01B4E7160F0BD30B500228B071C0F62
:1072A0000F2303FA04F2164B08338C1053F82430E2
:1072B0009343134C08348D1044F8253023468C102A
:1072C00053F824308C07240F00FA04F423430C4CA9
:1072D00008348D1044F8253030BD0A49DC3108608F
:1072E0007047000000080140000C01400010014000
:1072F0000014014000180140001C01400020014022
:10730000000001400000204210B50446FB488442C2
:1073100009D101218803FFF791FD00214FF480403E
:10732000FFF78CFD32E0F648844209D10121480480
:10733000FFF791FD00214FF40030FFF78CFD25E0B1
:10734000F048844209D101218804FFF784FD00211F
:107350004FF48020FFF77FFD18E0EB48844209D10D
:107360000121C804FFF777FD00214FF40020FFF74B
:1073700072FD0BE0E548844208D101210805FFF7C2
:107380006AFD00214FF48010FFF765FD10BD2DE967
:10739000F04786B005460E460024A24600BFA1462F
:1073A0000027B08900B100BF2F462C8A4CF6FF7031
:1073B0000440F08804432C82AC894EF6F31004405C
:1073C000B08831890843718908430443AC81AC8A91
:1073D0004FF6FF400440B0890443AC8201A8FFF798
:1073E000A6FCC648874202D1DDF810A001E0DDF816
:1073F0000CA0A88900F4004040B10AEBCA0000EBE1
:107400000A1031684900B0FBF1F807E00AEBCA0046
:1074100000EB0A1031688900B0FBF1F86420B8FB7A
:10742000F0F004012009642101FB1089A88900F40F
:10743000004040B1322000EBC900B0FBF1F000F099
:107440000700044308E0322000EB09106421B0FB80
:10745000F1F000F00F0004432C8106B0BDE8F08786
:107460004FF41651016000218180C18001810C21FF
:10747000418100218181704710B502460020108AA9
:107480004FF2FF0318400B884C8823438C8823431A
:10749000CC8823431843108210BD00210180418015
:1074A0008180C180704721B1828942F4005282817B
:1074B00004E082894DF6FF731A4082817047F0B56F
:1074C0000346002400260025002040F66A17B94232
:1074D00000D100BF1846C1F3421401F01F06012776
:1074E00007FA06F5012C01D10C3004E0022C01D181
:1074F000103000E014301AB107682F43076002E033
:107500000768AF430760F0BD1AB1838A0B438382DB
:1075100002E0838A8B4383827047028A4FF6F073BE
:107520001A400282028A0A430282704782894FF21D
:10753000FF731A40828182890A438281704721B198
:10754000828942F00202828104E082894FF6FD7353
:107550001A4082817047028A4FF6DF731A40028216
:10756000028A0A430282704721B1028A42F48042B1
:10757000028204E0028A4BF6FF731A4002827047CF
:10758000C1F308028280704701468888C0F3080072
:107590007047818941F0010181817047028BD2B22D
:1075A0000283028B42EA012202837047028B02F4BB
:1075B0007F420283028B0A430283704721B1828A91
:1075C00042F02002828204E0828A4FF6DF731A4082
:1075D0008282704721B1828A42F01002828204E0E6
:1075E000828A4FF6EF731A408282704721B1828AF5
:1075F00042F00802828204E0828A4FF6F7731A4052
:107600008282704721B1828942F40042828103E084
:107610008289C2F30E028281704721B1828A42F4CC
:107620000062828204E0828A4FF2FF731A408282F3
:107630007047828A4FF6FB731A408282828A0A431D
:107640008282704721B1828A42F00202828204E083
:10765000828A4FF6FD731A408282704702460020EC
:10766000B1F5007F00D100BF13880B400BB10120A2
:1076700000E00020704701F40072B2F5007F00D1F5
:1076800000BFCA430280704770B502460024002341
:107690000025002040F66A16B14200D100BFC1F3B8
:1076A000421501F01F03012606FA03F3012D02D152
:1076B0009689334006E0022D02D1168A334001E05C
:1076C000968A33400C12012606FA04F416883440D8
:1076D00013B10CB1012000E0002070BD10B50022F4
:1076E000002340F66A14A14200D100BF0A1201240F
:1076F0009440A3B2DC43048010BD00000038014078
:107700000044004000480040004C00400050004051
:1077100001460020FE4A106800F03800084310605F
:107720007047FB49096821F00801F94A11601146C8
:107730000968014311607047F549096821F010019B
:10774000F34A116011460968014311607047F1481E
:10775000EF494860F04848607047EE48EC4948609F
:10776000ED4848607047EA48006940F08000E84909
:1077700008617047E648006940F08000E44908610C
:1077800070470420E249C96801F0010109B10120F4
:107790000EE0DF49C96801F0040109B1022007E0E9
:1077A000DB49C96801F0100109B1032000E00420A1
:1077B000704700B502460423FFF7E3FF034603E0EA
:1077C000FFF7DFFF0346521E012B01D1002AF7D13C
:1077D00002B90523184600BD30B5044604254FF410
:1077E0003020FFF7E6FF0546042D17D1C848006991
:1077F00040F00200C649086108464461006940F053
:10780000400008614FF43020FFF7D3FF0546C04821
:10781000006941F6FD710840BD490861284630BD48
:1078200010B504244FF43020FFF7C3FF0446042CA6
:1078300016D1B748006940F00400B5490861084610
:10784000006940F0400008614FF43020FFF7B1FFBD
:107850000446AF48006941F6FB710840AC49086135
:10786000204610BD00B502460423FFF78AFF0346F9
:1078700003E0FFF786FF0346521E012B01D1002AC9
:10788000F7D102B90523184600BD10B504244FF402
:107890003020FFF7E7FF0446042C16D19C4800690E
:1078A00040F004009A4908610846006940F0400031
:1078B00008614FF43020FFF7D5FF04469448006973
:1078C00041F6FB71084092490861204610BD002036
:1078D0008F49C96901F0020109B1012000E00020CF
:1078E000704730B5A5250424FFF7F1FF00B100254E
:1078F0004FF43020FFF75DFF0446042C3AD1854851
:1079000083498860844888600846006940F0200008
:1079100008610846006940F0400008614FF43020DB
:10792000FFF747FF0446042C1BD17948006941F654
:10793000DF710840764908610846006940F0100090
:10794000086176480580E002FFF733FF0446052C06
:1079500010D06F48006941F6EF7108406C4908612A
:1079600008E0052C06D06A48006941F6EF7108402E
:1079700067490861204630BD78B506460C460425A7
:1079800000200090E802FFF714FF0546042D24D1E3
:107990005F48006940F001005D4908613480E802F9
:1079A000FFF707FF0546042D10D1B01C0090200CF6
:1079B00000990880E802FFF7FCFE0546544800697C
:1079C00041F6FE7108405249086106E050480069DE
:1079D00041F6FE7108404E490861284678BD70B5F1
:1079E00004460D460426F002FFF7E3FE0646042E89
:1079F00011D14748006940F00100454908612580E0
:107A0000F002FFF7D6FE06464148006941F6FE71D6
:107A100008403F490861304670BD70B505460E46C6
:107A20000424E002FFF7C5FE0446042C17D13948B0
:107A300037498860384888600846006940F010007F
:107A400008612E80E002FFF7B4FE0446052C06D044
:107A50002F48006941F6EF7108402D490861204622
:107A600070BD2DE9F04304464FF6FF763746B04629
:107A7000B1460425E443E6B2C4F30727C4F307483C
:107A80004FEA1469E802FFF794FE0546042D49D138
:107A900020481F498860204888600846006940F0F7
:107AA00010000861FF2E06D01C4808300680E8024E
:107AB000FFF77FFE0546042D08D1FF2F06D017489B
:107AC0000A300780E802FFF774FE0546042D0AD14C
:107AD000B8F1FF0F07D011480C30A0F80080E80281
:107AE000FFF767FE0546042D0AD1B9F1FF0F07D055
:107AF0000A480E30A0F80090E802FFF75AFE05464B
:107B0000052D0FD00248006941F6EF71084007E0EB
:107B10000020024023016745AB89EFCD00F8FF1F2D
:107B2000664908612846BDE8F08330B5054604245F
:107B30004FF43020FFF73DFE0446042C41D160484D
:107B40005E4988605F4888600846006940F0200010
:107B500008610846006940F0400008614FF4302099
:107B6000FFF727FE0446042C22D15448006941F651
:107B7000DF710840514908610846006940F0100073
:107B800008611DB100205049088002E0A5204E493F
:107B900008804FF43020FFF70CFE0446052C10D06F
:107BA0004648006941F6EF7108404449086108E021
:107BB000052C06D04148006941F6DF7108403F4975
:107BC0000861204630BDF0B505460E461746042430
:107BD0003B483A4988603B488860E002FFF7E9FD8E
:107BE0000446042C19D13548006940F0100033498F
:107BF000086147F0F800304328433349891C088066
:107C0000E002FFF7D6FD0446052C06D02B4800699C
:107C100041F6EF710840294908612046F0BD274828
:107C2000C069800870472548006A704700202349D2
:107C3000096801F0200109B1012000E0002070472F
:107C400029B11E4A126902431C4B1A6104E01B4A07
:107C500012698243194B1A617047014600200129BD
:107C600008D1164AD26902F001020AB1012008E0E7
:107C7000002006E0114AD2680A400AB1012000E063
:107C8000002070470D49C860704704200B49C9683F
:107C900001F0010109B101200EE00849C96801F0B5
:107CA000040109B1022007E00449C96801F010018C
:107CB00009B1032000E004207047000000200240CA
:107CC00023016745AB89EFCD00F8FF1F10B50446CF
:107CD000BE48844208D101218014FFF7AFF800218B
:107CE000A014FFF7ABF816E0B948844208D101218F
:107CF0000014FFF7B0F800212014FFF7ACF80AE0F9
:107D0000B448844207D10121C013FFF7A4F8002131
:107D1000E013FFF7A0F810BD10B50022028802F4AE
:107D200041520B884C8823438C882343CC882343BF
:107D30000C8923434C8923438C892343CC892343D7
:107D40001A430280838B4FF2FF74234083830B8A94
:107D5000038210BD2DE9F04F85B005460C464FF06B
:107D6000000902274FF000084FF0010B0026B24631
:107D7000A88B4FF240010840A88302202884B5F860
:107D80001C90A068022801D100BF38E0A08810B97B
:107D90004FF0010B01E04FF0020B8D48854200D1FE
:107DA00000E000BF6846FEF7C2FFDDF800A0E088F3
:107DB000B0F5007F0AD14FEA1A2000EB80004000A6
:107DC000A168B0FBF1F0401D86B20BE04FEA4B100A
:107DD000BAFBF0F000EB80004000A168B0FBF1F0CE
:107DE000401D86B20A20B6FBF0F606F00108A6EBAD
:107DF0000800C0F34F074FF6FF7000EA0828022F73
:107E000001DBFF2F02DD02274FF00008E08840EA87
:107E1000080038432884A088A18908436188084362
:107E20002188084340F4006040EA0909A5F81C9045
:107E300005B0BDE8F08F0021018041808180C180C4
:107E4000018141818181C181072101827047002127
:107E5000018041808180C180022181600021818177
:107E6000704721B1028842F04002028004E002889B
:107E70004FF6BF731A400280704721B1828B42F4E3
:107E80008062828304E0828B4FF6FF331A40828344
:107E9000704730B5002400230C110125A540ABB27A
:107EA0001AB185881D43858002E085889D438580C1
:107EB00030BD1AB183880B43838002E083888B43F3
:107EC00083807047818170470146888970474FF6EB
:107ED000FF62914204D0028842F48072028004E082
:107EE00002884FF6FF631A400280704721B18288F2
:107EF00042F00402828004E082884FF6FB731A404D
:107F00008280704702884FF2FF731A400280028815
:107F10000A4302807047018841F480510180704714
:107F200021B1028842F40052028004E002884DF63A
:107F3000FF731A400280704702460020012901D0D9
:107F4000108B00E0908A70470146088A7047B1F5AF
:107F5000804F04D1028842F48042028004E002880B
:107F60004BF6FF731A4002807047024600201389C7
:107F70000B400BB1012000E000207047CA43028192
:107F80007047F0B50246002000240023002501F0D0
:107F90000F070126BE40B4B20B1101269E40B3B2BA
:107FA000968806EA03051689264016B10DB1012010
:107FB00000E00020F0BD10B5002201F00F04012305
:107FC000A3409AB2D343038110BD000000300140AA
:107FD00000380040003C004010B50446FE48844292
:107FE00008D10121C014FEF729FF0021E014FEF79B
:107FF00025FFC4E0B4F1804F08D101210846FEF707
:108000002AFF00210120FEF726FFB8E0F348844252
:1080100008D101210220FEF71EFF00210220FEF7F9
:108020001AFFACE0EE48844208D101210420FEF79B
:1080300012FF00210420FEF70EFFA0E0E948844271
:1080400008D101210820FEF706FF00210820FEF7D5
:1080500002FF94E0E448844208D101211020FEF799
:10806000FAFE00211020FEF7F6FE88E0DF48844289
:1080700008D101212020FEF7EEFE00212020FEF78E
:10808000EAFE7CE0DA48844208D101214014FEF780
:10809000D5FE00216014FEF7D1FE70E0D548844281
:1080A00009D10121C804FEF7C9FE00214FF40020C8
:1080B000FEF7C4FE63E0D048844209D101210805DF
:1080C000FEF7BCFE00214FF48010FEF7B7FE56E02D
:1080D000CA48844209D101214805FEF7AFFE0021BC
:1080E0004FF40010FEF7AAFE49E0C548844208D1CB
:1080F00001214020FEF7AFFE00214020FEF7ABFE3D
:108100003DE0C048844208D101218020FEF7A3FE53
:1081100000218020FEF79FFE31E0BB48844208D159
:1081200001218015FEF797FE0021A015FEF793FEB2
:1081300025E0B648844209D101210804FEF77EFEFD
:1081400000214FF48030FEF779FE18E0B0488442F9
:1081500009D101214804FEF771FE00214FF40030DF
:10816000FEF76CFE0BE0AB48844208D10121880485
:10817000FEF764FE00214FF48020FEF75FFE10BD85
:1081800000220288944B98420ED0994B98420BD013
:10819000B0F1804F08D0914B984205D0904B984257
:1081A00002D0904B984204D14FF68F731A404B88FF
:1081B0001A438D4B984207D08C4B984204D04FF60F
:1081C000FF431A40CB881A4302808B8883850B8833
:1081D0000385814B98420BD0854B984208D08B4B3E
:1081E000984205D08A4B984202D08A4B984201D1DE
:1081F0000B7A038601238382704770B50024002226
:108200000023058C4FF6FE7635400584028C83886A
:10821000048B4FF68F752C40B51E2C400D882C43D7
:10822000751E2A400D892A434D882A436A4DA8426B
:108230000BD06F4DA84208D0744DA84205D0744DA4
:10824000A84202D0734DA84213D14FF6F7752A40C9
:108250004D892A434FF6FB752A408D882A434FF6F5
:10826000FF652B404FF6FF552B408D892B43CD8961
:108270002B4383800483CD888586028470BD70B5CE
:10828000002400220023058C4FF6EF76354005844C
:10829000028C8388048B48F6FF752C404FF6FF450F
:1082A0002C400D884FF6FF7606EA05252C434FF645
:1082B000DF752A400D8906EA05152A434D8806EA2E
:1082C00005152A43444DA84202D0494DA8421DD16C
:1082D0004FF67F752A404D894FF6FF7606EA051561
:1082E0002A434FF6BF752A408D8806EA05152A43B2
:1082F0004FF6FF352B404FF2FF752B408D8906EA74
:1083000085052B43CD8906EA85052B4383800483AD
:10831000CD880587028470BD70B50024002200233B
:10832000058C4FF6FF6635400584028C8388848B6C
:108330004FF68F752C404FF6FC752C400D882C4362
:108340004FF6FF552A400D894FF6FF7606EA0525C0
:108350002A434D8806EA05252A431F4DA84202D02C
:10836000234DA8421DD14FF2FF752A404D894FF68B
:10837000FF7606EA05252A434FF6FF352A408D8809
:1083800006EA05252A434EF6FF752B404DF6FF758C
:108390002B408D8906EA05152B43CD8906EA051584
:1083A0002B4383808483CD888587028470BD70B51C
:1083B000002200230024058C4EF6FF76354005840C
:1083C000038C8488828B48F6FF752A404FF6FF4560
:1083D0002A400D8820E00000002C014000040040ED
:1083E00000080040000C0040001000400014004055
:1083F00000340140004C0140005001400054014055
:1084000000180040001C00400020004000400140D7
:1084100000440140004801404FF6FF7606EA05257A
:108420002A434DF6FF752B400D8906EA05352B438F
:108430004D8806EA05352B43FA4DA84202D0FA4D85
:10844000A84208D14BF6FF752C408D894FF6FF7678
:1084500006EA85152C4384808283CD88A0F840509D
:10846000038470BD828B4FF2FF331A408283828B6C
:108470004FF6FF7303EA01231A4382837047F0B576
:108480000C461546002200210026078C4EF6FF7C84
:1084900007EA0C070784828B018C4FF6FF7707EA07
:1084A000043640F6FF473A404FF6FF7707EA0527C4
:1084B0003A434FF6FF7707EA03373A43D94FB842BA
:1084C0000ED0D94FB8420BD0B0F1804F08D0D74F63
:1084D000B84205D0D64FB84202D0D64FB84206D1E6
:1084E0004DF6FF77394046F48057394305E047F6AB
:1084F000FF57394044F48057394382830184F0BDEB
:10850000828B4FF6F3731A408283828B0A438283F5
:108510007047F0B50C461546002200210026078C56
:108520004FF6FF6C07EA0C070784828B018C4FF62D
:10853000FF7707EA04264FF60C773A404FF6FF77AD
:1085400007EA03172F433A43B64FB8420ED0B64F4F
:10855000B8420BD0B0F1804F08D0B44FB84205D02C
:10856000B34FB84202D0B34FB84206D14FF6FF57CF
:10857000394046F48077394305E04FF2FF573940E0
:1085800044F48077394382830184F0BD028B4FF23B
:10859000FF331A400283028B4FF6FF7303EA012375
:1085A0001A4302837047F0B50C461546002200219D
:1085B0000026078C4FF6EF7C07EA0C070784028B36
:1085C000018C4FF6FF7707EA041640F6FF473A4062
:1085D0004FF6FF7707EA03373A434FF6FF7707EA8C
:1085E00005273A438F4FB8420ED08F4FB8420BD079
:1085F000B0F1804F08D08D4FB84205D08C4FB842B3
:1086000002D08C4FB84206D14FF6DF77394046F0A2
:108610001007394305E04FF65F77394044F0100703
:10862000394302830184F0BD028B4FF6F3731A4085
:108630000283028B0A4302837047F0B50C4615464D
:1086400000220021068C4FF6FE773E400684028B06
:10865000018C4FF60C7632407E1C06EA03162E4340
:108660003243704EB0420ED06F4EB0420BD0B0F1DC
:10867000804F08D06D4EB04205D06D4EB04202D052
:108680006C4EB04206D14FF6FD76314044F0010603
:10869000314305E04FF6F576314044F001063143B1
:1086A00002830184F0BD70B505460C465D488542E5
:1086B0000ED05D4885420BD0B5F1804F08D05B48A5
:1086C000854205D05A48854202D05A48854200D199
:1086D00000E000BF208850B92389A288618828461D
:1086E000FFF7ABFFE1882846FFF79EFF25E02088D3
:1086F00004280AD12389A28861882846FFF753FFFE
:10870000E1882846FFF742FF17E0208808280AD1B1
:108710002389A28861882846FFF7FBFEE188284666
:10872000FFF7EEFE09E02389A28861882846FFF75B
:10873000A6FEE1882846FFF795FE70BD2DE9F041C1
:1087400005460C4600260127608808B9022600E08D
:108750000026A088012801D1022700E001272088F7
:10876000A0B92389A28861882846FFF766FFE188BF
:108770002846FFF759FF23893A4631462846FFF736
:1087800012FFE1882846FFF701FF13E02389A28842
:1087900061882846FFF707FFE1882846FFF7F6FEC5
:1087A00023893A4631462846FFF747FFE1882846A5
:1087B000FFF73AFFBDE8F0810A884B881A438B889F
:1087C0001A43CB881A430B891A434B891A438B8966
:1087D0001A43A0F8442070474FF6FF7181800021B2
:1087E0000180C18041800172704700210180418079
:1087F0008180C180018141818181C18170470021D7
:1088000001804180012181800021C1800181704768
:108810000021018041808180C1800181418181816D
:1088200070470000002C014000340140000400406B
:1088300000080040000C004021B1028842F0010213
:10884000028004E002884FF6FE731A4002807047EF
:1088500031B1B0F8442042F40042A0F8442005E0D1
:10886000B0F84420C2F30E02A0F8442070471AB1B9
:1088700083890B43838102E083898B438381704723
:108880008182704741EA0203A0F8483070471AB16C
:1088900083890B43838102E083898B438381704703
:1088A00001894FF6F8721140018170470A46002194
:1088B00001894FF68F73194011430181704730B51C
:1088C00004460D4629462046FFF7F0FF208940F078
:1088D0000700208130BD2DE9F04104460D461646C3
:1088E0001F46602D06D13B46012231462046FFF748
:1088F0005AFE05E03B46012231462046FFF79DFE29
:1089000029462046FFF7D2FF208940F0070020814A
:10891000BDE8F08130B50C4600210189C9B24FF69F
:10892000FF7505EA0325154325432943018130BD21
:108930002DE9F04105460E46174698460024434669
:108940003A4631462846FFF7E5FF2C894FF6F87086
:10895000044044F007044FF68F70044044F0700464
:108960002C81BDE8F081F0B504460D4616461F4641
:108970003B46324629462046FFF7CCFF208940F48B
:1089800080402081F0BD0185828270470A46002127
:1089900001884FF68F731940114301807047F0B57D
:1089A0000C4615461E460021002200230189028B39
:1089B000038C4FF6F877394021434FF6FC473A4095
:1089C00040F201173A434FF6DD773B404FF6FF7711
:1089D00007EA06172F433B43018102830384F0BD5E
:1089E0000A460021018B4FF68F7319401143018312
:1089F00070470A460021018B48F6FF7319404FF675
:108A0000FF7303EA02231943018370470A460021DA
:108A1000818B4FF68F7319401143818370470A464B
:108A20000021818B48F6FF7319404FF6FF7303EA6C
:108A3000022319438183704721B1028842F08002EA
:108A4000028004E002884FF67F731A40028070476C
:108A500021B1828842F00402828004E082884FF6CD
:108A6000FB731A408280704721B1828842F008026D
:108A7000828004E082884FF6F7731A408280704744
:108A800021B1828842F00102828004E082884FF6A0
:108A9000FE731A40828070470A460021018B4FF610
:108AA000F77319401143018370470A460021018B77
:108AB0004FF2FF7319404FF6FF7303EA0223194385
:108AC000018370470A460021818B4FF6F7731940E6
:108AD0001143818370470A460021818B4FF2FF7357
:108AE00019404FF6FF7303EA02231943818370474D
:108AF0000A460021018B4FF6FB7319401143018395
:108B000070470A460021018B4FF6FF3319404FF69C
:108B1000FF7303EA02231943018370470A460021C9
:108B2000818B4FF6FB7319401143818370470A46CE
:108B30000021818B4FF6FF3319404FF6FF7303EA94
:108B400002231943818370470A460021018B4FF6A7
:108B50007F7319401143018370470A460021018B3E
:108B6000C1F30E014FF6FF7303EA02231943018399
:108B700070470A460021818B4FF67F7319401143DD
:108B8000818370470A460021818BC1F30E014FF6A5
:108B9000FF7303EA02231943818370470A460021C9
:108BA000018C4FF6FD7319401143018470470A464A
:108BB0000021018C4FF6F77319401143018470476F
:108BC0000A460021018C4FF6DF7319404FF6FF7300
:108BD00003EA02131943018470470A460021018CFD
:108BE0004FF67F7319404FF6FF7303EA02131943E0
:108BF000018470470A460021018C4FF6FF5319404B
:108C00004FF6FF7303EA02231943018470470A46B3
:108C10000021018C4FF2FF7319404FF6FF7303EAF6
:108C200002231943018470470A460021018C4DF646
:108C3000FF7319404FF6FF7303EA023319430184AF
:108C4000704730B5002301248C40A3B2048C9C43B0
:108C50000484048C02FA01F5ADB22C43048430BDC7
:108C600030B5002304248C40A3B2048C9C430484BC
:108C7000048C02FA01F5ADB22C43048430BD70B50A
:108C80000346002000241846183001258D40ACB260
:108C90001D8CA5431D8409B1082909D100EB610091
:108CA000056825F0700505600568154305600EE050
:108CB0000D1FC5F34E052844056825F4E045056001
:108CC00005684FF6FF7606EA02263543056070BD5B
:108CD00021B1028842F00202028004E002884FF6CD
:108CE000FD731A400280704721B1028842F00402ED
:108CF000028004E002884FF6FB731A40028070473E
:108D000021B1828842F08002828004E082884FF69E
:108D10007F731A408280704702884FF6F7731A40BB
:108D2000028002880A430280704782884FF68F7360
:108D30001A40828082880A438280704702894FF6F7
:108D4000F8731A40028102890A430281704702893E
:108D50004FF67F731A40028102890A4302817047ED
:108D6000818470478185704781867047018770478D
:108D700081877047A0F84010704702884FF6FF4384
:108D80001A40028002880A43028070470146888E9A
:108D900070470146088F70470146888F704701462B
:108DA000B1F8400070470146888C70470146088D35
:108DB000704702460020138A0B400BB1012000E0EF
:108DC00000207047CA430282704730B50246002037
:108DD00000230024158A05EA0103958905EA0104A8
:108DE00013B10CB1012000E0002030BDCA43028263
:108DF00070470000002044490860091D0860091DF3
:108E00000860091D086041483F49143108607047F7
:108E100000213D498279002A3AD00A461268036847
:108E20009A430B461A600A1D126803689A430B1D89
:108E30001A60027911440A6803681A430A60324AC8
:108E40000832126803689A432F4B08331A601A1DC0
:108E5000126803689A432C4B0C331A604279102A2B
:108E60000ED11A1F126803681A43274B08331A6081
:108E70001A1D126803681A43234B0C331A600DE065
:108E80002149427911440A6803681A430A6005E0DF
:108E9000027911440A6803689A430A607047002106
:108EA000016001710C2141710021817170471649E7
:108EB000103109680143144A1032116070470146AD
:108EC0000020114A143212680A400AB1012000E061
:108ED000002070470C49143108607047014600209B
:108EE0000022094B1B6803EA0102074B14331B687D
:108EF0000B4013B10AB1012000E000207047024985
:108F0000143108607047000000040140FFFF0F00AB
:108F10000648804706480047FEE7FEE7FEE7FEE713
:108F2000FEE7FEE7FEE7FEE7FEE7FEE72B6A000846
:108F300031690008014600BF70474AF6AA20F64989
:108F40000860704710B54FF4C060FDF7C1FF2720DF
:108F5000F24908700020487001208870C8700846E7
:108F6000FDF7BBFF2620ED49087000204870022065
:108F700088700120C8700846FDF7AFFF2520E7493B
:108F8000087000204870032088700120C8700846CF
:108F9000FDF7A3FF3420E149087000204870887075
:108FA0000120C8700846FDF798FF0320DB490870D0
:108FB00001204870002088700120C8700846FDF725
:108FC0008CFF10BD704710B54FF08040FFF704F8DC
:108FD00040F6FF70D249888000200880C88008725F
:108FE00048804FF08040FFF7CBF87020CD490880D3
:108FF0000120488000208880C8800220088100204D
:1090000048814FF4807088810020C8814FF08040F3
:10901000FFF735F901218807FFF70EFC0120C04951
:109020008880472008800020C88010204880BE48E3
:10903000FFF7A6F810BD08B50121BC48FEF7E7F818
:109040004FF44240ADF8000003208DF802001420D8
:109050008DF803006946B648FEF708F84FF47470BF
:10906000ADF8000003208DF8020014208DF80300F5
:109070006946B048FDF7FAFF49F28010ADF80000EC
:1090800003208DF8020014208DF803006946AA48D9
:10909000FDF7ECFF02208DF802000420ADF800007F
:1090A00014208DF803006946A248FDF7DFFF012078
:1090B000ADF8000002208DF8020010208DF80300AA
:1090C00069469B48FDF7D2FF01209C49086030208B
:1090D000ADF8000002208DF8020004208DF8030096
:1090E00069469548FDF7C2FF8220ADF800000220D6
:1090F0008DF8020004208DF8030069468C48FDF7C6
:10910000B5FF2020ADF8000002208DF802000420F9
:109110008DF8030069468748FDF7A8FF46F208006E
:10912000ADF8000002208DF8020004208DF8030045
:1091300069468048FDF79AFF0320ADF800008DF8DE
:10914000020010208DF8030069467B48FDF78EFF72
:109150000420ADF800008DF8030003208DF8020014
:1091600069467748FDF782FF4020ADF800000420F3
:109170008DF8030003208DF8020069466E48FDF764
:1091800075FF4FF44050ADF8000010208DF803003B
:1091900003208DF8020069466548FDF767FF4FF42C
:1091A00080516348FEF70FF84FF400516048FEF716
:1091B0000CF84FF41040ADF8000010208DF80300BB
:1091C00002208DF8020069465A48FDF74FFF4FF420
:1091D0000060ADF8000010208DF8030003208DF82A
:1091E000020069465448FDF741FF4FF400415148E1
:1091F000FDF7E9FF4FF480514E48FDF7E4FF4FF4CF
:1092000000614D48FDF7DFFF4FF48070ADF80000BE
:1092100004208DF8030003208DF8020069464448BD
:10922000FDF724FF0120ADF8000002208DF80200B8
:1092300010208DF8030069463E48FDF717FF012115
:109240003C48FDF7C2FF0220ADF800008DF8020097
:1092500010208DF8030069463648FDF707FF02210C
:109260003448FDF7B2FF3820ADF8000003208DF838
:10927000020018208DF8030069462D48FDF7F6FE20
:109280004020ADF8000003208DF8020010208DF87A
:10929000030069462648FDF7E9FE40212448FDF712
:1092A00092FF08BD10B501213D20FDF7ADFD012164
:1092B0008803FDF7A9FD01214804FDF7B2FD012156
:1092C0008804FDF7AEFD0121C804FDF7AAFD0121C8
:1092D0000846FDF7A6FD01210220FDF7A2FD0121B0
:1092E0000846FDF784FD01214802FDF78DFD0121AF
:1092F000C803FDF796FD10BD014648F6A04005E005
:1093000000E0401E0028FCD148F6A0400A1EA1F152
:10931000010399B2F4D1704700300040EC00002006
:109320006A29002074290020000400400002300057
:10933000000C0140001001400008014080812142E2
:1093400000140140D448D54908604FF42F70FFF74E
:10935000D3FFFFF7A7FFFFF76EFE4FF49670FFF7FE
:10936000CBFFFFF79FFFFFF766FECD49481EB0F128
:10937000807F00D31CE0481E4FF0E0225061501760
:109380000122002808DA13071D0EC44B103300F029
:109390000F04241F1D5503E013071C0EC14B1C5462
:1093A00000BF00204FF0E02290610720106100BF55
:1093B000FFF709FE0CF004FA2AF0B6FE00F0D6F929
:1093C00000F012FA00F03FFBFFF7FCFD02F0FBFD9E
:1093D00004F035FC05F05DFB0AF0E5FF28F0C7F965
:1093E00027F02AFCFFF7AEFD2AF09EFE4FF4006145
:1093F000AD48FDF7E8FE28F013FBAC4908600968AA
:1094000008688047A9490968886880470CF0BEFB56
:1094100002F000FD0120A64908704FF4487026F0C4
:1094200072FB26F095F900F09DF90020A14988848F
:109430004FF47A70A04908809E48C088012804D162
:109440004FF4FA709D49088010E09A48C08868B9C6
:109450009848408D012803D1C8209849088005E02C
:109460009448408D10B90020944908800221944806
:10947000FDF7A9FE01209349087093A00AF0D6FEDB
:109480002BF09DFA044621469AA00AF0CFFE9D4992
:109490009DA00AF0CBFEA0480168A0A00AF0C6FE7D
:1094A0002BF0B8F82BF0D2F8A0A02CF0E7FAABE044
:1094B00000F0C9FA02F01EFB00F025FC00F03FFAB4
:1094C00000F0E1FB02F030FC7A48623000F07040BE
:1094D00000F1007077496231C1F3130100EB4110D4
:1094E000406A08B103F066FC02F091FD03F082F8D7
:1094F00005F05AFA04F0AEFB04F03EFE09F080FAE3
:1095000007F0DCFA08F0F3FC0BF0F7FD0AF063FF5C
:109510000BF03EFB0BF0F2FD0BF00FFE6548808C6C
:10952000E0B96448203000F0704000F100706149FB
:109530002031C1F3130100EB4110006870B15D48A8
:10954000C088012806D10EF072FB5A48008A08B97B
:1095500010F07EF80CF05CFB0EF079F95548808C29
:10956000012801D110F004F80FF08EFEFFF7E5FCA2
:109570007248008C012802DB02F0CAFC00E000BF48
:109580006F48007820B911F0AEF901206C490870DD
:109590006B480078012831D124F0D2FE25F07CFB05
:1095A0004448223000F0704000F1007041492231FF
:1095B000C1F3130100EB41100068F8B16148007875
:1095C000032803DB5F4800781B2802DB0AF04BFB13
:1095D0000EE05D48007848B95C48007830B95C48D6
:1095E000007818B95B480088642801DB0AF03BFB6F
:1095F00059480078022801D105F01AFB514800783B
:109600001B2801D12BF046F852E745F25552534B37
:109610001A601A46506091604AF6AA221A604CF607
:10962000CC421A6070477047704731B5BDF80040B2
:1096300001214B48FFF700F921464948FFF790FB0D
:1096400003E04748FFF7AFFB0446012CF9DC00219B
:109650004348FFF7F1F838BD31B5002405E04FF479
:109660007A70FFF7E2FF601C84B2BDF8000084420C
:10967000F5DB38BD31B5002405E04FF47A70FFF713
:10968000D4FF601C84B2BDF800008442F5DB38BD15
:10969000C2684A40C26070470068000808ED00E0F8
:1096A0004019010000E400E000080140D40200205D
:1096B000420100201E160020440300204203002027
:1096C000001001402F0300200D0A0D0A2A2A2A2A21
:1096D0002A2A2A2A2ABFAACABCD4CBD0D0D3C3BB39
:1096E000A7B3CCD0F22A2A2A2A2A2A2A2A2A0D0A01
:1096F00000000000D3B2BCFEB0E6B1BE3A25640D56
:109700000A00000000880308C9E8B1B8D0CDBAC586
:109710003A25730D0A00000034040020B9CCBCFEC9
:10972000B0E6B1BE3A25730D0A000000757365728C
:109730002073746172740D0A000000005A0C00203E
:10974000F0000020B9010020BA010020BD01002076
:1097500089020020B60100209F0100200030004057
:1097600000040040704701467047704740F21320E4
:10977000F649A1F8900040F2E970A1F89200DD20CE
:10978000A1F894006D20A1F882000020F049088023
:109790004FF47A70EF49A1F85A01EF490880EF4978
:1097A0000880EF490880EF4908800120EE490880D1
:1097B0000020EE49C884A1F87600A1F8C600A1F8FF
:1097C0001601EB490870EB490870EB490870EB494A
:1097D0000870EB490870EB490870EB490870EB49D9
:1097E0000870EB490870704710B50CF00DF8642252
:1097F0000021D6480CF0A7F90CF006F84FF490724F
:109800004FF48071E3480CF09EF9D048C08FCF49E7
:10981000A1F866000846B0F84800DF494843DF4930
:109820000860CA4890F84A0040B20871C74890F8EA
:109830004C004871C54890F84E008871C34890F8B4
:109840005000C871C148B0F8520008B1012000E0D2
:109850000020D2490872BD48B0F8540008B1012078
:1098600000E00020CD494872B848B0F8560008B171
:10987000012000E00020C9498872B448B0F85800BF
:1098800008B1012000E00020C449C872AF4890F838
:109890005A000873AD48B0F85E000861AB48B0F8F4
:1098A00060004861A94890F85C000876A748808A63
:1098B000BB49A1F85002A548C08AA1F85202A348AA
:1098C000008BA1F85402A148408BA1F8560210BDAC
:1098D0002DE9F04105460C461646FDF738FF3520C8
:1098E000FEF7D0F92846FDF777FF002708E034F8A7
:1098F000028B2846AD1C4146FEF771F8781C87B2F2
:10990000B742F4DBFDF72FFFBDE8F08110B500236F
:1099100005E031F8024B20F8024B5C1CA3B29342E5
:10992000F7DB10BD30B51346002405E011F8012B1C
:1099300000F8012B651CACB29C42F7DB30BD10B5C2
:109940009848007801281ED197480078D8B900209F
:109950007E49A1F870000BF057FF642200217B487C
:109960000CF0D1F84FF490724FF4807189480CF0EC
:10997000CAF811207549A1F8700001208A490870C1
:109980000020884908707148B0F8700041F28831B1
:10999000884203D08248408A88421CD1824800789D
:1099A000C8B900206949A1F870000BF02DFF6422AE
:1099B000002166480CF0A7F84FF490724FF48071C4
:1099C00074480CF0A0F841F288306049A1F87000AA
:1099D00001207549087075484078754909788842B2
:1099E00030D07148007868B370484078704908708A
:1099F00070480088401C6F490880084600889628F7
:109A00000CDD69480078012808D1022066490870F9
:109A100041F270704D49A1F8700013E0654800886C
:109A2000B0F5967F0EDD6048007802280AD16420E8
:109A30005F49087000205F4908805B49087043490E
:109A4000A1F8700010BD2DE9FF4700253F48B0F890
:109A50007000B0F5FA6F0BD13C48B0F8720041F2DB
:109A6000E101884204D15448007808B9012533E067
:109A70003648C088B0F5FA6F0CDD34488088B0F500
:109A8000FA6F07DD4C48007820B9022501204549CE
:109A9000087021E02D48C08890B92C48808878B99A
:109AA0002A48B0F84E0058B92848B0F8500038B9E4
:109AB0004148007820B9032501203A4908700BE09D
:109AC0002248C08FB0F5614F06DD3B48007818B9D9
:109AD0000425012033490870002D36DD002407E0FD
:109AE00004F122002B49085C0DF80400601CC4B28C
:109AF0000B2CF5DB4FF4907230492648FFF712FF2C
:109B0000002407E01DF8041004F12200214A11543A
:109B1000601CC4B20B2CF5DB0C48068D478DB0F8E9
:109B20002C80B0F8129032222549FFF7EFFE07484B
:109B300006854785A0F82C80A0F81290012D41D110
:109B400040F2DF300149488749E064E01E160020FA
:109B5000060100207208002052000020540000205E
:109B600056000020580000201E0100206E19002021
:109B700092000020BC000020BD000020BE0000209C
:109B8000BF000020C0000020C1000020C200002053
:109B9000C30000204E18002040420F00F0030020B8
:109BA0005A0C00200201002000010020580800206B
:109BB000FD000020FE000020FC0000208874030847
:109BC00024720308022D04D14FF47870FE494887AF
:109BD00005E0032D03D140F2E130FB494887002521
:109BE000FA48007860B94FF4FA60F749A1F87000BC
:109BF00041F2E100A1F872000120F549087009E086
:109C00000020F44908704FF47A70EF49A1F872000F
:109C1000FFF795FE00BFF0488078F0490978884248
:109C20002FD0EB48007860B3EB488078EB490870A0
:109C3000EB480088401CEA49088008460088022852
:109C40000CDDE3480078012808D10220E0490870C3
:109C500041F27070DC49A1F8720012E0E04800881F
:109C600004280EDDDA48007802280AD16420DB4996
:109C700008700020DA490880D5490870D249A1F857
:109C80007200BDE8FF87D048B0F87000B0F5FA6FF9
:109C90001CD1D1488078D3490978884216D0CE4863
:109CA0008078D0490870D0480088401CCE49088090
:109CB00008460088B0F5617F08DD6420C949087056
:109CC0000020C94908800120C049087070472DE96B
:109CD000F047044689462012C449C8708C704FEA88
:109CE0002920487081F8009008682BF0DCFB0746BB
:109CF0000022BF4B2BF06EFA05462BF0BBFB8246D1
:109D00005046BDE8F08700B58BB0BA480078AE4940
:109D1000A1F88A000846B0F84C000A2824D2DFE8EF
:109D200000F005080B0E1114171A1D20B2480490FC
:109D30001DE0B24804901AE0B148049017E0B14821
:109D4000049014E0B048049011E0B04804900EE094
:109D5000AF4804900BE0AF48049008E0AE48049090
:109D600005E0AE48049002E0AA48049000BF00BF9E
:109D70009548B0F85000052815D2DFE800F0030739
:109D80000A0D10004FF07E5003900FE0A44803909E
:109D90000CE0A448039009E0A348039006E04FF0CC
:109DA0007C50039002E09F48039000BF00BF8648AC
:109DB000B0F84E0001902BF0EEFA02900499029850
:109DC0002BF0F1F8019003992BF0EDF802907E480A
:109DD00090F84E100120884080B20A900A982BF02B
:109DE000DAFA0146009002982BF00FF98F490190A2
:109DF0002BF0D9F8029002982BF009FB7249A1F8D8
:109E0000840001F1200000F0704000F1007020316A
:109E1000C1F3130100EB4110406868B100226A48A9
:109E2000223000F0704000F1007067492231C1F328
:109E3000130100EB411042606348223000F0704093
:109E400000F1007060492231C1F3130100EB4110B1
:109E5000806868B100225C48223000F0704000F158
:109E6000007059492231C1F3130100EB4110C26067
:109E70005548C088F0BB6E4800885349A1F8B0002F
:109E80006B48408DA1F8B2006948008CA1F8B4007D
:109E90006748008EA1F8B6006548C08DA1F8B800EB
:109EA0006348408FA1F8C2006148808FA1F8BA00D2
:109EB0005F48B0F84000A1F8BC005D48B0F86A0007
:109EC000A1F8BE005A48B0F86C103F48A0F8C01086
:109ED0005848B0F8B4003C49A1F800015548B0F822
:109EE000B600A1F802015348B0F8B000A1F804018F
:109EF000504800E00AE0808DA1F806014D48008E30
:109F0000A1F808010846408AA1F80A014A480088D9
:109F100000281CDD0120494908602F484078484945
:109F20000978884213D02C48407845490870424847
:109F30000088401C404908800846008842F6E061DD
:109F4000884204DD00203C4908803C49086000202C
:109F500008900A9012E00A9880303A49085C09900B
:109F600039490A98095C0998814203DB0898401C2A
:109F700080B208900A98401C80B20A900A9804287F
:109F8000E9DB002007900A900CE030490A98085C51
:109F90000A2803DB0798401C80B207900A98401CEF
:109FA00080B20A900A980428EFDB0748223000F0BC
:109FB000704000F1007004492231C1F3130100EB3D
:109FC0004110406844E000001E16002002010020FD
:109FD000FC0000200001002058080020F8000020AC
:109FE000FA000020010100200401002028010020C7
:109FF00000002440B90100209A99F9406666264184
:10A000009A9979416666A6419A99F941666626420F
:10A0100000007A420000FA4200007A430000FA434E
:10A02000CDCC4C3FABAA2A3F2549123F0000C84285
:10A03000F21400205A0C00201E01002080812142D1
:10A040001C0100204E180020E40100200602002020
:10A0500060B9FE4800F0704000F10070FB49C1F3A8
:10A06000130100EB4110C06800287DD0F84800883B
:10A0700000F00400F8B1F7480078F749097808447F
:10A08000F64909780844F64909780844F5490978F9
:10A090000844F549097801440898014407980844A0
:10A0A000F24909780844F24909780844F1490978E5
:10A0B000084400285CDDF0488078F049097888423F
:10A0C00059D0ED488078ED490870ED480088401C73
:10A0D000EB4908800846008850284CDD6420E74999
:10A0E00008700020E6490880012240F22551D84836
:10A0F0000C38FDF7E4F9D648008840F00400D44954
:10A1000008800020D3490870D3490870D3490870EB
:10A110000A9007E00021DB4A0A9811540A98401C73
:10A1200080B20A900A980428F4DB00200A9007E025
:10A130000021D54A0A9811540A98401C80B20A900E
:10A140000A980428F4DB0020D04908700120D04987
:10A1500008700121CF48FDF736F840F6B83025F0F9
:10A16000D2FC0121CB4800E005E0FDF72EF802E02B
:10A170000020C3490880B54800F0704000F100702D
:10A18000B249C1F3130100EB4110006830B3BA4883
:10A190008078C1490978884220D0B7488078BE4984
:10A1A0000870BE480088401CBC49088008460088EA
:10A1B000B0F5966F12DD00200880B44908700120C8
:10A1C000B34908700121B348FCF7FDFF40F6B830F1
:10A1D00025F099FC0121AF48FCF7F7FF9B48223896
:10A1E00000884EF66021884228D0A348C078AC4948
:10A1F0000988884222D0A048C178A9480180A9488E
:10A200000088401CA74908809048223800880988A7
:10A21000884213DC0020A34908809C490870012073
:10A220009B49087001219B48FCF7CDFF40F6B830F0
:10A2300025F069FC01219748FCF7C7FF9A4890F880
:10A2400039000990984890F83A10099801EB0020DD
:10A250007E492239C887944890F83B00A1F8400015
:10A26000914890F83C1079482238A0F842108E4866
:10A2700090F83D0075492239A1F844008A4890F8C9
:10A280003E00A1F846000846C08FB1F8661088422B
:10A2900027D16E482238B0F840006C492239B1F815
:10A2A000681088421DD169482238B0F842006749D9
:10A2B0002239B1F86A10884213D164482238B0F8C4
:10A2C000440062492239B1F86C10884209D15F48D4
:10A2D0002238B0F846005D492239B1F86E10884244
:10A2E0001CD05A482238C08F58492239A1F866003C
:10A2F0000846B0F84000A1F868000846B0F84200EF
:10A30000A1F86A000846B0F84400A1F86C000846BD
:10A31000B0F84610A0F86E1003F0F8FB6348008810
:10A32000B0F5967F1ADD49482238B0F88000082839
:10A3300005DB46482238B0F8800063280ED10020A3
:10A340005A4908805A48006820B100205849803195
:10A35000086003E001205649803108604C480078CD
:10A36000112819DA01205349086053480088B0F5D4
:10A37000967F21DD0020504908804E488C380068C7
:10A38000012804D100204B490C39086014E0012059
:10A3900048490C3908600FE03D48007811280BDB74
:10A3A0003B4800781B2807DA0020414980310860CB
:10A3B00001204249C1F8B001354800781B2843DB31
:10A3C0003F480178407808443D49897808443C4931
:10A3D000C978084490B938480088322809DD00203F
:10A3E0003549088033488038006818B10020314969
:10A3F000086098E001202F49086094E00020059053
:10A400000A9015E048210A9801EB80012648415C3A
:10A410000A98C0EB40109D30234A105C084418B1E4
:10A420000598401CC0B205900A98401C80B20A9062
:10A430000A980428E6DB2348007822494978014439
:10A440002048807801443FE07EE000004016002074
:10A450000C440040C5010020C60100206802002015
:10A4600084020020C7010020C80100205A020020F9
:10A470005E02002062020020580800201001002027
:10A4800012010020E4010020060200206A020020E0
:10A49000B901002000100140180100201A0100201D
:10A4A00024010020260100204E1800200E0100206B
:10A4B0002C012142BC01224208010020000022425E
:10A4C0002F02002041020020FD48C0780144059879
:10A4D000814214D1FB480088B0F57A7F23DD00204B
:10A4E000F8490880F848006820B10021F64880301B
:10A4F000016018E00120F4498031086013E0F14860
:10A500000088B0F5967F0EDD0020EE490880EE4809
:10A51000006820B10020EC498031086003E001218F
:10A52000E94880300160E9480188E948008808442A
:10A53000002805DD4FF48051E648FFF7A9F803E055
:10A540000120E14974310860E3480088E349098843
:10A550000844002804DD2021E148FFF799F802E0D3
:10A560000120E0490860E0484078E04909788842E5
:10A5700025D0D5480C380068C0B9DB484078DB49A5
:10A580000870DB480088401C81B2D94801800088EF
:10A59000B0F5FA6F13DD0020D54908800121D548B8
:10A5A000017040F6B83025F0AEFA08E0D0480088D7
:10A5B000002804DDCE480088401ECD490880CE48E2
:10A5C000008A00287ED1CD48808F00B20690069880
:10A5D00000280EDA06984042C849A1F83C05084612
:10A5E000B0F83C0542F210710844C449A1F83C059A
:10A5F00004E0C248808FC149A1F83C05BF48C08F24
:10A6000000B20690069800280EDA06984042BB4930
:10A61000A1F83E050846B0F83E0542F21071084424
:10A62000B649A1F83E0504E0B448C08FB349A1F88B
:10A630003E05B248B0F88C0000B20690069800289B
:10A640000EDA06984042AD49A1F840050846B0F838
:10A65000400542F210710844A849A1F8400505E000
:10A66000A648B0F88C00A549A1F84005A348B0F869
:10A670008E0000B20690069800280FDA0698404235
:10A6800081B29E48A0F84215B0F8420542F210711E
:10A69000084481B29948A0F8421505E09748B0F8FF
:10A6A0008E009649A1F842059448B0F8DC0000B24B
:10A6B00006900698002810DA069840428F49A1F8C3
:10A6C000440500E0A1E00846B0F8440542F21071EC
:10A6D00008448A49A1F8440505E08848B0F8DC0040
:10A6E0008649A1F844058548B0F8DE0000B206901E
:10A6F000069800280EDA069840428049A1F84605DF
:10A700000846B0F8460542F2107108447B49A1F8AA
:10A71000460505E07948B0F8DE007849A1F846051D
:10A720007648B0F82C0100B20690069800280EDAA0
:10A73000069840427149A1F848050846B0F8480516
:10A7400042F2107108446D49A1F8480505E06B48D4
:10A75000B0F82C016949A1F848056848B0F82E0105
:10A7600000B20690069800280EDA06984042634927
:10A77000A1F84A050846B0F84A0542F210710844AB
:10A780005E49A1F84A0505E05C48B0F82E015B4936
:10A79000A1F84A055948B0F87C0100B20690069825
:10A7A00000280EDA069840425449A1F84C050846A4
:10A7B000B0F84C1542F2107008445049A1F84C050D
:10A7C00004E04E48B0F87C11A0F84C154B48B0F8A6
:10A7D0007E0100B20690069800280FDA06984042E3
:10A7E00081B24648A0F84E15B0F84E0542F21071FD
:10A7F00008444249A1F84E0501F079B93F48B0F844
:10A800007E013E49A1F84E05F6E73B48008A012843
:10A8100003D03948008A0228EED13948B0F85C02EA
:10A8200000B20690069800280EDA0698404281B2DF
:10A830003348A0F8DC13B0F8DC1342F2107008447F
:10A840002F49A1F8DC0305E02D48B0F85C022C4943
:10A85000A1F8DC032A48B0F85E0200B20690069820
:10A8600000280EDA069840422549A1F8DE03084682
:10A87000B0F8DE0342F2107108442149A1F8DE036A
:10A8800005E01F48B0F85E021D49A1F8DE031C4830
:10A89000B0F8600200B206900698002832DA0698F6
:10A8A00040421749A1F8E0030846B0F8E00342F23D
:10A8B0001071084481B21248A0F8E01328E00000AB
:10A8C00041020020080100203C0122428A010020B0
:10A8D0008C01002000100140A2010020A4010020F2
:10A8E0000014014094812242580800200A010020EF
:10A8F0000C010020B90100201E1600206E19002056
:10A900005A0C0020FE48B0F86002FD49A1F8E003AF
:10A91000FB48B0F8620200B20690069800280EDAF2
:10A9200006984042F649A1F8E2030846B0F8E2036F
:10A9300042F210710844F249A1F8E20305E0F04840
:10A94000B0F86202EE49A1F8E203ED48B0F8640203
:10A9500000B20690069800280EDA06984042E849B0
:10A96000A1F8E4030846B0F8E41342F2107008447A
:10A97000E349A1F8E40305E0E148B0F86402E049E6
:10A98000A1F8E403DE48B0F8660200B2069006982B
:10A9900000280FDA06984042D949A1F8E603084694
:10A9A000B0F8E60342F21071084481B2D448A0F82E
:10A9B000E61305E0D248B0F86602D149A1F8E603F3
:10A9C000CF48B0F88C0200B20690069800280EDA44
:10A9D0000698404281B2CA48A0F80C14B0F80C04A2
:10A9E00042F210710844C649A1F80C0404E0C448BE
:10A9F000B0F88C12A0F80C14C148B0F88E0200B266
:10AA00000690069800280EDA06984042BC49A1F844
:10AA10000E040846B0F80E0442F210710844B8491A
:10AA2000A1F80E0405E0B648B0F88E02B449A1F8CA
:10AA30000E04B348B0F8900200B2069006980028C1
:10AA40000EDA06984042AE49A1F810040846B0F864
:10AA5000100442F210710844A949A1F8100405E05D
:10AA6000A748B0F89002A649A1F81004A448B0F88D
:10AA7000920200B20690069800280EDA069840422C
:10AA80009F49A1F812040846B0F8120442F210716E
:10AA900008449B49A1F8120404E09948B0F89212C6
:10AAA000A0F812149648B0F8940200B206900698E6
:10AAB00000280EDA0698404281B29148A0F814149A
:10AAC000B0F8140442F2107108448D49A1F814043E
:10AAD00004E08B48B0F89412A0F814148848B0F839
:10AAE000960200B20690069800280EDA06984042B8
:10AAF0008349A1F816040846B0F8160442F2107112
:10AB000008447F49A1F8160405E07D48B0F8960294
:10AB10007B49A1F816047A48B0F8BC0200B206904E
:10AB2000069800280EDA069840427549A1F83C04C0
:10AB30000846B0F83C0442F2107108447049A1F88C
:10AB40003C0405E06E48B0F8BC026D49A1F83C0435
:10AB50006B48B0F8BE0200B20690069800280FDAE3
:10AB6000069840426649A1F83E040846B0F83E0403
:10AB700042F21071084481B26148A0F83E1405E029
:10AB80005F48B0F8BE025E49A1F83E045C48B0F8E8
:10AB9000C00200B20690069800280FDA06984042DC
:10ABA0005749A1F840040846B0F8401442F210702A
:10ABB000084481B25248A0F8401404E05048B0F86C
:10ABC000C012A0F840144E48B0F8C20200B206907D
:10ABD000069800280FDA0698404281B24848A0F84B
:10ABE0004214B0F8421442F21070084481B2444852
:10ABF000A0F8421404E04248B0F8C212A0F842148F
:10AC00003F48B0F8C40200B20690069800280EDA59
:10AC10000698404281B23A48A0F84414B0F844146F
:10AC200042F2107008443649A1F8440405E0344863
:10AC3000B0F8C4023249A1F844043148B0F8C60261
:10AC400000B20690069800280FDA0698404281B2BA
:10AC50002B48A0F84614B0F8460442F2107108449C
:10AC600081B22748A0F8461404E02548B0F8C6127F
:10AC7000A0F846142248B0F8EC0200B206900698FC
:10AC800000280FDA069840421D49A1F86C040846D6
:10AC9000B0F86C0442F21071084481B21848A0F870
:10ACA0006C1405E01648B0F8EC021549A1F86C04E4
:10ACB0001348B0F8EE0200B20690069800280FDAAA
:10ACC000069840420E49A1F86E040846B0F86E049A
:10ACD00042F21071084481B20948A0F86E1405E0F0
:10ACE0000748B0F8EE020649A1F86E040448B0F82F
:10ACF000F00200B206900698002812DA069801E0E9
:10AD00005A0C00204042FD49A1F870040846B0F8F2
:10AD1000700442F21071084481B2F848A0F870142F
:10AD200005E0F648B0F8F002F449A1F87004F348E1
:10AD3000B0F8F20200B20690069800280EDA0698E3
:10AD40004042EE49A1F872040846B0F8720442F29B
:10AD500010710844E949A1F8720405E0E748B0F829
:10AD6000F202E649A1F87204E448B0F8F40200B235
:10AD70000690069800280EDA06984042DF49A1F8AE
:10AD800074040846B0F8740442F210710844DB49B8
:10AD9000A1F8740405E0D948B0F8F402D749A1F845
:10ADA0007404D648B0F8F60200B20690069800285F
:10ADB0000EDA06984042D149A1F876040846B0F868
:10ADC000760442F210710844CC49A1F8760405E0FB
:10ADD000CA48B0F8F602C949A1F87604C748B0F8E5
:10ADE0001C0300B20690069800280EDA069840422E
:10ADF000C249A1F89C040846B0F89C0442F21071C4
:10AE00000844BE49A1F89C0405E0BC48B0F81C0306
:10AE1000BA49A1F89C04B948B0F81E0300B20690E4
:10AE2000069800280FDA06984042B449A1F89E041B
:10AE30000846B0F89E0442F21071084481B2AF484F
:10AE4000A0F89E1405E0AD48B0F81E03AB49A1F888
:10AE50009E04AA48B0F8200300B206900698002885
:10AE60000EDA06984042A549A1F8A0040846B0F8B9
:10AE7000A00442F210710844A049A1F8A00404E023
:10AE80009E48B0F82013A0F8A0149C48B0F8220304
:10AE900000B20690069800280EDA0698404281B269
:10AEA0009648A0F8A214B0F8A20442F21071084427
:10AEB0009249A1F8A20405E09048B0F822038F4916
:10AEC000A1F8A2048D48B0F8240300B206900698B9
:10AED00000280EDA069840428849A1F8A4040846E2
:10AEE000B0F8A41442F2107008448449A1F8A404F4
:10AEF00004E08248B0F82413A0F8A4147F48B0F806
:10AF0000260300B20690069800280FDA0698404201
:10AF10007A49A1F8A6040846B0F8A60442F21071D6
:10AF2000084481B27548A0F8A61405E07348B0F84B
:10AF300026037249A1F8A6047048B0F84C0300B289
:10AF40000690069800280EDA069840426B49A1F850
:10AF5000CC040846B0F8CC0442F2107108446749AA
:10AF6000A1F8CC0404E06548B0F84C13A0F8CC1468
:10AF70006248B0F84E0300B20690069800280EDA38
:10AF80000698404281B25D48A0F8CE14B0F8CE04D5
:10AF900042F2107108445949A1F8CE0405E057481F
:10AFA000B0F84E035549A1F8CE045448B0F8500308
:10AFB00000B20690069800280EDA0698404281B248
:10AFC0004E48A0F8D014B0F8D01442F210700844E3
:10AFD0004A49A1F8D00405E04848B0F85003474971
:10AFE000A1F8D0044548B0F8520300B20690069884
:10AFF00000280EDA069840424049A1F8D2040846DB
:10B00000B0F8D21442F2107008443C49A1F8D204BE
:10B0100005E03A48B0F852033849A1F8D20437485D
:10B02000B0F8540300B20690069800280EDA06988D
:10B0300040423249A1F8D4040846B0F8D40442F2A0
:10B04000107108442D49A1F8D40405E02B48B0F84C
:10B0500054032A49A1F8D4042848B0F8560300B292
:10B060000690069800280EDA069840422349A1F877
:10B07000D6040846B0F8D60442F2107108441F49BD
:10B08000A1F8D60405E01D48B0F856031B49A1F805
:10B09000D6041A48B0F87C0300B20690069800283F
:10B0A0000EDA069840421549A1F8FC040846B0F8AB
:10B0B000FC0442F2107108441049A1F8FC0405E0B8
:10B0C0000E48B0F87C030D49A1F8FC040B48B0F819
:10B0D0007E0300B206900698002811DA06984042D6
:10B0E00081B20648A0F8FE14B0F8FE0442F21071D6
:10B0F00008440249A1F8FE0408E000005A0C0020B0
:10B10000FE48B0F87E03FD49A1F8FE04FB48B0F804
:10B11000800300B20690069800280EDA0698404296
:10B12000F649A1F800050846B0F8000542F2107192
:10B130000844F249A1F8000504E0F048B0F8801393
:10B14000A0F80015ED48B0F8820300B2069006980A
:10B1500000280EDA0698404281B2E848A0F80215AD
:10B16000B0F8020542F210710844E449A1F8020562
:10B1700005E0E248B0F88203E049A1F80205DF48A3
:10B18000B0F8840300B20690069800280EDA0698FC
:10B19000404281B2D948A0F80415B0F8041542F233
:10B1A00010700844D549A1F8040504E0D348B0F86C
:10B1B0008413A0F80415D148B0F8860300B20690B5
:10B1C000069800280FDA06984042CC49A1F80605F7
:10B1D0000846B0F8060542F21071084481B2C7482B
:10B1E000A0F8061505E0C548B0F88603C349A1F8E4
:10B1F0000605C248B0F8AC0300B2069006980028D5
:10B200000FDA06984042BD49A1F82C050846B0F86F
:10B210002C1542F21070084481B2B848A0F82C15E1
:10B2200004E0B648B0F8AC13A0F82C15B348B0F859
:10B23000AE0300B20690069800280FDA0698404246
:10B2400081B2AE48A0F82E15B0F82E0542F210716A
:10B25000084481B2A948A0F82E1505E0A748B0F827
:10B26000AE03A649A1F82E05A448B0F8B00300B279
:10B270000690069800280EDA069840429F49A1F8E9
:10B2800030050846B0F8301542F2107008449B496A
:10B29000A1F8300504E09948B0F8B013A0F83015D3
:10B2A0009648B0F8B20300B20690069800280FDA6C
:10B2B000069840429149A1F832050846B0F8320597
:10B2C00042F21071084481B28C48A0F8321505E0B2
:10B2D0008A48B0F8B2038949A1F832058748B0F826
:10B2E000B40300B20690069800280EDA0698404291
:10B2F0008249A1F834050846B0F8340542F21071CD
:10B3000008447E49A1F8340505E07C48B0F8B40350
:10B310007A49A1F834057948B0F8B60300B206902E
:10B32000069800280FDA069840427449A1F83605BD
:10B330000846B0F8360542F21071084481B26F48F1
:10B34000A0F8361504E06D48B0F8B613A0F836152D
:10B350006A48B0F86A0201906848B0F86802009044
:10B360000199FEF7B4FC0A21B0FBF1F081B2634809
:10B37000A0F8E813B0F86E0201906048B0F86C02D3
:10B3800000900199FEF7A3FC0A21B0FBF1F05B49A4
:10B39000A1F8EA030846B0F8720201900846B0F836
:10B3A000700200900199FEF792FC0A21B0FBF1F0C7
:10B3B00081B25248A0F8EC13B0F8760201904F48E1
:10B3C000B0F8740200900199FEF781FC4B49A1F896
:10B3D000EE030846B0F87A0201900846B0F8780209
:10B3E00000900199FEF773FC81B24448A0F8F01375
:10B3F000B0F87E0201904148B0F87C0200900199BB
:10B40000FEF765FC81B23D48A0F8F213B0F8820265
:10B4100001903A48B0F8800200900199FEF757FC7D
:10B4200081B23648A0F8F413B0F886020190334890
:10B43000B0F8840200900199FEF749FC2F49A1F869
:10B44000F6030846B0F89A0201900846B0F8980250
:10B4500000900199FEF73BFC0A21B0FBF1F081B2AC
:10B460002648A0F81814B0F89E0201902348B0F8BE
:10B470009C0200900199FEF72AFC0A21B0FBF1F032
:10B4800081B21E48A0F81A14B0F8A20201901B481D
:10B49000B0F8A00200900199FEF719FC0A21B0FB58
:10B4A000F1F081B21548A0F81C14B0F8A602019082
:10B4B0001248B0F8A40200900199FEF708FC0F4969
:10B4C000A1F81E040846B0F8AA0201900846B0F898
:10B4D000A80200900199FEF7FAFB0849A1F82004A0
:10B4E0000846B0F8AE0201900846B0F8AC020090F1
:10B4F0000199FEF7ECFB014902E000005A0C002024
:10B50000A1F822040846B0F8B20201900846B0F84B
:10B51000B00200900199FEF7DAFB81B2FE48A0F874
:10B520002414B0F8B6020190FB48B0F8B4020090C1
:10B530000199FEF7CCFBF849A1F826040846B0F8BB
:10B54000CA0201900846B0F8C80200900199FEF7BF
:10B55000BEFB0A21B0FBF1F081B2EF48A0F848141D
:10B56000B0F8CE020190EC48B0F8CC0200900199FE
:10B57000FEF7ADFB0A21B0FBF1F081B2E648A0F87E
:10B580004A14B0F8D2020190E348B0F8D00200901B
:10B590000199FEF79CFB0A21B0FBF1F0DE49A1F80E
:10B5A0004C040846B0F8D60201900846B0F8D40220
:10B5B00000900199FEF78BFBD749A1F84E0408468D
:10B5C000B0F8DA0201900846B0F8D802009001996C
:10B5D000FEF77DFB81B2D048A0F85014B0F8DE022F
:10B5E0000190CD48B0F8DC0200900199FEF76FFBA6
:10B5F00081B2C948A0F85214B0F8E2020190C648DE
:10B60000B0F8E00200900199FEF761FBC249A1F891
:10B6100054040846B0F8E60201900846B0F8E40287
:10B6200000900199FEF753FBBB49A1F85604084668
:10B63000B0F8FA0201900846B0F8F80200900199BB
:10B64000FEF745FB0A21B0FBF1F081B2B248A0F849
:10B650007814B0F8FE020190AF48B0F8FC020090F8
:10B660000199FEF734FB0A21B0FBF1F081B2AA4840
:10B67000A0F87A14B0F802030190A748B0F80003CC
:10B6800000900199FEF723FB0A21B0FBF1F081B293
:10B69000A148A0F87C14B0F8060301909E48B0F8C9
:10B6A000040300900199FEF712FB81B29A48A0F8BA
:10B6B0007E14B0F80A0301909748B0F80803009090
:10B6C0000199FEF704FB81B29348A0F88014B0F80A
:10B6D0000E0301909048B0F80C0300900199FEF71A
:10B6E000F6FA81B28C48A0F88214B0F812030190E7
:10B6F0008948B0F8100300900199FEF7E8FA81B28A
:10B700008548A0F88414B0F8160301908248B0F878
:10B71000140300900199FEF7DAFA7F49A1F8860434
:10B720000846B0F82A0301900846B0F828030090B4
:10B730000199FEF7CCFA0A21B0FBF1F081B276480C
:10B74000A0F8A814B0F82E0301907348B0F82C03A9
:10B7500000900199FEF7BBFA0A21B0FBF1F06E49A7
:10B76000A1F8AA040846B0F8320301900846B0F8E0
:10B77000300300900199FEF7AAFA0A21B0FBF1F01C
:10B780006549A1F8AC040846B0F8360301900846B4
:10B79000B0F8340300900199FEF799FA81B25E483F
:10B7A000A0F8AE14B0F83A0301905B48B0F8380343
:10B7B00000900199FEF78BFA81B25748A0F8B014B7
:10B7C000B0F83E0301905448B0F83C030090019952
:10B7D000FEF77DFA5049A1F8B2040846B0F84203DA
:10B7E00001900846B0F8400300900199FEF76FFA07
:10B7F00081B24948A0F8B414B0F846030190464815
:10B80000B0F8440300900199FEF761FA81B2424812
:10B81000A0F8B614B0F85A0301903F48B0F85803A6
:10B8200000900199FEF753FA0A21B0FBF1F03A4972
:10B83000A1F8D8040846B0F85E0301900846B0F8B5
:10B840005C0300900199FEF742FA0A21B0FBF1F087
:10B850003149A1F8DA040846B0F8620301900846BD
:10B86000B0F8600300900199FEF731FA0A21B0FBAD
:10B87000F1F081B22848A0F8DC14B0F8660301901A
:10B880002548B0F8640300900199FEF720FA224998
:10B89000A1F8DE040846B0F86A0301900846B0F843
:10B8A000680300900199FEF712FA81B21A48A0F8D5
:10B8B000E014B0F86E0301901748B0F86C030090E4
:10B8C0000199FEF704FA81B21348A0F8E214B0F827
:10B8D000720301901048B0F8700300900199FEF7D0
:10B8E000F6F981B20C48A0F8E414B0F876030190A0
:10B8F0000948B0F8740300900199FEF7E8F9064989
:10B90000A1F8E6040846B0F88A0301900846B0F8AA
:10B9100088030090019901E05A0C0020FEF7D7F946
:10B920000A21B0FBF1F081B2FD48A0F80815B0F88B
:10B930008E030190FA48B0F88C0300900199FEF74D
:10B94000C6F90A21B0FBF1F0F549A1F80A0508464D
:10B95000B0F8920301900846B0F890030090019966
:10B96000FEF7B5F90A21B0FBF1F0ED49A1F80C059D
:10B970000846B0F8960301900846B0F8940300908A
:10B980000199FEF7A4F981B2E548A0F80E15B0F8C8
:10B990009A030190E248B0F8980300900199FEF7ED
:10B9A00096F9DF49A1F810050846B0F89E0301900A
:10B9B0000846B0F89C0300900199FEF788F9D84931
:10B9C000A1F812050846B0F8A20301900846B0F8A5
:10B9D000A00300900199FEF77AF9D149A1F8140566
:10B9E0000846B0F8A60301900846B0F8A4030090FA
:10B9F0000199FEF76CF9CA49A1F816050846B0F896
:10BA0000BA0301900846B0F8B80300900199FEF718
:10BA10005EF90A21B0FBF1F0C149A1F838050846EA
:10BA2000B0F8BE0301900846B0F8BC03009001993D
:10BA3000FEF74DF90A21B0FBF1F0B949A1F83A053A
:10BA40000846B0F8C20301900846B0F8C003009061
:10BA50000199FEF73CF90A21B0FBF1F0B049A1F8D9
:10BA60003C050846B0F8C60301900846B0F8C40388
:10BA700000900199FEF72BF9A949A1F83E05084667
:10BA8000B0F8CA0301900846B0F8C80300900199C5
:10BA9000FEF71DF9A249A1F840050846B0F8CE030B
:10BAA00001900846B0F8CC0300900199FEF70FF919
:10BAB0009B49A1F842050846B0F8D2030190084618
:10BAC000B0F8D00300900199FEF701F99449A1F86C
:10BAD00044050846B0F8D60301900846B0F8D403F0
:10BAE00000900199FEF7F3F88D49A1F846050BB0D7
:10BAF00000BD70478B48C08FB0F5166F1CD08948C9
:10BB0000C08FB0F5965F17D08648C08FB0F5165F2E
:10BB100012D08448C08FB0F5964F0DD08148C08FA9
:10BB2000B0F5164F08D07F48C08FB0F5614F03D0F5
:10BB30004FF416507B49C8877A48008D032802DBF2
:10BB40000020784908857748408D50B17548408D70
:10BB5000012806D07348408D022802D00020714988
:10BB600048857048808D032803DA6E48808D01284F
:10BB700002DA02206B4988856A480089B0F57A7F2D
:10BB800002DB00206749088166484089B0F57A7F6A
:10BB900002DB00206349488162488089B0F57A7FE2
:10BBA00002DB00205F4988815E48C089B0F57A7F5A
:10BBB00002DB00205B49C8815A48B0F84800892858
:10BBC00005DB5848B0F84800B0F57F7F04DD4FF43E
:10BBD000D9705449A1F848005248B0F84A001428D6
:10BBE0000DD05048B0F84A00072804DB4D48B0F8A3
:10BBF0004A000E2803DD14204A49A1F84A004948AA
:10BC0000B0F84C00092803DD07204649A1F84C0094
:10BC10004448B0F84E00062804DB4248B0F84E0015
:10BC20000C2803DD07203F49A1F84E003D48B0F83D
:10BC30005000012804DB3B48B0F85000042803DD25
:10BC400002203849A1F850003648B0F852000128C7
:10BC500003DD01203349A1F852003248B0F8540006
:10BC6000012803DD00202F49A1F854002D48B0F829
:10BC70005600012803DD00202A49A1F85600294872
:10BC8000B0F85800012803DD00202649A1F858002B
:10BC90002448B0F85E000A2806DB2248B0F85E00AF
:10BCA00041F27071884204DD4FF47A701D49A1F8A9
:10BCB0005E001C48B0F860000A2806DB1948B0F89E
:10BCC000600041F27071884204DD4FF47A701549CA
:10BCD000A1F860001348C088012802DD0020114946
:10BCE000C8801048C088012809D00E48C08830B9E3
:10BCF0000C488088032802DA03200A498880094812
:10BD00000088052803DA4FF4F070064908800548DA
:10BD1000008A022802DD00200249088270470000E4
:10BD20005A0C00201E1600207A4880783C283DDB03
:10BD30000020784988700846C078401CC8700846C2
:10BD4000C078754988867348C0783C282EDB00206F
:10BD50007049C87008460079401C0871084600798F
:10BD60006D49C8866B48007918281FDB0020694997
:10BD7000087108464079401C487108464079664978
:10BD80000887644840791E2810DD01206149487108
:10BD900008468079401C8871084680790C2805DDAA
:10BDA000012088710846C079401CC87159488078C4
:10BDB000594948865748C078888656480079C886C9
:10BDC0007047564A1268127803781A440379D21AD7
:10BDD000037A1A440A70514A1268527843781A401A
:10BDE00043795A40437A1A434A70827883795A4099
:10BDF000837A5A40494B1B689B781A438A70474A9A
:10BE00001268D278C378D21AC3791A44C37A1A4016
:10BE1000CA70704700B5424842490860424800680D
:10BE200080784249087040480068C07848703E48B1
:10BE30000068807988703C480068C079C8703A48CA
:10BE400000680079087138480068407948713648C0
:10BE50000068807A887134480068C07AC8713248B6
:10BE600000680078087230480068407848722E48B0
:10BE70000068007A88722C480068407AC8722C49A1
:10BE80002A48FFF79EFF2A4800782A49096809785E
:10BE9000884218D12648407826490968497888425E
:10BEA00011D12348807823490968897888420AD1CA
:10BEB0001F48C0781F490968C978884203D101200A
:10BEC0001D49087002E000201B49087000BDF8B54C
:10BED00004460D466E460020184908800C21204675
:10BEE00000F07CF8009030782870707868700B480B
:10BEF00000688078A178484061784840A870074879
:10BF00000068C078E178484021784840E870F8BD82
:10BF100070470000580800201E1600203C01002039
:10BF2000FF001100340100202C0100208429002092
:10BF30003801002030010020420100204001002093
:10BF400008B54FF40070ADF8000003208DF8020032
:10BF500018208DF803006946FE48FBF787F84FF478
:10BF60008060ADF8000003208DF8020004208DF8F9
:10BF700003006946F748FBF779F808BD1FB5F64896
:10BF8000FBF7C2F96846FBF76BFAF448C08F0090E4
:10BF90000020ADF80400ADF80600ADF80800ADF8DB
:10BFA0000C000C20ADF80A006946EB48FBF7EFF9EE
:10BFB000012240F22551E848FBF781FA0121E648C9
:10BFC000FBF771FA1FBD10B5FFF7BAFFFFF7D6FFF9
:10BFD0000020E3490880E349088010BDF0B502461F
:10BFE000FF23FF240025002009E012F8016B86EAF8
:10BFF0000305DD4E765D86EA0403DC4E745D0E1E9D
:10C00000A1F10107F9B2F0D144EA0320F0BD2DE916
:10C01000F0414FF00008D148008A18B1CF48008A9B
:10C02000022873D1CF480088002870DDD0480078FE
:10C03000D049097888426AD0CD480078CD49087047
:10C04000CD480088401CCC49088008460088052857
:10C05000EBDD002240F22551BF48FBF730FAC14822
:10C060000088C64908800020C3490880C34800886A
:10C07000B0F5006F6FDCC2480078B8498988884203
:10C0800003D0C048007801286FD1BC480078801EDA
:10C09000C1B2BB48FFF7A2FF04462512E6B2B7487B
:10C0A0000088801EB649085CA84271D1B348008858
:10C0B000401E085CB042F8D108464078032868D199
:10C0C000B1488478C07800EB0420B0490880AD48BE
:10C0D0000078012870D1AE4F08460088092803D1A6
:10C0E0004FF48270088017E1A8480088172804D10F
:10C0F00040F20510A54908800EE1A44800880B28ED
:10C1000006D14FF48370A149088005E1A0E114E253
:10C110009E4800889C2804D140F207109B49088063
:10C12000FAE09A4800889D2804D14FF4847097491A
:10C130000880F1E0954800888E2804D140F209106B
:10C1400092490880E8E091480088012804D1000263
:10C150008E490880E0E06FE18C480088022805D114
:10C1600040F2011089490880D6E062E187480088E2
:10C17000032804D14FF4817084490880CCE08348BF
:10C180000088042806D140F2031080490880C3E0EB
:10C190004CE124E17D480088362804D14FF48570B5
:10C1A0007A490880B8E0794800883C2805D140F2F7
:10C1B0000B1076490880AFE0B6E074480088D428B8
:10C1C00004D14FF4867071490880A5E06F4800885B
:10C1D000D52804D140F20D106C4908809CE06B48D2
:10C1E0000088DA2804D14FF487706849088093E00A
:10C1F00066480088E22804D140F20F1063490880A5
:10C200008AE062480088E32804D14FF488705F49CF
:10C21000088081E05D480088E42804D140F21110D4
:10C220005A49088078E059480088E52804D14FF43D
:10C230008970564908806FE054480088E62804D188
:10C2400040F213105149088066E050480088E72802
:10C2500004D14FF48A704D4908805DE04B48008856
:10C26000E82804D140F215104849088054E04748B6
:10C270000088E92804D14FF48B70444908804BE0D2
:10C2800042480088EA2804D140F217103F4908804C
:10C2900042E03E480088EB2804D14FF48C703B49C3
:10C2A000088039E039480088EC2804D140F21910A0
:10C2B0003649088030E035480088ED2804D14FF435
:10C2C0008D703249088027E030480088EE2804D17C
:10C2D00040F21B102D4908801EE02C48008840F2D7
:10C2E000F511884204D14FF48F702849088013E07B
:10C2F0002648008840F28121884204D140F21F1074
:10C300002249088008E021480088B0F5207F03D149
:10C310004FF490701D4908801C48008807EB4007C7
:10C3200000201849087089E00C48623000F0704025
:10C3300000F1007009496231C1F3130100EB4110B3
:10C34000406A58B3012013490870642012490870EC
:10C35000002024E000080140003801401E160020A3
:10C3600046010020440100208872030888730308F6
:10C37000580800205F0100206001002048010020D3
:10C38000902F00206D010020902900204C000020FB
:10C390005A0C0020840100207601002014E0F849A6
:10C3A00008806420F74908700020F749088064205D
:10C3B000F64908700020F6490880F6490870F649E9
:10C3C0000870F649087039E00120F5490870F54811
:10C3D0008478C07800EB0420F34908802EE0F1480F
:10C3E000407806280DD10020F04908800120F0494E
:10C3F0000870EC488478C07800EB0420EA49088093
:10C400001CE0E848407810280DD10020E74908805A
:10C410000120E8490870E3488478C07800EB0420E4
:10C42000E14908800AE04FF0010807E04FF00208F8
:10C4300004E04FF0030801E04FF00408012240F24D
:10C440002551DD48FBF73BF80020DC49088086E0F9
:10C45000DB48008A012870D1D848008800287EDD9A
:10C46000D8480078D8490978884278D0D5480078EB
:10C47000D5490870D5480088401CD4490880084632
:10C48000008805286BDD002240F22551CA48FBF7E1
:10C4900016F8CA480088CE4908800020CB49088099
:10C4A000CB480088B0F5006F4EDCBE480078C44928
:10C4B0008988884245D1C6480078801EC1B2B948F3
:10C4C000FFF78CFD04462512E6B2C1480088801EA5
:10C4D000B449085CA84231D1BD480088401E085CC0
:10C4E000B0422BD10846407803280DD10120AC4939
:10C4F0000870AC488478C07800EB0420B549088007
:10C500000A20B549087021E0A6484078062806D1DF
:10C510000120A74908700B20AF49087016E0A14818
:10C520004078102806D10120A24908700C20AA49A1
:10C5300008700BE04FF0010808E010E04FF002082F
:10C5400004E04FF0030801E04FF00408012240F23C
:10C5500025519948FAF7B3FF002098490880B8F1AF
:10C56000000F0EDD002404E000208E490855601CF9
:10C5700084B2142CF8DB012240F225518E48FAF7E0
:10C580009EFFBDE8F081014642F21072914204DA4A
:10C5900092480A4600EB42002BE04EF660229142A0
:10C5A0000ADB4EF64862914206DA8D48A1F56A42EE
:10C5B000603A00EB42001CE04EF6486291420ADB12
:10C5C0004FF23022914206DA8648A1F56E42483A8F
:10C5D00000EB42000DE04FF23022914209DB4FF2B6
:10C5E0001862914205DA7648A1F57242303A00EBC2
:10C5F000420070472DE9FE4F7148008A00287DD126
:10C600006748007800287AD06D480079764908702C
:10C61000644840784870634840794006000E88704E
:10C6200060488678C07800EB06201FFA80FA42F254
:10C630001070824503DB4EF6602082457EDB604849
:10C6400000796949087057484078487055484079E2
:10C650004006000E8870534840797D2802DD7D2019
:10C66000504948714FF21860824518DA5046FFF77A
:10C670008AFF8046DFF8709100240BE038F81450F0
:10C68000291209F1030000F8141000EB4400457072
:10C69000601CC4B243484079A042EFDC1DE053481F
:10C6A000019041490988A1F576411839019808445B
:10C6B0000190DFF8349100240BE00198055D002122
:10C6C00009F1030000F8141000EB44004570601CF1
:10C6D000C4B234484079A042EFDC43488078C01CA3
:10C6E000C1B24148FFF77AFC4149088008460088FA
:10C6F00001123D488078C01C3B4A01E0C5E17FE063
:10C7000011543B48017810468078001D11541046A2
:10C710008078401D3749088000202149087036493B
:10C720000880084602880088401C0B4618802E4866
:10C73000815C2148FAF724FF012200E005E040F285
:10C7400026611D48FAF7BBFE32E342F210708245C3
:10C75000FADB4EF660208245F6DA2048A0F866A59E
:10C7600010480579407900EB052085B21B48A0F8F8
:10C77000685502202149087000200949087017E314
:10C78000780100207A0100207C0100206F01002048
:10C79000700100208F0000207E0100208001002019
:10C7A0005A010020902F00204E010020040100209B
:10C7B0005D0100205B0100200038014044010020A1
:10C7C0001E160020580800205F0100206001002094
:10C7D000480100204C000020640100206E19002058
:10C7E000720800205A0C0020902900204E180020CA
:10C7F0004C0100204A010020460100206100002079
:10C80000FA48007818B9FA48007800289CD0F8480F
:10C81000007800287ED0F7488678C07800EB0620A4
:10C82000F5490880084600884EF66021884227DADC
:10C83000F1480088F149A1F86605EE48057940798C
:10C8400000EB052085B20846A0F86855EA48008844
:10C8500042F21071884203DA0120E9490870A7E228
:10C86000E548008842F21071884288DBE24800887F
:10C870004EF660218842F2DA0320E149087097E21F
:10C88000DD4800884EF660218842E8DBDA480088FF
:10C890004FF2186188420BDAD7480088FFF773FE21
:10C8A0000746D4480579407900EB0520388018E028
:10C8B000D14800884FF21861884212DBCE480088C8
:10C8C000B0F57A4F0DDACF480090CB490988A1F531
:10C8D00076411839009808440090C648417900987C
:10C8E0000170C9480079C9490870C2484078487049
:10C8F000C04880788870BF48C078C870BD4800794B
:10C900000871BC48407948710621C048FFF766FBB2
:10C91000BF4900E014E00880084600880012BB49C7
:10C920008871BB480078C8710820BA490880002087
:10C93000AF490870B84908800120B849087037E24B
:10C94000AA48007800288AD0AA4840791E2856DCD8
:10C95000DFF8A0B258468678C07800EB0620A649DA
:10C960000880084600884EF66021884247DBA248CE
:10C9700000884FF2186188421EDA9F480088FFF74E
:10C9800002FE0746002412E00BF1070010F81450D5
:10C9900000EB440040780290029800EB0520964995
:10C9A000098807EB410121F81400601CC4B29148CA
:10C9B0004079A042E8DC22E08F4800884FF21861FD
:10C9C00088421CDB8C480088B0F57A4F17DA8D4816
:10C9D000009089490988A1F57641183900980844E2
:10C9E0000090002407E00BF1080010F814100098E4
:10C9F0000155601CC4B27F484079A042F3DC8248F4
:10CA00000079824908707B4840784870794880787E
:10CA100088707848C078C870764840791E2806DC4F
:10CA200074480079087173484079487103E0FF2029
:10CA300076490871487106217448FFF7CFFA7449A6
:10CA40000880084600880012704988717048007894
:10CA5000C87108206F490880002064490870644943
:10CA600008706D490880084602880088401C0B4603
:10CA700018806648815C6A48FAF782FD012240F21C
:10CA800026616748FAF71BFD92E15F48008A01289A
:10CA900003D05D48008A0228F6D162480078002859
:10CAA0007ED05948007959490870524840784870FA
:10CAB000504840794006000E88704E488678C0780D
:10CAC00000EB06204C4908800846008842F21071AD
:10CAD000884206DADFF850814748008846490880D6
:10CAE00037E04548008844F62061884208DADFF8DC
:10CAF0003C8141480088A0EB61003F49088028E064
:10CB00003D48008847F23051884209DADFF8208139
:10CB100039480088A0F59C4020383749088018E043
:10CB20003548008849F64041884209DADFF8048137
:10CB300031480088A0F5EA4030382F49088008E0E5
:10CB4000DFF8C4802C480088A0F51C4040382A49F2
:10CB50000880DFF8B89000240FE02748008808EB31
:10CB6000400030F81450291209F1030000F81410A5
:10CB700000EB44004570601CC4B21E484079A042DE
:10CB8000EBDC22488078C01CC1B22048FFF726FAAF
:10CB90001F4908800846008801121C48807800E080
:10CBA0004AE0C01C194A115419480178104680788F
:10CBB000001D115410468078401D16490880002041
:10CBC0001849087014490880084602880088401CEB
:10CBD0000B4618800D48815C1148FAF7D1FC012200
:10CBE00040F226610E48FAF76AFCE1E05B010020A2
:10CBF0005D010020902F00204E0100206E190020C2
:10CC0000610000204E1800201E16002090290020F0
:10CC10004C0100204A01002046010020680200204B
:10CC2000003801405A010020720800205A0C0020F0
:10CC30002A140020F2140020FB48007818B9FB48A1
:10CC400000780028D1D0FA488678C07800EB06201A
:10CC5000F84908800846008842F21071884205DAD7
:10CC6000F54FF4480088F349088028E0F14800882F
:10CC700044F62061884207DAF04FEE480088A0EBC6
:10CC80006100EC4908801AE0EA48008847F2305118
:10CC9000884208DAEA4FE7480088A0F59C4020382F
:10CCA000E44908800BE0E348008849F640418842A7
:10CCB00005DBE44FDF480088401ADE490880DB4886
:10CCC000007850B1DA480579407900EB052085B24B
:10CCD000D848008827F8105022E0D3480078F8B1EF
:10CCE000D34840795A281BDADFF844B3002413E014
:10CCF0000BF1070010F8145000EB4400407802904C
:10CD0000029800EB052085B2CA48008807EB400076
:10CD100020F81450601CC4B2C5484079A042E7DC3A
:10CD2000C148007810B9C1480078E8B3C548007917
:10CD3000C5490870BE4840784870BD488078887002
:10CD4000BB48C078C870BA4840784870B848407945
:10CD5000487116B9FF20487048710621BA48FFF79C
:10CD60003DF9BA490880084600880012B649887122
:10CD7000B6480078C8710820B54908800020AA4943
:10CD80000870AA490870B3490880084602880088DC
:10CD9000401C0B461880AC48815CAF48FAF7F0FBAA
:10CDA000012240F2266100E002E0AB48FAF787FB7F
:10CDB000BDE8FE8F70B5002400250220A749088039
:10CDC0000320A7490880A5480088002801DD601CD1
:10CDD000C4B2A3480088002801DD601CC4B2002C46
:10CDE0007EDDA0480078002866D09F480078401C6F
:10CDF0009D49087008460078022801DD012008706E
:10CE00009648008800280FDD9748007801280BD14C
:10CE10000020944908700120944908708F480078D8
:10CE200089490870012512E08D48008800280EDD30
:10CE30008D48007802280AD100208A490870012014
:10CE40008B490870864800787F4908700225012DBB
:10CE500032D103207C494870012088705320C8706B
:10CE6000002008712020487106217748FFF7B6F8A6
:10CE700080490880084600880012734988717D48FF
:10CE80000078C87108207249088000207149088024
:10CE90000120794908706F4802880088401C6D4B5A
:10CEA00018806948815C6C48FAF76AFB012240F2FD
:10CEB00026616948FAF703FB6F48007858B96B4858
:10CEC0000078012801D16D4908706948007801286F
:10CED00001D16B4908706B48007830B36A4800E0B4
:10CEE0008DE000786949097888421ED0664800784C
:10CEF0006649087066480088401C654908800846F5
:10CF00000088082811DD00205E49087064205F4910
:10CF1000087000205E49088064205E490870002087
:10CF20005D49088001204F49087053480078F0B9E6
:10CF30004C480078D8B95448007856490978884256
:10CF400015D0514800785349087053480088401C58
:10CF50005149088008460088FA2808DD64204D49B8
:10CF6000087000204C49088001203E490870434861
:10CF7000007801281FD149480078E0B9424800787C
:10CF800047490978884216D03F48007844490870DC
:10CF900044480088401C4349088008460088B0F592
:10CFA0007A6F08DD64203E49087000203D49088002
:10CFB00001203A4908703248007801281FD13A48C8
:10CFC0000078E0B93048007838490978884216D0AE
:10CFD0002D4800783549087035480088401C344990
:10CFE000088008460088B0F57A6F08DD64202F4974
:10CFF000087000202E49088001202B49087017482E
:10D00000008830B900201D4908702449087025495E
:10D0100008801348008830B9002019490870224957
:10D0200008702349088070BD5B0100205D0100206D
:10D03000902F00204E010020720800205A0C002082
:10D040002A1400201E160020902900204C010020E8
:10D050004A010020460100200038014086010020DE
:10D060008801002083010020820100207E01002031
:10D070007F010020500100206E010020800100206F
:10D080008101002084010020580800207601002042
:10D09000780100207A0100207C0100208F00002010
:10D0A0006F0100207001002090000020720100201C
:10D0B0007401002070B504460D46FE480078C0B9E2
:10D0C000FD484078FD490978884212D0FA484078F6
:10D0D000FA490870FA480088401CF9490880084657
:10D0E00000880A2805DD0120F24908700020F44973
:10D0F0000880F0480078012835D10220ED490870F9
:10D10000F04908700320487020128870CC702812F3
:10D1100008714D710621EB48FEF760FFEA4908806F
:10D12000084600880012E7498871E7480078C8710E
:10D130000820E64908800020E54908800120E549EB
:10D140000870012240F22661E348FAF7B8F9E04896
:10D1500002880088401CDE4B1880DA48815CDE487B
:10D16000FAF70EFA4AE0D3480078022846D1D948A7
:10D1700000780A2819D10020D6490870CD490870D6
:10D18000D6490880D6490870D648007828B9D648CC
:10D190000078401CD449087030E0D248007801285B
:10D1A0002CD16420D149087028E0C3484078D04988
:10D1B0000978884222D0C0484078CD490870C748D5
:10D1C0000088401CC549088008460088502815DDA5
:10D1D00000200880C348007840B90120B549087094
:10D1E000BF480078401CBE49087007E00020B149E4
:10D1F0000870BB4908706420BC490870B8480078C2
:10D20000032806DB0020AB490870B4490880B44904
:10D21000087070BD70B504460D46A648007810B978
:10D220006520A4490870A3480078652836D1662097
:10D23000A04908700220A3490870062048702012F7
:10D240008870CC70281208714D7106219D48FEF738
:10D25000C5FE9D49088008460088001299498871DA
:10D2600099480078C871082098490880002098499A
:10D270000880012097490870012240F226619648F3
:10D28000FAF71DF9924802880088401C904B1880DC
:10D290008C48815C9048FAF773F94CE08548007837
:10D2A000662848D18B4800780B2826D10020894970
:10D2B00008708049087089490880894908708B483E
:10D2C0000078012803D08948007802280AD101207B
:10D2D0008849087088480078401C874908700020F9
:10D2E0008649087081480078642802D100207D4971
:10D2F000087000207D4908701DE06F4800787C4967
:10D300000978884217D06C480078794908707348CA
:10D310000088401C7149088008460088B0F5487FA5
:10D3200009DD002008806520624908706C4800789B
:10D33000401C6B4908706A480078032810DB002005
:10D340005C4908706549088065490870674800783D
:10D35000642802D1002063490870002063490870E6
:10D3600070BD2DE9F04106460D461746514800783C
:10D3700010B9C9204F4908704E480078C9285BD1C0
:10D38000CA204C49087002204E490870102048708D
:10D3900030128870CE70281208714D716806000E28
:10D3A0008871002410E037F814000012072101EB07
:10D3B0004401444A505417F81410072000EB44006D
:10D3C000401C1154601C84B2AC42ECDB072000EB23
:10D3D0004400C1B23B48FEF701FE3B4908800846C5
:10D3E00000880012072101EB4401364A50543648A8
:10D3F0000178072000EB4400401C1154072000EB8B
:10D400004400801C314908800020314908800120F7
:10D4100030490870012240F226612F48FAF74FF890
:10D420002B4802880088401C294B18802548815CC5
:10D430002948FAF7A5F831E01E480078CA282DD10E
:10D44000244800780C280BD1002022490870194983
:10D4500008702249088022490870244908701DE09C
:10D460001548007822490978884217D01248007878
:10D470001F49087019480088401C18490880084650
:10D480000088B0F5487F09DD00200880C9200949DF
:10D49000087013480078401C114908701048007843
:10D4A00003282FDB0020034908700C4908800C4931
:10D4B000087025E063010020580800206801002062
:10D4C0006A010020902900204C0100204A01002020
:10D4D0004601002064010020003801406601002060
:10D4E000620100205A0300206C0100204A00002045
:10D4F000650100204703002048030020500300205E
:10D50000FE490870BDE8F0810246881AC0F34F005A
:10D51000704710B504460B460020F9490870F948D9
:10D52000008A18B1F748008A022871D133B9214620
:10D53000F548FFF7E9FFF54908809BE1012B09D188
:10D540002146F348FFF7E0FF42F210710844EF492B
:10D5500008808FE1022B09D12146EE48FFF7D4FF66
:10D5600044F620610844E949088083E1032B09D18E
:10D570002146E948FFF7C8FF47F230510844E34924
:10D58000088077E1042B09D12146DE48FFF7BCFF74
:10D5900049F640410844DD4908806BE1082BCCD1B5
:10D5A0002146DB48FFF7B0FFD84908800120D44965
:10D5B0000870D6480088B0F5827F03D10920D3498E
:10D5C000088057E1D148008840F20511884203D114
:10D5D0001720CE4908804DE1CC480088B0F5837F04
:10D5E00003D10B20C949088044E1C848008840F2B3
:10D5F0000711884203D19C20C44908803AE1C348FE
:10D600000088B0F5847F04D19D20C049088031E1B5
:10D61000F9E0BE48008840F20911884203D18E200B
:10D62000BA49088026E1B9480088B0F5807F03D167
:10D630000120B64908801DE1B448008840F201117C
:10D64000884203D10220B149088013E1AF48008825
:10D65000B0F5817F03D10320AC4908800AE1AB48D3
:10D66000008840F20311884203D10420A7490880B2
:10D6700000E1A6480088B0F5857F03D13620A34994
:10D680000880F7E0A148008840F20B11884203D1DE
:10D690003C209E490880EDE09C480088B0F5867FDC
:10D6A00003D1D42099490880E4E09848008840F2EA
:10D6B0000D11884203D1D52094490880DAE09348BF
:10D6C0000088B0F5877F03D1DA2090490880D1E047
:10D6D0008E48008840F20F11884203D1E2208B4926
:10D6E0000880C7E089480088B0F5887F03D1E3202F
:10D6F00086490880BEE08548008840F211118842C2
:10D7000003D1E42081490880B4E080480088B0F566
:10D71000897F03D1E5207D490880ABE07B48008804
:10D7200040F21311884203D1E62078490880A1E035
:10D7300076480088B0F58A7F03D1E72073490880D6
:10D7400098E07248008840F21511884203D1E82021
:10D750006E4908808EE06D480088B0F58B7F03D15C
:10D76000E9206A49088085E06848008840F217117E
:10D77000884203D1EA20654908807BE0634800883D
:10D78000B0F58C7F03D1EB206049088072E05F48E0
:10D79000008840F21911884203D1EC205B490880CF
:10D7A00068E05A480088B0F58D7F03D1ED205749D5
:10D7B00008805FE05548008840F21B11884203D181
:10D7C000EE205249088055E050480088B0F58F7F20
:10D7D00004D140F2F5104D4908804BE04B480088D9
:10D7E00040F21F11884204D140F28120474908804D
:10D7F00040E046480088B0F5907F3BD14FF4207060
:10D800004249088036E033B921463F48FFF77CFEA5
:10D810003E4908802EE0012B09D121463C48FFF704
:10D8200073FE42F2107108443849088022E0022B4E
:10D8300009D121463748FFF767FE44F620610844C6
:10D840003249088016E0032B09D121463248FFF700
:10D850005BFE47F2305108442C4908800AE0042B53
:10D8600008D121462748FFF74FFE49F640410844BA
:10D87000264908802548008810BD2449098842F2BD
:10D880001072914215DA20481E49098A21B91F49B0
:10D89000098800EB410066E01A49098A012903D092
:10D8A0001849098A02295ED11849098800EB41000C
:10D8B00059E01649098842F2107291420CDB134973
:10D8C00009885200914207DA114810490988A1EBF2
:10D8D000620100EB410046E00C49098844F62062F1
:10D8E00091421FDB0949098847F23052914219DA07
:10D8F000084806490988A1F59C410FE04A0000202C
:10D900006D0100201E160020720800204C0000202F
:10D910005A0C00202A140020F2140020203900EBB9
:10D92000410020E06449098847F2305291420EDB01
:10D930006149098849F64042914208DA5F485E49E8
:10D940000988A1F5EA41303900EB41000BE05A4962
:10D95000098849F64042914205DB594856490988F1
:10D96000891A00EB41007047014642F21072914261
:10D9700004DA54480A4600EB420032E042F21072E8
:10D98000914208DB5200914205DA4F48A1EB620256
:10D9900000EB420025E044F6206291420ADB47F2A8
:10D9A0003052914206DA4948A1F59C42203A00EBF8
:10D9B000420016E047F2305291420ADB49F64042FB
:10D9C000914206DA3D48A1F5EA42303A00EB4200C6
:10D9D00007E049F64042914203DB39488A1A00EBDE
:10D9E00042007047014642F21072914204DA384810
:10D9F0000A4600EB420047E042F21072914208DB17
:10DA00005200914205DA3048A1EB620200EB42007D
:10DA10003AE044F6206291420ADB47F230529142EA
:10DA200006DA2A48A1F59C42203A00EB42002BE09E
:10DA300047F2305291420ADB49F64042914206DAFF
:10DA40001E48A1F5EA42303A00EB42001CE049F6DC
:10DA5000404291420ADB4CF25032914206DA1848B9
:10DA6000A1F51C42403A00EB42000DE04CF250326E
:10DA7000914209DB4EF66022914205DA1148A1F588
:10DA80004342503A00EB4200704770B504460D46E1
:10DA900029462046F9F774FD00BF80212046F9F79A
:10DAA000DDFD0028F9D000BF40212046F9F7D6FD62
:10DAB0000028F9D070BD00004C000020F2140020B6
:10DAC0001E160020720800205A0C00202A14002084
:10DAD0006E19002008B50820ADF8000003208DF86D
:10DAE000020004208DF803006946FE48F9F7BEFAEB
:10DAF0000420ADF8000003208DF8020018208DF8F6
:10DB000003006946F748F9F7B1FA08BD1FB5F648B2
:10DB1000F9F7FAFB6846F9F7A3FCF448C08F0090C8
:10DB2000F248B0F8440038B90020ADF804000320F2
:10DB3000EE49A1F8400011E0EC48B0F84400082894
:10DB400004D0EA48B0F84400182807D10320E74978
:10DB5000A1F840004FF48050ADF80400E348B0F85D
:10DB6000420018B90020ADF806000EE0DF48B0F81A
:10DB70004200042803D1C002ADF8060005E00020F1
:10DB8000DA49A1F84200ADF80600D848B0F84400E0
:10DB900018B90020ADF8080019E0D448B0F84400E6
:10DBA000082804D14FF4C060ADF808000FE0CF485A
:10DBB000B0F84400182804D14FF48060ADF8080094
:10DBC00005E00020C949A1F84400ADF80800C748A5
:10DBD000B0F84600032803D10020ADF80C0010E097
:10DBE000C248B0F84600022804D14FF44070ADF8A6
:10DBF0000C0006E00320BD49A1F846000020ADF866
:10DC00000C000C20ADF80A000020ADF80400ADF8BF
:10DC10000600ADF80800ADF80C000C20ADF80A00C5
:10DC20006946B148F9F7B3FB012240F22551AE48ED
:10DC3000F9F745FC0121AC48F9F735FC1FBD10B5DB
:10DC4000FFF748FFFFF762FF0020A9490880A949B4
:10DC5000088010BD2DE9F0410027A6480088002863
:10DC60007DDDA5480078A5490978884277D0A2488B
:10DC70000078A2490870A2480088401CA04908808A
:10DC8000084600880528EBDD002240F22551964821
:10DC9000F9F715FC974800889A49088000209849B0
:10DCA000088098480088B0F5006F72DC8F482030FB
:10DCB00000F0704000F100708C492031C1F3130175
:10DCC00000EB4110406800287DD18848223000F0E8
:10DCD000704000F1007085492231C1F3130100EB5F
:10DCE0004110406800286ED18048223000F070401A
:10DCF00000F100707D492231C1F3130100EB4110A6
:10DD0000006900285FD18048007878498988884276
:10DD100057D17C480078801EC1B27B48FEF75EF97F
:10DD200004462512E6B277480088801E7649085CD2
:10DD3000A84244D173480088401E085CB0423ED1DE
:10DD40000846407803280BD10120704908706E48BE
:10DD50008478C07800EB04206D490880F0E1F8E198
:10DD60006948407810280DD100206A4908800120B8
:10DD70006949087064488478C07800EB04206449DD
:10DD80000880DDE160484078012803D163490870CC
:10DD9000D6E1D4E15C48407806280ED100205D49E8
:10DDA000088001205E49087057488478C07800EBED
:10DDB000042057490880C3E105E00127C0E102279C
:10DDC000BEE10327BCE14948203000F0704000F17B
:10DDD000007046492031C1F3130100EB4110406847
:10DDE00078B1002408E04848005D4E4908550220FB
:10DDF0004D490870601C84B2424800888442F2DBBE
:10DE00009EE13A48223000F0704000F1007037493E
:10DE10002231C1F3130100EB4110406800285FD0AC
:10DE200038480088B0F5006F5BDC37480078402840
:10DE300018D135484078392814D1334880783928AA
:10DE400010D13148C07823280CD12E4800880428EE
:10DE500008D13648017836A006F0E8F940F6B83027
:10DE6000FBF7FAFB28480078402813D12648407871
:10DE700031280FD12448807831280BD12248C0782E
:10DE8000232807D11F480088042803D101202D49E9
:10DE9000087016E01C480078402812D11A484078D3
:10DEA00032280ED11848807832280AD11648C07816
:10DEB000232806D113480088042802D102202149D2
:10DEC00008701148007840284BD10F48407833281B
:10DED00047D10D488078332843D10B48C07833E0D0
:10DEE000FAE0CFE000080140004400401E16002088
:10DEF0008C0100208A010020580800209B0100208E
:10DF00009C0100208E0100209043002096010020FB
:10DF100094010020040100209701002098010020B6
:10DF20009901002066660020DA020020A702002086
:10DF30005465737420526573746172744E6F3D251D
:10DF4000640D0A008402002023280AD1F9480088C1
:10DF5000042806D10120F8490870F8A006F066F9F7
:10DF60004EE0FE480078402819D1FC48407834281B
:10DF700015D1FA488078342811D1F848C078232880
:10DF80000DD1EC480088042809D10020EA49087026
:10DF90000120F3490870F3A006F048F930E0E648A4
:10DFA0000078012803D10220E349087028E0F748EF
:10DFB0000078F64949780844F44989780844F349D7
:10DFC000C9780844E0B1F2480078C8B9F14800784F
:10DFD000022803D0EF48007803280BD1DF4880786F
:10DFE00001280DD1DD48C0783D2809D10320E94939
:10DFF000087005E00120E84908700020E749088022
:10E00000E3480078F0B3002505E0D448405DE449DA
:10E010004855681CC5B2C74800888542F5DBC5482D
:10E020000088E04908800020DF4908800120DF499E
:10E030000860012240F22661DD48F9F740FADA482B
:10E0400002880088401CD84B1880D548815CD8488D
:10E05000F9F796FA002505E0C048405DD5494855D6
:10E06000681CC5B2B34800888542F5DBB14800881A
:10E07000D14908800020D14908800120CB4908609F
:10E08000012200E016E040F22661CD48F9F717FAC8
:10E09000CA4802880088401CC84B1880C548815C6B
:10E0A000C748F9F76DFABA480078022802D1002073
:10E0B000B7490870B8480078E8BB012240F2255102
:10E0C000BF48F9F7FCF9BE480C30008840F0040066
:10E0D000BB490C31088033E0BA4800F0704000F1D1
:10E0E0000070B849C1F3130100EB4110006910B38F
:10E0F000002405E09948005DB3490855601C84B2CE
:10E100008C4800888442F5DB8A480088AF49088043
:10E110000020AF490880084602880088401C0B4652
:10E120001880A948815CAB48F9F72AFA012240F22D
:10E130002661A84800E003E0F9F7C1F900E00427F0
:10E14000012240F225519E48F9F7B9F90020A24971
:10E150000880002F0EDD002404E000207F490855D0
:10E16000601C84B2142CF8DB012240F22551944843
:10E17000F9F7A5F9BDE8F0812DE9FE4F4FF0000B4E
:10E1800090482238008A00287ED1944800780028E0
:10E190007BD0724890F802B0C07800EB0B201FFAD9
:10E1A00080F942F21070814503DB4EF66020814514
:10E1B0006CDB8448223800797E49087067484078D3
:10E1C0004870664840794006000E88706348407980
:10E1D0007D2802DD7D20614948714FF2186081453C
:10E1E00018DA4846FEF7CFF90746DFF8C881002461
:10E1F0000BE037F81450291208F1030000F814104E
:10E2000000EB44004570601CC4B254484079A04201
:10E21000EFDC1DE07248019072490988A1F5764152
:10E220001839019808440190DFF8888100240BE038
:10E230000198055D002108F1030000F8141000EBBF
:10E2400044004570601CC4B244484079A042EFDCF1
:10E2500058488078C01CC1B25648FDF7BFFE6249DD
:10E26000088008460088011252488078C01C514A34
:10E2700011545D48017810468078001D11541046F5
:10E280008078401D4C4902E0E0E133E017E008806F
:10E2900000205249087049490880084602880088D1
:10E2A000401C0B4618804348815C4548F9F768F9E3
:10E2B000012240F226614248F9F701F972E342F285
:10E2C00010708145FADB4EF660208145F6DA47484A
:10E2D000A0F8669521480579407900EB052085B2C4
:10E2E0004248A0F8685502204149087000203B4987
:10E2F000087057E33F48007818B93F480078002875
:10E30000DCD03D480078002878D0144890F802B05E
:10E31000C07800EB0B2033490880084600884EF691
:10E32000602188426BDA2F4800883049A1F86605E1
:10E330000A4865E08E0100209F0100200D0A456E0D
:10E340007465722050432073657420677072732067
:10E35000706172206D6F64650D0A000090430020AB
:10E36000020100200D0A5175697420504320736525
:10E3700074206770727320706172206D6F64652CF9
:10E380002053657420656E64210D0A002F02002061
:10E39000840200206C02002068020020500200204D
:10E3A00090510020A8010020A40100208C8122426D
:10E3B00000480040903D0020900100208C0100208A
:10E3C0000044004040160020CA640020B60200202D
:10E3D000B2020020004C00408A010020960100207B
:10E3E0004E18002094010020920100206E19002098
:10E3F00061000020970100209901002080E021E0C9
:10E400000579407900EB052085B20846A0F86855EB
:10E41000FE48008842F21071884203DA0120FC496C
:10E420000870BFE2F948008842F210718842F8DBB8
:10E43000F64800884EF660218842F2DA0320F4495B
:10E440000870AFE2F14800884EF660218842E8DBB0
:10E45000EE4800884FF2186188420BDAEB480088DA
:10E46000FEF791F80646EB480579407900EB052068
:10E47000308018E0E54800884FF21861884212DBCE
:10E48000E2480088B0F57A4F0DDAE3480090DF49A2
:10E490000988A1F576411839009808440090DD48B4
:10E4A000417900980170DD480079DD490870D9484C
:10E4B00040784870D74880788870D648C078C8704F
:10E4C000D44800790871D348407948710621D4486E
:10E4D000FDF784FDD3490880084600880012D04922
:10E4E0008871D0480078C8710820CF490880002082
:10E4F000CE490870CE4908800120CE49087051E20B
:10E50000CD48007800288CD0C24840791E2857DCBE
:10E51000DFF800A3504690F802B0C07800EB0B2063
:10E52000BA490880084600884EF66021884247DBD9
:10E53000B64800884FF2186188421EDAB348008856
:10E54000FEF721F80646002412E00AF1070010F851
:10E55000145000EB440040780290029800EB052034
:10E56000AA49098806EB410121F81400601CC4B2D5
:10E57000A8484079A042E8DC22E0A44800884FF295
:10E58000186188421CDBA1480088B0F57A4F17DA81
:10E59000A14800909D490988A1F576411839009855
:10E5A00008440090002407E00AF1080010F8141055
:10E5B00000980155601CC4B296484079A042F3DC33
:10E5C000964800799649087092484078487091487A
:10E5D000807888708F48C078C8708E4840791E282F
:10E5E00006DC8C48007908718A484079487103E05C
:10E5F000FF208B490871487106218948FDF7EEFC20
:10E600008849088008460088001285498871854835
:10E610000078C87108208449088000208649087065
:10E620008249087082490880084602880088401C98
:10E630000B4618807A48815C8048F8F7A1FF0122D8
:10E6400040F226617D48F8F73AFFABE17348008A53
:10E65000012803D07148008A0228F6D17848007852
:10E6600000287DD06D4800796D4908706948407870
:10E670004870684840794006000E887063480088FA
:10E6800042F21071884205DA6E4F604800885F4997
:10E69000088033E05D48008844F62061884207DA4C
:10E6A000694F5A480088A0EB61005849088025E06E
:10E6B0005648008847F23051884208DA634F534881
:10E6C0000088A0F59C4020385049088016E04F484B
:10E6D000008849F64041884208DA5D4F4B4800887F
:10E6E000A0F5EA4030384949088007E04B4F4748D9
:10E6F0000088A0F51C40403844490880DFF820819C
:10E7000000240FE04148008807EB400030F8145027
:10E71000291208F1030000F8141000EB44004570C2
:10E72000601CC4B23B484079A042EBDC3C48807896
:10E73000C01CC1B23A48FDF751FC3A49088008466E
:10E740000088011236488078C01C354A115435487B
:10E75000017810468078001D11541046807800E042
:10E7600019E0401D304908800020354908703049C3
:10E770000880084602880088401C0B4618802848FC
:10E78000815C2E48F8F7FCFE012240F226612B48FE
:10E79000F8F795FE06E12848007818B92348007874
:10E7A0000028F7D04FF0010BBBF1000F7ED01748C7
:10E7B000008842F21071884205DA224E1348008820
:10E7C000124908805BE01148008844F620618842C5
:10E7D00007DA1D4E0D480088A0EB61000B49088048
:10E7E0004DE00A48008847F2305188423BDA174E24
:10E7F00006480088A0F59C40203804490880154848
:10E80000007848BB01201349087038E094010020CB
:10E8100061000020904300204E1800201E160020AA
:10E82000903D0020920100209001002099010020DD
:10E830008C01002068020020970100200044004065
:10E8400096010020720800205A0C00202A14002093
:10E85000F21400209E010020FFE700205E490870AE
:10E860005E4908700BE05E48008849F640418842E6
:10E8700005DB5C4E5A480088401A594908805748C1
:10E880000078B8B158480579407900EB052085B289
:10E890005348008826F810505448007830B150484A
:10E8A00000885349A1F8D801084600E030E0A0F8FC
:10E8B000DA512DE04848007850B34B4840795A2847
:10E8C00026DADFF824A1002413E00AF1070010F88B
:10E8D000145000EB440040780290029800EB0520B1
:10E8E00085B23F48008806EB400020F81450601CB9
:10E8F000C4B23D484079A042E7DC3C48007838B1DA
:10E90000374800883A49A1F8D8010846A0F8DA51FA
:10E910003148007810B931480078E8B331480079BF
:10E92000344908703048407848702F4880788870A3
:10E930002D48C078C8702C48007908712A48407961
:10E940004871BBF1000F02D1FF2008714871062108
:10E950002848FDF743FB2849088008460088001234
:10E960002449887124480078C87108202349088008
:10E970000020194908701949087021490880084683
:10E9800002880088401C0B4618801A48815C1D488C
:10E99000F8F7F6FD012200E004E040F22661194894
:10E9A000F8F78DFDBDE8FE8F704770B504460D4643
:10E9B000012015490860E1B21248F8F7E1FD00BFF7
:10E9C00040211048F8F74AFE0028F9D000200E49EF
:10E9D0000860204670BD00009701002099010020CA
:10E9E000940100201E160020904300209E0100206C
:10E9F0005A0C0020903D0020920100209001002040
:10EA00008C010020004400408C81224208B54FF464
:10EA10000060ADF8000003208DF8020004208DF89E
:10EA200003006946FB48F8F721FB4FF48060ADF81E
:10EA3000000003208DF8020018208DF803006946BD
:10EA4000F448F8F713FB08BD1FB5F348F8F75CFC72
:10EA50006846F8F705FD4FF4E13000900020ADF86E
:10EA60000400ADF80600ADF80800ADF80C000C206D
:10EA7000ADF80A006946E848F8F789FC012240F23F
:10EA80002551E548F8F71BFD0121E348F8F70BFD98
:10EA90001FBD10B5FFF7BAFFFFF7D6FF0020DF4913
:10EAA0000880DF4908802320FAF7D6FD10BD10B595
:10EAB0000146002042F21072914200DB0AE0B1F5FB
:10EAC0007A7F00DB12E0642900DB21E00A2900DB09
:10EAD0002FE03EE042F2107291FBF2F23032D4B2FB
:10EAE0000246431CD8B2CF4B9C5400BF42F2107276
:10EAF00091FBF2F302FB13124FF47A7392FBF3F2E1
:10EB00003032D4B20246431CD8B2C64B9C5400BF2C
:10EB10004FF47A7291FBF2F302FB1312642392FB1F
:10EB2000F3F23032D4B20246431CD8B2BD4B9C54EF
:10EB300000BF642291FBF2F302FB13120A2392FB43
:10EB4000F3F23032D4B20246431CD8B2B54B9C54D7
:10EB500000BF0A2291FBF2F302FB13123032D4B24F
:10EB60000246431CD8B2AF4B9C5410BD30B503468F
:10EB70000C46002019460AE00D78954205D0451C48
:10EB8000E8B2491CFF2802D104E0FF2002E00D7822
:10EB9000A542F1D100BF30BD30B5034600200024AE
:10EBA000194612E00A78412A03DBA2F13705EAB2DE
:10EBB00002E0A2F13005EAB20CB9104602E002EB25
:10EBC0000015A8B2491C651CECB20D780D2D0BD0B8
:10EBD0000D782C2D08D00D782E2D05D00D783B2DDD
:10EBE00002D00D78292DDDD130BD70B5034600204F
:10EBF000002419460FE00A781CB9A2F13005A8B22A
:10EC000006E0A2F1300500EB800605EB4605A8B250
:10EC1000491C651CECB20D780D2D08D00D782C2DFB
:10EC200005D00D782E2D02D00D783B2DE3D170BD8F
:10EC30002DE9FF5F0020039000267B480078022822
:10EC400006D17AA17A4826F001F97A49086005E0F0
:10EC500076A1794826F0FAF876490860312076499D
:10EC6000087074480068002874D074480078002840
:10EC700070D170480068001DFFF78EFF7049087062
:10EC800008460078632806DC0022084601786D48B3
:10EC9000FFF76CFF064600222C2166480068FFF74C
:10ECA00065FF804600223B2162480068FFF75EFF57
:10ECB0008146CDF80890FF2E09D0B8F1FF0F06D09D
:10ECC0000298FF2803D05E480078A02812DD0120BA
:10ECD000039000240BE05C48015D584802780078FE
:10ECE000401C564B187059488154601CC4B2102CFB
:10ECF000F1DB17E0B9F1960F01DB4FF09509002425
:10ED000006E04C480068005D50490855601CC4B2DC
:10ED10004C45F6DB2C204D4901F8090009F10100B2
:10ED200046490870434800684044401C4149086017
:10ED30000846006890F800B00398002809D14048C0
:10ED40000078822807D1BBF1310FF7D1012040496B
:10ED500008702FE3ECE33A480078912806D1BBF124
:10ED6000310FF6D101203B49087023E33448007885
:10ED700092280DD1BBF1310F02D0BBF1300FE8D199
:10ED8000ABF130003449087001203449087011E3B8
:10ED90002B480078952806D1BBF1310FD9D101203D
:10EDA0002F49087006E326480078892806D1BBF170
:10EDB000310FCED101202B490870FBE220480078AA
:10EDC00020280FD01E48007830280BD01C4800782F
:10EDD000402807D01A480078502803D018480078F7
:10EDE000622873D100245FE012480068FFF7FDFE3F
:10EDF0002DF8140054B93DF8140038B90020ADF8CE
:10EE00000200ADF80400ADF806000324032C3CD149
:10EE1000002737E0000C014000480040A40100201A
:10EE2000A20100209B6100209F0100204750570055
:10EE300090430020740200209053002059020020CB
:10EE400058020020A875030894770308A7610020E2
:10EE5000690200206A0200206D0200206C0200207E
:10EE60006B020020B9010020FE48C05D40B13801AE
:10EE70002030FD490978884202D10120FB49C8555C
:10EE8000781CC7B2042FEFDB10E000222E21F848D7
:10EE90000068FFF76BFE8046F54800684044401C60
:10EEA000F3490860601CC4B2042C9DDB00BF002441
:10EEB00022E03DF81400FF2809DC1DF81400ED499C
:10EEC00031F816102144EC4A505413E017E00220A8
:10EED000039000240BE0E948015DE94802780078DE
:10EEE000401CE74B1870E7488154601CC4B2122CD8
:10EEF000F1DB03E0601CC4B2042CDADB5AE2DA482E
:10EF00000078012817D0D8480078052813D0D648B3
:10EF1000007806280FD0D448007821280BD0D2489A
:10EF20000078312807D0D0480078412803D0CE4857
:10EF3000007851287ED1CC480078012806D1A9EB71
:10EF40000800401E082801DD03200390C648007811
:10EF5000052806D1A9EB0800401E182801DD032072
:10EF60000390C1480078062806D1A9EB0800401E8E
:10EF70000B2801DD03200390BB480078212806D12F
:10EF8000A9EB0800401E1E2801DD03200390B648AF
:10EF90000078312806D1A9EB0800401E1E2801DDAB
:10EFA00003200390B0480078412806D1A9EB08005F
:10EFB000401E1E2801DD03200390AB480078512835
:10EFC00006D1A9EB0800401E1E2801DD0320039096
:10EFD00008F10100814501DA03200390039803281A
:10EFE00010D100240BE0A848025DA5480178007804
:10EFF000401CA34B1870A3484254601CC4B21F2C81
:10F00000F1DBD7E100240AE099480068005D9949E6
:10F0100031F816102144984A5054601CC4B2A9EB30
:10F020000800401EA042EFDC0020924931F8161083
:10F03000214400E012E0904A50548B4800780628A2
:10F04000DFD1002707E08748C05D10B10120874964
:10F05000C855781CC7B2042FF5DBABE182480078B5
:10F060000D287AD182480068FFF7BFFD0546B5F547
:10F07000966F11D0B5F5166F0ED0B5F5965F0BD023
:10F08000B5F5165F08D0B5F5964F05D0B5F5164F16
:10F0900002D0B5F5614F0CD12912764830F8160030
:10F0A000801C754A1154734830F81600C01C155462
:10F0B00012E08DB10420039000240BE07348015D41
:10F0C0006F4802780078401C6D4B18706D48815471
:10F0D000601CC4B2152CF1DB00222C2164480068AE
:10F0E000FFF744FD8046B8F1FF0F01D1FF2505E190
:10F0F0005F4800684044401C5D490860084600685D
:10F10000FFF773FD0546082D08D1681FC1B25948A5
:10F1100030F81600001D584A115412E08DB1052038
:10F12000039000240BE05A48015D554802780078AE
:10F13000401C534B187053488154601CC4B21A2CA5
:10F14000F1DB00222C214A480068FFF70FFD8046C2
:10F15000B8F1FF0F02D1FF25D0E0E6E04448006897
:10F160004044401C4249086008460068FFF73DFDE6
:10F170000546012D01D0022D09D1681E8006010E21
:10F180003C4830F81600401D3B4A115412E08DB146
:10F190000620039000240BE03E48015D38480278C9
:10F1A0000078401C364B187036488154601CC4B23D
:10F1B0001A2CF1DB00222C212D480068FFF7D6FC29
:10F1C0008046B8F1FF0F01D1FF2597E0284800687D
:10F1D0004044401C264908600846006800782C28F6
:10F1E00005D008460068FFF700FD054600E06425ED
:10F1F000022D1CDC3DB900211E4830F81600801D90
:10F200001D4A115427E0012D07D10821194830F873
:10F210001600801D184A11541DE0022D1BD1182123
:10F22000144830F81600801D134A115413E0642D61
:10F2300011D00720039000240BE01748025D10480E
:10F2400001780078401C0E4B18700E484254601C28
:10F25000C4B21C2CF1DB00222C2105480068FFF70A
:10F2600085FC1BE02F0200205802002070020020C5
:10F27000740200203E7603084E18002082770308AF
:10F2800059020020A7610020B57803081A78030806
:10F290002F78030849780308637803088046B8F19B
:10F2A000FF0F01D1FF2529E0FD4800684044401CC4
:10F2B000FB49086008460068FFF797FC0546022DE9
:10F2C00001D0032D06D1F74830F81600C01DF64ACC
:10F2D000155412E08DB10820039000240BE0F34890
:10F2E000025DF34801780078401CF14B1870F1483A
:10F2F0004254601CC4B2182CF1DB00BFFF2D59D161
:10F300000398E8BB0920039000240BE0EA48015D64
:10F31000E74802780078401CE54B1870E5488154B6
:10F32000601CC4B21E2CF1DB44E00022E3480178EB
:10F33000E348FFF71BFC0446D9480068FFF755FC7B
:10F340000546FF2C1FD02912D64830F81600D64AA1
:10F350001154D44830F81600401C155400270DE015
:10F36000D848C05D40B138012230D449097888427C
:10F3700002D10120D449C855781CC7B2042F00E03F
:10F3800018E0EDDB16E0C74830F81600C64A155401
:10F3900000270DE0CB48C05D40B138012430C7499B
:10F3A0000978884202D11020C8490870781CC7B279
:10F3B000042FEFDB039800287ED1C548007880B188
:10F3C00000240BE0C348015DB94802780078401C76
:10F3D000B74B1870B7488154601CC4B20C2CF1DBD9
:10F3E00068E0BA480078012817D0B84800780B28A0
:10F3F00013D0B64800780C280FD0B44800780D28F8
:10F400000BD0B24800780E2807D0B04800780F28FB
:10F4100003D0AE480078102810D100240BE0AE488D
:10F42000015DA34802780078401CA14B1870A148E8
:10F430008154601CC4B2102CF1DB3BE0A74800787B
:10F44000012810D100240BE0A548025D98480178FE
:10F450000078401C964B187096484254601CC4B209
:10F46000142CF1DB26E09F48007818B39E48007802
:10F4700080B100240BE09D48015D8D480278007842
:10F48000401C8B4B18708B488154601CC4B2102CEC
:10F49000F1DB0FE000240BE09548015D8448027821
:10F4A0000078401C824B187082488154601CC4B2A2
:10F4B0000F2CF1DB00240CE021E08E48015D7C483C
:10F4C00002780078401C7A4B18707A488154601C8E
:10F4D000C4B2092CF1DB7E4800787C4909780844E5
:10F4E0008049097808447D4909780844002803DDEB
:10F4F00000208149087002E001207F4908703B210B
:10F500006B4802780078401C694B18706948815438
:10F510001A21184602780078401C187065488154FA
:10F520000D21184602780078401C187061488154FB
:10F5300072480078022806D171A1724825F086FC35
:10F540005749086005E06EA16F4825F07FFC5449DB
:10F55000086031206C49087051480068002877D055
:10F5600053480078002873D14D480068001DFFF70C
:10F5700013FB524908700022084601786348FFF7E0
:10F58000F5FA064600223B2145480068FFF7EEFAEF
:10F590008146CDF80890FF2E06D00298FF2803D0B0
:10F5A00046480078A02812DD0B20039000240BE0D1
:10F5B0005748025D3E4801780078401C3C4B18706B
:10F5C0003C484254601CC4B2102CF1DB27E0B9F176
:10F5D000960F01DB4FF09509002406E030480068E3
:10F5E000005D34490855601CC4B24C45F6DB2C2044
:10F5F000304901F8090009F101002D490870002483
:10F600000BE04448015D2A4802780078401C284BF2
:10F61000187028488154601CC4B20C2CF1DB03988C
:10F6200000287BD12548007820280FD02348007877
:10F6300030280BD021480078402807D01F48007898
:10F64000502803D01D480078622870D100246BE058
:10F6500097E2144931F816102144134A505CFFF721
:10F6600026FA07464FF0000A0EE02B4810F80A1061
:10F670000F4802780078401C0D4B18700D488154DB
:10F680000AF1010000F0FF0ABA45EEDB032C49DA6B
:10F690002E21074802780078401C054B18703FE087
:10F6A000740200203E7603084E1800207F7803087D
:10F6B00059020020A7610020977803085802002013
:10F6C000D47603082F020020700200206A02002076
:10F6D00069020020CB770308D77703086B0200206C
:10F6E000067803086C0200206D020020E77703080B
:10F6F000F77703086E770308670200209F01002058
:10F70000475052009043002090530020A8750308F2
:10F7100094770308BF7703089B610020E4E106E0CB
:10F72000F8488154601CC4B2042C92DBDCE1F6483A
:10F730000078012817D0F4480078052813D0F24843
:10F74000007806280FD0F048007821280BD0EE482A
:10F750000078312807D0EC480078412803D0EA48E7
:10F76000007851281BD1002410E0E84830F816201A
:10F770002046611CCCB21044E5490A5CE54801789A
:10F780000078401CE34B1870DE484254DF4830F8E4
:10F7900016002044DE49085C0028E6D1A4E1DA48DE
:10F7A0000078702813D100240CE02046611CCCB2F4
:10F7B000D9490A5CD74801780078401CD54B1870AD
:10F7C000D0484254D448005D0028EED18CE1CE48A8
:10F7D0000078712813D100240CE02046611CCCB2C3
:10F7E000CE490A5CCB4801780078401CC94B1870A0
:10F7F000C4484254C948005D0028EED174E1C248B3
:10F800000078732813D100240CE02046611CCCB290
:10F81000C349095CBF4802780078401CBD4B187092
:10F82000B8488154BE48005D0028EED15CE1B6487E
:10F830000078742813D100240CE02046611CCCB25F
:10F84000B849095CB34802780078401CB14B187085
:10F85000AC488154B348005D0028EED144E1AA4889
:10F860000078752813D100240CE02046611CCCB22E
:10F87000AD490A5CA74801780078401CA54B187078
:10F88000A0484254A848005D0028EED12CE19E48D3
:10F8900000780D286FD19D4830F81600C01C9C4997
:10F8A000095C9A4830F81600801C994A105C01EBFC
:10F8B000002085B22846FFF7FAF807464FF0000A05
:10F8C0000EE09A4810F80A10924802780078401C1E
:10F8D000904B18708B4881540AF1010000F0FF0A28
:10F8E000BA45EEDB2C218B4802780078401C894B0E
:10F8F000187084488154854830F81600001D8449EA
:10F900000D5C032D0ADC05F13500C2B21846017802
:10F910000078401C18707B48425408E021217D4843
:10F9200002780078401C7B4B1870764881542C215B
:10F93000784802780078401C764B187071488154E2
:10F94000724830F81600401D71490D5C0DB1042D50
:10F9500012D12846E91705EB917189103131CAB2ED
:10F960006C490B780978491CDFF8A8C18CF80010A5
:10F970006449CA5409E06AE02121664802780078A7
:10F98000401C644B18705F4881542C2261480178F8
:10F990000078401C5F4B18705A4842545B4830F85E
:10F9A0001600801D5A490D5C45B930221846017871
:10F9B0000078401C18705348425420E0082D09D1AB
:10F9C0003122544801780078401C524B18704D4841
:10F9D000425414E0182D09D132224E4801780078A3
:10F9E000401C4C4B18704748425408E021224948BB
:10F9F00001780078401C474B1870424842542C2232
:10FA0000444801780078401C424B18703D484254ED
:10FA10003E4830F81600C01D3D490D5C012D0CDB41
:10FA2000052D0ADC05F13000C1B2184602780078D5
:10FA3000401C18703348815456E021223548017823
:10FA40000078401C334B18702E4842544CE0002282
:10FA50002D4801783648FFF789F80446FF2C26D058
:10FA60002A4830F81600401C2949085C274931F81B
:10FA70001610274A515C00EB012085B22846FFF79B
:10FA800016F807464FF0000A0EE0284810F80A2042
:10FA9000204801780078401C1E4B187019484254C9
:10FAA0000AF1010000F0FF0ABA45EEDB1CE017483E
:10FAB00030F8160016490D5C2846FEF7F8FF074699
:10FAC0004FF0000A0EE0194810F80A1011480278A9
:10FAD0000078401C0F4B18700A4881540AF101004D
:10FAE00000F0FF0ABA45EEDB039850B92C21094813
:10FAF00002780078401C074B18700248815400249B
:10FB000024E025E0A7610020580200203E7603088B
:10FB10004E18002059020020457703084C7703084F
:10FB20005477030862770308687703089B61002015
:10FB3000D4760308F848015DF84802780078401C44
:10FB4000F64B1870F6488154601CC4B20A2CF1DBE5
:10FB50003B22F24801780078401CF04B1870F048C6
:10FB600042541A22184601780078401C1870EC485C
:10FB700042540D21184602780078401C1870E8485D
:10FB80008154E8480078022834D1E44800780028FD
:10FB900030DD0120E34908700020E349088000249B
:10FBA0000BE0DF48015DE04802880088401CDE4B26
:10FBB0001880DE488154601CC4B2D8480078844262
:10FBC000EFDB0020D5490870D94908800120D949C8
:10FBD0000860012240F22661D748F7F770FCD4484C
:10FBE00002880088401CD24B1880D048815CD248E3
:10FBF000F7F7C6FCBDE8FF9F2DE9F0410024002582
:10FC0000CE4890F89D0000286FD000BF07E004F1B7
:10FC10009D00CA49085CCA490855601CC4B21F2C23
:10FC2000F5DBC749C74825F011F90646002E76D006
:10FC3000C5A1304625F00AF90746BA1CC3A1C4483D
:10FC400025F02CFF002413E0C148005D2E280DD1C3
:10FC50002146BF4825F042F9BE4908800846007891
:10FC6000B64981F84800601CC5B203E0601CC4B20C
:10FC7000032CE9DD00BF2C4615E0B548005D2E28B9
:10FC80000FD1621BD1B2B24A501925F027F9B14900
:10FC9000488008468078A94981F84900601CC5B2AF
:10FCA00004E0601CC4B2E81CA042E6DA00BF2C46A7
:10FCB00015E0A748005D2E280FD1621BD1B2A44ADF
:10FCC000501925F00BF9A3498880084600799B4913
:10FCD00081F84A00601CC5B204E0601CC4B2E81C94
:10FCE000A042E6DA00BF2C4615E018E09848005D17
:10FCF00022280ED1621BD1B2954A501925F0EEF898
:10FD00009449C880084680798C4981F84B000025C9
:10FD100004E0601CC4B2E81CA042E7DA00BF8748D8
:10FD200090F8BC0000286FD0002407E004F1BC006C
:10FD30008249085C82490855601CC4B21F2CF5DB5F
:10FD40007F49804825F082F80646002E76D07EA1B5
:10FD5000304625F07BF80746BA1C7CA17C4825F08C
:10FD60009DFE002413E07A48005D2E280DD1214627
:10FD7000774825F0B3F8774908810846007A6F493B
:10FD800081F84C00601CC5B203E0601CC4B2032CB7
:10FD9000E9DD00BF2C4615E06D48005D2E280FD12F
:10FDA000621BD1B26A4A501925F098F86949488116
:10FDB0000846807A614981F84D00601CC5B204E0B4
:10FDC000601CC4B2E81CA042E6DA00BF2C4615E075
:10FDD0005F48005D2E280FD1621BD1B25C4A5019DA
:10FDE00025F07CF85B4988810846007B534981F8FF
:10FDF0004E00601CC5B204E0601CC4B2E81CA04206
:10FE0000E6DA00BF2C4615E018E05148005D2228D4
:10FE10000ED1621BD1B24E4A501925F05FF84D4900
:10FE2000C8810846807B454981F84F00002504E0E1
:10FE3000601CC4B2E81CA042E7DA00BF3F4890F85B
:10FE4000DB00002867D0002407E004F1DB003B4919
:10FE5000085C3B490855601CC4B21F2CF5DB3849CF
:10FE6000384824F0F3FF0646002EEBD036A130468A
:10FE700024F0ECFF0746BA1C34A1354825F00EFEED
:10FE8000002413E03248005D2E280DD12146304871
:10FE900025F024F82F4908820846007C274981F87C
:10FEA0005000601CC5B203E0601CC4B2032CE9DD45
:10FEB00000BF2C4615E02648005D2E280FD1621B9E
:10FEC000D1B2234A501925F009F822494882084640
:10FED000807C1A4981F85100601CC5B204E0601CA6
:10FEE000C4B2E81CA042E6DA00BF2C4636E018484F
:10FEF000005D2E2830D1621BD1B2154A501924F072
:10FF0000EDFF144988820846007D0C4981F85200B3
:10FF1000601CC5B225E040E0B57703085902002017
:10FF2000A76100209F01002090010020903D00204B
:10FF30008C0100208C812242004400404E18002099
:10FF4000AB640020905300202C00000025730000BB
:10FF5000AB6200205E210020601CC4B2E81CA042FD
:10FF6000C5DA00BF2C4614E0FE48005D22280ED101
:10FF7000621BD1B2FB4A501924F0B0FFFA49C88283
:10FF80000846807DF94981F85300002504E0601C93
:10FF9000C4B2E81CA042E7DA00BFF44890F8FA00C7
:10FFA000002871D0002407E004F1FA00EF49085C52
:10FFB000EF490855601CC4B21F2CF5DBEC49ED4835
:10FFC00024F044FF0646002E78D0AFF2840130467C
:10FFD00024F03CFF0746BA1CAFF29001E14825F03F
:10FFE0005DFD002413E0DF48005D2E280DD1214681
:10FFF000DC4824F073FFDC4908830846007EDB49B7
:020000040801F1
:1000000081F85400601CC5B203E0601CC4B2032C2C
:10001000E9DD00BF2C4615E0D248005D2E280FD147
:10002000621BD1B2CF4A501924F058FFCE49488301
:100030000846807ECD4981F85500601CC5B204E0B9
:10004000601CC4B2E81CA042E6DA00BF2C4615E0F2
:10005000C448005D2E280FD1621BD1B2C14A50198D
:1000600024F03CFFC04988830846007FBF4981F8DF
:100070005600601CC5B204E0601CC4B2E81CA0427B
:10008000E6DA00BF2C4615E018E0B648005D2228ED
:100090000ED1621BD1B2B34A501924F01FFFB249EE
:1000A000C8830846807FB14981F85700002504E0E5
:1000B000601CC4B2E81CA042E7DA00BFBDE8F081D2
:1000C000AA4890F84800A8490880A84890F8490034
:1000D0004880A64890F84A008880A44890F84B00D1
:1000E000C880A24890F84C000881A04890F84D00C4
:1000F00048819E4890F84E0088819C4890F84F00B7
:10010000C8819A4890F850000882984890F85100A9
:100110004882964890F852008882944890F853009C
:10012000C882924890F854000883904890F855008F
:1001300048838E4890F8560088838C4890F8570082
:10014000C8838A4890F85900884991F8581000EB04
:10015000012085490885854890F85B00834991F81E
:100160005A1000EB012080494885804890F85D00D6
:100170007E4991F85C1000EB01207B4988857B4823
:1001800090F85F00794991F85E1000EB0120764904
:10019000C885764890F87100744991F8701000EBAA
:1001A00001207149A1F84800704890F873006F4928
:1001B00091F8721000EB01206B49A1F84A006B48DE
:1001C00090F87500694991F8741000EB01206649B8
:1001D000A1F84C00654890F87700644991F87610D2
:1001E00000EB01206049A1F84E00604890F87900CA
:1001F0005E4991F8781000EB01205B4908875B4865
:1002000090F87B00594991F87A1000EB012056498B
:100210004887564890F87D00544991F87C1000EBCF
:10022000012051498887514890F87F004F4991F843
:100230007E1000EB01204C49C8874C4890F86100C3
:100240004A4991F8601000EB01204749088447486B
:1002500090F86300454991F8621000EB0120424993
:100260004884424890F86500404991F8641000EBDA
:1002700001203D4988843D4890F867003B4991F84A
:10028000661000EB01203849C884384890F86800AF
:100290000886364890F869004886344890F86A0025
:1002A0008886324890F86B00C886304890F8350050
:1002B0002E4991F8341000EB01202B49A1F8500091
:1002C0002A4890F83200A1F85600284890F83000EB
:1002D000A1F8540070472DE9F04F97B00026002098
:1002E0000D900E90282103A824F0A5FDFFF7E8FE4D
:1002F00021A1204824F0AAFD13901398002874D05F
:100300000120204908601848008817494988084496
:100310001549898808441449C988084400287DD0B3
:100320001148C08810498988CDE900100E484388DB
:10033000028815A10FA825F0B1FB0B48028D15A16D
:100340000DA825F0ABFB0DAB0FAA13A103A825F058
:10035000A5FB03A9139824F079FD0028DFD010A194
:10036000139821E0AB6200205E2100204E1800208F
:10037000AB64002090530020524543562046524F14
:100380004D3A0000B001224225642E25642E2564DA
:100390002E2564002564000025733A2573000000B3
:1003A0002B4950440000000024F050FD0746002473
:1003B00005E03879FA4908557F1C601C84B20F2C7F
:1003C000F7DB002414E0F648005D0D280ED1E1B201
:1003D000F34824F083FDF34908800020F2490880A7
:1003E000F2490880F249088004E004E3601C84B20A
:1003F000052CE8DD00BF002404E00020E849085592
:10040000601C84B2052CF8DD4FF4C061E94824F08B
:1004100012FDE44805884FF0000808E07CE00A205F
:1004200095FBF0F085B208F1010000F0FF08002D07
:10043000F5D1E14805884FF0000907E00A2095FB57
:10044000F0F085B209F1010000F0FF09002DF5D1AF
:10045000D94845884FF0000A07E00A2095FBF0F0E4
:1004600085B20AF1010000F0FF0A002DF5D1D24853
:1004700085884FF0000B07E00A2095FBF0F085B26D
:100480000BF1010000F0FF0B002DF5D1CA48C58823
:100490000020169007E00A2095FBF0F085B2169830
:1004A000401CC0B21690002DF5D1C348058D002028
:1004B000159007E00A2095FBF0F085B21598401CD6
:1004C000C0B21590002DF5D108EB0900504400EBA7
:1004D0000B0116980144159808441490149818308C
:1004E00084B207E0B548005DB2498855701C86B2F9
:1004F000601C84B2AB480088183014990844A042AC
:10050000F0DAA8480088864200DB00260020AC49CB
:1005100008700120AB490870A7480089A64949899D
:100520000844A54989890844A349C9890844002881
:100530007BD0A148C089A0498989CDE900109E4897
:1005400043890289AFF2C0110FA825F0A7FA9A4893
:10055000428DAFF2C0110DA825F0A0FA0DAB0FAA85
:10056000AFF2CC1103A825F099FA03A9139824F04F
:100570006DFC0028DCD0AFF2D811139824F066FC93
:100580000746002405E03879854908557F1C601C22
:1005900084B20F2CF7DB002413E08148005D0D28A6
:1005A0000DD1E1B27E4824F099FC7F4908800020FB
:1005B0007C4908807D4908807D49088003E0601CF3
:1005C00084B2052CE9DD00BF002404E0002074495A
:1005D0000855601C84B2052CF8DD4FF4C0617548E5
:1005E00024F029FC704805884FF0000807E00A2035
:1005F00095FBF0F085B208F1010000F0FF08002D36
:10060000F5D16D4805894FF0000907E00A2095FBF8
:10061000F0F085B209F1010000F0FF09002DF5D1DD
:10062000654845894FF0000A08E05EE00A2095FB26
:10063000F0F085B20AF1010000F0FF0A002DF5D1BB
:100640005D4885894FF0000B07E00A2095FBF0F02C
:1006500085B20BF1010000F0FF0B002DF5D15648DB
:10066000C5890020169007E00A2095FBF0F085B2BE
:100670001698401CC0B21690002DF5D14E48458DFD
:100680000020159007E00A2095FBF0F085B2159840
:10069000401CC0B21590002DF5D108EB0900504464
:1006A00000EB0B0116980144159808441490149817
:1006B000183084B207E04148005D3E498855701CFF
:1006C00086B2601C84B238480088183014990844F7
:1006D000A042F0DA34480088864200DB0026012080
:1006E000374908700220374908703348008A324978
:1006F000498A08443049898A08442F49C98A0844EC
:1007000000284CD02C48C08A2B49898ACDE900109A
:100710002948438A028AAFF290310FA825F0BEF92A
:100720002548828DAFF294310DA825F0B7F90DABB5
:100730000FAAAFF29C3103A825F0B0F903A91398D2
:1007400024F084FB0028DCD0AFF2AC31139824F005
:100750007DFB0746002405E03879114908557F1CC8
:10076000601C84B20F2CF7DB002413E00C48005D02
:100770000D280DD1E1B20A4824F0B0FB0B490880E6
:10078000002008490880084908800949088003E0DA
:10079000601C84B2052CE9DD00BF002419E0A1E053
:1007A00047620020720000207400002076000020C4
:1007B000780000205E2300205E210020905300205E
:1007C000C40100207D0000200020F7490855601C6E
:1007D00084B2052CF8DD4FF4C061F44824F02BFB03
:1007E000F34805884FF0000807E00A2095FBF0F079
:1007F00085B208F1010000F0FF08002DF5D1ED48A9
:10080000058A4FF0000907E00A2095FBF0F085B259
:1008100009F1010000F0FF09002DF5D1E548458AF6
:100820004FF0000A07E00A2095FBF0F085B20AF1CC
:10083000010000F0FF0A002DF5D1DE48858A4FF057
:10084000000B07E00A2095FBF0F085B20BF10100E8
:1008500000F0FF0B002DF5D1D648C58A0020169078
:1008600007E00A2095FBF0F085B21698401CC0B254
:100870001690002DF5D1CF48858D0020159007E00A
:100880000A2095FBF0F085B21598401CC0B2159077
:10089000002DF5D108EB0900504400EB0B01169830
:1008A00001441598084414901498183084B207E055
:1008B000C148005DBD498855701C86B2601C84B279
:1008C000BB480088183014990844A042F0DAB848B0
:1008D0000088864200DB00260220B8490870032009
:1008E000B7490870B348008BB249498B0844B149F5
:1008F000898B0844AF49C98B084400287BD0AD4898
:10090000C08BAC49898BCDE90010AA48438B028B80
:10091000AFF28C510FA825F0C1F8A648C28DAFF2F6
:100920008C510DA825F0BAF80DAB0FAAAFF2985173
:1009300003A825F0B3F803A9139824F087FA002838
:10094000DCD0AFF2A451139824F080FA07460024BB
:1009500005E03879944908557F1C601C84B20F2C3F
:10096000F7DB002413E09048005D0D280DD1E1B2C3
:100970008D4824F0B3FA93490880002092490880FA
:10098000924908808A49088003E0601C84B2052CE3
:10099000E9DD00BF002404E0002083490855601C05
:1009A00084B2052CF8DD4FF4C061804824F043FA8E
:1009B000844805884FF0000807E00A2095FBF0F016
:1009C00085B208F1010000F0FF08002DF5D179484B
:1009D000058B4FF0000907E00A2095FBF0F085B287
:1009E00009F1010000F0FF09002DF5D17148458B98
:1009F0004FF0000A08E05EE00A2095FBF0F085B2B7
:100A00000AF1010000F0FF0A002DF5D16948858B3D
:100A10004FF0000B07E00A2095FBF0F085B20BF1D8
:100A2000010000F0FF0B002DF5D16248C58B0020BE
:100A3000169007E00A2095FBF0F085B21698401C4E
:100A4000C0B21690002DF5D15A48C58D00201590E2
:100A500007E00A2095FBF0F085B21598401CC0B263
:100A60001590002DF5D108EB0900504400EB0B0167
:100A7000169801441598084414901498183084B2BC
:100A800007E04D48005D49498855701C86B2601CDE
:100A900084B24C480088183014990844A042F0DA17
:100AA00048480088864200DB00260320434908703E
:100AB00004204349087017B0BDE8F08F2DE9F04FCE
:100AC00087B00020069042480088002801F09880F6
:100AD00040480078404909788842F7D03D4800787E
:100AE0003D4908703D480088401C3C490880084644
:100AF0000088052841F38480002240F225513848BF
:100B0000F6F7DDFC01203749087000212A48304AF9
:100B1000128881542E4800883349088000202C49CF
:100B200008802E49088030480088B0F5C06F01F376
:100B30004A802E480078062807DA2DA11E4824F0A6
:100B400085F910B101202C49087028480078112837
:100B500077D00CDC112875D2DFE800F074507451A6
:100B600052535ED4FBFCFDFEFFEEEDECEB001928CA
:100B700069D009DCA0F112000728ECD2DFE800F010
:100B8000E8E7E6E5E4E3E20031287DD006DC1A2858
:100B90007BD01B287AD0302854D10CE3322876D071
:100BA0004128F9D10AE30000476200205E230020BB
:100BB000760000205E21002090530020C401002018
:100BC0007D000020780000207200002074000020CA
:100BD000A201002058080020B3010020B401002029
:100BE000004800408E000020A6010020B90100202E
:100BF000504220444F4E4500BE010020EBE200BFB2
:100C0000F4E0F8A1F84824F021F920B10120F749D7
:100C10000870F7490870DEE2F6A1F34824F016F9EF
:100C2000F649086000286CD0AFF6E441EE4824F0A5
:100C30000DF9F34908600846006848B300200690A3
:100C400010E0C9E0C4E2CFE0EC4800680278069802
:100C5000411CC9B20691EB490A54E8480068401C9F
:100C6000E6490860E548006800782C28ECD1E448A3
:100C7000006810F8020C202817D1E148006810F82D
:100C8000010C3038E04904E096E2AEE0B7E094E2CF
:100C900026E0A1F880000020DC4981F84500DA4810
:100CA00090F8800081F846001EE0D548006810F8F2
:100CB000011CD348006810F8020C303800EB8000AB
:100CC00001EB40003038D049A1F880000020CF4926
:100CD00081F84500CC4890F8800081F8460003E098
:100CE0000020C949A1F88000C748B0F88000082852
:100CF00007DBC548B0F88000632802D00120BC495A
:100D0000087000BFC2A1B84824F0A0F8BC49086030
:100D10000846006860B108460068407A312804D06F
:100D200008460068407A352802D10120B049087091
:100D300051E250E014E012E010E00EE00CE00AE0B6
:100D400008E006E04FE04DE04BE049E047E045E0D9
:100D500043E000BF00BF00BF00BF00BF00BF45E0D1
:100D6000ADA1A14824F072F8A0B30120A0490870F9
:100D7000AFF62C619C4824F069F8A1490860084648
:100D80000068C8B108460068401CFDF72EFFA44962
:100D90000880AFF64C619A480068401C24F056F871
:100DA000A04908600846006830B108460068401C49
:100DB000FDF71BFF9C4908809B480088401F98490D
:100DC0000988884206DC984800880A2802DB01204E
:100DD00096490870FFE100BF00BF00BF00BF00BF21
:100DE00000BF00BF00BF00BF00BF00BF7DA17E48A5
:100DF00024F02CF810B101207D490870EBE1AFF62A
:100E00008821794824F022F87D4908600846006866
:100E1000002879D0FFF75FFA85480088854909885E
:100E200008448549098808448449098808441FFA08
:100E300080FA40F2DC5082451EDD824680488149BE
:100E40000978405C01280EDA7D487E490978405CCB
:100E5000401C7B497B4A1278885401207A49794AA0
:100E6000127888540DE000217548764A1278815432
:100E70000B207649087004E000217148714A12780D
:100E8000815473A1584823F0E1FF66490860084681
:100E90000068002837D0084600684078812805D1CE
:100EA00001216C48674A1278815429E05D48006846
:100EB00040788B2803D101206749087020E0594809
:100EC000006840788D2803D101206449087017E03C
:100ED000544800684078822805D101206049087094
:100EE000604908700CE04F4800684078892804D1B8
:100EF00001205D49087003E006E001205B490870AD
:100F000000205B49088055E15AA1374823F09EFF35
:100F10004449086060B108460068867A302EF2DBEA
:100F2000332EF0DC0121A6F13000554A115441E185
:100F300054A12D4823F08AFF18B1012052490870AE
:100F400038E152A1284823F081FF3649086068B192
:100F500008460068867A302E04DB0121A6F13000B5
:100F60003C4A115401204C49087023E14BA11E4812
:100F700023F06CFF2B49086008B34BA11A4823F0FB
:100F800065FF284908600028BDD00846006810F8B1
:100F9000010C3038C6B2042EB5DC00203849885523
:100FA0002C4988554148805D0328ACDA3F48805D74
:100FB000401C3E498855012023498855FAE03CA150
:100FC000094823F043FF10B1FEF716FEF2E03BA103
:100FD000054823F03BFF18B101203B490870E9E0C8
:100FE00074E000004F4B000090530020BE01002031
:100FF000BA0100202B43535100000000780200206A
:10100000740200203D6200201E1600204E180020B1
:101010002B435245473A00002B43504D533A200092
:10102000560200207C0200205402002066020020AC
:10103000720000207400002076000020780000205C
:101040008B020020C4010020700200206A020020F0
:101050007B00000041020020C5010020C6010020E5
:10106000B9010020A7020020C7010020C80100200C
:101070001A0100202B4349504F50454E3A000000C2
:101080002F0200203E000000BD0100202B434950EC
:1010900053454E443A000000BB0100202B49504309
:1010A0004C4F53453A0000002C0000008502002000
:1010B0002B43444E534749503A2031002B4349506B
:1010C0004552524F523A0000BC010020AFF2EC01F1
:1010D000FE4823F0BBFE18B10120FD49087069E00D
:1010E000FCA1FA4823F0B2FED8B1AFF24401F748B0
:1010F00023F0ACFEF94908600846006830B10846A4
:101100000068401CFDF771FDF5490880F54800882E
:10111000401FF349098888424CDC0120F2490870DD
:1011200048E0F2A1E94823F091FEE0B10020F14946
:101130000870EB490880F0A1E44823F087FEEF49EE
:1011400008600846006858B1002607E0EB480068D0
:10115000C01C805DEA498855701CC6B20B2EF5DBB9
:10116000FDF766FD26E0E7A1D84823F06FFE18B131
:101170000120D74908701DE0D44880784F280ED14F
:10118000D248C0784B280AD1E0480078022811D113
:10119000DF48007870B90120CD4908700AE0DDA170
:1011A000CA4823F053FE28B1DC48007810B90D205E
:1011B000DB4908700FE000BF00BF0CE0AFF2DC11AC
:1011C000C24823F043FE10B10120C149087002E07B
:1011D00007B0BDE8F08F00BFD24800786C30D2492C
:1011E000085C01280ED1D148007810B9D0480078A9
:1011F00040B10020CD490870CD4908700120CD498B
:1012000008700EE0C74800786C30C749085C40B9E8
:10121000C9480078C9498988884202D10120C54956
:101220000870C448007800287ED00020C1490870AA
:10123000C3480088C34909880844C3490988084449
:10124000C249098808441FFA80FAB64800786C3011
:10125000B549085C50B1BAF1100F04DBAAF11000D7
:101260001FFA80F803E04FF0000800E0D0460024A9
:101270001EE0AC4800786C30AB49085C90B1A948DE
:1012800000786830085C30B99C4800681030005D18
:10129000AF4908550AE0994800680F30005DAC4935
:1012A000085503E0A448005DA9490855601C84B2B4
:1012B0004445DEDB5146A04823F0BDFD9F48008A2F
:1012C000002874D19D48223000F0704000F1007079
:1012D0009A492231C1F3130100EB4110806870B9C3
:1012E0009648223000F0704000F10070934922319E
:1012F000C1F3130100EB4110C068002877D0944877
:1013000000788E498988884271D1A8F10200C1B263
:101310008F48FAF763FE05462C12EEB2A8F10200E0
:101320008B49085CA04200E0E5E3EDD1A8F10100A3
:10133000085CB042E8D10846407803287ED10120FD
:101340008449087082488578C07800EB052082497E
:1013500008800846008842F21071884205DB7E480A
:1013600000884EF6602188427ADB744800797B4918
:101370000870774840784870754840794006000EFC
:101380008870734840797D2802DD7D20704948715E
:10139000714800884FF2186188421ADA6E48008856
:1013A000FBF7F1F88346DFF8B49100240CE00DE27E
:1013B0003BF81470391209F1030000F8141000EB27
:1013C00044004770601C84B261484079A042EFDC61
:1013D0001EE05548049060490988A1F57641183906
:1013E000049808440490DFF8749100240CE0FAE2B9
:1013F0000498075D002109F1030000F8141000EBC8
:1014000044004770601C84B251484079A042EFDC30
:1014100052488078C01CC1B25048FAF7DFFD5049ED
:1014200008800846008801124C488078C01C4B4A4E
:1014300011544B4801781046807801E031E00FE00C
:10144000001D115410468078401D46490880002038
:10145000404908704449088001204449087026E347
:101460003D48008842F210718842F8DB3A48008813
:101470004EF660218842F2DA374800883C49A1F8EC
:10148000660533480779407900EB072087B20846A4
:10149000A0F8687502203749087000202D490870AF
:1014A00005E32B484078062868D1012032490870AE
:1014B00027488578C07800EB052027490880084632
:1014C00000884EF66021884271DA58E0905300207F
:1014D000BA0100202B434D54490000007402002043
:1014E0005202002054020020660200202B434D4788
:1014F000520000005E0200202B3836007C020020E3
:10150000906100202B434D475300000062020020F1
:101510005A0200204552524F520000008A02002019
:101520006A020020C40100204E180020C7010020DC
:10153000C8010020C90100205E2300201E160020E3
:101540007200002074000020760000207800002047
:10155000903D0020AE010020AC010020905F0020F3
:10156000AA010020A0010020A401002068020020A0
:101570006E19002061000020B10100208BE0FE48C0
:101580000088FE49A1F86605FD480779407900EB1F
:10159000072087B20846A0F86875F748008842F22D
:1015A0001071884204DA0120F64908700FE012E059
:1015B000F148008842F21071884208DBEE4800884A
:1015C0004EF66021884202DA0320EE4908700020BE
:1015D000ED4908706BE2E84800884EF660218842C9
:1015E000F8DBE54800884FF2186188420DDAE248DE
:1015F0000088FAF7C8FF0390E1480779407900EBCB
:10160000072081B20398018018E0DB4800884FF280
:101610001861884212DBD8480088B0F57A4F0DDA9D
:10162000DA480290D4490988A1F576411839029820
:1016300008440290D248417902980170D448007958
:10164000D4490870CE4840784870CD48807888707A
:10165000CB48C078C870CA4800790871C84840793A
:1016600048710621CB48FAF7B9FCCB4908800846F7
:1016700000880012C7498871C7480078C8710820DF
:10168000C64908800020C0490870C549088001206B
:10169000C44908700BE2BA48407810289AD101205A
:1016A000C1490870B64840791E2859DCB4480190F9
:1016B0008578C07800EB0520AF490880084600888F
:1016C0004EF6602188424BDBAB4800884FF2186130
:1016D000884222DAA8480088FAF755FF03900024D0
:1016E00016E00198C01D10F814700198C01D00EBA1
:1016F000440040780590059800EB072081B29E4A8F
:101700001288039800EB420020F81410601C84B289
:101710009B484079A042E4DC22E0974800884FF2E1
:10172000186188421CDB94480088B0F57A4F17DABC
:101730009648029090490988A1F576411839029897
:1017400008440290002407E00198083010F81410B3
:1017500002980155601C84B289484079A042F3DCAC
:101760008B4800798B4908708548407848708448D8
:10177000807888708248C078C870814840791E2877
:1017800006DC7F48007908717D484079487103E0A4
:10179000FF2080490871487106217E48FAF71EFC37
:1017A0007D4908800846008800127A4988717A4885
:1017B0000078C87108207949088000207A490870AB
:1017C0007749088001207749087070E17048008AE5
:1017D000012803D06E48008A0228F6D16C482230D6
:1017E00000F0704000F1007069492231C1F313012B
:1017F00000EB4110806868B96548223000F0704005
:1018000000F1007062492231C1F3130100EB411075
:10181000C06838B35A4800785D49898888425DD1EC
:10182000A8F10200C1B25648FAF7D8FB05462C12BF
:10183000EEB2A8F102005249085CA0424ED1A8F1D4
:101840000100085CB04249D10846407803280AD11B
:101850000120564908704A488578C07800EB052079
:10186000454908803AE046484078062816D10120CC
:101870004549087042488578C07800EB05203E490C
:10188000088001204A4908703D480779407900EBFB
:10189000072087B201203B4908701FE03848407894
:1018A00010281BD101204049087035488578C07840
:1018B00000EB05203049088001203D4908703D4972
:1018C00081F80080002505E02D48405D3A494855E3
:1018D000681C85B2374800788542F5DB33480078CC
:1018E000F0B302202B4908702548407848702448FE
:1018F00040794006000E8870214840797D2802DD3D
:101900007D201F4948712248008A012802D1DFF852
:1019100080B005E01E48008A022801D1DFF89CB0A3
:10192000DFF8709000240FE0134800880BEB4000B4
:1019300030F81470391209F1030000F8141000EBAC
:1019400044004770601C84B20D484079A042EBDC33
:1019500010488078C01CC1B20E48FAF73FFB00E087
:1019600042E00D4908800846008801120948807845
:10197000C01C084A115423E0AC0100206E1900205D
:10198000903D002061000020B10100204E18002091
:101990001E160020905F0020AA010020A001002058
:1019A000A401002068020020AF010020AE01002049
:1019B00038030020390300202E6700205A0C002035
:1019C000FE48017810468078001D1154104680783A
:1019D000401DFB4908800020FA490870FA49088038
:1019E0000120FA49087062E0F948007870B30020DD
:1019F000F74908700220F7490870F74840784870A6
:101A0000F54880788870F448C078C870F24800794A
:101A10000871F148407948710621EE48FAF7DEFA7C
:101A2000E6490880084600880012EA498871E348C0
:101A30000078C8710820E24908800020E449087055
:101A4000E14908800120E149087030E0E34800786E
:101A500068B30020E14908700220DE490870DE48C2
:101A600040784870DC4880788870DB48C078C8705F
:101A7000D94800790871D848407948710621D5487D
:101A8000FAF7ACFACD490880084600880012D1491F
:101A90008871CA480078C8710820C94908800020A8
:101AA000CE490870C84908800120C8490870CC4850
:101AB00000F0704000F10070C949C1F3130100EB60
:101AC00041104068F0B3C748A0F800800020C64924
:101AD0000880012240F22661C448F5F7F0FCC248B4
:101AE00002880088401CC04B1880BB48815CBF48FE
:101AF000F5F746FD35E0BE4890F8360010B3BD4816
:101B00000088B0F5007F03DB4FF4FA70B949088014
:101B1000002405E0B848005DAF490855601C84B258
:101B2000B44800888442F5DBB2480088AD4908809B
:101B30000020AD4908800120B0490860012240F230
:101B4000266100E00DE0A948F5F7B9FCA648028837
:101B50000088401CA44B18809F48815CA348F5F77F
:101B60000FFD9F482238408800282CDDA1480088BE
:101B7000B0F5007F03DB4FF4FA709E490880002423
:101B800005E09D48005D9E490855601C84B2994857
:101B900000888442F5DB974800889A490880002035
:101BA00099490880012240F226619848F5F787FCA0
:101BB000954802880088401C934B18809048815CAF
:101BC0009248F5F7DDFC002505E08B48405D904923
:101BD0004855681C85B2874800888542F5DB00259A
:101BE00004E0002084494855681C85B2814800887B
:101BF0008542F6DB012240F225518648F5F75FFC6D
:101C000000BFFFF7E5BA10B500206F49088008460D
:101C100002880088401C0B4618807F48815C7D4804
:101C2000F5F7AEFC012240F226617A48F5F747FC51
:101C300010BD70B5024609E01478784B1D881B88EA
:101C40005B1C764E3380744B5C55521C0B1EA1F10D
:101C50000104E1B2F0D170BD70490A880988491CBD
:101C60006E4B19806C49885470470146002001E092
:101C7000421CD0B211F8013B002BF9D1704730B5AE
:101C80005B480930FFF7F1FF65490870584822307A
:101C9000FFF7EBFF6349087055489D30FFF7E5FFFC
:101CA000614908705248BC30FFF7DFFF5F49087098
:101CB0004F48DB30FFF7D9FF5D4908704C48FA30D8
:101CC000FFF7D3FF5B4908701F20544908800124A7
:101CD00047E05948055D5948005D052802D1504844
:101CE000057821E05548005D062802D14D48057869
:101CF0001AE05248005D212802D14B48057813E0D4
:101D00004E48005D312802D1484805780CE04B4828
:101D1000005D412802D14648057805E04748005D4E
:101D2000512801D1434805784448015D3B48028869
:101D30000088401C394B188037488154A81CC1B218
:101D4000184602880088401C1880334881543C495A
:101D500031F81410264A88182946FFF76AFF601CDC
:101D6000C4B2452CB5DB70212C4802880088401C89
:101D70002A4B188028488154092118460288008877
:101D8000401C18802448815407212E48FFF751FF3A
:101D90007121224802880088401C204B18801E4870
:101DA00081540A22184601880088401C18801A486D
:101DB000425408212448FFF73CFF47E0AA010020D5
:101DC000A0010020AE010020A40100206802002034
:101DD000B1010020905F0020903D0020AF01002065
:101DE00040160020900100208C010020004400409B
:101DF0004E180020A6010020905300208C81224222
:101E0000902900204A0100204601002000380140AE
:101E1000905900200048004090510020A801002067
:101E2000D0010020D1010020D2010020D3010020E8
:101E3000D4010020D5010020F3750308A87503081C
:101E40003E760308457703084C7703087321FE4864
:101E500002880088401CFC4B1880FC4881541821E3
:101E6000184602880088401C1880F84881540E21CA
:101E7000F748FFF7DEFE0821F648FFF7DAFE742187
:101E8000F14802880088401CEF4B1880EF488154CD
:101E90000822184601880088401C1880EB484254EC
:101EA0000621ED48FFF7C5FE7521E7480288008846
:101EB000401CE54B1880E5488154082118460288EB
:101EC0000088401C1880E14881540621E348FFF750
:101ED000B0FE7B21DC4802880088401CDA4B188069
:101EE000DA48815418460088DD49088030BD2DE964
:101EF000F84F0024DB480078DB4909780844DB49C7
:101F000009780844DA4909780844DA490978084424
:101F100000287DDCD848007800287AD0D74800789F
:101F2000D74909780844002873D1D648007858B9B1
:101F3000C548008840B90120D24908700020D24924
:101F40000880D2490880E1E0CE480078012818D105
:101F5000BD480088A8B9CD480088032811DD0220BB
:101F6000C84908700020C9490880FFF788FE002092
:101F7000B5490880BA480188C548007808F030FBA8
:101F8000C4E0C048007802280BD1C0480088B0F5F2
:101F9000967F06DD0120BB4908700020BB49088000
:101FA000B4E0B8480078022841D1BA480078002847
:101FB0003DD00320B34908700020B6490870A249FB
:101FC00008801F21B448FFF734FEA548008800129E
:101FD0009E498870A2480078C870002508E005F185
:101FE0002200AE49095C281D984A1154681CC5B2EC
:101FF0000B2DF4DBFFF743FE0020A9490880FA20EF
:1020000091490880A64802880088401CA44B01E042
:1020100085E085E018808D48815CA248F5F7B0FA2C
:10202000012240F226619F48F5F749FA6EE0954893
:102030000078032846D184480088E0BB04209149F9
:10204000087000209649088085480088FA2805DB3A
:1020500083480088FA387C49088002E000207A49E9
:10206000088079480088B0F5007F03DB4FF4FA70F0
:10207000754908804FF0000909E009F1FA00734939
:10208000085C01F8090009F1010000F0FF096E4841
:1020900000888145F1DB824802880088401C804B23
:1020A00018806A48815C7F48F5F76AFA012240F29D
:1020B00026617C4800E005E0F5F701FA002073494D
:1020C000088023E06F48007804280BD16F4800880F
:1020D000B0F57A7F06DD01206A49087000206B495F
:1020E000088013E06748007804280FD100206E496B
:1020F000087064490870604908706C49644A127835
:1021000021F812006A49624A127888545E480088B1
:10211000142804DD00205B4908705749087080E2EC
:102120006448007800287DD05648007854490978E2
:102130000844002876D151480078002873D1012046
:102140004E49087000205C4908805C4908805CA109
:102150005C4822F07BFE5C49086008460068002865
:1021600070D04FF0000A08460068C078009008461A
:1021700000680F300860B4E15348006800785349A4
:10218000087051480068401C4F4908604F4800786B
:102190007B28F0D000224D4801784D48FCF7E6FC42
:1021A0000746FF2F00D1A2E147480068057846485E
:1021B0000068401C44490860022D06D100204549B2
:1021C00031F81710354A505487E1022DFCDD002408
:1021D00011E03D48006890F800B03B480068401CA2
:1021E000394908603B4830F8170020442B4901F872
:1021F00000B0601CC4B2A81EA042EADC36480078D9
:1022000020B9012035490870F7F799FB2F4800786D
:10221000012869D02D480078052865D02B48007822
:10222000062801E0FEE163E15ED02848007821281D
:102230005AD026480078312856D0244800784128C2
:1022400052D04DE0E4E14FE0A80100209051002081
:10225000547703083D62002062770308687703081B
:10226000CE010020F4010020220200205A020020AA
:102270005E02002062020020C5010020CB01002088
:10228000CC010020CA0100204C0200209C0200204A
:10229000C4010020BD010020067703084E1800206D
:1022A000A401002000480040BA010020D80100200D
:1022B000E0010020C60100204E0200209E02002006
:1022C0007B0000009059002074020020580200207A
:1022D000A87503083E7603089B0200200201002037
:1022E000FE480078512833D10020FD4931F81710FD
:1022F0002144FC4A5054FC48007820B90120FB4995
:102300000870F7F71CFBF548007806280CD100246C
:1023100007E0F748005D10B10120F6490855601C40
:10232000C4B2042CF5DBD8E0EC4800785128FAD18F
:10233000EC4890F8FA004028F5D1A81E0C28F2D1FC
:102340000020E84981F8FA000120E7490870C4E05C
:10235000E248007820280BD0E0480078302807D0E9
:10236000DE480078402803D0DC480078502812D19D
:1023700000240DE0DE48005D40B120012030D74947
:102380000978884202D10120DA490855601CC4B29C
:10239000042CEFDBA1E0D148007822280BD0CF48F5
:1023A0000078322807D0CD480078422803D0CB48A7
:1023B0000078522812D100240DE0CD48005D40B1D4
:1023C00020012230C5490978884202D10120C9493B
:1023D0000855601CC4B2042CEFDB7EE0BF480078D7
:1023E00024280BD0BD480078342807D0BB4800789B
:1023F000442803D0B9480078542812D100240DE0B5
:10240000BB48005D40B120012430B44909788842BE
:1024100002D10E20B8490870601CC4B2042CEFDB56
:102420005BE0AE4800780D2857D1AE4890F83900EF
:102430000602AC4890F83A00304486B2B6F5166F02
:1024400015D0B6F5965F12D0B6F5165F0FD0B6F57B
:10245000964F0CD0B6F5164F09D0B6F5614F06D0A1
:102460002520A04981F83900802081F83A009D4854
:1024700090F83B00032803D003209A4981F83B00E1
:10248000984890F83C0040B1964890F83C000428E9
:1024900003D00020934981F83C00924890F83D0019
:1024A00068B1904890F83D00082808D08D4890F811
:1024B0003D00182803D000208A4981F83D00894852
:1024C00090F83E00032808D0864890F83E00022885
:1024D00003D00320834981F83E000AEB050000F099
:1024E000FF0A00981038B0EB0A007FF445AE8FE089
:1024F00082480078012812D18148008878B9814843
:10250000008803280BDD02207C49087000207D49EB
:10251000088010217C48007808F062F878E077485D
:10252000007802280BD177480088B0F5967F06DD49
:1025300001207249087000207249088068E06F48E5
:102540000078022821D171480078F0B103206B494E
:10255000087000206D4908706949088010216C4896
:10256000FFF767FB002508E005F122005D49095CE3
:10257000281D684A1154681CC5B20B2DF4DBFFF707
:1025800042FB00205F49088042E05C480078032855
:102590000BD15C480088B0F57A7F06DD01205749F1
:1025A000087000205749088032E05448007803281A
:1025B0001ED159480078D8B1042050490870002035
:1025C000554908704F4908804748007820B90120D4
:1025D00046490870F7F7B3F9002050494A4A127883
:1025E00021F8120000214E48474A127881540FE02A
:1025F0004248007804280BD142480088B0F5967F05
:1026000006DD00203D490870464908703D490880B4
:1026100045480088142804DD0020384908704149E5
:102620000870EBE1414800780028FAD04048007873
:102630003249097808440028F3D13E48007803283D
:102640001BDD3D4800880528EBDD00203949087076
:10265000364908703949088039490870012240F22A
:1026600025513848F4F72BFF36480C30008840F0ED
:10267000040034490C310880C0E11D482D49097817
:10268000405C002870D02E48007858B91C4800885B
:1026900040B901202A4908700020284908802649AD
:1026A00008808CE12648007801285ED11448008813
:1026B00090B921480088032857DD0220204908707E
:1026C00000201D4908801B4800786C300549085CD3
:1026D00018B11D48008839E047E03EE0580200206C
:1026E0003E7603084E1800209B02002002010020C5
:1026F0002F020020700200206A020020CB0100207F
:10270000A80100209E020020C4010020BD0100207D
:102710002577030890510020BA010020D80100203D
:10272000E0010020C60100204E02002068020020C7
:10273000CA0100204A020020A0020020500200200E
:10274000CC01002000440040A0010020103081B2E4
:10275000FE48007807F044FF31E1FD480188FB485E
:10276000007807F03DFF2AE13BE1FA4800780228B3
:102770000BD1F9480088B0F5967F06DD0120F549B8
:1027800008700020F449088019E1F2480078022816
:1027900067D1F2480078002863D00320ED49087023
:1027A0000020EE490870EE490880E84800786C3057
:1027B000EC49085CC8B31021EB48FFF73AFA002552
:1027C00008E005F12200E749095C281DE74A115499
:1027D000681CC5B20B2DF4DBDC4800786830E14999
:1027E000085CE8B30F20DE490880E14800F0704043
:1027F00000F10070DE49C1F3130100EB41104068A5
:10280000A0B1DC480178DC48FFF713FA7B20FFF722
:1028100023FAD848008810301FFA80F84FEA2820A1
:10282000D249887081F803808EE05EE0D04800F0E5
:10283000704000F10070CE49C1F3130100EB41106C
:10284000806858B9CA4800F0704000F10070C8496B
:10285000C1F3130100EB4110C06838B3BC4801E07C
:1028600013E077E00178C548FFF7E3F97B20FFF735
:10287000F3F9B748008810301FFA80F84FEA282093
:10288000BA49887081F803805EE0B94800F0704072
:1028900000F10070B649C1F3130100EB411040682C
:1028A00028B1B4480178B448FFF7C3F94CE0B04808
:1028B00000F0704000F10070AD49C1F3130100EB6E
:1028C0004110806858B9AA4800F0704000F10070CB
:1028D000A749C1F3130100EB4110C068A0B39C48A5
:1028E0000178A648FFF7A5F92EE0A14800F0704056
:1028F00000F100709E49C1F3130100EB41104068E4
:1029000028B19C4801789C48FFF793F91CE098484F
:1029100000F0704000F100709549C1F3130100EB25
:102920004110806858B9924800F0704000F1007082
:102930008F49C1F3130100EB4110C06820B18448F6
:1029400001788E48FFF775F9FFF75DF9002082499D
:10295000088034E07F48007803280BD17E48008847
:10296000B0F57A7F06DD01207A49087000207A49A7
:10297000088024E077480078032820D18048007838
:10298000E8B175480088642819DD00207C4908708A
:10299000704908707B49088000217B486B4A127897
:1029A00020F8121000207949684A12788854674844
:1029B0000078401C6549087000206749088071480C
:1029C000008801281ADD0020624908706D490880DE
:1029D0005E480078401C5D49087000205E49088010
:1029E0000CE000205B490870664908805748007871
:1029F000401C56490870002057490880BDE8F88FF0
:102A0000704730B50146084609E00378544A1488F7
:102A10001288521C524D2A80544A1355401C027889
:102A2000002AF2D130BD70B5002059490870002449
:102A300012E0482000EB84004A49095CC4EB4410D2
:102A40009D30484A105C084420B151480078401C31
:102A50004F490870601CC4B2042CEADB4D48007872
:102A60004D49097808444D4909780844394909789D
:102A700008444B49097808444A49097808444A49B6
:102A800009780844494909780844A8B9002511E0A3
:102A90004748405D01280BD1E8B207F0A7FE0020AF
:102AA000444948550220424948555020F6F7D4FD84
:102AB000681C85B2042DEBDB00242EE0C4EB44102F
:102AC0009D302849085C30280CD0C4EB44109E305F
:102AD000085C38B1032C07D1C4EB44109D30085C6E
:102AE000402801D1002604E0C4EB44109D301D496C
:102AF0000E5C482000EB84001A49085C40B12E4867
:102B0000005D40B901202D4908552B49085502E0C8
:102B1000002029490855601CC4B2042CCEDB0024D7
:102B20007BE02648005D70B92248005D30B948203E
:102B300000EB84000B49085C304428B90020204990
:102B400021F8140067E062E03CE000004A02002047
:102B5000A0010020CC010020A0020020BD01002027
:102B6000A80100204E18002035770308905100205E
:102B7000401600208E01002090430020905F00202E
:102B8000BB01002050020020D8010020E0010020FD
:102B90002D02002022020020CA010020CB010020CB
:102BA000F40100205A0200205E0200206202002090
:102BB000700200202F02002024020020FE010020CD
:102BC000F60100208C2000EB4400FE490D5C8D20B6
:102BD00000EB4400085C00EB052085B2FA48005D7C
:102BE00002280BD1F94830F81400032813DD012026
:102BF000F74908550020F44908550CE0F34830F82F
:102C00001400A84207DD0120F149085503E0002027
:102C1000EE4921F81400601CC4B2042C81DBED489D
:102C20000078032802DD0020EA490870E9480478AA
:102C3000E748005D28B9E7480078401CE54908707E
:102C4000ABE0E548005D60B9E4480078E3494978C5
:102C50000844E24989780844E049C97808440028D2
:102C6000EEDCDF480078DF4909780844DE4909785E
:102C70000844DE4909780844DD4909780844DD49FB
:102C800009780844DC490978084490BBD248005DC3
:102C900030B90120D04908550020D84921F8140046
:102CA000CD48005D01280DD10220CB4908550020F8
:102CB000D3490880204607F030FB0020CF4921F897
:102CC000140016E0C448005D022812D1CD48005D12
:102CD00078B10020BD4921F81400C84921F814003A
:102CE000BD490855BA490855C74908550120BB498F
:102CF0000855B948005D002848DDC04830F8140088
:102D0000052843DD0020B14921F81400BE48005DCC
:102D100003282DDABD480078012803DC0120AC49E6
:102D2000085528E00020AA4908558C2000EB4400F3
:102D3000A449085CB64908808D2000EB4400A149F5
:102D4000085CB349097800EB0120B14908800846C6
:102D50000088082806DD0846008808389B4921F8C5
:102D6000140008E0AA480088984921F8140002E0FD
:102D70000020974908550020A04921F814009649E1
:102D80000855A148005D401C9F4908559E48005DBC
:102D90000A2802DB0F209F4908708F4800788E496F
:102DA000497808448C49897808448B49C978084493
:102DB0009949087070BD10B5002405E09748005D82
:102DC00097490855601CC4B2162CF7DB002408E0B4
:102DD00004F122007B49095C201D914A1154601CBA
:102DE000C4B20B2CF4DB1620854908800D218448E1
:102DF00002880088401C824B188089488154FEF765
:102E000002FF10BD70B5002430E07448005D38BB8F
:102E10007C48005D20B90020824921F8140023E09D
:102E2000702000EB44006749085C794908807120F4
:102E300000EB44006349085C7549097800EB012008
:102E400073490880774830F81400098888420BDD00
:102E50000120624908550020724921F8140003E05E
:102E60000020704921F81400601CC4B2042CCCDB93
:102E70006D480078032802DD00206B4908706A481D
:102E800004785648005D28B967480078401C6649B8
:102E9000087040E160480078524909780844524976
:102EA0000978084451490978084451490978084487
:102EB000504909780844504909780844002821D12C
:102EC0005A48005D50B9012058490855002058491A
:102ED00021F8140057490855574908805348005DA8
:102EE000012810D15448008803280CDD02204F49E6
:102EF0000855002050490880414908801621204685
:102F000007F06EFBA7E04948005D02280CD14A4853
:102F1000008840F6B831884206DD01204349085553
:102F200000204549088096E04048005D02280ED107
:102F30004248007858B103203C49085500203F49D9
:102F40000870FFF738FF00203B49088083E03748CE
:102F5000005D03280BD138480088B0F57A7F06DD84
:102F600001203249085500203349088073E02F487A
:102F7000005D03280DD13248007850B12E480088FA
:102F8000642806DD04202949085500202C490870D2
:102F900061E02648005D04285DD12648005D78B1D7
:102FA0000020204921F81400214921F814001F496C
:102FB00008550A490855234908552349085545E04D
:102FC00049E000004E18002070020020F6010020A9
:102FD000FE010020470200200A020020E00100203C
:102FE000F4010020CA010020CB010020CC01002008
:102FF0005A0200205E02002062020020120200201D
:10300000A80100202F020020060200202D0200202F
:103010007A0300206A02002022020020F0760308D2
:1030200090510020D80100202C020020E80100204F
:10303000EC01002041020020A2020020BD0100207E
:10304000BB010020E401002085020020FA4800783E
:10305000401CF9490870F948005D002850DDF84827
:1030600030F8140001284BDD0020F64921F8140047
:10307000F548005D02282DDAF4480078012803DCC9
:103080000120F349085528E00020F1490855702037
:1030900000EB4400EF49085CEF490880712000EB29
:1030A0004400EC49085CEC49097800EB0120EA494E
:1030B000088008460088032806DD08460088C01EF0
:1030C000E04921F8140008E0E3480088DD4921F8D0
:1030D000140002E00020DE4908550020D84921F8FC
:1030E0001400D6490855D848005D401CD6490855FB
:1030F0000020DA490855D0480078401CCE490870B5
:1031000004F18000D3490D5CCF48005DA84202DB8A
:103110000020D3490855C9480078C849497808446F
:10312000C64989780844C549C9780844CD4908701A
:10313000CA480078C94949780844C8498978084488
:10314000C649C9780844C849087070BD70B5C748F9
:103150000078012809D10220C44908700120C4491F
:1031600008700220C34908700AE0C04800780228AD
:1031700006D1BF4800781B2802D10020BB49087047
:10318000BD480078012809D10220BB490870012000
:10319000B74908700320B74908700AE0B6480078BC
:1031A000032806D1B24800781B2802D10020B2497A
:1031B0000870B14800780B280EDBAF480078102863
:1031C0000ADC0120AA490870AB480078A9490870B8
:1031D0001620A94908700AE0A7480078172806D1E8
:1031E000A34800781B2802D10020A3490870A348F7
:1031F0000078012809D10220A049087001209C49CB
:10320000087005209B4908700AE09C480078022855
:1032100006D1974800781B2802D1002097490870F2
:1032200090480078964909780844964909780844F6
:1032300095490978084495490978084400286ED1D1
:1032400093480078012847D1022091490870002056
:10325000904908809048007990490870062048708D
:10326000012088703D20C870002008718C480078CB
:10327000487106218948F8F7B1FE054628128749AA
:103280008871CD71002505E08448405D8549485529
:10329000681C85B2082DF7DB0020834908707D4942
:1032A0000880082081490880002081490880012089
:1032B00080490860012240F226617F48F4F7FFF858
:1032C0007B4802880088401C794B18807348815CD9
:1032D0007948F4F755F950E06D480078022845D157
:1032E0006C480088FA2841DD7448007874490978F0
:1032F0000844744909780844A0BB6B480078401C16
:1033000069490870084600780A2806DD0020087020
:103310005F4908706C49087024E0002506E097E1D9
:103320006048405D5D494855681C85B2082DF7DB53
:1033300008205E49088000205D49088001205D4921
:103340000860012240F226615B48F4F7B8F858485B
:1033500002880088401C564B18805048815C5648B3
:10336000F4F70EF900204B49088006E04848007841
:10337000032802D1002046490870534800780028ED
:1033800003DC52480078002853D04D4800784D495E
:103390000978084400284CD1344800783649097827
:1033A00008443B490978084434490978084400280E
:1033B000F1D1474800780028EDD14648008841F215
:1033C0009411884235DD3D48007838B901203B49E9
:1033D000087000204049088040490880374800783C
:1033E000012827D13D480088032823DD02203349E6
:1033F000087000203A4908803AA0FFF702FB22201B
:10340000FEF72AFC3148007890B100240DE004F169
:10341000FB001049095C324802880088401C304B90
:10342000188033488154601CC4B20B2CEFDB71E070
:1034300060E00EE17AE000002C020020E8010020AC
:10344000EC010020D8010020E40100202D02002022
:10345000E00100204E1800207A03002041020020E5
:103460002F020020F40100208A02002069020020BF
:10347000B9010020A70200206A0200206B02002090
:1034800022020020CA010020CB010020CC01002034
:103490006C020020900200201E160020903D0020AB
:1034A0006D020020920200209A020020900100206C
:1034B0008C0100208C812242004400405A020020EE
:1034C0005E02002062020020590200209B020020C0
:1034D000C6010020060100205C020020A40200209A
:1034E000A801002041542B434D47533D00000000EC
:1034F0009051002000240BE0FC48015DFC4802884C
:103500000088401CFA4B1880FA488154601CC4B2F1
:103510000B2CF1DB2220FEF79FFB0D20FEF79CFB1E
:10352000FEF771FB0020F449088082E0F348007840
:1035300002280BD1F0480088B0F5FA7F06DD0120A3
:10354000EE4908700020EC49088072E0EB480078F2
:10355000022851D1EA480078A0B30320E749087057
:103560000020E7490870E2490880E648007850B337
:1035700000240BE0E448015DDD4802880088401C1F
:10358000DB4B1880DB488154601CC4B2152CF1DB86
:103590003B21D74802880088401CD54B1880D5486D
:1035A00081541A21184602880088401C1880D1488E
:1035B00081540D22184601880088401C1880CD488F
:1035C000425413E018E0FFE700240BE0CF48025D0F
:1035D000C74801880088401CC54B1880C548425424
:1035E000601CC4B2CA4800788442EFDBFEF70BFBD4
:1035F0000020C14908801CE0C0480078032818D189
:10360000C4480078A8B10020C2490870C0490870B9
:10361000BC490870C0490880B8490870BF480078A4
:1036200038B10120BE490870F6F789F90020BB497E
:103630000870B94800880A280ADD0020B5490870DA
:10364000B3490870AF490870B3490880AB490870A6
:1036500083E0B448008800283ADDA8480078B249E1
:103660000978084498BBB148007828B90120AF49CF
:1036700008700020AE490880AC48007801280AD1C3
:10368000AB480088022806D1A8490870A5480088E0
:1036900006F0BCFC61E0A548007802285DD1A44892
:1036A0000088042803D0A2480088082803D10120FC
:1036B0009E49087051E09E4800880A284DDD002090
:1036C00098490880994908709949088045E0FFE7C2
:1036D0009848007898B38948007894490978084454
:1036E00068BB9148007828B901208F4908700020F4
:1036F000914908808C480078012806D102208A4927
:103700000870342006F0A4FC0FE0874800780228F7
:103710000BD18048007840B100207E49087085496F
:10372000087081490870844908808348008805280A
:1037300006D100207749087001207B4908700CE011
:103740007D4800880A2808DD002072490870794900
:103750000870754908707849088070BD10B501205F
:103760007649087000206B490870654908707449F3
:103770000870744908807449088074490880744945
:103780000880744908806A490880634908806A494A
:1037900008805A49087065490870634908706E4985
:1037A00008706E4908706E4908706E4908706E495D
:1037B00008706E4908706E4908706E490870594962
:1037C00008805C4908706C4908706C4908706C4945
:1037D00008706C4908706C4908706C4908706C4935
:1037E00008704E4908706B4908706B4908706B4946
:1037F00008706B49087043490870002429E00020D4
:10380000684921F81400684908556849085568490D
:103810000855684921F81400674921F814006749E0
:1038200008556749085567490855674921F8140044
:103830006649085566490855664908556649085558
:1038400066490855664921F8140066490855601C08
:10385000C4B2042CD3DB002408E0002062490855E0
:103860006249085562490855601CC4B2062CF4DB55
:1038700000206049087060490870012240F225511B
:103880005E48F3F71CFE5D480C30008840F00400F1
:103890005A490C31088010BD10B5594800780228EB
:1038A00003D05748007816281DD15648007840B9F3
:1038B00001205549086053490870002021490880BB
:1038C0002DE15048007801280ED11E4800881428A8
:1038D0000ADD00204C49086002204A490870002097
:1038E000184908801BE1AEE090E0000090610020E4
:1038F000A801002090510020A40200205A020020BC
:10390000BD0100209B020020D4780308A76100209D
:1039100059020020BA0100205C020020670200204A
:103920000201002052020020620200205E020020FC
:10393000600200206602002064020020B90100201D
:10394000BB010020C0010020C20100204C02002069
:103950004E0200205002002022020020F40100202C
:10396000CA010020CB010020CC010020470200202A
:10397000490200204A0200202C020020C40100203D
:10398000C5010020C6010020C7010020C901002098
:103990008402002068020020890200208A020020A0
:1039A0005E000020D8010020E0010020E40100209A
:1039B000E8010020EC010020F6010020FE010020BB
:1039C000060200200A020020120200202402002029
:1039D000850200208B020020020200200E0200203F
:1039E0001A020020280200202F0200203B020020A3
:1039F00041020020A6020020A7020020004400404F
:103A00006A020020B8010020B4812142F948007800
:103A100002280FD1F8480088D2280BDD0020F54994
:103A20000870F5490880F5480078022803D1032082
:103A3000F249087073E0F148007816286FD117201A
:103A4000EE4908706BE0EB480078C8B9EC480068B4
:103A500058B90120EA4990310860E6490870002011
:103A6000E5490880FFF77AFE59E00120E4499031EA
:103A700008600B20DF4908700020DF4908804EE015
:103A8000DC480078012810D1DD48006868B1DA48C8
:103A900000881E2843DD0220D64908700020D64940
:103AA0000880D7499031086039E0D24800780B2867
:103AB0000ED1D1480088B0F5967F30DD0C20CD497D
:103AC00008700020CC490880CD499031086026E07C
:103AD000C84800780C2815D1C948006830B90D20B5
:103AE000C44908700020C449088018E0C248008812
:103AF00041F27071884212DD0020BE490870BE4953
:103B000008800CE0BB4800780D2808D1BA4800882E
:103B1000642804DD0020B7490870B749088010BD4B
:103B200010B50020B7490870002418E0482000EBC9
:103B30008400B549085C68B9C4EB44109D30085C4A
:103B400040B10120B1490855AE480078401CAD494C
:103B5000087002E00020AD490855601CC4B2042C76
:103B6000E4DB002418E0482000EB8400A649085C50
:103B700068B9C4EB44109D30085C40B1A448005DB6
:103B800040B90120A3490855A149085502E0002089
:103B90009F490855601CC4B2042CE4DB9E480078A1
:103BA000032802DD00209C4908709B48047899484E
:103BB000005D28B998480078401C9749087051E08A
:103BC0009648005D60B99648007895494978084460
:103BD0009349897808449249C9780844002841DC0F
:103BE0009048007890490978084490490978084439
:103BF0008F49097808448F49097808448E49097823
:103C000008448E4909780844F8B98448005D30B901
:103C10000120824908550020894921F814007F4875
:103C2000005D012812D1864830F8140002280DDD0D
:103C300002207A490855002082490880204606F073
:103C4000A0FC00207E4921F814000BE07348005DC1
:103C5000022807D100207A4921F814006F4908553D
:103C60006C49085510BD10B5002077490880774988
:103C70000870634800687648007830B97548008855
:103C8000042802DD0120724908707348007800287A
:103C900032DD7248007801282ED17148008858BB67
:103CA0007048407870490978884225D06D4840783E
:103CB0006D4908706D48008820B9674801786CA08C
:103CC00021F0DCFE69480088401C684908800846ED
:103CD0000088C82810DD002008805F48007805288B
:103CE00003D05D480078062803D140F6B830F5F7D8
:103CF000B3FC0020584908705548007800286FD060
:103D00005F48007800286BD15E4800780028FAD11F
:103D100051480078002863DC50480078102860D0B3
:103D20000BDC10285ED2DFE800F026275D51B9D009
:103D3000DAE4FDF4F3F2F1F0EFEE182853D009DCE9
:103D4000A0F111000728EDD2DFE800F0EBEAE9E886
:103D5000E7E6E500302847D006DC192845D01A28C8
:103D600044D01B283ED19EE1312840D041283FD08D
:103D7000FF28F7D11CE200BFFFF78EFD1D48007839
:103D800002281ED11E480068D8B1002019490870C9
:103D90003D490880032031490870012240F2255135
:103DA0003A48F3F78CFB012240F225513848F3F7EB
:103DB00086FB37480C30008840F0040034490C3151
:103DC000088000203349A1F880000BE232480078D7
:103DD00028B92D480088022801DD05F0E1FF82E1C5
:103DE00001E2F0E0FDE13EE169E147E150E16DE132
:103DF00072E10000B8010020C00100206A0200202A
:103E0000208121422E0200204E1800203502002081
:103E10002802002002020020480200200E0200209A
:103E2000E0010020F4010020CA010020CB010020A5
:103E3000CC0100205A0200205E0200206202002015
:103E40001A020020A8010020B601002089020020EB
:103E50005E0000206E020020A7020020B9010020B1
:103E60009001002058080020A8020020AA0200208B
:103E7000526573746172744E6F3D25640D0A0000C3
:103E8000840200209F010020C20100200048004061
:103E9000004400401E160020BA010020FE480078B1
:103EA00090B9FE4890F8664090F8670000EB042057
:103EB00084B242F60330844203D1312005F07DFF05
:103EC00002E0302005F079FF0DE1F348007828B9D1
:103ED000F3480088032801DD05F062FF03E1EE48A6
:103EE000007828B9EE480088012801DB05F076FF4C
:103EF000F9E0E948007828B9E9480088012801DBA1
:103F000005F079FFEFE054E049E03EE033E028E0DF
:103F10001CE011E006E09CE091E086E07BE070E0D0
:103F200065E05AE0DC48007828B9DD4800880128BF
:103F300001DB05F035FFD6E0D748007828B9D8482E
:103F40000088012801DB05F0D8FFCCE0D2480078DA
:103F500030B9D3480088012802DB312005F0FBFF8F
:103F6000C1E0CD48007828B9CD480088012801DBA0
:103F700006F002F8B7E0C848007828B9C8480088B9
:103F8000012801DB06F00EF8ADE0C348007828B93F
:103F9000C3480088012801DB06F011F8A3E0BE4801
:103FA000007828B9BE480088012801DB06F014F823
:103FB00099E0B948007828B9B9480088012801DBA0
:103FC00006F017F88FE0B448007828B9B4480088A4
:103FD000012801DB06F075F885E0AF48007828B9C4
:103FE000AF480088012801DB05F0DAFE7BE0AA4833
:103FF000007828B9AA480088012801DB05F0D0FE26
:1040000071E0A548007828B9A5480088012801DB9F
:1040100005F0C6FE67E0A048007828B9A0480088EF
:10402000012801DB05F0BCFE5DE09B48007828B963
:104030009B480088012801DB05F0B2FE53E096485A
:10404000007828B996480088012801DB05F0A8FE11
:1040500049E09148007828B991480088012801DB9F
:1040600005F09EFE3FE08C48007830B98C4800880F
:10407000012802DB302006F035F934E0864800786C
:1040800028B987480088012801DB06F0C2FB2AE036
:104090008148007830B982480088012802DB30204E
:1040A00005F08BFE1FE07F48007838B1FFF738FD40
:1040B000FEF7B9FCFEF7A6FEFFF748F892E0764857
:1040C000007810B9002006F091FB0CE072480078EF
:1040D00008B906F0B8FB06E06F48007810B9312047
:1040E00005F0C7FF00BF6C48007808B36E48007841
:1040F0000F2803D110206C4908700FE06A4800783F
:10410000412803D100206849087007E0664800781C
:10411000401C6549087000206449088000205E4901
:10412000087001206249087000205D4908803EE067
:104130005948007810B95F48007880B15A48007833
:1041400005280CD1062058490870002052490870F3
:1041500058490870584908605149088027E052487A
:10416000007805280AD14E4800885F281FDD01200D
:104170004D49087006205149087018E04A480078F7
:1041800007280AD1464800885F2810DD01204649EB
:10419000087007204949087009E041480088412813
:1041A00005DD01204049087008204449087019E0E5
:1041B00005F02EFE05F039FE05F05EFE05F069FE05
:1041C00005F074FE05F063FF05F06EFF05F0B5FF26
:1041D00006F002FB06F041FB05F034FE05F03FFE61
:1041E00000E010BD00BF00BFFBE770B505460E46FE
:1041F000002240F226613248F3F761F900240CE016
:10420000295D2F48F3F7BCF900BF40212C48F3F794
:1042100025FA0128F9D1601CC4B2B442F0DB0122B6
:1042200040F226612648F3F74AF970BD0FB438B55D
:1042300005A800902348009A049921F043FC00202F
:104240000090204820F014FE84B2E1B21D48FFF730
:10425000CCFF38BC5DF814FB70B505460E46002255
:1042600040F226611848F3F72AF900240CE0295D92
:104270001548F3F785F900BF40211348F3F7EEF92D
:104280000128F9D1601CC4B2B442F0DB012240F233
:1042900026610D481AE00000BA0100204E180020E7
:1042A000C20100205E000020B901002006010020AC
:1042B00089020020BE010020B0812142A702002017
:1042C00000440040904B002000380140F3F7F7F81D
:1042D00070BD0FB438B505A800901048009A049935
:1042E00021F0F0FB002000900C4820F0C1FD84B2CA
:1042F000E1B20A48FFF7B0FF38BC5DF814FB70B5B7
:1043000006460C4624B9304620F0B2FD85B200E0E6
:104310002546E9B23046FFF79FFF70BD9037002079
:1043200008B54FF40060ADF8000003208DF80200DE
:1043300004208DF803006946F948F2F797FE4FF420
:104340008060ADF8000003208DF8020018208DF881
:1043500003006946F248F2F789FE08BD1FB5F1482F
:10436000F2F7D2FF6846F3F77BF84FF4165000904F
:104370000020ADF80400ADF80600ADF80800ADF877
:104380000C000C20ADF80A006946E648F2F7FFFF82
:10439000012240F22551E348F3F791F80121E14869
:1043A000F3F781F81FBD10B5FFF7BAFFFFF7D6FF8F
:1043B0000020DD490880DD49088010BD10B50246A7
:1043C0000B465078022103E0545C60404C1CA1B2C3
:1043D0009942F9DB10BD2DE9FF5F4FF0000A002084
:1043E0000390D248008800287EDDD1480078D1496A
:1043F0000978884278D0CE480078CE490870CE48F7
:104400000088401CCC490880084600880528EBDD60
:10441000002240F22551C348F3F751F8C348008801
:10442000C64908800020C4490880C44800880A287A
:104430007EDDC348007824287BD1C0480088401F17
:10444000BF49085C2A28F7D1BC480088801E085C58
:104450000D28F1D1B9480088401E085C0A28EBD12C
:10446000B6480088401F81B2B548FFF7A7FF044651
:104470002046E21704EB12621212A4EB0221CA17C3
:1044800001EB1272C2F307160A2E03DB06F13700A6
:10449000C6B202E006F13000C6B22046E11704EBD6
:1044A00011710911A4EB011101F0FF09B9F10A0F13
:1044B00004DB09F1370000F0FF0903E009F13000E7
:1044C00000F0FF099D480088001F9D49085CB0422C
:1044D0007ED19A480088C01E085C4845F8D199A151
:1044E000974820F0B3FC00E017E3002871D196A1B3
:1044F000934820F0ABFC00286CD093A1904820F0AA
:10450000A5FC924908600846006810F8050C2E28A2
:1045100049D10846006810F8080C3038096811F8CD
:10452000091C303901EB810100EB4100884901E0B1
:1045300097E293E2A1F89C008448006810F8060C0A
:1045400030388249096811F8071C303901EB8101C4
:1045500000EB41007E49A1F89E007C48006810F8FD
:10456000040C30384FF47A7148437849096811F8DF
:10457000031C303901EBC10202EB011100EB810198
:104580007248006810F8020C303800EB800001EB34
:1045900040016E48006810F8010C303808446C493E
:1045A000A1F8A00059E06948006810F8060C2E2810
:1045B00053D16648006810F8090C3038634909681F
:1045C00011F80A1C303901EB810100EB410002E0D7
:1045D00041E23DE239E05E49A1F89C005B48006899
:1045E00010F8070C30385949096811F8081C30399F
:1045F00001EB810100EB41005549A1F89E005348B1
:10460000006810F8050C30384FF47A7148434F4970
:10461000096811F8041C303901EBC10202EB0111E9
:1046200000EB81014948006810F8030C303800EBBA
:10463000800001EB40014548006810F8020C30385A
:1046400008444349A1F8A00007E000204049A1F830
:104650009C00A1F89E00A1F8A0003EA1384820F0DF
:10466000F5FB00285BD03BA1354820F0EFFB374934
:1046700008600846006810F8050C2E286DD1084621
:10468000006810F80A0C3038642148432F49096843
:1046900011F8091C303901EB810100EB41012B4875
:1046A000006810F8080C303808442949A1F8A20025
:1046B0002648006810F8060C30382449096811F8BB
:1046C000071C303901EB810100EB41002049A1F8C2
:1046D000A4001E48006810F8040C30384FF47A71BA
:1046E00048431A49096811F8031C303901EBC1022B
:1046F00002EB011100EB81011448006810F8020C74
:10470000303800EB800001EB40011048006810F8E1
:10471000010C303808440E49A1F8A6007BE072E095
:1047200000100140004C0040B2020020B002002006
:1047300058080020C1020020C2020020B40200205C
:10474000926500202C2C2C002C4E2C00C80200203E
:104750001E1600202C452C00FFE7FB48006810F8CF
:10476000060C2E2857D1F848006810F80B0C30388A
:1047700064214843F449096811F80A1C303901EBF7
:10478000810100EB4101F048006810F8090C303855
:104790000844EE49A1F8A200EB48006810F8070CA5
:1047A0003038E949096811F8081C303901EB8101FA
:1047B00000EB4100E549A1F8A400E348006810F8C7
:1047C000050C30384FF47A714843DF49096811F815
:1047D000041C303901EBC10202EB011100EB810135
:1047E000D948006810F8030C303800EB800001EB6A
:1047F0004001D548006810F8020C30380844D3490D
:10480000A1F8A60007E00020D049A1F8A200A1F875
:10481000A400A1F8A6004FF0010A00200390CB49A4
:10482000B1F8A00020F0B7FD8046C94920F0EDFBAB
:104830000746C649B1F89E0020F0ADFDC54900907D
:1048400020F0E3FB8046C149B1F89C0020F0A3FDB5
:104850004146019020F04FFB3946029020F04BFB7F
:104860008346584620F01FFE0746BB4ABB4B20F04C
:1048700045FE3AD2BA49584620F095FB074620F04B
:10488000ADFDB849A1F85002B1F8500220F083FD07
:10489000B3490290584620F086FB0190029920F01F
:1048A0007CFB8046B04920F07EFB074620F096FD59
:1048B000AC49A1F852020846B0F85002A349898ACF
:1048C00088420FD1A748B0F85202642190FBF1F062
:1048D0009E49C98A642291FBF2F188420ED00120E0
:1048E00003900BE00220039008E09848808A9D49DD
:1048F000A1F850029548C08AA1F852029349B1F834
:10490000A60020F048FD8046914920F07EFB074636
:104910008E49B1F8A40020F03EFD8E49009020F0B1
:1049200074FB80468949B1F8A20020F034FD41466D
:10493000019020F0E0FA3946029020F0DCFA83463C
:10494000584620F0B0FD0746834A844B20F0D6FD40
:104950003AD28349584620F026FB074620F03EFD18
:104960008049A1F85402B1F8540220F014FD7C49AA
:104970000290584620F017FB0190029920F00DFBA1
:104980008046794920F00FFB074620F027FD754946
:10499000A1F856020846B0F854026C49098B8842C7
:1049A0000FD17048B0F85602642190FBF1F06749CE
:1049B000498B642291FBF2F188420ED003200390D0
:1049C0000BE00420039008E06048008B6549A1F8E3
:1049D00054025E48008BA1F854020398002821DDA0
:1049E0006048B0F85002594988825E48B0F85202D7
:1049F000C8825C48B0F8540208835A48B0F856029E
:104A0000488300F001FF514914315048F8F77CFD0C
:104A10004FF6FF7101EA4007082239464B4814302F
:104A200001F071F84F48B0F850025049A1F828053C
:104A30004C48B0F85202A1F82A054A48B0F854028E
:104A4000A1F82C054748B0F85602A1F82E050AE057
:104A50004FF0020A07E04FF0030A04E04FF0040AA7
:104A600001E04FF0050ABAF1000F4DDD3748223062
:104A700000F0704000F1007034492231C1F313019D
:104A800000EB4110006980B3002505E03848405D27
:104A900038494855681CC5B2374800888542F5DB5F
:104AA000BAF1020F08D1002504E000203049485532
:104AB000681CC5B2C82DF8DB2F4800882F49088034
:104AC00000202F490880084602880088401C0B46B9
:104AD00018802848815C2B48F2F752FD012240F2F1
:104AE00026612848F2F7EBFC0EE0FFE7BAF1020F6F
:104AF0000AD1002504E000201D494855681CC5B2B4
:104B0000C82DF8DB4FF0000A012240F225511E4863
:104B1000F2F7D5FC00201D490880BAF1000F11DD25
:104B2000002404E0002012490855601C84B2142CB3
:104B3000F8DB012240F225511348F2F7C0FC0020B7
:104B400012490880BDE8FF9FC80200201E16002001
:104B5000007C1249000070429A9999999999B93F3D
:104B60000000C8425A0C002000401C466E1900206C
:104B700092650020903D0020B402002090010020AA
:104B80008C01002000440040004C0040B002002096
:104B90002DE9F05F4FF0000BFC48008A002873D12C
:104BA000FB480078002857D0F8480079F949087088
:104BB000F94840784870F84840794006000E8870FF
:104BC000F6480088F8F7D0FE0746DFF8C8830024CF
:104BD0000BE037F81450291208F1030000F8141004
:104BE00000EB44004570601CC4B2EB484079A04221
:104BF000EFDCE8488078C01CC1B2E648F7F7EEF970
:104C0000E7490880084600880112E2488078C01C05
:104C1000E04A1154E248017810468078001D115492
:104C200010468078401DDF4908800020D849087070
:104C3000DD490880084602880088401C0B46188021
:104C4000D448815CD948F2F79BFC012240F22661EE
:104C5000D648F2F734FC4EE2D548007818B9D5486A
:104C600000780028F7D04FF0010BBBF1000F7AD08D
:104C7000CA48008842F21071884206DACE4EC74810
:104C80000088C649088028E0B7E0C448008844F698
:104C90002061884207DAC94EC0480088A0EB610055
:104CA000BE49088019E0BD48008847F2305188426B
:104CB00013DAC34EB9480088A0F59C402038B749A4
:104CC0000880C048007818B90120BE49087004E087
:104CD0000020B7490870B7490870B6480078A8B1F5
:104CE000AD480579407900EB052085B2AB480088D6
:104CF00026F81050B348007838B1A8480088AF496A
:104D0000A1F8D8010846A0F8DA512CE0A8480078AC
:104D100048B3A14840795A2825DADFF87C9200246C
:104D200012E009F1070010F8145000EB440090F86D
:104D300001A00AEB052085B29848008806EB4000E8
:104D400020F81450601CC4B293484079A042E8DCBB
:104D50009C48007838B1914800889849A1F8D8015A
:104D60000846A0F8DA519248007818B991480078BE
:104D7000002841D0854800798649087086484078E7
:104D800048708548807888708348C078C8708248A9
:104D900000790871804840794871BBF1000F02D159
:104DA000FF200871487106217A48F7F717F97C4906
:104DB0000880084600880012764988717848007893
:104DC000C87108207749088000207949087079491E
:104DD000087075490880084602880088401C0B4608
:104DE00018806C48815C7148F2F7CAFB012240F2DE
:104DF00026616E48F2F763FB7DE165480078002884
:104E00007ED06248007963490870634840784870F2
:104E1000614840794006000E88706048008842F280
:104E20001071884205DA644F5C4800885B4908804D
:104E300024E05A48008844F62061884207DA5F4F30
:104E400056480088A0EB61005449088016E053489A
:104E5000008847F23051884208DA594F4F4800889D
:104E6000A0F59C4020384D49088007E0564F4B483C
:104E70000088A0F5EA40303848490880DFF81481FE
:104E800000240FE04548008807EB400030F814503C
:104E9000291208F1030000F8141000EB44004570DB
:104EA000601CC4B23C484079A042EBDC39488078B1
:104EB000C01CC1B23748F7F791F839490880084655
:104EC0000088011233488078C01C324A115434489B
:104ED000017810468078001D115410468078401DDE
:104EE0003049088000202A4908702F490880084668
:104EF00002880088401C0B4618802648815C00E030
:104F000009E02A48F2F73CFB012240F226612748DB
:104F1000F2F7D5FAEFE02648007818B9254800786E
:104F20000028F7D04FF0010BBBF1000F6BD01B48EE
:104F3000008842F21071884205DA1F4E1748008837
:104F40001649088047E01548008844F620618842E9
:104F500007DA1A4E11480088A0EB61000F4908805B
:104F600039E00E48008847F23051884233DA144E57
:104F70000A480088A0F59C4020380849088011485C
:104F8000007818BB01200F49087024E01E1600208D
:104F9000BC020020CA64002092650020BA020020F2
:104FA000B8020020B6020020B2020020004C0040EF
:104FB000BD020020BF020020720800205A0C002011
:104FC0002A1400209E010020F214002000206E49C7
:104FD00008706E4908706D480078A8B16C48057972
:104FE000407900EB052085B26A48008826F8105009
:104FF0006948007838B1674800886849A1F8D80145
:105000000846A0F8DA512CE05F48007848B36048C1
:1050100040795A2825DADFF87891002412E009F166
:10502000070010F8145000EB440090F801A00AEBC0
:10503000052085B25748008806EB400020F8145040
:10504000601CC4B252484079A042E8DC5248007863
:1050500038B1504800885149A1F8D8010846A0F855
:10506000DA514948007810B948480078E8B34C480C
:1050700000794C4908704648407848704448807828
:1050800088704348C078C87041480079087140482A
:1050900040794871BBF1000F02D1FF2008714871BF
:1050A00006214048F6F79AFF3F49088008460088E5
:1050B00000123C4988713C480078C87108203B497F
:1050C000088000203049087030490870384908804D
:1050D000084602880088401C0B4618803148815CD5
:1050E0003448F2F74DFA012200E004E040F2266174
:1050F0003048F2F7E4F9BDE8F09F70472E48007899
:10510000D0B92E4880782E490988884214D02B487F
:1051100080782B4908802B480088401C294908804A
:10512000084600881E2807DB00200880012022494D
:105130000870002024490880704710B51E48007888
:1051400000B31E4880782149098888421AD01B483C
:1051500080781E4908801C480088401C1A49088035
:1051600008460088032804DA02211948F2F72DF8CE
:1051700008E00020144908800F49087002211448F3
:10518000F2F721F810BD0000BD020020BF02002090
:1051900092650020BA0200209E0100205A0C0020D7
:1051A0001E160020CA640020B8020020B6020020AB
:1051B000B2020020004C004092000020580800205D
:1051C00094000020960000209A0000209800002003
:1051D00000100140704700BFFEE700BFFEE700BFC0
:1051E000FEE700BFFEE770477047704710B5F7480D
:1051F0000078401CF5490870F5480068401CF449E7
:105200000860F4480088401CF2490880F248008891
:10521000401CF1490880F1480088401CEF49088093
:10522000EF480088401CEE490880EE480088401C8A
:10523000EC490880EC480088401CEB490880EB48AA
:105240000088401CE9490880E9480088401CE8497A
:105250000880E8480088401CE6490880E648008845
:10526000401CE5490880D94800780A281ADB00204C
:10527000D649087008464078401C4870DF480078DE
:1052800008B9F3F75AFEDE480088401CDC49088064
:10529000DC480088401CDB490880DB480088401C53
:1052A000D9490880C948407864285CDB0020C74998
:1052B000487008468078401C8870D4480068401CBC
:1052C000D2490860D2480088401CD1490880D148A2
:1052D0000088401CCF490880CF480088401CCE4938
:1052E0000880CE480088401CCC490880CC48008803
:1052F000401CCB490880CB480088401CC949088025
:10530000C9480088401CC8490880C8480088401C1B
:10531000C6490880002424E0C54830F81400401C29
:10532000C34921F81400C34830F81400401CC14997
:1053300021F81400C04830F81400401CBE4921F880
:105340001400BE4830F81400401CBC4921F8140079
:10535000BB4830F81400401CB94921F81400601C07
:10536000C4B2042CD8DBB748008842F210718842DE
:1053700004DAB4480088401CB2490880B24800688A
:10538000401CB149086010BD10B50821AF48F2F7C4
:1053900065F930B10821AD48F2F76DF9AB48F2F785
:1053A000F3F840F22551A948F2F76EF9F0B1A74899
:1053B000F2F7EAF8C1B2A64802880088401CA44B64
:1053C0001880A448815440F22551A048F2F786F98C
:1053D0009F48008840F60201884204DB9C48008810
:1053E000401E9B49088000209B49088040F22661AE
:1053F0009648F2F749F968B340F226619348F2F70C
:105400006DF99648008896490988884223DB002078
:105410009249088092490880924800F0704000F15B
:1054200000709049C1F3130100EB4110406A10B1C4
:1054300000208D490870002240F226618348F2F76F
:105440003EF888486238B0F85001401C85496239FE
:10545000A1F850010AE0814802880088401C7F4B77
:1054600018808248815C7948F2F78AF810BD10B53F
:1054700040F225517E48F2F707F9F0B17C48F2F787
:1054800083F8C1B27B4802880088401C794B1880A1
:105490007948815440F225517548F2F71FF9754853
:1054A000008840F60201884204DB72480088401EF2
:1054B0007049088000207149088040F226616C48DC
:1054C000F2F7E2F808B340F226616948F2F706F90C
:1054D0006B4800886B49098888420BDB00206849CB
:1054E000088068490880002240F226616048F1F790
:1054F000E6FF0AE0624802880088401C604B188082
:105500006148815C5A48F2F73BF810BD10B508219C
:105510005E48F2F7A3F830B108215C48F2F7ABF827
:105520005A48F2F731F840F225515848F2F7ACF8F2
:1055300010B35648F2F728F8C1B2554802880088DF
:10554000401C534B18805348815440F225514F481A
:10555000F2F7C4F84E480088B0F5C06F04DB4C4841
:105560000088401E4A49088001204B4908700020ED
:105570004A4908704A49088040F226614348F2F7D8
:1055800083F808B340F226614048F2F7A7F845488F
:1055900000884549098888420BDB00204149088082
:1055A00041490880002240F226613848F1F787FF20
:1055B0000AE03C4802880088401C3A4B18803B486F
:1055C000815C3248F1F7DCFF10BD00005808002074
:1055D0006C03002048000020760300208003002098
:1055E000080100209C0200209E020020A002002052
:1055F000A2020020A40200200E010020F0000020E2
:10560000B6010020C00100209002002020010020EF
:10561000C20100204C0200204E0200205002002057
:10562000600200205C020020640200206E02002064
:10563000EC010020D8010020F60100201202002019
:105640001A0200200601002030040020003801402A
:1056500044010020902F002060010020460100201E
:105660004A010020801600206E01002090290020B1
:10567000004400408A010020904300209C0100204B
:105680008C01002090010020903D00200048004047
:10569000A2010020905300208D0000208C000020EB
:1056A000B4010020A4010020A80100209051002096
:1056B00010B540F225513748F1F7E6FF08B33548F9
:1056C000F1F762FFC1B2344802880088401C324BB7
:1056D00018803248815400203149087031490880CF
:1056E00040F225512B48F1F7F9FF2B480088CA28D2
:1056F00004DB29480088401E2749088000202A49E9
:10570000088040F226612348F1F7BEFF08B340F25B
:1057100026612048F1F7E2FF2448008824490988DF
:1057200088420BDB002021490880214908800022A3
:1057300040F226611748F1F7C2FE0AE01B480288D2
:105740000088401C194B18801A48815C1148F1F7F9
:1057500017FF10BD10B50420F3F7C0FB38B14FF4AC
:1057600000611548F3F794FF0420F3F7C8FB10BD60
:1057700010B54020F3F7B2FB30B140210F48F3F7EA
:1057800087FF4020F3F7BBFB8020F3F7A7FB10BD9A
:1057900070470000004C0040B002002092650020DD
:1057A0009200002096000020C2020020B2020020D9
:1057B000B6020020CA640020000801400014014025
:1057C000704710B54021EE48F1F7FDFC0121ED488E
:1057D000F1F7F9FC10BD10B5044600BF0221EA48FC
:1057E000F2F7C3FB0028F9D02146E748F2F76AFB3D
:1057F00000BF0121E448F2F7B8FB0028F9D0E248E5
:10580000F2F762FBC0B210BD10B54021DC48F1F7E1
:10581000DCFC0121DB48F1F7D6FC10BD10B50024FB
:10582000FFF7F2FF0520FFF7D6FF00BFA520FFF727
:10583000D2FF044604F001000028F7D1FFF7C1FFB2
:1058400010BD10B5FFF7E0FF0620FFF7C4FFFFF71C
:10585000B8FF10BD10B50446FFF7F3FFFFF7D4FF04
:10586000D820FFF7B8FFC4F30740FFF7B4FFC4F335
:105870000720FFF7B0FFE0B2FFF7ADFFFFF7A1FF92
:10588000FFF7CCFF10BD10B5FFF7DBFFFFF7BCFF44
:10589000C720FFF7A0FFFFF794FFFFF7BFFF10BD82
:1058A00070B505460C461646FFF7CBFFFFF7ACFF79
:1058B0000220FFF790FFC4F30740FFF78CFFC4F30B
:1058C0000720FFF788FFE0B2FFF785FF03E02878A5
:1058D000FFF781FF6D1C301EA6F101018EB2F6D1DB
:1058E000FFF76FFFFFF79AFF70BD2DE9F05F0746E6
:1058F0000E4614464FF00008C146C2460025AB468E
:1059000006F0FF0ACAF10000C5B22046E11704EB19
:105910001161C1F30728E11704EB11610912A4EB2F
:10592000012101F0FF09BAF1000F20D1B8F1000FF9
:1059300005D1224631463846FFF7B2FF64E009E060
:105940004FF4807231463846FFF7AAFF06F580769D
:1059500007F58077B8F10000A8F1010101F0FF0818
:10596000EED14A4631463846FFF79AFF4CE0B8F18F
:10597000000F18D1A94510DDA9EB050000F0FF0BC1
:105980002A4631463846FFF78BFF2E442F445A46AD
:1059900031463846FFF784FF36E022463146384626
:1059A000FFF77EFF30E0601B84B22046E11704EB76
:1059B0001161C1F30728E11704EB11610912A4EB8F
:1059C000012101F0FF092A4631463846FFF768FFFA
:1059D0002E442F4409E04FF4807231463846FFF7D9
:1059E0005FFF06F5807607F58077B8F10000A8F133
:1059F000010101F0FF08EED1B9F1000F04D04A46D1
:105A000031463846FFF74CFFBDE8F09F70B50546BC
:105A10000C461646FFF7F8FE0320FFF7DCFEC4F342
:105A20000740FFF7D8FEC4F30720FFF7D4FEE0B22B
:105A3000FFF7D1FE04E0A520FFF7CDFE28706D1C16
:105A4000301EA6F101018EB2F5D1FFF7BAFE70BD8E
:105A50002DE9F0410024002500260027FFF7D4FEA1
:105A60009F20FFF7B8FEA520FFF7B5FE0546A5204D
:105A7000FFF7B1FE0646A520FFF7ADFE0746FFF78C
:105A8000A0FE280440EA062040EA07042046BDE8BC
:105A9000F08110B50446FFF7B7FE0320FFF79BFE29
:105AA000C4F30740FFF797FEC4F30720FFF793FE08
:105AB000E0B2FFF790FE10BD10B5A520FFF78BFEFA
:105AC00010BD10B5044600BF02212F48F2F74DFA71
:105AD0000028F9D021462C48F2F7F4F900BF012143
:105AE0002948F2F742FA0028F9D02748F2F7ECF9F2
:105AF00010BD10B501212348F1F767FB4021204874
:105B0000F1F761FB10BD70B504460D461646FFF770
:105B100098FEFFF779FE0220FFF75DFE280AFFF7E7
:105B20005AFEE8B2FFF757FE03E02078FFF753FE76
:105B3000641C301EA6F101018EB2F6D1FFF741FEC2
:105B4000FFF76CFE70BD70B504460D461646FFF7B4
:105B50005BFE0320FFF73FFE280AFFF73CFEE8B29A
:105B6000FFF739FE04E0A520FFF735FE2070641C26
:105B7000301EA6F101018EB2F5D1FFF722FE70BDF5
:105B8000000C014000080140003C00400120FE499B
:105B900008700020FD4908705A20FD490870432014
:105BA00048704C2088705420C870452008715320DC
:105BB0004871542088713220C87130200872312019
:105BC0004872382088723120C872087348733220B6
:105BD00088730020C87301200874022048740320D1
:105BE00088740420C87405200875062048750720AD
:105BF00088750820C875092008760A2048760B2089
:105C000088760C20C8760D2008770E2048777047DC
:105C10002DE9F0410024DC480078042803D0DA485C
:105C2000007801285AD153E0DA480068DA49C2689E
:105C3000DA489047D8480088D9490880D648008873
:105C4000D8490880D84800F0704000F10070D6496B
:105C5000C1F3130100EB4110806A20B1D1480188E3
:105C6000CE48FEF74CFBD048423800F0704000F1BF
:105C70000070CD494239C1F3130100EB4110406877
:105C800018B3002405E0C548005DC8490855601CEC
:105C9000C4B2C14800888442F5DBBF480088C449CB
:105CA00008800020C3490880084602880088401CFC
:105CB0000B461880BD48815CBF48F1F761FC0122AA
:105CC00040F22661BC48F1F7FAFB0120AF490870A9
:105CD000B0490968486980470228A5D0B2486238AF
:105CE000008A00287ED1A9480078012841F0AD85BE
:105CF0000220A6490870AC486238C088002858D1F4
:105D0000A6480078A849623989888842EED1A5481A
:105D10000078801EC1B2A148F6F760F905462F123F
:105D200005F0FF089F480088801E9C49085CB84227
:105D30003DD19C480088401E085C404537D108464C
:105D40004078032804D101209C49087001F07DBDF2
:105D500092484078102806D10020994908800120F7
:105D600098490870F2E78D484078012802D1964999
:105D70000870EBE789484078062806D10020904952
:105D80000880012091490870E0E78448407849285C
:105D90000BD101208E49087064208E4908700020C4
:105DA0008D4908808D490870D0E70124CEE7022490
:105DB000CCE77A4800787C4962390989884275D1F4
:105DC00078480078801EC1B27448F6F707F9054696
:105DD0002F1205F0FF0873480088801E6F49085C89
:105DE000B84200E0FDE3B1D16E480088401E085C77
:105DF0004045ABD10846407849284CD1784E0846FA
:105E0000807850283DD100240EE0032000EB4400B0
:105E100062490D5C042000EB4400085C00EB0520A7
:105E200026F81400601CC4B2282CEEDB5B4890F806
:105E300028005A4991F8271000EB01206949088091
:105E40006948007801280ED101226548463000F0EB
:105E5000704000F1007062494631C1F3130100EB5C
:105E6000411042600DE000225D48463000F0704075
:105E700000F100705A494631C1F3130100EB4110A3
:105E8000426049486238B0F85401401C46496239C2
:105E9000A1F8540112E041484078032807D10120BD
:105EA0005249087000205249087007E020E03B4842
:105EB0004078062802D101204E49087001204E4941
:105EC000087064204D49087000204D4908804D49F4
:105ED000087000224248463000F0704000F1007027
:105EE0003F494631C1F3130100EB411002602DE739
:105EF0002A4800782C4962394989884242D1294888
:105F00000078801EC1B22548F6F768F805462F12C2
:105F100005F0FF0823480088801E2049085CB8422D
:105F2000E5D120480088401E085C4045DFD1084686
:105F30004078492827D12A4E503608468078502884
:105F400066D100240EE0032000EB440013490D5CF1
:105F5000042000EB4400085C00EB052026F8140048
:105F6000601CC4B2282CEEDB0C4890F828000B49CA
:105F700091F8271000EB012023490880234800787E
:105F8000012846E091E066E0DA020020E20200200B
:105F900066660020D4020020D8020020CA660020D5
:105FA000E4020020E802002080160020903D00203E
:105FB000900100208C01002000440040EE020020EF
:105FC00004010020EF020020F0020020F102002076
:105FD000F2020020300300203203002034030020AE
:105FE0006E190020C4000020BC000020F302002035
:105FF00061000020F40200202F0300200203002093
:106000000403002027030020C8000020BD0000205A
:1060100019E00CD10122F74800F0704000F1007047
:10602000F449C1F3130100EB411042600BE0002280
:10603000F04800F0704000F10070EE49C1F3130128
:1060400000EB41104260EC48B0F85601401CEA49B0
:10605000A1F8560111E0E9484078032806D1012053
:10606000E74908700020E749087006E0E3484078F7
:10607000062802D10120E44908700120E349087094
:106080006420E34908700020E2490880E249087072
:106090000022D84800F0704000F10070D549C1F3EB
:1060A000130100EB4110026050E6D4480078D24959
:1060B0008989884272D1D9480078801EC1B2CF4800
:1060C000F5F78CFF05462F1205F0FF08D34800882E
:1060D000801ECA49085CB842E6D1D0480088401EFC
:1060E000085C4045E0D10846407849284BD1C14E74
:1060F0000A360846807850283DD100240EE003205F
:1061000000EB4400BD490D5C042000EB4400085C3A
:1061100000EB052026F81400601CC4B2282CEEDB2E
:10612000B64890F82800B54991F8271000EB0120F7
:10613000BB490880BB48007801280ED10122AD4838
:10614000503000F0704000F10070AA495031C1F3A6
:10615000130100EB411042600DE00022A5485030D1
:1061600000F0704000F10070A2495031C1F31301FA
:1061700000EB41104260A048B0F85801401C9E4915
:10618000A1F8580112E09D484078032807D101206A
:106190009B49087000209B49087007E020E0974861
:1061A0004078062802D101209749087001209749BC
:1061B000087064209C49087000209C4908809C4914
:1061C000087000228B48503000F0704000F10070E1
:1061D00088495031C1F3130100EB41100260B5E56D
:1061E000864800788449C989884272D18B480078F2
:1061F000801EC1B28148F5F7F1FE05462F1205F069
:10620000FF0886480088801E7C49085CB842E6D1B9
:1062100082480088401E085C4045E0D1084640782E
:1062200049284BD1734E5A360846807850283DD1C4
:1062300000240EE0032000EB440070490D5C0420B4
:1062400000EB4400085C00EB052026F81400601CFD
:10625000C4B2282CEEDB694890F82800674991F811
:10626000271000EB0120734908807348007801284B
:106270000ED101225F48A03000F0704000F10070A4
:106280005C49A031C1F3130100EB411042600DE005
:1062900000225848A03000F0704000F100705549CD
:1062A000A031C1F3130100EB411042605248B0F835
:1062B0005A01401C5049A1F85A0112E04F48407859
:1062C000032807D101204E49087000204D4908706D
:1062D00007E020E049484078062802D101204A49D9
:1062E0000870012049490870642054490870002052
:1062F000534908805349087000223E48A03000F0FE
:10630000704000F100703B49A031C1F3130100EB74
:10631000411002601AE5394800783749898B884274
:1063200067D13E480078801EC1B23448F5F756FE6A
:1063300005462F1205F0FF0838480088801E2F49B7
:10634000085CB842E6D135480088401E085C4045EC
:10635000E0D10846407849287BD1264EAA36084627
:10636000807850283DD100240EE0032000EB44004B
:1063700022490D5C042000EB4400085C00EB052082
:1063800026F81400601CC4B2282CEEDB1B4890F8E1
:1063900028001A4991F8271000EB01202A490880AB
:1063A0002A48007801280ED101221248F03000F06E
:1063B000704000F100700F49F031C1F3130100EBA0
:1063C000411042600DE000220A48F03000F07040B9
:1063D00000F100700749F031C1F3130100EB4110E7
:1063E00042600548B0F85C01401C0349A1F85C011B
:1063F00041E058E0041A00201E160020CA66002062
:10640000F302002061000020F40200202F0300208E
:10641000060300200803002028030020E8020020D3
:10642000CC000020BE0000200A0300200C03002046
:1064300029030020D0000020BF0000200E03002010
:10644000100300202A030020D4000020C0000020F8
:10645000FFE7FE484078032806D10120FC49087078
:106460000020FC49087006E0F8484078062802D170
:106470000120F94908700120F84908706420F849A2
:1064800008700020F7490880F74908700022F74893
:1064900000F0704000F10070F449C1F3130100EB0B
:1064A0004110026052E4E9480078F149C98B884202
:1064B00075D1F0480078801EC1B2E448F5F78EFD32
:1064C00005462F1205F0FF08EA480088801EDF49C4
:1064D000085CB842E6D1E7480088401E085C4045A9
:1064E000E0D10846407849284ED1E04E0A360846A9
:1064F0008078502840D1002411E0032000EB4400B4
:10650000D2490D5C042000EB4400085C00EB052040
:1065100081B206F52D7020F81410601CC4B22D2C29
:10652000EBDBCA4890F82800C84991F8271000EB27
:106530000120D1490880D148007801280ED10122DC
:10654000CA48503000F0704000F10070C749503127
:10655000C1F3130100EB411042600DE00022C3487B
:10656000503000F0704000F10070C0495031C1F36C
:10657000130100EB41104260BD48B0F85C01401CC3
:10658000BB49A1F85C0112E0B0484078032807D16C
:106590000120AF4908700020AE49087007E021E0F3
:1065A000AA484078062802D10120AB490870012092
:1065B000AA4908706420B24908700020B1490880D7
:1065C000B14908700022A948503000F0704000F135
:1065D0000070A6495031C1F3130100EB4110026075
:1065E00085E472E199480078A149C98D884275D146
:1065F000A0480078801EC1B29448F5F7EFFC05462C
:106600002F1205F0FF089B480088801E8F49085C08
:10661000B842E5D197480088401E085C4045DFD16C
:106620000846407849284ED1904E5A360846807820
:10663000502840D1002411E0032000EB440083499E
:106640000D5C042000EB4400085C00EB052081B2E7
:1066500006F20E3020F81410601CC4B22D2CEBDBB7
:106660007A4890F82800794991F8271000EB01202A
:10667000864908808648007801280ED101227B488F
:10668000A03000F0704000F100707849A031C1F3F3
:10669000130100EB411042600DE000227348A0306E
:1066A00000F0704000F100707049A031C1F3130197
:1066B00000EB411042606E48B0F85C01401C6C4930
:1066C000A1F85C0112E061484078032807D101205D
:1066D0005F49087000205F49087007E020E05B48D0
:1066E0004078062802D101205B49087001205B49EF
:1066F000087064206749087000206749088067496E
:10670000087000225948A03000F0704000F100707D
:106710005649A031C1F3130100EB41100260C3E4FC
:106720004A4800785249098E884275D1514800780C
:10673000801EC1B24548F5F751FC05462F1205F001
:10674000FF084C480088801E4049085CB842E6D1EA
:1067500048480088401E085C4045E0D10846407823
:1067600049284ED1414EAA3608468078502840D15B
:10677000002411E0032000EB440034490D5C0420A8
:1067800000EB4400085C00EB052081B206F20E30FD
:1067900020F81410601CC4B22D2CEBDB2B4890F8B1
:1067A00028002A4991F8271000EB01203C49088075
:1067B0003C48007801280ED101222C48F03000F02E
:1067C000704000F100702949F031C1F3130100EB72
:1067D000411042600DE000222448F03000F070408B
:1067E00000F100702149F031C1F3130100EB4110B9
:1067F00042601F48B0F85C01401C1D49A1F85C01D3
:1068000012E012484078032807D10120104908708F
:1068100000201049087007E055E00C484078062831
:1068200002D101200C49087001200C490870642035
:106830001D49087000201D4908801D49087000226C
:106840000A48F03000F0704034E00000CA660020D2
:10685000F302002061000020F40200202F0300203A
:1068600012030020140300202B030020F41A002040
:106870001E160020E8020020D8000020C1000020E1
:1068800016030020180300202C030020DC00002049
:10689000C20000201A0300201C0300202D0300204A
:1068A000E0000020C30000201E0300202003002081
:1068B0002E03002000F10070FB49C1F3130100EB2F
:1068C000411002608BE4032489E4F848008A01281F
:1068D0007ED1F74800780128F4D10220F4490870ED
:1068E000F4480078F1498988884250D1F24800780C
:1068F000801EC1B2EF48F5F771FB05462F1205F077
:10690000FF08ED480088801EEA49085CB8423CD187
:10691000E9480088401E085C404536D1084640786A
:10692000032803D10120E549087058E4E148407884
:10693000102806D10020E24908800120E1490870B2
:106940004DE4DC484078012802D1DF49087046E474
:10695000D8484078062806D10020D949088001206F
:10696000DA4908703BE4D348407849280BD101202C
:10697000D74908706420D74908700020D64908809C
:10698000D64908702BE4012429E4022427E4C948ED
:106990000078C649098988427ED1C7480078801EA0
:1069A000C1B2C448F5F71AFB05462F1205F0FF08DF
:1069B000C1480088801EBF49085CB84284D1BE48E7
:1069C0000088401E085C4045AFD10846407800E092
:1069D00057E24928A9D1C2488578C07800EB052044
:1069E000C0490880B14EB036B2488078322817D1FD
:1069F000002412E0032000EB4400AE490D5C0420AB
:106A000000EB4400085C00EB0520B649098806EB62
:106A1000410121F81400601CC4B2192CEADB34E0F7
:106A2000A4488078202830D1002412E0032000EB15
:106A30004400A0490D5C042000EB4400085C00EB1E
:106A40000520A849098806EB410121F81400601CC3
:106A5000C4B20A2CEADBA44E0A2414E0032000EBA3
:106A6000440094490D5C042000EB4400085C00EBFA
:106A700005209C49098806EB410101EB440121F8FE
:106A8000140C601CC4B2102CE8DB0120974908707C
:106A900064209749087000E00CE0002095490880C8
:106AA000954908708148B0F85401401C7F49A1F80D
:106AB00054012FE47F4800787C49498988427DD180
:106AC0007D480078801EC1B27A48F5F787FA0546FE
:106AD0002F1205F0FF0878480088801E7549085C71
:106AE000B842E6D174480088401E085C4045E0D1B9
:106AF000084640784928DCD179488578C07800EB91
:106B0000052078490880784E3C3E6A4880783228D3
:106B100017D1002412E0032000EB440065490D5C0E
:106B2000042000EB4400085C00EB05206D49098857
:106B300006EB410121F81400601CC4B2192CEADBF9
:106B400035E05C488078202831D1002412E0032011
:106B500000EB440057490D5C042000EB4400085C46
:106B600000EB05205F49098806EB410121F814007C
:106B7000601CC4B20A2CEADB5B4E14360A2414E013
:106B8000032000EB44004B490D5C042000EB440063
:106B9000085C00EB05205349098806EB410101EB35
:106BA000440121F8140C601CC4B2102CE8DB012055
:106BB0004E49087064205149087000E00CE0002044
:106BC0004F4908804F4908703848B0F85401401CBC
:106BD0003649A1F8540165E436480078334989897B
:106BE00088425FD134480078801EC1B23148F5F741
:106BF000F5F905462F1205F0FF082F480088801E82
:106C00002C49085CB842E6D12B480088401E085C3D
:106C10004045E0D1084640784928DCD130488578A5
:106C2000C07800EB05202F4908802F4E283E2148D0
:106C30008078322817D1002412E0032000EB4400B2
:106C40001C490D5C042000EB4400085C00EB0520AF
:106C50002449098806EB410121F81400601CC4B2E4
:106C6000192CEADB67E013488078202863D10024E0
:106C700012E0032000EB44000E490D5C042000EB01
:106C80004400085C00EB05201649098806EB410129
:106C900021F81400601CC4B20A2CEADB124E28361C
:106CA0000A2446E05AE00000E41B00201E160020E3
:106CB000E2020020CA660020E8020020EE02002066
:106CC00004010020EF020020F0020020F102002069
:106CD000F2020020300300203203002034030020A1
:106CE000666600204C0000201E1700202F030020A5
:106CF00002030020040300202703002006030020D5
:106D00000803002028030020032000EB4400FE4974
:106D10000D5C042000EB4400085C00EB0520FB49FF
:106D2000098806EB410101EB440121F8140C601CB9
:106D3000C4B2102CE8DB0120F54908706420F54945
:106D400008700020F4490880F4490870F448B0F84D
:106D50005401401CF249A1F8540141E4EA4800788A
:106D6000EF49C98988427DD1EE480078801EC1B2C2
:106D7000E548F5F733F905462F1205F0FF08E94815
:106D80000088801EE049085CB842E6D1E5480088EA
:106D9000401E085C4045E0D1084640784928DCD1D7
:106DA000E1488578C07800EB0520D8490880DC4EA2
:106DB000EC36D5488078322817D1002412E0032021
:106DC00000EB4400D0490D5C042000EB4400085C5B
:106DD00000EB0520CD49098806EB410121F814009C
:106DE000601CC4B2192CEADB34E0C7488078202844
:106DF00030D1002412E0032000EB4400C2490D5CB6
:106E0000042000EB4400085C00EB0520BF49098822
:106E100006EB410121F81400601CC4B20A2CEADB25
:106E2000C24E0A2414E0032000EB4400B6490D5C76
:106E3000042000EB4400085C00EB0520B3490988FE
:106E400006EB410101EB440121F8140C601CC4B2B3
:106E5000102CE8DB0120AE4908706420B4490870AA
:106E6000002000E00BE0B3490880B3490870AC484B
:106E7000B0F85401401CAA49A1F854014FE403247E
:106E80004DE4A748008A0228F8D1AC4800780128D0
:106E90002AD10220A9490870A148C08880BB9A481D
:106EA00000789F4989888842F2D19E480078801EE8
:106EB000C1B29548F5F792F805462F1205F0FF0884
:106EC00098480088801E9049085CB8423DD195489A
:106ED0000088401E085C404537D1084640780328AA
:106EE00003D101209649087039E28748407810287C
:106EF00007D1002093490880012093490870F3E7E7
:106F000025E081484078012802D190490870EBE7DC
:106F10007D484078062806D100208A490880012053
:106F20008B490870E0E77848407849280BD1012068
:106F300088490870642088490870002087490880C3
:106F4000874908700BE2012409E2022407E26E4837
:106F500000787349098988426BD172480078801E95
:106F6000C1B26948F5F73AF805462F1205F0FF0857
:106F70006C480088801E6449085CB842B4D16948F6
:106F80000088401E085C4045AED10846407849283C
:106F9000AAD165488578C07800EB05205B49088058
:106FA000704E594880783C2830D1002412E00320EC
:106FB00000EB440054490D5C042000EB4400085CE5
:106FC00000EB05205149098806EB410121F8140026
:106FD000601CC4B2182CEADB634E182414E00320B2
:106FE00000EB440048490D5C042000EB4400085CC1
:106FF00000EB05204549098806EB410101EB4401FE
:1070000021F8300C601CC4B21E2CE8DB0120404982
:10701000087064205549087000205549088055497A
:1070200008703F48B0F85401401C3D49A1F8540194
:10703000B7E3354800783A494989884262D13948EE
:107040000078801EC1B23048F4F7C8FF05462F1201
:1070500005F0FF0833480088801E2B49085CB842C1
:10706000E6D130480088401E085C4045E0D1084623
:1070700040784928DCD12C488578C07800EB052081
:1070800022490880374E30361F4880783C2831D15D
:10709000002412E0032000EB44001B490D5C042097
:1070A00000EB4400085C00EB05201849098806EB5A
:1070B000410121F81400601CC4B2182CEADB2A4EEE
:1070C0001436182414E0032000EB44000E490D5C34
:1070D000042000EB4400085C00EB05200B49098804
:1070E00006EB410101EB440121F8300C601CC4B2F5
:1070F0001E2CE8DB01200649087064201E49087038
:1071000000203BE046E00000CA6600204C00002062
:107110002F0300200A0300200C0300202903002075
:107120001E160020E8020020666600205A17002084
:107130000E030020100300202A030020E20200209A
:10714000EE02002004010020EF020020F0020020E7
:10715000F1020020F2020020300300203203002060
:1071600034030020B20E0020B211002002030020E0
:10717000040300202703002006030020FE490880A6
:10718000FE490870FE48B0F85401401CFC49A1F8C3
:10719000540106E3FB480078F949898988426BD19C
:1071A000F9480078801EC1B2F648F4F717FF05468B
:1071B0002F1205F0FF08F4480088801EF149085C92
:1071C000B842E6D1F0480088401E085C4045E0D156
:1071D000084640784928DCD1EC488578C07800EB37
:1071E0000520EB490880EB4EE64880783C2830D1FA
:1071F000002412E0032000EB4400E2490D5C04206F
:1072000000EB4400085C00EB0520E149098806EB2F
:10721000410121F81400601CC4B2182CEADBDE4ED8
:10722000182414E0032000EB4400D6490D5C042030
:1072300000EB4400085C00EB0520D549098806EB0B
:10724000410101EB440121F8300C601CC4B21E2C3A
:10725000E8DB0120D14908706420D1490870002082
:10726000D0490880D0490870C548B0F85401401C86
:10727000C349A1F8540194E2C2480078C049C989C1
:1072800088426DD1C0480078801EC1B2BD48F4F775
:10729000A5FE05462F1205F0FF08BB480088801E9A
:1072A000B849085CB842E6D1B7480088401E085C7F
:1072B0004045E0D1084640784928DCD1B34885787C
:1072C000C07800EB0520B2490880B24E3036AD4898
:1072D00080783C2831D1002412E0032000EB4400E8
:1072E000A8490D5C042000EB4400085C00EB05207D
:1072F000A749098806EB410121F81400601CC4B2BB
:10730000182CEADBA44E1436182414E0032000EBFA
:1073100044009C490D5C042000EB4400085C00EB39
:1073200005209B49098806EB410101EB440121F846
:10733000300C601CC4B21E2CE8DB01209749087099
:1073400064209A490870002099490880994908707A
:107350008B48B0F85401401C8949A1F8540120E23F
:10736000884800788649898B884266D186480078AB
:10737000801EC1B28348F4F731FE05462F1205F096
:10738000FF0881480088801E7E49085CB842E6D12B
:107390007D480088401E085C4045E0D108464078A2
:1073A0004928DCD179488578C07800EB05207849F8
:1073B0000880784E6036734880783C2831D10024AC
:1073C00012E0032000EB44006E490D5C042000EB4A
:1073D0004400085C00EB05206D49098806EB41017B
:1073E00021F81400601CC4B2182CEADB6A4E28365F
:1073F000182414E0032000EB440062490D5C0420D3
:1074000000EB4400085C00EB05206149098806EBAD
:10741000410101EB440121F8300C601CC4B21E2C68
:10742000E8DB01205D490870642063490870002092
:107430006249088062490870B3E1524800785049B7
:10744000C98B884266D150480078801EC1B24D4831
:10745000F4F7C4FD05462F1205F0FF084A480088DE
:10746000801E4849085CB842E6D147480088401E63
:10747000085C4045E0D1084640784928DCD14348C3
:107480008578C07800EB052041490880414E903650
:107490003C4880783C2831D1002412E0032000EBE6
:1074A000440038490D5C042000EB4400085C00EB0C
:1074B00005203749098806EB410121F81400601CBA
:1074C000C4B2182CEADB344E3C36182414E00320F6
:1074D00000EB44002B490D5C042000EB4400085CE9
:1074E00000EB05202A49098806EB410101EB440124
:1074F00021F8300C601CC4B21E2CE8DB01202749A7
:10750000087064202F49087000202F4908802F49F7
:10751000087046E11B4800781949C98D88426FD12F
:1075200019480078801EC1B21648F4F757FD054689
:107530002F1205F0FF0814480088801E1149085CCE
:10754000B8427DD110480088401E085C404577D184
:1075500008464078492873D10C488578C07800EBFC
:1075600005200B4908800B4EC036064880783C2821
:107570005ED100243FE00000080300202803002023
:107580001E160020CA660020E80200206666002061
:107590004C000020120F0020DA1100202F030020E1
:1075A0000A0300200C030020290300200E03002002
:1075B000100300202A0300201203002014030020DF
:1075C0002B03002016030020180300202C030020AA
:1075D000032000EB4400F9490D5C042000EB44005B
:1075E000085C00EB0520F649098806EB410121F80B
:1075F0001400601CC4B2182CEADBF24E182415E00B
:1076000024E0032000EB4400EC490D5C042000EB77
:107610004400085C00EB0520E949098806EB4101BC
:1076200001EB440121F8300C601CC4B21E2CE8DBD5
:107630000120E54908706420E4490870002000E05A
:107640006FE0E3490880E3490870AAE0DB4800786E
:10765000E149098E884265D1E0480078801EC1B2B8
:10766000D648F4F7BBFC05462F1205F0FF08DB48AF
:107670000088801ED149085CB84252D1D7480088A2
:10768000401E085C40454CD108464078492848D106
:10769000D3488578C07800EB0520C9490880D14ED1
:1076A000C64880783C2831D1002412E0032000EB4A
:1076B0004400C2490D5C042000EB4400085C00EB70
:1076C0000520BF49098806EB410121F81400601C20
:1076D000C4B2182CEADBBB4E1436182414E0032085
:1076E00000EB4400B5490D5C042000EB4400085C4D
:1076F00000EB0520B249098806EB410101EB44018A
:1077000021F8300C601CC4B21E2CE8DB0120AE490D
:1077100008706420B44908700020B4490880B44956
:1077200008703EE0A5480078AB49B1F88610884261
:1077300036D1AA480078801EC1B2A048F4F74EFCAA
:1077400005462F1205F0FF08A4480088801E9B49BB
:10775000085CB84225D1A1480088401E085C40451D
:107760001FD10846407849281BD19D488578C078AC
:1077700000EB0520924908809048C578007900EB1D
:1077800005209549A1F8880001208F4908706420E0
:10779000984908700020984908809849087000E0CE
:1077A00003249748007834282ED1964800789649CB
:1077B0000978884228D09348007893490870934804
:1077C0000088401C914908800846008823281BDD5A
:1077D00064208D49087000208C4908808849087011
:1077E000002504E0002075494855681C85B27B4897
:1077F00000888542F6DB8649096888688047002052
:1078000084490880754908807348B0F888000128C9
:107810001BD17C48407880490978884215D0794846
:1078200040787D4908707D480088401C7B4908806D
:1078300008460088C82808DD6420774908700020C1
:10784000764908806449A1F88800BDE8F0812DE9F7
:10785000F0414FF0000872480078002851D0574896
:1078600000785F490870554840784870534840791F
:107870004006000E8870514890F80280C07800EBF6
:1078800008204F490880F5F7F8FF0746544E0024BA
:107890000EE04B48008807EB400030F814502912E6
:1078A000F01C00F8141000EB44004570601CC4B2DA
:1078B00042484079A042ECDC49488078C01CC1B203
:1078C0004748F4F78BFB57490880084600880112A7
:1078D00043488078C01C424A1154524801781046EF
:1078E0008078001D115410468078401D4E49088054
:1078F00000204B4908704D49088016204C490870FB
:1079000093E14C48007810B94B480078A8B12B4857
:1079100090F80280C07800EB082029490880F5F72C
:10792000ACFF0746002043490870434908703F49AF
:10793000088016203E49087077E14048007800280A
:107940003BD00520F1F788FE1C48007824490870D8
:107950001A4840784870194840794006000E8870EF
:10796000164890F80280C07800EB0820144908807F
:10797000194FB0371A4E114840790A2815D1002402
:107980000EE00F48008807EB400030F81450291231
:10799000F01C00F8141000EB44004570601CC4B2E9
:1079A00006484079A042ECDC71E004484079102898
:1079B0006DD1094FB037002451E08DE0CA66002038
:1079C0004C0000202A1200202F0300201A03002060
:1079D0001C0300202D0300201E160020E8020020BA
:1079E00066660020021000201E03002020030020F5
:1079F0002E03002022030020240300202603002061
:107A0000E202002058080020DE020020E0020020F0
:107A1000D4020020E40200203A0300203C030020AE
:107A2000EE020020EC020020EA020020E602002024
:107A3000DA020020EF020020F1020020F202002012
:107A4000FE48008807EB400030F814502912F01C63
:107A500000F8141000EB44004570601CC4B20A2CFE
:107A6000EEDBF74F0A2410E0F448008807EB4000F3
:107A700000EB440030F8145C2912F01C00F81410DC
:107A800000EB44004570601CC4B2102CECDBED48E8
:107A90008078C01CC1B2EB48F4F7A0FAEA4908802C
:107AA000084600880112E7488078C01CE54A115456
:107AB000E548017810468078001D11541046807802
:107AC000401DE24908800020E1490870E149088032
:107AD0001620E1490870A8E0E0480078002875D039
:107AE000DF480079DF490870DF480078DC49098900
:107AF000884205D1DC4840781030DA4948702EE0E1
:107B0000D9480078D6494989884205D1D648407875
:107B10002030D449487022E0D3480078D049898980
:107B2000884205D1D04840783030CE49487016E0C0
:107B3000CD480078CA49C989884205D1CA484078E9
:107B40004030C84948700AE0C7480078C449898B6A
:107B5000884204D1C44840785030C2494870C24875
:107B60008078C0498870012406E0A01CBE49095CE9
:107B7000BC4A1154601CC4B2BB488078A042F4DAFD
:107B8000B8488078C01CC1B2B648F4F727FAB749A4
:107B90000880084600880112B2488078C01CB14AAB
:107BA0001154B248017810468078001D11541046D7
:107BB0008078401DAE4908800020A8490870AD4972
:107BC00008800120AC4908702FE0FFE7AB4800783F
:107BD00058B3A3480079A3490870A3484078487077
:107BE000A14880788870A048C078C8709E48007905
:107BF00008719D484079487106219A48F4F7EEF9DA
:107C00009A4908800846008800129649887197486A
:107C10000078C871082096490880002097490870AC
:107C200094490880012094490870BDE8F08170B53E
:107C30000024002563208A49A1F8860008460089AF
:107C4000002801DD601CC4B285484089002801DDA0
:107C5000601CC4B282488089002801DD601CC4B267
:107C60007F48C089002801DD601CC4B27C48808B3D
:107C7000002801DD601CC4B27948C08B002801DDFA
:107C8000601CC4B27648C08D002801DD601CC4B2FF
:107C90007348008E002801DD601CC4B27048008A61
:107CA000002874D1002C41F3EE826B480078012843
:107CB0006ED17348407873490978884268D070481B
:107CC00040787049087070480088401C6E490880F0
:107CD0000846008814285BDD64206A49087000208B
:107CE000694908806948007800286FD168480078A1
:107CF000401C6749087008460078A04201DD012059
:107D0000087057480089002809DD6148007801287B
:107D100005D15348007A4B490870012567E0504867
:107D20004089002809DD5A480078022805D14C48CE
:107D3000807A44490870022559E049488089002822
:107D400009DD53480078032805D14548007B3D49AB
:107D5000087003254BE04248C089002809DD4C48E3
:107D60000078042805D13E48807B364908700425F8
:107D70003DE03B48808B00280BDD45480078052816
:107D800007D13748007F2F49087005252FE0FDE314
:107D900052E03348C08B002809DD3D4800780628B2
:107DA00005D12F48807F2749087006251FE02C4801
:107DB000C08D00280BDD36480078072807D12848F9
:107DC00090F82E001F490870072510E064E0244851
:107DD000008E00280ADD2E480078082806D12048A9
:107DE00090F8300017490870082500E00025002DA4
:107DF00022DD49201349487000208870C87008713E
:107E00002820487106210F48F4F7E8F80E49088049
:107E10000846008800120B4988710B480078C87129
:107E200008200A49088000200A4908800C200A49D5
:107E3000087000201749087092E200004C000020F2
:107E40001E17002066660020EC020020EA020020D7
:107E5000F2020020E6020020DA020020F3020020F5
:107E60001E160020905F0020CA660020AA01002094
:107E7000A0010020A401002068020020F4020020DC
:107E800058080020FA020020FC02002061000020B7
:107E9000F50200202F030020FE48007801287CD145
:107EA000FD48B0F8660528280CDAFC48007AFC4941
:107EB0000870F948B0F8660500128870F64890F826
:107EC0006605C870F448B0F86605282813DBF24848
:107ED000B0F8660550280EDAF048807AF04908704C
:107EE000ED48B0F866052838000A8870EA4890F82E
:107EF00066052838C870E848B0F86605502813DBD6
:107F0000E548B0F8660578280EDAE448007BE449D5
:107F10000870E148B0F866055038000A8870DE48FD
:107F200090F866055038C870DB48B0F866057828C8
:107F300013DBD948B0F86605A0280EDAD748807B55
:107F4000D7490870D448B0F866057838000A8870B8
:107F5000D14890F866057838C870CF48B0F8660503
:107F6000A02813DBCC48B0F86605C8280EDACB4849
:107F7000007FCB490870C848B0F86605A038000AF1
:107F80008870C54890F86605A038C870C248B0F837
:107F90006605C82815DBC04800E074E0B0F8660547
:107FA000F0280EDABD48807FBD490870BA48B0F8A5
:107FB0006605C838000A8870B74890F86605C83862
:107FC000C870B548B0F86605F02815DBB248B0F8BF
:107FD0006605B0F58C7F0FDAB04890F82E00B049F6
:107FE0000870AD48B0F86605F038000A8870AA48F5
:107FF00090F86605F038C870A748B0F86605B0F587
:108000008C7F17DBA448B0F86605B0F5A07F11DAC5
:10801000A24890F83000A24908709F48B0F8660561
:10802000A0F58C70000A88709B4890F86605A0F552
:108030008C70C87006209A4948709748B0F8680557
:1080400000120871944890F8680548710621944818
:10805000F3F7C4FF9349088008460088001290494E
:10806000887190480078C87108208F4908800020E6
:108070008E4908800C208E49087000208D490870B8
:10808000844908706CE18348007802287DD18248D9
:10809000B0F8660542F21071884217DB7E48B0F8EE
:1080A000660544F61F61884210DA7C48007A7C49F4
:1080B00008707948B0F86605A0F51C501038000A21
:1080C0008870754890F86605F030C8707248B0F84E
:1080D000660544F62061884217DB6F48B0F86605F4
:1080E00047F22F51884210DA6C48807A6C49087048
:1080F0006948B0F86605A0F59C402038000A8870F1
:10810000654890F86605E030C8706348B0F86605C9
:1081100047F23051884217DB5F48B0F8660549F6F0
:108120003F41884210DA5D48007B5D4908705A483B
:10813000B0F86605A0F5EA403038000A8870564865
:1081400090F86605D030C8705348B0F8660549F617
:108150004041884217DB5048B0F866054CF24F3179
:10816000884210DA4D48807B4D4908704A48B0F883
:108170006605A0F51C404038000A8870464890F813
:108180006605C030C870444800E044E0B0F86605B9
:108190004CF25031884217DB3F48B0F866054EF686
:1081A0005F21884210DA3D48007F3D4908703A4817
:1081B000B0F86605A0F543405038000A887036488C
:1081C00090F86605B030C8700320354948703248D1
:1081D000B0F86805001208712F4890F868054871DA
:1081E00006212F48F3F7FAFE2E490880084600883A
:1081F00000122B4988712B480078C87108202A4941
:1082000008800020294908800C2029490870002096
:1082100028490870A4E01F48007803287ED11E4832
:10822000B0F8660542F2107188420ADB1A48B0F8CD
:10823000660544F61F61884203DA1848007A184937
:1082400008701548B0F8660544F6206188420ADBDC
:108250001148B0F8660547F22F51884203DA0F48FB
:10826000807A0F4908700C48B0F8660547F2305123
:1082700088420ADB0848B0F8660549F63F41884263
:1082800003DA0648007B064908700348B0F8660523
:1082900012E00000610000206E1900201E16002070
:1082A00066660020EC020020EA020020E6020020C0
:1082B000DA0200202F03002049F6404188420ADB01
:1082C000FE48B0F866054CF24F31884203DAFC48AC
:1082D000807BFC490870F948B0F866054CF25031D3
:1082E00088420ADBF548B0F866054EF65F21884201
:1082F00003DAF348007FF34908700620F14948701B
:10830000EE48B0F8660500128870EC4890F86605F3
:10831000C870EA48B0F86805001200E020E0087173
:10832000E64890F8680548710621E648F3F756FEDE
:10833000E5490880084600880012E2498871E24851
:108340000078C8710820E14908800020E0490880D1
:108350000C20E04908700020DF490870DF490870F0
:10836000D7480089002835DDDD48007818B1DB48A2
:10837000007802282ED1DB484078DB490978884212
:108380003FD0D8484078D8490870D8480088401C69
:10839000D649088008460088B0F57A7F31DD642030
:1083A000D14908700020D14908800120CC490870CB
:1083B0000122C248463000F0704000F10070BF4911
:1083C0004631C1F3130100EB411002600020C349A4
:1083D000087016E0BA48008998B90020C0490870B2
:1083E0000022B648463000F0704000F10070B349FA
:1083F0004631C1F3130100EB411002600020BB497C
:108400000880AF484089002835DDB948007818B1A8
:10841000B248007802282ED1B2484078B549097890
:1084200088423FD0AF484078B2490870B2480088CF
:10843000401CB149088008460088B0F57A7F31DDDC
:108440006420AC4908700020AB4908800120A8498D
:10845000087001229948963000F0704000F10070D9
:1084600096499631C1F3130100EB411002600020E0
:108470009A49087016E09248408998B900209C49B2
:10848000087000228D48963000F0704000F10070B6
:108490008A499631C1F3130100EB411002600020BC
:1084A0009549088086488089002835DD9348007802
:1084B00018B18A48007802282ED18A48407890491D
:1084C000097888423FD0874840788D4908708D48A8
:1084D0000088401C8B49088008460088B0F57A7FE8
:1084E00031DD64208649087000208649088001201B
:1084F0008249087001227148E63000F0704000F1B6
:1085000000706E49E631C1F3130100EB41100260C7
:1085100000207249087016E06948808998B90020E7
:108520007649087000226548E63000F0704000F19E
:1085300000706249E631C1F3130100EB41100260A3
:108540000020704908805E48C089002835DD6E48EB
:10855000007818B16148007802282ED1614840782F
:108560006A49097888423DD05E484078674908707A
:1085700067480088401C6649088008460088B0F5B6
:108580007A7F2FDD64206149087000E0D9E1002086
:108590005F49088001205C49087001225D4800F0B5
:1085A000704000F100705B49C1F3130100EB411012
:1085B000026000204949087014E04148C08988B928
:1085C0000020514908700022524800F0704000F12C
:1085D00000705049C1F3130100EB4110026000200C
:1085E0004B4908803648808B002835DD4A480078A2
:1085F00018B13A48007802282ED13A4840784749C5
:10860000097888423FD03748407844490870444848
:108610000088401C4249088008460088B0F57A7FEF
:1086200031DD64203D49087000203D49088001206B
:108630003949087001223748503000F0704000F18D
:10864000007034495031C1F3130100EB4110026056
:1086500000202249087016E01948808B98B9002044
:108660002D49087000222B48503000F0704000F176
:10867000007028495031C1F3130100EB4110026032
:108680000020274908800E48C08B00286EDD254851
:10869000007818B111480078022867D11148407855
:1086A00021490978884276D00E4840781E490870E2
:1086B0001E480088401C1D49088039E06E190020C2
:1086C0001E16002066660020EC020020EA02002050
:1086D000E6020020DA0200202F03002061000020C3
:1086E0002703002058080020020300200403002074
:1086F000280300200603002008030020290300208F
:108700000A0300200C0300202A0300200E0300208F
:1087100010030020A41A00202B03002012030020C5
:10872000140300202C03002016030020180300204F
:1087300008460088B0F57A7F2DDD6420FE49087078
:108740000020FE4908800120FD4908700122FD48F3
:1087500000F0704000F10070FA49C1F3130100EB22
:10876000411002600020F849087014E0F748C08BFF
:1087700088B90020F24908700022F24800F07040E9
:1087800000F10070EF49C1F3130100EB41100260EA
:108790000020EA490880ED48C08D002835DDEC480E
:1087A000007818B1E848007802282ED1E9484078CE
:1087B000E949097888423FD0E6484078E6490870A0
:1087C000E6480088401CE549088008460088B0F566
:1087D0007A7F31DD6420E04908700020DF4908809D
:1087E0000120DB4908700122D648503000F070406B
:1087F00000F10070D3495031C1F3130100EB411077
:1088000002600020D049087016E0D048C08D98B9A9
:108810000020CF4908700022CA48503000F0704054
:1088200000F10070C7495031C1F3130100EB411052
:1088300002600020C9490880C448008E002835DD48
:10884000C748007818B1C048007802282ED1C14826
:108850004078C449097888423FD0BE484078C14931
:108860000870C1480088401CBF490880084600883D
:10887000B0F57A7F31DD6420BA4908700020BA492A
:1088800008800120B64908700122AE48A03000F0EF
:10889000704000F10070AB49A031C1F3130100EB4F
:1088A000411002600020A849087016E0A748008E19
:1088B00098B90020AA4908700022A248A03000F010
:1088C000704000F100709F49A031C1F3130100EB2B
:1088D000411002600020A44908809C48B0F886003E
:1088E000002824DDA148007818B1974800780228B4
:1088F0001DD1984840789E490978884216D09548FD
:1089000040789B4908709B480088401C9949088022
:1089100008460088B0F57A7F08DD64209449087025
:10892000002094490880012090490870EDE18748B3
:10893000B0F886000028F9D18C4908708D4908806C
:10894000F4E78248008A01287ED1002CEEDD8A48B7
:108950000078012879D17F48407888490978884291
:1089600073D07C4840788549087085480088401C51
:108970008349088008460088142866DD64207F4902
:10898000087000207E4908807E480078A0BB7E48A1
:108990000078401C7C49087008460078042801DDF6
:1089A0000120087069480089002809DD76480078B0
:1089B000012805D16548007A7449087001252BE02B
:1089C00062484089002809DD6F480078022805D1F7
:1089D0005E48807A6D49087002251DE05B488089F9
:1089E00000280ADD68480078032806D15748007B34
:1089F0006649087003250FE037E05448C089002815
:108A000009DD61480078042805D15048807B5F4922
:108A10000870042500E00025002D62DD49205B4937
:108A2000487000208870C8700871102048710621B5
:108A30005648F3F7D3FA56490880084600880012D2
:108A400052498871524801E069E14AE00078C871F2
:108A500008205049088000204F4908800C204649D2
:108A6000087000204D4908703BE046480078012816
:108A700037D1002505E04A48405D44494855681C07
:108A8000C5B2484800788542F5DB3048007A3F4956
:108A90000870084640790A2820DC42480078801E89
:108AA000C1B23A48F3F79AFA394908800846008873
:108AB00001123C480078801E344A11543448017831
:108AC00038480078401E11543648007831490880F3
:108AD0000020314908800C202749087000202949CE
:108AE00008702E48007820B31A4840782E4909783B
:108AF00088421ED0174840782B4908702B480088C0
:108B0000401C2A49088008460088322811DD0020D0
:108B100022490870642024490870002023490880F5
:108B2000642023490870002022490880012012494E
:108B30000870064800893FE0160300201803002053
:108B40002C030020441B0020610000201E16002082
:108B50002D030020580800201A0300201C030020C9
:108B60002E0300201E0300202003002026030020E7
:108B70002203002024030020DA020020FA02002051
:108B8000FC02002038030020F50200206666002069
:108B9000EC020020EA020020E60200202F03002061
:108BA0002E67002039030020F6020020F802002082
:108BB000FE02002000030020002820DDFE4800788F
:108BC000E8B9FE484078FE49097888421FD0FB4842
:108BD0004078FB490870FB480088401CF949088030
:108BE00008460088B0F5167F11DD6420F44908704E
:108BF0000020F44908800120EF49087007E0F2489E
:108C0000008920B90020EC490870EE490880EE4840
:108C10004089002820DDED480078E8B9E748407831
:108C2000EB49097888421FD0E4484078E849087049
:108C3000E8480088401CE749088008460088B0F5ED
:108C4000167F11DD6420E24908700020E1490880A8
:108C50000120DE49087007E0DB48408920B9002088
:108C6000DA490870DB490880D7488089002820DD70
:108C7000D9480078E8B9D1484078D849097888427D
:108C80001FD0CE484078D5490870D5480088401C90
:108C9000D349088008460088B0F5167F11DD6420AE
:108CA000CE4908700020CE4908800120CA490870CA
:108CB00007E0C548808920B90020C7490870C84925
:108CC0000880C148C089002820DDC6480078E8B97E
:108CD000BA484078C4490978884216D0B7484078E5
:108CE000C1490870C1480088401CC0490880084636
:108CF0000088B0F5167F08DD6420BB4908700020AD
:108D0000BA4908800120B7490870BCE2AE48C08962
:108D10000028FAD1B3490870B4490880B3E2AA48E0
:108D2000008A0228F1D1002CEFDDB148007801283B
:108D30007CD1B0480078401CAE49087008460078E5
:108D4000092801DD012008709F480089002809DDFD
:108D5000A8480078012805D19B48007AA6490870E8
:108D6000012575E098484089002809DDA148007870
:108D7000022805D19448807A9F490870022567E04F
:108D800091488089002809DD9A480078032805D198
:108D90008D48007B98490870032559E08A48C089AE
:108DA000002809DD93480078042805D18648807B97
:108DB0009149087004254BE08348808B002809DD29
:108DC0008C480078052805D17F48007F8A490870C3
:108DD00005253DE07C48C08B002809DD85480078EA
:108DE000062805D17848807F8349087006252FE042
:108DF0007548C08D00280ADD7E480078072806D116
:108E0000714890F82E007C490870072520E06E48D4
:108E1000008E00280BDD77480078082807D16A48C3
:108E200090F8300074490870082511E038E0664871
:108E3000B0F8860063280AD16E480078092806D168
:108E4000614890F886006C490870092500E000250B
:108E5000002D25DD49206849487000208870C870C1
:108E6000594890F8880008711E2048710621624810
:108E7000F3F7B4F8614908800846008800125E499B
:108E800088715E480078C87108205D49088000201C
:108E90005C4908800C205649087000205A49087027
:108EA0005948007820B345484078584909788842A5
:108EB0001ED0424840785549087055480088401CEB
:108EC00053490880084600880A2811DD00204E49D1
:108ED000087064204D49087000204D4908806420C6
:108EE0004C49087000204C49088001204049087016
:108EF00035480089002820DD2F480078E8B92F4840
:108F000040782F49097888421FD02C4840782C4956
:108F100008702C480088401C2A49088008460088B0
:108F2000B0F5967F11DD64202549087000202549A1
:108F3000088001202049087007E02348008920B9F3
:108F400000201D4908701F4908801F4840890028DB
:108F500020DD1E480078E8B9184840781C49097897
:108F600088421FD015484078194908701948008870
:108F7000401C1849088008460088B0F5167F11DDAE
:108F800064201349087000201249088001200F490D
:108F9000087007E00C48408920B900200B49087090
:108FA0000C49088008488089002854DD0A48007868
:108FB000A0BB0248407832E0270300205808002078
:108FC00002030020040300201E16002028030020B6
:108FD0000603002008030020290300200A030020C4
:108FE0000C0300202A0300200E03002010030020A1
:108FF000DA020020F502002066660020EC02002064
:10900000EA020020E60200202F030020F6020020E2
:10901000F8020020FE020020000300201BE0FE49B1
:10902000097888421FD0FD484078FB490870FC4809
:109030000088401CFA49088008460088B0F5167F71
:1090400011DD6420F44908700020F54908800120F2
:10905000F449087007E0F448808920B90020F149FC
:109060000870EF490880F048C089002820DDEF48EB
:109070000078E8B9E9484078ED49097888421FD07E
:10908000E6484078EA490870EA480088401CE94907
:10909000088008460088B0F5167F11DD6420E44999
:1090A00008700020E34908800120E049087007E0CB
:1090B000DD48C08920B90020DC490870DD490880FE
:1090C000D948808B002820DDDB480078E8B9D348F8
:1090D0004078DA49097888421FD0D0484078D7498B
:1090E0000870D7480088401CD54908800846008889
:1090F000B0F5167F11DD6420D04908700020D049FA
:1091000008800120CC49087007E0C748808B20B94F
:109110000020C9490870CA490880C348C08B00288C
:1091200020DDC8480078E8B9BC484078C6490978CD
:1091300088421FD0B9484078C3490870C3480088A6
:10914000401CC249088008460088B0F5167F11DD32
:109150006420BD4908700020BC4908800120B9493D
:10916000087007E0B048C08B20B90020B5490870EE
:10917000B6490880AC48C08D002820DDB44800788E
:10918000E8B9A6484078B349097888421FD0A34877
:109190004078B0490870B0480088401CAE4908804B
:1091A00008460088B0F5167F11DD6420A9490870D3
:1091B0000020A94908800120A549087007E09A48C5
:1091C000C08D20B90020A2490870A34908809648A4
:1091D000008E002820DDA1480078E8B98F4840784B
:1091E0009F49097888421FD08C4840789C49087074
:1091F0009C480088401C9B49088008460088B0F5C0
:10920000167F11DD6420964908700020954908807A
:1092100001209249087007E08348008E20B90020A1
:109220008E4908708F4908807F48B0F88600002872
:1092300020DD8D480078E8B9784840788B49097876
:10924000884220D07548407888490870884800884E
:10925000401C8749088008460088B0F5167F12DD5B
:1092600064208249087000208149088001207E49DD
:10927000087008E06C48B0F8860020B900207A49F0
:1092800008707B49088070BD10B57A4800780228C4
:1092900007D0784800780C2803D076480078162844
:1092A00042D10A2016F02FFC724800780C2807D112
:1092B00071480068026971480188714890471AE056
:1092C0006C480078162807D16B48006802696B4823
:1092D00001886B4890470EE06648007802280AD162
:1092E0006848008865490880634800680269084644
:1092F0000188634890474C48623000F0704000F1AC
:10930000007049496231C1F3130100EB4110806ADA
:1093100020B15A4801885A48FAF7F1FF0A2016F09E
:10932000F2FB0320534908705248007803281AD1F1
:1093300013E051490968886880473B48C088012884
:1093400003D104204B49087002E00120494908700C
:109350004FF400614C48F0F79BF9474909684869A8
:1093600080470428E5D04348007835284CD11CE0DC
:1093700046A01CF083FB4FF400614348F0F788F9E6
:1093800004203C4908703C490968886880473220BD
:1093900016F0B9FB0020424908706420414908706A
:1093A00000204149088041490880334909684869DB
:1093B00080470428DCD0194840783A490978884227
:1093C00022D0164840783749087037480088401C3A
:1093D0003549088008460088B0F5C87F14DD642050
:1093E000304908700020304908803049088030A09A
:1093F0001CF044FB04201F4908700A2016F083FB70
:109400001D490968886880471A48007836287FD146
:109410000548808C012853E00A03002058080020EA
:109420000C030020290300201E1600202A03002020
:109430000E030020100300202B0300201203002045
:10944000140300202C030020160300201803002022
:109450002D0300201A0300201C0300202E030020EF
:109460001E030020200300202603002022030020EA
:1094700024030020DA020020D4020020EA020020A7
:10948000666600208E0100200008014052465F4CB5
:109490006F52615F54585F4F4B21200A000000005B
:1094A000E2020020350300203603002000030020E4
:1094B000205458204F76657254696D65200A00006B
:1094C00009D16420FE4908700020FE49088001206F
:1094D000FD4908701CE0FD484078F9490978884248
:1094E00016D0FA484078F6490870F6480088401CC3
:1094F000F449088008460088B0F5967F08DD6420AE
:10950000EF4908700020EF4908800120EE490870FB
:10951000ED480078042803D0EB480078032826D1D2
:10952000EA484078E6490978884220D0E748407800
:10953000E3490870E3480088401CE2490880084677
:1095400000883C2813DD6420DD4908700020DD49D7
:109550000880DD480078032803D1DD490968886860
:1095600080470120D84908700020DA49088010BDE2
:1095700010B5D948007801281BD1D4480078D749C4
:109580000978884215D0D1480078D4490870D44869
:109590000088401CD249088008460088012808DD60
:1095A0006420CE4908700020CD4908800220CA49B5
:1095B0000870C9480078022802D10020C649087006
:1095C000C5480078002842D13BE0C1480068C54941
:1095D000C268C5489047002405E0C348005DC34900
:1095E0000855601CC4B2BF4800888442F5DBBD4802
:1095F0000088801CBE4908800020BE4908800846BB
:1096000002880088401C0B461880B848815CBA4824
:10961000EDF7B6FF012240F22661B748EDF74FFFA4
:109620004FF40061B548F0F733F8002404E000205F
:10963000AD490855601CC4B2642CF8DB0120A64972
:109640000870A3490968486980470228BDD010BD49
:10965000AB480089002848DDAA480078002844D19A
:109660009A484078A8490988884250D0974840785D
:10967000A5490880A5480088401CA44908800846E0
:10968000008840F2DC51884241DD64209E49088018
:1096900000209E4908809E4800889E49098888428B
:1096A0000FD101209C49087001229C4800F07040B5
:1096B00000F100709949C1F3130100EB41104260C1
:1096C00025E00020944908700022944800F0704082
:1096D00000F100709149C1F3130100EB41104260A9
:1096E0008C4800888A49088011E000208A49087067
:1096F00000228A4800F0704000F100708749C1F3F1
:10970000130100EB411042600020804908807C4832
:10971000408900284CDD82480078002848D16B48F9
:10972000407880490988884256D0684840787D4909
:1097300008807D480088401C7B49088008460088D6
:1097400040F2DC51884247DD6420764908800020E1
:10975000754908807548008875490988884211D183
:1097600001207449087001226C48503000F07040AC
:1097700000F1007069495031C1F3130100EB411051
:10978000426029E000206B49087000226348503095
:1097900000F0704000F1007060495031C1F31301D6
:1097A00000EB41104260624800886049088013E085
:1097B00000206049087000225848503000F0704086
:1097C00000F1007055495031C1F3130100EB411015
:1097D00042600020544908804948808900284CDDB7
:1097E0005548007890BB39484078544909888842E8
:1097F00057D0364840785149088051480088401C6D
:109800004F4908800846008840F2DC51884248DD14
:1098100064204A4908800020494908804948008856
:1098200049490988884212D101204849087001221B
:109830003A48A03000F0704000F100703749A03184
:10984000C1F3130100EB411042602AE015E0002053
:109850003E49087000223148A03000F0704000F10D
:1098600000702E49A031C1F3130100EB411042609A
:10987000354800883349088013E0002033490870D8
:1098800000222648A03000F0704000F1007023490B
:10989000A031C1F3130100EB4110426000202849C0
:1098A00008801748C089002808DD2948007828B9B1
:1098B000064840782749098888424DE08CE000003E
:1098C000FE02002000030020DA02002058080020D9
:1098D000D4020020F8020020E2020020DE02002074
:1098E000E0020020D8020020CA660020903D00203F
:1098F000900100208C01002000440040000801403D
:109900001E160020270300209C0000209E0000203F
:10991000C6000020C4000020BC000020B4190020B4
:1099200028030020A0000020A2000020CA00002080
:10993000C8000020BD00002029030020A400002052
:10994000A6000020CE000020CC000020BE00002099
:109950002A030020A800002050D0F0484078F049A9
:109960000880F0480088401CEE49088008460088BE
:1099700040F2DC51884241DD6420E9490880002042
:10998000E8490880E8480088E849098888420FD1FA
:109990000120E74908700122E64800F0704000F11C
:1099A0000070E449C1F3130100EB4110426025E06F
:1099B0000020DF4908700022DE4800F0704000F10E
:1099C0000070DC49C1F3130100EB41104260D7483D
:1099D0000088D549088011E00020D5490870002290
:1099E000D44800F0704000F10070D249C1F3130177
:1099F00000EB411042600020CA490880CE48808BAD
:109A000000284CDDCD48007890BBC4484078CC4954
:109A10000988884257D0C1484078C9490880C94858
:109A20000088401CC74908800846008840F2DC5185
:109A3000884248DD6420C24908800020C14908806E
:109A4000C1480088C1490988884212D10120C04913
:109A500008700122B748503000F0704000F10070EB
:109A6000B4495031C1F3130100EB411042602AE0C8
:109A700015E00020B64908700022AE48503000F0D2
:109A8000704000F10070AB495031C1F3130100EB9D
:109A900041104260AD480088AB49088013E00020C7
:109AA000AB4908700022A348503000F0704000F12C
:109AB0000070A0495031C1F3130100EB4110426026
:109AC0000020A04908809C48C08B00284CDDA1489C
:109AD000007890BB914840789F490988884257D0C8
:109AE0008E4840789C4908809C480088401C9B49CF
:109AF00008800846008840F2DC51884248DD642036
:109B00009549088000209549088095480088954926
:109B10000988884212D101209349087001228548A2
:109B2000A03000F0704000F100708249A031C1F314
:109B3000130100EB411042602AE015E000208A4941
:109B4000087000227B48A03000F0704000F10070E7
:109B50007849A031C1F3130100EB41104260814804
:109B600000887F49088013E000207F4908700022A8
:109B70007048A03000F0704000F100706D49A031D5
:109B8000C1F3130100EB41104260002073490880CB
:109B90006948C08D00284CDD7448007890BB5F4850
:109BA000407873490988884257D05C4840787049AA
:109BB000088070480088401C6E490880084600886C
:109BC00040F2DC51884248DD642069490880002069
:109BD000684908806848008868490988884212D125
:109BE00001206749087001225248F03000F07040AF
:109BF00000F100704F49F031C1F3130100EB411047
:109C000042602AE015E000205D49087000224948C2
:109C1000F03000F0704000F100704649F031C1F3BF
:109C2000130100EB411042605448008852490880FB
:109C300013E000205249087000223E48F03000F046
:109C4000704000F100703B49F031C1F3130100EBAB
:109C5000411042600020474908803748008E0028A4
:109C600048DD4848007880BB2C4840784649098840
:109C7000884251D0294840784349088043480088A9
:109C8000401C424908800846008840F2DC51884266
:109C900042DD64203C49088000203C4908803C4863
:109CA00000883C490988884210D101203A4908704F
:109CB00001223A4800F0704000F100703749C1F3CA
:109CC000130100EB4110426026E013E0002032490E
:109CD00008700022314800F0704000F100702F49F8
:109CE000C1F3130100EB411042602A480088284963
:109CF000088011E00020284908700022274800F061
:109D0000704000F100702549C1F3130100EB4110D0
:109D1000426000201D49088070470000580800205C
:109D2000A8000020AA000020D2000020D0000020BF
:109D3000BF000020A41A00201E1600202B030020C4
:109D4000AC000020AE000020D6000020D40000208F
:109D5000C00000202C030020B0000020B200002032
:109D6000DA000020D8000020C10000202D030020D0
:109D7000B4000020B6000020DE000020DC0000203F
:109D8000C20000202E030020B8000020BA000020EE
:109D9000E2000020E0000020C3000020E41B0020BF
:109DA00010B50020F8490880F8A0F8F72AFE0D2029
:109DB000F7F752FFF7F727FF10BD10B50446002054
:109DC000F1490880F2A0F8F71CFE2046F7F744FF9F
:109DD0000D20F7F741FFF7F716FF10BD10B5002073
:109DE000E9490880EBA0F8F70CFE0D20F7F734FFE7
:109DF000F7F709FF10BD10B50020E3490880E7A080
:109E0000F8F7FFFD0D20F7F727FFF7F7FCFE10BD71
:109E100010B50020DC490880E3A0F8F7F2FD0D2022
:109E2000F7F71AFFF7F7EFFE10BD10B50020D6497F
:109E30000880DEA0F8F7E5FD0D20F7F70DFFF7F736
:109E4000E2FE10BD10B50020CF490880D9A0F8F778
:109E5000D8FD0D20F7F700FFF7F7D5FE10BD10B5C0
:109E60000020C9490880D4A0F8F7CBFD0D20F7F7F2
:109E7000F3FEF7F7C8FE10BD10B50020C2490880F8
:109E8000CFA0F8F7BEFD0D20F7F7E6FEF7F7BBFE13
:109E900010BD10B50020BC490880CBA0F8F7B1FD7B
:109EA0000D20F7F7D9FEF7F7AEFE10BD10B5002074
:109EB000B5490880C6A0F8F7A4FD0D20F7F7CCFE41
:109EC000F7F7A1FE10BD10B50020AF490880C2A071
:109ED000F8F797FD0D20F7F7BFFEF7F794FE10BDDA
:109EE00010B50020A8490880BDA0F8F78AFD0D2014
:109EF000F7F7B2FEF7F787FE10BD10B50020A249B4
:109F00000880BBA0F8F77DFD2220F7F7A5FEBBA0D7
:109F1000F8F777FD2220F7F79FFE2C20F7F79CFE3D
:109F20002220F7F799FEB5A0F8F76BFD2220F7F78E
:109F300093FE2C20F7F790FE2220F7F78DFEAFA0BE
:109F4000F8F75FFD2220F7F787FE0D20F7F784FE74
:109F5000F7F759FE10BD10B5044600208A49088065
:109F6000A7A0F8F74EFD2046F7F776FE0D20F7F78D
:109F700073FEF7F748FE10BD10B500208249088037
:109F8000A2A0F8F73EFD2220F7F766FEA2A0F8F7A0
:109F900038FD2220F7F760FE0D20F7F75DFEF7F79A
:109FA00032FE10BD10B50020774908809BA0F8F75D
:109FB00028FD0D20F7F750FEF7F725FE10BD10B570
:109FC0000020714908809AA0F8F71BFD0D20F7F7D3
:109FD00043FEF7F718FE10BD10B500206A4908804F
:109FE00099A0F8F70EFD0D20F7F736FEF7F70BFEF8
:109FF00010BD10B500206449088096A0F8F701FD57
:10A000000D20F7F729FEF7F7FEFD10BD70B50546E8
:10A0100000205D49088092A0F8F7F3FC2846F4F789
:10A0200046FD064600240BE09048015D5648028834
:10A030000088401C544B18808D488154601CC4B269
:10A04000B442F1DB0D20F7F707FEF7F7DCFD70BD3A
:10A0500010B5044600204C49088086A0F8F7D1FCD2
:10A060002046F7F7F9FD0D20F7F7F6FDF7F7CBFDE2
:10A0700010BD10B504460020434908802046F7F77C
:10A08000EBFD0D20F7F7E8FDF7F7BDFD10BD10B5AE
:10A0900000203D4908807AA0F8F7B3FC0D20F7F7BF
:10A0A000DBFDF7F7B0FD10BD10B500203649088084
:10A0B00076A0F8F7A6FC0D20F7F7CEFDF7F7A3FD85
:10A0C00010BD10B500203049088073A0F8F799FC46
:10A0D0000D20F7F7C1FDF7F796FD10BD10B504464A
:10A0E0000020294908802046F7F7B6FD0D20F7F734
:10A0F000B3FDF7F788FD10BD10B500202249088098
:10A100002220F7F7A9FD67A0F8F77BFC2220F7F7DC
:10A11000A3FD0D20F7F7A0FDF7F775FD10BD10B5F5
:10A1200004460020184908802046F7F795FD0D20C9
:10A13000F7F792FDF7F767FD10BD10B50020124943
:10A1400008800D20F7F788FDF7F75DFD10BD10B50D
:10A15000044600200C4908802046F7F77DFD0D20BD
:10A16000F7F77AFDF7F74FFD10BD10B50446002054
:10A17000054908802046F7F76FFD0D20F7F76CFDC5
:10A18000F7F741FD10BD0000A80100204154000078
:10A190004154450041542B435351000041542B433B
:10A1A0005245473F000000002B2B2B0041542B4110
:10A1B000544F000041544900415451300000000008
:10A1C000415426460000000041542657000000007C
:10A1D000415456310000000041542B43504F46007B
:10A1E00041542B4950523D3131353230300000005E
:10A1F00041542B43504D533D00000000534D00008F
:10A2000041542B434D47463D0000000041542B4331
:10A210005343533D0000000047534D0041542B432E
:10A220004E4D493D322C312C302C302C300000006A
:10A2300041542B43534D503D31372C3136392C305E
:10A240002C3234310000000041542B435344483D2C
:10A250003000000041542B43504D533F000000009C
:10A2600041542B434D47523D000000009B610020AC
:10A270009051002041542B434D47443D312C000068
:10A2800041542B4346554E3D3100000041542B4371
:10A2900050494E3D3F00000041542B434741545428
:10A2A0003D310000434D4E455400000010B50446BA
:10A2B0000020FE4908802046F7F7CEFC0D20F7F776
:10A2C000CBFCF7F7A0FC10BD10B504460020F74901
:10A2D00008802046F7F7C0FC0D20F7F7BDFCF7F724
:10A2E00092FC10BD10B504460020F0490880F0A093
:10A2F000F8F787FB2046F7F7AFFC0D20F7F7ACFC2B
:10A30000F7F781FC10BD10B50020E84908800D204A
:10A31000F7F7A2FCF7F777FC10BD2DE9F041ADF59A
:10A320000C7D04464FF00008E44903C98B918A90E4
:10A330004FF400710AA81AF07EFD002008900990E1
:10A3400002900390602000EB4400401CDC49085C54
:10A35000602101EB4401DA4A515C00EB0120D9494C
:10A3600008840846028CD8A108A81BF097FB482057
:10A3700000EB8400C01CD249085C482101EB840139
:10A38000891CCF4A515CCDE90010482000EB8400C5
:10A39000401C11460B5C482000EB84000A5CCBA1FA
:10A3A00004A81BF07BFB582000EB4400401CC44970
:10A3B000085C582101EB4401C14A515C00EB0120CB
:10A3C000C04908850846028DBFA102A81BF066FBA4
:10A3D00004F16800BA49085C80B908A802A9CDE96F
:10A3E000001004F16800B649085C8AA951F82020E1
:10A3F00004ABB9A10AA81BF051FB0DE002A8009024
:10A4000004F16800AE49085C8AA951F8202004AB29
:10A41000B9A10AA81BF042FB0020A4490880BDA0F6
:10A42000F8F7EFFA04F13001C8B2F7F715FC2C2069
:10A43000F7F712FC2220F7F70FFC04F16800A0499F
:10A44000085C18B9B6A0F8F7DCFA02E0B5A0F8F796
:10A45000D8FA2220F7F700FC2C20F7F7FDFB22208A
:10A46000F7F7FAFB482000EB84009549085C58B3E5
:10A47000002727E0482000EB84003844904911F879
:10A4800000804046F4F713FB064600250BE0A64883
:10A49000415D864802880088401C844B1880A34890
:10A4A0008154681CC5B2B542F1DB032F08DA2E21B6
:10A4B0007E4802880088401C7C4B18809B48815451
:10A4C000781CC7B2042FD5DB2220F7F7C5FB2C2060
:10A4D000F7F7C2FB582000EB4400794911F80080DF
:10A4E000582000EB4400401C085C00EB08201FFAD9
:10A4F00080F84046F4F7DBFA064600250BE08A4870
:10A50000415D6A4802880088401C684B1880874873
:10A510008154681CC5B2B542F1DB04F1680068499A
:10A52000085C28BB2C20F7F797FB602000EB440069
:10A53000634911F80080602000EB4400401C085C77
:10A5400000EB08201FFA80F84046F4F7B0FA064600
:10A5500000250BE07448415D544802880088401C87
:10A56000524B188071488154681CC5B2B542F1DB6A
:10A570000D20F7F771FBF7F746FB0DF50C7DBDE8F5
:10A58000F08170B504466AA0F8F73BFA2220F7F78D
:10A5900063FB00250FE0C4EB44109D30284448497C
:10A5A000095C424802880088401C404B18805F4884
:10A5B0008154681CC5B2C4EB44109D302844404906
:10A5C000085C0028E7D12220F7F746FB0D20F7F7BB
:10A5D00043FBF7F718FB554959A0F9F727FE70BD63
:10A5E0002DE9F34F95B0044600200F9010903421D0
:10A5F00002A81AF020FCACB9314890F8487090F8E5
:10A60000498090F84A9090F84BA090F859002C4956
:10A6100091F8581000EB01201FFA80FB284890F8B1
:10A62000686016E0012C14D1254890F84C7090F821
:10A630004D8090F84E9090F84FA090F85B00204924
:10A6400091F85A1000EB01201FFA80FB1C4890F88B
:10A650006960022C14D11A4890F8507090F851801B
:10A6600090F8529090F853A090F85D00144991F83A
:10A670005C1000EB01201FFA80FB114890F86A6023
:10A68000032C68D10E4890F8547090F8558090F8DB
:10A69000569090F857A090F85F00094991F85E1025
:10A6A00000EB01201FFA80FB054852E0A8010020C2
:10A6B00041542B4349504D4F44453D00EC7803082D
:10A6C0004E1800205E2100202564000025642E2500
:10A6D000642E25642E25640041542B4349504F506D
:10A6E000454E3D302C222573222C222573222C2509
:10A6F000732C25730000000041542B4349504F50E8
:10A70000454E3D302C222573222C222573222C25E8
:10A710007300000041542B4349504F50454E3D00BB
:10A7200055445000544350009B610020905100203C
:10A7300041542B43444E53474950203D00000000F4
:10A7400053656E642044617461A3BA25730D0A00D9
:10A7500001E090F86B6000204A49088043463A4681
:10A76000AFF2980111A8CDE9009A1BF097F95A466B
:10A77000AFF2AC010FA81BF091F956B90FA811A9BF
:10A78000CDE90010224640A102A8169B1BF086F9D5
:10A7900007E0012E05D1224642A102A8169B1BF01C
:10A7A0007DF900250BE002A8415D3648028800884B
:10A7B000401C344B188040488154681CC5B202A824
:10A7C0001AF056FBA842EED80D20F7F745FAF7F736
:10A7D0001AFA17B0BDE8F08F10B50020294908809B
:10A7E0000D20F7F739FAF7F70EFA10BD10B5044649
:10A7F00000202449088031A0F8F703F904F1300162
:10A80000C8B2F7F729FA0D20F7F726FAF7F7FBF9A0
:10A8100010BD10B500201B4908802CA0F8F7F1F8F6
:10A820000D20F7F719FAF7F7EEF910BD10B5002073
:10A830001449088028A0F8F7E4F80D20F7F70CFA7F
:10A84000F7F7E1F910BD10B500200E4908800D2082
:10A85000F7F702FAF7F7D7F910BD10B5002009494C
:10A8600008800D20F7F7F8F9F7F7CDF910BD10B50E
:10A870000020044908800D20F7F7EEF9F7F7C3F937
:10A8800010BD0000A801002041542B4349505345FE
:10A890004E443D25642C25642C222573222C2573DF
:10A8A0000000000041542B43495053454E443D2580
:10A8B000642C2564000000009051002041542B437B
:10A8C0004950434C4F53453D0000000041542B4E2E
:10A8D00045544F50454E000041542B4E4554434C77
:10A8E0004F534500704710B515F016F9FDA18820AB
:10A8F00015F02EF940F2DC5015F005F915F00CF9C1
:10A90000FBA1902015F024F9052015F0FCF8FDA11D
:10A910008A2015F01DF940F6B83015F0F4F810BD96
:10A920007047704770470020F9490880F94908705E
:10A93000F9490880F9490880F9490870F9490880FF
:10A94000F9490880F9490870F9490870F9490880FF
:10A95000F9490870704710B5F44800780C2804DDF8
:10A960000020F2490870F4490870F0480078012886
:10A9700008D10321F148F2F7CCFD04460121F2F79A
:10A9800099FBA4E0E9480078022809D10321EB48AB
:10A990002A30F2F7BEFD04460121F2F78BFB96E068
:10A9A000E2480078032809D10321E4482030F2F777
:10A9B000B0FD04460121F2F77DFB88E0DB4800781A
:10A9C000042809D10321DD483030F2F7A2FD044606
:10A9D0000121F2F76FFB7AE0D4480078052809D10D
:10A9E0000321D6482E30F2F794FD04460121F2F7F8
:10A9F00061FB6CE0CD480078062809D10321CF48DF
:10AA00003A30F2F786FD04460121F2F753FB5EE08F
:10AA1000C6480078072809D10321C8483C30F2F71E
:10AA200078FD04460121F2F745FB50E0BF4800786D
:10AA3000082808D10121C248F2F76BFD0446012124
:10AA4000F2F738FB43E0B9480078092809D1012121
:10AA5000BB48801CF2F75DFD04460121F2F72AFB9A
:10AA600035E0B24800780A2809D10121B448001F16
:10AA7000F2F74FFD04460121F2F71CFB27E0AB483B
:10AA800000780B2809D10121AD488838F2F741FD43
:10AA900004460121F2F70EFB19E0A44800780C28C7
:10AAA00009D10121A6488438F2F733FD044601217B
:10AAB000F2F700FB0BE09D4800780D2807D1042138
:10AAC000A048F2F726FD04460121F2F7F3FA10BD83
:10AAD00097480078D8B99C4840789C4909788842C2
:10AAE00015D0994840789949087092480088401CD0
:10AAF0009049088001208E4908708E4800880F28F0
:10AB000005DD00208B4908800220894908707047C4
:10AB10002DE9F84F8246894693461C46DDE90A67CF
:10AB20000A2E05DBA6F10A00C6B24FF0010801E0CB
:10AB30004FF000088648007803287DDA258885488C
:10AB4000844214D0801D844211D0801D84420ED0D6
:10AB5000801D84420BD09638844208D0801C8442E9
:10AB600005D03E30844202D04238844203D10A20CC
:10AB700095FBF0F085B26FBB42F2107095FBF0F0E0
:10AB80007549087142F2107095FBF0F100FB11500D
:10AB90004FF47A7190FBF1F06F49C8704FF47A70FE
:10ABA00095FBF0F100FB1150642190FBF1F06A4934
:10ABB0008870642095FBF0F100FB11500A2190FB96
:10ABC000F1F0654948700A2095FBF0F100FB115047
:10ABD00061490870002F7CD051480078012806D1C7
:10ABE00002204F4908705D4805805D4805805B483C
:10ABF000008842F2107190FBF1F0574908715748F4
:10AC0000008842F2107190FBF1F201FB12004FF448
:10AC10007A7190FBF1F05049C870504800884FF4A9
:10AC20007A7190FBF1F201FB1200642190FBF1F0CC
:10AC300049498870494800E0E1E10088642190FBBF
:10AC4000F1F201FB12000A2190FBF1F04249487039
:10AC5000424800880A2190FBF1F201FB12003E49B4
:10AC600008702F48007802283BD13E4800780B2816
:10AC70007DD108463C490978405C09280ADA364803
:10AC800039490978405C401CC1B23348364A1278D1
:10AC9000815404E000213048334A127881542E4810
:10ACA000007942F2107148432B49C97801EB410207
:10ACB000C2EBC11100EBC1002749897801EBC10249
:10ACC00002EB011100EB81002349497801EB81017E
:10ACD00000E07AE100EB41001F49097808441F4970
:10ACE00008806FE1426F6F74696E672E2E2E000030
:10ACF000C7E0B5BAC8FDC0FBD6C7C4DCB6AFC1A6B5
:10AD000000000000BBB6D3ADC4FAA3A10000000050
:10AD10005C03002063010020660100206A0100201E
:10AD20004703002044010020600100206C01002046
:10AD300069030020520300205E030020F21400206B
:10AD40000E0D00203016002058080020510300206E
:10AD50004A000020FC08002042000020640300207C
:10AD6000660300204F03002050030020FFE7FA484D
:10AD70000078082836D1F948F9490978405C00285C
:10AD80000ADDF648F6490978405C401EC1B2F34836
:10AD9000F34A1278815404E00921F048F04A12780D
:10ADA0008154EE48007942F210714843EB49C9786A
:10ADB00001EB4102C2EBC11100EBC100E749897808
:10ADC00001EBC10202EB011100EB8100E34949787C
:10ADD00001EB810100EB4100E04909780844E149B9
:10ADE0000880EFE0DC48007809280AD1DC480078C8
:10ADF000401C4845F5DADA480078401CD84908700C
:10AE0000E0E0D5480078072809D1D5480078002827
:10AE1000E7DDD3480078401ED1490870D2E0CE4823
:10AE200000780A2807D10020CF490870CF49087060
:10AE3000CB490870C6E0C84800780628D1D1C74879
:10AE4000007942F210714843C449C97801EB4102CC
:10AE5000C2EBC11100EBC100C049897801EBC1020E
:10AE600002EB011100EB8100BC49497801EB810143
:10AE700000EB4100B94909780844BA490880BC4848
:10AE8000844246D0BB48844243D0BB48844240D031
:10AE9000B748683084423CD0B6483030844238D01D
:10AEA000B5484838844234D0801C844231D0801C5C
:10AEB00084422ED0B148007801282AD0AC481238FC
:10AEC000408AB0F5FA6F24D0A9481238408A40F67B
:10AED000B83188421DD0A7486038B0F86000B0F59E
:10AEE000FA6F16D0A3486038B0F86000884210D0DE
:10AEF000A1487038B0F87000B0F5FA6F09D09E48DC
:10AF00007038B0F87000884203D09D480088954999
:10AF100008809B48008893490988884247D0042EBE
:10AF200001D0052E03D10020964908700BE03EB1F8
:10AF3000012E05D0022E03D0032E01D0082E02D1FF
:10AF40000120904908709048844214D0801D8442AA
:10AF500011D0801D84420ED0801D84420BD09638C3
:10AF6000844208D0801C844205D03E30844202D006
:10AF7000423884420AD17B48008800EB80004FF6BB
:10AF8000FF7101EA40008149088003E075480088AC
:10AF90007E4908807D4800882080FFF7C4FC734804
:10AFA00000787B49087000206D4908700AE0012094
:10AFB0006D4908706D480078401C6C49087000208D
:10AFC00067490870002064490870FFF781FD7148E7
:10AFD0000078022813D10FB162480588B8F1010F3B
:10AFE00002D107F10A00C7B22B465A4649465046DD
:10AFF000009714F05AFE4FF47A7014F0E7FABDE8A7
:10B00000F88F0021644A1170644A1170644A11700B
:10B01000644A1170644A1170644A11705349097886
:10B02000814205DD0021514A11704F4A117028E01C
:10B030004E490978012902D1574A117021E04B4944
:10B040000978022902D1554A11701AE04749097856
:10B05000032902D1524A117013E0444909780429A6
:10B0600002D1504A11700CE040490978052902D1FB
:10B070004D4A117005E03D490978062901D14B4A36
:10B08000117070471CB54A4800884A4909888842AF
:10B0900025D04848008846490880FFF744FC46A16F
:10B0A000802014F055FD47A1872014F051FD46A1E2
:10B0B000902014F04DFD43A1972014F049FD45A1C7
:10B0C000882014F045FD3FA18F2014F041FD44A1DC
:10B0D000982014F03DFD45A19F2014F039FD00207B
:10B0E000FFF78FFF00200121214BA2330322CDE97E
:10B0F000001004218420FFF70BFD002001211C4BD0
:10B10000A4330322CDE9001004219420FFF700FDB1
:10B1100000200121164B9E330322CDE900100421AB
:10B120008C20FFF7F5FC00200321124B363B012257
:10B13000CDE9001004219C20FFF7EAFC002015490E
:10B14000087010480078002870D12948007802283B
:10B1500050D1FFF700FC1CBD4F030020420000202F
:10B160005003002064030020470300204803002010
:10B170006C0C0020521500208E1600206D0100205E
:10B18000660300204A000020FC0800204E0000203A
:10B190006C01002069030020490300204A030020BD
:10B1A0004B0300204C0300204D0300204E030020E1
:10B1B0004403002042030020BDF8CBAED1B9C1A6A4
:10B1C000000000004D700000B3F6CBAED1B9C1A6AF
:10B1D00000000000C9E8B6A8D1B9C1A6000000006F
:10B1E000B1E4C6B5C6B5C2CA00000000487A000086
:10B1F0005E030020F5480078042802DD0020F349B2
:10B200000870F248007890B90120F04908700020D9
:10B21000EF490870EF490880EF490870EF4800785F
:10B22000012804D10220ED4908701CBD34E0E74834
:10B230000078012808D10121E948F2F76AF90446AB
:10B240000121F1F737FF27E0E0480078022809D113
:10B250000121E348801CF2F75CF904460121F1F773
:10B2600029FF19E0D9480078032809D10121DC48D9
:10B27000001FF2F74EF904460121F1F71BFF0BE026
:10B28000D2480078042807D10321D648F2F741F9C3
:10B2900004460121F1F70EFF00BFC6E71CB5D248F6
:10B2A0000088D2490988884225D0D0480088CE49F4
:10B2B0000880FFF738FBCEA1802014F049FCCFA115
:10B2C000872014F045FCCEA1902014F041FCCBA1C6
:10B2D000972014F03DFCCDA1882014F039FCCEA1BC
:10B2E0008F2014F035FCCDA1982014F031FCCEA1B4
:10B2F0009F2014F02DFC0020FFF783FE0020032187
:10B30000B84B08330246CDE9001005218420FFF731
:10B31000FFFB00200321B34B9B1D0246CDE900102B
:10B3200005219420FFF7F4FBC048808D01280BD144
:10B3300000200321AB4B0A3B0122CDE90010042180
:10B340008C20FFF7E5FB0EE0B848808D02280AD17B
:10B3500000200321A34B0A3B0222CDE90010052166
:10B360008C20FFF7D5FB002003219E4B1B1D0122E3
:10B37000CDE9001004219C20FFF7CAFB0020AC4956
:10B380000870AC480078002859D194480078022809
:10B3900002D1FFF7E0FA1CBD8C480078042802DDDA
:10B3A00000208A4908708948007888B901208749B7
:10B3B0000870002086490870864908808649087010
:10B3C00086480078012803D1022084490870E2E70A
:10B3D0007E480078012809D1032182480830F2F71D
:10B3E00098F804460121F1F765FE28E077480078D7
:10B3F000022809D103217B48801DF2F78AF8044610
:10B400000121F1F757FE1AE070480078032809D1AE
:10B41000032174480A38F2F77CF804460121F1F759
:10B4200049FE0CE069480078042808D103216D48E2
:10B43000001DF2F76EF804460121F1F73BFE00BF54
:10B44000A9E71CB56848008868490988884223D064
:10B450006648008864490880FFF765FA76A1802075
:10B4600014F076FB77A1872014F072FB76A1902070
:10B4700014F06EFB75A1882014F06AFB71A18F2077
:10B4800014F066FB70A1982014F062FB4FF47A7000
:10B4900071490880714908800020FFF7B2FD002043
:10B4A00001214F4B863B0246CDE900100521842047
:10B4B000FFF72EFB00200121494B823B0246CDE9DC
:10B4C000001005218C20FFF723FB0020584908704D
:10B4D0004348B438808D60490988884273D0404819
:10B4E000B438808D5C4908803D48B438808D1C2874
:10B4F0006AD2DFE800F00E13181D22272C69696953
:10B500006969693136693B40454A6969694F5459EF
:10B510005E6353A1912014F01BFB32E154A19120F2
:10B5200014F016FB2DE156A1912014F011FB28E137
:10B5300057A1912014F00CFB23E159A1912014F0A4
:10B5400007FB1EE15AA1912014F002FB19E15CA156
:10B55000912014F0FDFA14E15DA1912014F0F8FAA5
:10B560000FE15FA1912014F0F3FA0AE160A19120AC
:10B5700014F0EEFA05E162A1912014F0E9FA00E17D
:10B5800063A1912014F0E4FAFBE065A1912014F08E
:10B59000DFFAF6E066A1912014F0DAFAF1E068A192
:10B5A000912014F0D5FAECE069A1912014F0D0FAC2
:10B5B000E7E06BA1912014F0CBFAE2E06CA19120BE
:10B5C00014F0C6FADDE0DDE0DAE000006C010020F6
:10B5D0006301002066010020620100205E0300205C
:10B5E0000E0D00201C150020440300204203002003
:10B5F000C4B8CFDFB5E7D1B9000000002056000085
:10B60000B5E7BBFAB5E7D1B900000000B5E7BBFA72
:10B61000B5E7C1F70000000020410000C4A3BFE966
:10B62000CEC2B6C800000000B6C800001E1600203A
:10B63000690300204A000020B9A9CBAED7B4CCAC36
:10B6400000000000D6D600002D2D0000CDA3BBFACF
:10B65000D4ADD2F2000000005200002054000020BF
:10B66000D5FDB3A3D4CBD0D02020202020200000B3
:10B67000CDA3BBFAD7B4CCAC2020202020200000E2
:10B68000D1B2BCECD7B4CCAC2020202020200000CC
:10B69000CDA8D1B6CAA7B0DC2020202020200000F1
:10B6A000D0A1C1F7C1BFB4A6C0ED2020202000006A
:10B6B000D0A1C1F7C1BFC6C6BBB520202020000065
:10B6C000D0A1C1F7C1BFBCE4B8F420202020000005
:10B6D000B1E4C6B5C6F7B8B4CEBBCAA7B0DC0000AB
:10B6E000B2B9B3A5C6F7D4A4BEAF20202020000075
:10B6F000B6A8CAB1BDBBBBBB2020202020200000C3
:10B70000B5E7B6AFB7A7B9CAD5CF20202020000033
:10B71000D7D4C0B4CBAECEDECBAE202020200000EC
:10B72000CBAECFE4CEDECBAE202020202020000008
:10B73000C8EDBCFEB3ACD1B9B1A3BBA4A3A10000BA
:10B74000B6A8C6B5D7B4CCAC20202020202000005D
:10B75000B9A9CBAEBFD8D6C6C4A3CABD20200000AD
:10B76000B1E4C6B5BFD8D6C6C4A3CABD2020000068
:10B77000BCECB2E9B1E4C6B5B1A8BEAF2020000070
:10B780001CBD00BFDF48008EDF49098888426ED0AB
:10B79000DC48008EDC490880DA48008E202867D219
:10B7A000DFE800F010151A1F24292E33383D4247D8
:10B7B0004C51565B60676C71767B80858A8F94995B
:10B7C0009EA3A8ADD1A1992014F0C2F99DE0D3A108
:10B7D000992014F0BDF998E0D4A1992014F0B8F99B
:10B7E00093E0D6A1992014F0B3F98EE0D7A1992067
:10B7F00014F0AEF989E0D9A1992014F0A9F984E0F8
:10B80000DAA1992014F0A4F97FE0DCA1992014F0CA
:10B810009FF97AE0DDA1992014F09AF975E0DFA193
:10B82000992014F095F970E0E0A1992014F090F9B6
:10B830006BE0E2A1992014F08BF966E0E3A1992076
:10B8400014F086F961E0E5A1992014F081F95CE03B
:10B85000E6A1992014F07CF957E0E8A1992014F0B2
:10B8600077F952E0E9A1992014F072F94DE04DE02A
:10B870004AE0EAA1992014F06BF946E0EBA1992087
:10B8800014F066F941E0EDA1992014F061F93CE073
:10B89000EEA1992014F05CF937E0F0A1992014F0A2
:10B8A00057F932E0F1A1992014F052F92DE0F3A1FB
:10B8B000992014F04DF928E0F4A1992014F048F9EA
:10B8C00023E0F6A1992014F043F91EE0F7A1992096
:10B8D00014F03EF919E0F5A1992014F039F914E0BB
:10B8E000F2A1992014F034F90FE0F0A1992014F09E
:10B8F0002FF90AE0EDA1992014F02AF905E0EBA157
:10B90000992014F025F900E03AE700BFEB480078F1
:10B9100078BBEB480078022802D1FFF71CF82FE72C
:10B92000E8480078042802DD0020E6490870E54870
:10B93000007888B90120E34908700020E2490870C6
:10B94000E2490880E2490870DD480078012803D107
:10B950000220DB49087013E7DA480078012809D192
:10B96000012168482E30F1F7D4FD04460121F1F79A
:10B97000A1FB28E0D3480078022809D101216148C1
:10B980002C30F1F7C6FD04460121F1F793FB1AE0D4
:10B99000CC480078032809D101215A483230F1F708
:10B9A000B8FD04460121F1F785FB0CE0C54800789D
:10B9B000042808D1012153483030F1F7AAFD04468C
:10B9C0000121F1F777FB00BFDAE61CB5C14800881A
:10B9D000C1490988884227D0BF480088BD490880EE
:10B9E000FEF7A1FFBDA1802014F0B2F8AFF2AC3198
:10B9F000872014F0ADF8AFF2B031902014F0A8F821
:10BA0000B9A1882014F0A4F843A18F2014F0A0F865
:10BA1000B8A1982014F09CF83FA19F2014F098F84A
:10BA20004FF47A70B64908800020FFF7EAFA002048
:10BA30000121B44B0246CDE9001005218420FFF717
:10BA400067F800200321B04B0246CDE90010052124
:10BA50008C20FFF75DF800200321AB4B9B1C0246B6
:10BA6000CDE9001005219C20FFF752F80020A749DE
:10BA700008702448B0F8E001A1490988884236D00E
:10BA80002048B0F8E0019E4908801E48B0F8E00167
:10BA900010282DD2DFE800F0080D12171C212635E2
:10BAA00034333231302F2E2D99A1912014F050F8DB
:10BAB00094E19BA1912014F04BF88FE19CA191207F
:10BAC00014F046F88AE19EA1912014F041F885E136
:10BAD0009FA1912014F03CF880E1A1A1912014F0E5
:10BAE00037F87BE1A2A1912014F032F876E176E1FB
:10BAF00073E16DE167E161E15BE155E14FE149E14E
:10BB000043E13DE15A0C002054000020CEDEA3ADFD
:10BB1000C9E8B1B8D5FDB3A320200000CEDECBAE7E
:10BB2000CDA3BBFA2020202020200000D6F7C1EEB4
:10BB3000CDA3D6B9D7B4CCAC20200000CAD6B6AFBE
:10BB4000D7B4CCAC2020202020200000B1E4C6B522
:10BB5000C6F7B1A8BEAF202020200000B5E7D4B4BE
:10BB6000B9CAD5CF2020202020200000D2BACEBBD9
:10BB7000B3ACB8DF2020202020200000B9DCCDF8B5
:10BB8000B3ACD1B92020202020200000CBF9D3D0A5
:10BB9000B1C3B9CAD5CF202020200000D0A1C1F761
:10BBA000C1BFB1A3D1B9202020200000D1B9C1A6C6
:10BBB000B4ABB8D0C6F7BBB520200000BDF8D1B9F2
:10BBC000B8DFBDDAC4DCCDA3BBFA0000B6A8CAB1A9
:10BBD000B6CECDA3BBFA202020200000CCD8CAE2EC
:10BBE000B6A8CAB1CDA3BBFA20200000D4B6B3CC0E
:10BBF000D2A3BFD8CDA3BBFA20200000BDF8CBAEA6
:10BC0000D1B9B8DFB1A3BBA4A3A10000C2FAB8BAEE
:10BC1000BAC9B1A3BBA4A3A120200000B5E7B3D843
:10BC2000B5F4B5E7A3A12020202000002031B4D333
:10BC3000BBFACDA8D1B6CAA7B0DC00002032B4D37D
:10BC4000BBFACDA8D1B6CAA7B0DC0000B1E4C6B536
:10BC5000C6F7CDA8D1B6CAA7B0DC0000CEDED6F7B5
:10BC6000BBFAC3FCC1EECDA3BBFA0000B0B4BCFC70
:10BC7000CAD6B6AFCDA3BBFA20200000B0B4BCFC3E
:10BC8000CDA3D6B9CDA3BBFA20200000B2B9B3A58D
:10BC9000C6F7D4A4BEAFCDA3BBFA0000BDF8CBAEAF
:10BCA000D1B9C1A6B8DFCDA3BBFA00002020202067
:10BCB0002020202020202020202000004A000020DA
:10BCC0005E0300206C01002063010020660100205B
:10BCD000620100204403002042030020B1E4C6B505
:10BCE000B9CAD5CF00000000B9CAD5CFC2EB312008
:10BCF00000000000B9CAD5CFC2EB3220000000001E
:10BD0000580000203C0E00202E1500206903002062
:10BD1000CEDEB9CAD5CF2D20D5FDB3A3202000009B
:10BD2000B9FDC1F7B1A3BBA4202020202020000032
:10BD3000B9FDD1B9B1A3BBA4202020202020000050
:10BD4000C7B7D1B9B1A3BBA4202020202020000078
:10BD5000C8B1CFE0B1A3BBA4202020202020000048
:10BD600049504D20B9CAD5CF2020202020200000E6
:10BD7000B5E7C1F7BBA5B8D0C6F7B9CAD5CF0000A3
:10BD8000F1A1912013F0E4FE28E0F3A1912013F03B
:10BD9000DFFE23E0F4A1912013F0DAFE1EE0F6A10D
:10BDA000912013F0D5FE19E0F7A1912013F0D0FEF9
:10BDB00014E0F9A1912013F0CBFE0FE0FAA191203D
:10BDC00013F0C6FE0AE0FCA1912013F0C1FE05E0CD
:10BDD000FDA1912013F0BCFE00E01CBD00BFFE4899
:10BDE0000078002857D1FD480078022802D1FEF7DC
:10BDF000B2FDF2E7FA480078042802DD0020F84995
:10BE00000870F748007888B90120F54908700020CB
:10BE1000F4490870F4490880F4490870EF48007844
:10BE2000012803D10220ED490870D6E7EC480078DC
:10BE3000012808D10121EE48F1F76BFB04460121EE
:10BE4000F1F738F927E0E6480078022809D1012106
:10BE5000E748801EF1F75DFB04460121F1F72AF95E
:10BE600019E0DF480078032808D10321E148F1F701
:10BE700050FB04460121F1F71DF90CE0D848007889
:10BE8000042808D10321DB48801CF1F742FB04465B
:10BE90000121F1F70FF900BF9FE71CB5D6480088D4
:10BEA000D649098888421DD0D4480088D2490880E4
:10BEB000FEF739FDD2A1802013F04AFED5A19020D3
:10BEC00013F046FED5A1952013F042FED5A188209F
:10BED00013F03EFED5A18D2013F03AFED5A1982097
:10BEE00013F036FE0020FFF78CF800200121C04B34
:10BEF000863B0246CDE9001005219220FEF708FEA0
:10BF000000200121BA4B883B0246CDE900100521F3
:10BF10008A20FEF7FDFD0020CB490870AE4800786E
:10BF200000283DD1AD480078022802D1FEF713FD6C
:10BF30001CBDAB480078022802DD0020A84908702B
:10BF4000A748007888B90120A54908700020A549B4
:10BF50000870A5490880A5490870A0480078012804
:10BF600003D102209D490870E2E79D48007801282E
:10BF700009D101219E488638F1F7CBFA0446012108
:10BF8000F1F798F80CE096480078022808D10121D2
:10BF900097488838F1F7BDFA04460121F1F78AF88D
:10BFA00000BFC5E71CB594480088944909888842B9
:10BFB00021D09248008890490880FEF7B4FCA3A1E4
:10BFC000802013F0C5FD63A1872013F0C1FDA2A15D
:10BFD000902013F0BDFD5FA1972013F0B9FDA1A142
:10BFE000882013F0B5FD5BA18F2013F0B1FD91A166
:10BFF000982013F0ADFD0020FFF703F80020012189
:10C000009B4B0222CDE9001004218420FEF780FD25
:10C0100000200121764B603B0246CDE9001005214E
:10C020009420FEF775FD00200121714B5E3B024616
:10C03000CDE9001005218C20FEF76AFD0020824921
:10C0400008706548007800284AD1644800780228C2
:10C0500002D1FEF780FC1CBD61480078032802DD98
:10C0600000205F4908705E48007888B901205C496B
:10C07000087000205B4908705B4908805B490870C4
:10C0800056480078012803D1022054490870E2E79D
:10C0900053480078012808D101217548F1F739FA91
:10C0A00004460121F1F706F81AE04D48007802280D
:10C0B00009D101214E486038F1F72BFA04460121DD
:10C0C000F0F7F8FF0CE046480078032808D101217A
:10C0D00047485E38F1F71DFA04460121F0F7EAFF00
:10C0E00000BFB8E71CB54448008844490988884225
:10C0F00025D04248008840490880FEF714FC5DA125
:10C10000802013F025FD13A1872013F021FD5CA1F1
:10C11000902013F01DFD0FA1972013F019FD5BA1D6
:10C12000882013F015FD0BA18F2013F011FD57A1EE
:10C13000982013F00DFD07A19F2013F009FD0020AA
:10C14000FEF75FFF0020A7E049504D20B9FDC8C8A9
:10C150002020202020200000B5E7BBFAB9FDC8C888
:10C160002020202020200000B7E7C9C8B9CAD5CFB9
:10C170002020202020200000454550524F4DB9CAB4
:10C18000D5CF20202020000044535020B4A6C0ED7D
:10C19000C6F7B9CAD5CF000053544D20B4A6C0EDA0
:10C1A000C6F7B9CAD5CF0000BDD3B5D8B1A3BBA4DB
:10C1B0002020202020200000BCD3CBD9D6D0C7B768
:10C1C000B5E7D1B920200000BCF5CBD9D6D0B9FD58
:10C1D000B5E7D1B9202000004A0000205E0300200E
:10C1E0006C01002063010020660100206201002034
:10C1F0003C0E00202E1500204403002042030020A6
:10C200002020CBAEB1C3C0DBBCC6D4CBD0D0202065
:10C2100000000000D0A1CAB10000000020202020B2
:10C22000CAB100002020C3EB000000002020202025
:10C23000C3EB0000202020202020202020202020D0
:10C24000202020200000000069030020B9A9CBAE07
:10C25000B0E6B1BE0000000041726D2D59656172FB
:10C260000000000041726D2D446174650000000003
:10C27000820C0020B1E4C6B5B0E6B1BE00000000FB
:10C28000CEC4B1BEB0E6B1BE00000000B1E0D2EB5A
:10C29000C8D5C6DA000000000321FA4B0222CDE91E
:10C2A000001004218420FEF733FC00200521F64B0A
:10C2B0000222CDE9001004219420FEF729FC002081
:10C2C0000121F14B9B1C0246CDE9001005218C2079
:10C2D000FEF71EFC00200121EB4B1B1D0246CDE9A1
:10C2E000001005219C20FEF713FC0020E749087090
:10C2F000E748007870BBE7480078022802D1FEF7D3
:10C300002AFB1CBDE4480078032802DD0020E24936
:10C310000870E148007888B90120DF4908700020E2
:10C32000DE490870DE490880DE490870D948007887
:10C33000012803D10220D7490870E2E7D6480078E7
:10C34000012807D10321CF48F1F7E3F80446012182
:10C35000F0F7B0FE00BFD4E710B5CB489038408D61
:10C3600020B1C9489038408D012802D1C8480078D2
:10C3700038B1C5489038408D02280ED1CA4800789F
:10C3800058B9C548007810B90120C3490870BE48A3
:10C390009038C08808B9FEF7DEFA10BD10B5FFF777
:10C3A000DBFF10BD1CB5C1480088C149098888421F
:10C3B00029D0BF480088BD490880FEF7B4FABDA166
:10C3C000802013F0C5FBAFF27421872013F0C0FB6F
:10C3D000BBA1902013F0BCFBAFF28821972013F093
:10C3E000B7FBBAA1882013F0B3FBAFF298218F20DE
:10C3F00013F0AEFBB8A1982013F0AAFBAFF2AC216A
:10C400009F2013F0A5FB0020FEF7FBFD002001217B
:10C41000B44B0246CDE9001005218420FEF778FBDD
:10C4200000200121AF4B9B1C0246CDE900100521E5
:10C430009420FEF76DFB00200121AA4B1B1D024634
:10C44000CDE9001005218C20FEF762FB00200121C0
:10C45000A44B9B1D0246CDE9001005219C20FEF750
:10C4600057FB00208949087089480078002858D176
:10C4700088480078022802D1FEF76DFA1CBD864874
:10C480000078042802DD0020834908708248007883
:10C4900088B90120804908700020804908708049CF
:10C4A0000880804908707B480078012803D1022069
:10C4B00078490870E2E778480078012808D101211E
:10C4C0008848F1F726F804460121F0F7F3FD28E04B
:10C4D00071480078022809D101218248801CF1F7B7
:10C4E00018F804460121F0F7E5FD1AE06A480078E3
:10C4F000032809D101217B48001DF1F70AF8044601
:10C500000121F0F7D7FD0CE063480078042808D13A
:10C5100001217448801DF0F7FCFF04460121F0F76B
:10C52000C9FD00BFAAE71CB56048008860490988BA
:10C53000884215D05E4800885C490880FEF7F3F910
:10C5400069A1802013F004FB6AA1902013F000FB86
:10C550006BA1882013F0FCFA6CA1982013F0F8FA74
:10C560000020FEF74EFD002001215E4B08330246FD
:10C57000CDE9001005218520FEF7CAFA002001212F
:10C58000584B0A330246CDE9001005219520FEF7ED
:10C59000BFFA00200121534B0C330246CDE90010B5
:10C5A00005218D20FEF7B4FA002001214D4B0E33FA
:10C5B0000246CDE9001005219D20FEF7A9FA0020D2
:10C5C0003249087032480078002859D13148007843
:10C5D000022802D1FEF7BFF91CBD2F4800780428BD
:10C5E00002DD00202C4908702B48007888B9012012
:10C5F00029490870002029490870294908802949DB
:10C60000087024480078012803D1022021490870CD
:10C61000E2E721480078012809D10121314808309A
:10C62000F0F777FF04460121F0F744FD28E01A48AF
:10C630000078022809D101212A480A30F0F769FF61
:10C6400004460121F0F736FD1AE01348007803286C
:10C6500009D1012123480C30F0F75BFF044601218A
:10C66000F0F728FD0CE00C480078042808D10121DF
:10C670001C480E30F0F74DFF04460121F0F71AFD7B
:10C6800000BFA9E7F2140020AE16002069030020C5
:10C690004A0000205E0300206C010020630100209E
:10C6A00066010020620100205A030020440300209C
:10C6B00042030020B6C1447370204F4B00000000BD
:10C6C000D0B4447370204F4B00000000B6C14473D7
:10C6D0007020457200000000D0B444737020457291
:10C6E00000000000020E0020B6C144737020D0F29A
:10C6F000BAC50000D0B444737020D0F2BAC50000AF
:10C700005273744473705F4320200000527374446A
:10C710007370446C7943000070B504460D46FE48C2
:10C720000078022870D1202C6FD2DFE804F01015B9
:10C730001B21272D33393F454B51575D62686F757B
:10C740007B81878D93999FA5ABB1B7BDC3C9F3A179
:10C75000284613F0FDF9BAE0AFF63C21284613F065
:10C76000F7F9B4E0AFF63821284613F0F1F9AEE05E
:10C77000AFF63421284613F0EBF9A8E0AFF63441C8
:10C78000284613F0E5F9A2E0AFF63041284613F051
:10C79000DFF99CE0AFF62C41284613F0D9F996E07A
:10C7A000AFF62841284613F0D3F990E0AFF60431F4
:10C7B000284613F0CDF98AE0AFF61031284613F081
:10C7C000C7F984E0AFF61C41284613F0C1F97EE0BA
:10C7D000AFF68421284613F0BBF978E0AFF680214C
:10C7E000284613F0B5F972E0D049284613F0B0F9A5
:10C7F0006DE0AFF68421284613F0AAF967E0CCA1DA
:10C80000284613F0A5F962E062E05FE0C7492031F5
:10C81000284613F09DF95AE0AFF2D461284613F090
:10C8200097F954E0AFF67C31284613F091F94EE0C9
:10C83000AFF68831284613F08BF948E0AFF6943113
:10C84000284613F085F942E0AFF6A031284613F0F0
:10C850007FF93CE0AFF6AC31284613F079F936E0C9
:10C86000B2496031284613F073F930E0AFF2187125
:10C87000284613F06DF92AE0AFF21471284613F040
:10C8800067F924E0AFF21071284613F061F91EE059
:10C89000AFF20C71284613F05BF918E0AFF20871A3
:10C8A000284613F055F912E0AFF20471284613F050
:10C8B0004FF90CE0AFF20071284613F049F906E099
:10C8C000AFF2FC61284613F043F900E070BD00BFF1
:10C8D00000BFFBE71CB59A4800889A49098888423E
:10C8E00019D09848008896490880FEF71CF896A150
:10C8F000802013F02DF999A1902013F029F998A127
:10C900008A2013F025F996A18D2013F021F995A125
:10C91000982013F01DF90020FEF773FB0020012181
:10C92000954B0246CDE9001004218820FEF7F0F86F
:10C9300000200121904B9B1C0246CDE900100421F0
:10C940008B20FEF7E5F8002001218B4B1B1D0246D2
:10C95000CDE9001004218E20FEF7DAF886495E3911
:10C96000B1F85C009121FFF7D7FE00206A490870FA
:10C9700082480078002858D181480078022802D1E6
:10C98000FDF7E9FF1CBD7F480078042802DD002088
:10C990007C4908707B48007888B901207949087083
:10C9A00000207949087079490880794908707448ED
:10C9B0000078012803D1022071490870E2E771482C
:10C9C0000078012809D101216B48801EF0F7A1FDF4
:10C9D00004460121F0F76EFB27E06A480078022840
:10C9E00008D101216448F0F794FD04460121F0F7D5
:10C9F00061FB1AE063480078032809D101215E48F1
:10CA0000801CF0F786FD04460121F0F753FB0CE093
:10CA10005C480078042808D101215748001DF0F730
:10CA200078FD04460121F0F745FB00BFAAE71CB5DD
:10CA30004348008843490988884219D04148008802
:10CA40003F490880FDF76FFF3FA1802013F080F879
:10CA500050A1902013F07CF841A18A2013F078F8BF
:10CA60003FA18D2013F074F84BA1982013F070F8BB
:10CA70000020FEF7C6FA002001213F4B083B02468A
:10CA8000CDE9001004218820FEF742F800200121A2
:10CA9000394B9B1F0246CDE9001004218B20FEF785
:10CAA00037F800200121344B1B1F0246CDE900104E
:10CAB00004218E20FEF72CF82F495E39B1F854007E
:10CAC0009121FFF729FE0020134908702B480078B8
:10CAD000002820D12A480078022802D1FDF73BFF28
:10CAE0001CBD28480078042802DD00202549087074
:10CAF0002448007870B9012022490870002022499A
:10CB0000087022490880224908701D4800780128D1
:10CB100050D14BE04EE083E069030020BFD5BCC795
:10CB2000C2BC20202020202020200000D0B60108F8
:10CB3000BDF8CBAED1B9B8DFB1A3BBA420200000B3
:10CB40004403002042030020D7EEBDFCC1F9B4CE5F
:10CB5000B9CAD5CFBCC7C2BC00000000313A000042
:10CB60002D2D0000A3A8C9CF2031B4CEA3A9202029
:10CB70002020202000000000B80C00204A000020E7
:10CB80005E0300206C01002063010020660100208C
:10CB900062010020323A0000A3A8C9CF2032B4CEEF
:10CBA000A3A9202020202020000000000220FD4911
:10CBB000087095E7FC480078012808D10121FB485E
:10CBC000F0F7A7FC04460121F0F774FA28E0F648D4
:10CBD0000078022809D10121F448801CF0F799FC63
:10CBE00004460121F0F766FA1AE0EF4800780328BE
:10CBF00009D10121ED48001DF0F78BFC044601210D
:10CC0000F0F758FA0CE0E8480078042808D1012130
:10CC1000E648801DF0F77DFC04460121F0F74AFA52
:10CC200000BF5DE71CB5E2480088E24909888842F8
:10CC30001CD0E0480088DE490880FDF774FEAFF2A2
:10CC4000F801802012F084FFDBA1902012F080FF19
:10CC5000AFF2F4018A2012F07BFFAFF2FC018D20CD
:10CC600012F076FFD5A1982012F072FF0020FEF797
:10CC7000C8F900200121CD4B9B1F0246CDE90010D1
:10CC800004218820FDF744FF00200121C74B1B1F12
:10CC90000246CDE9001004218B20FDF739FF00206A
:10CCA0000121C24B9B1E0246CDE9001004218E20BB
:10CCB000FDF72EFFBD495439B1F84C009121FFF723
:10CCC0002BFD0020C2490870C2480078002859D1C5
:10CCD000B4480078022802D1FDF73DFE1CBDB248E1
:10CCE0000078042802DD0020AF490870AE480078C3
:10CCF00088B90120AC4908700020B7490870B749CD
:10CD00000880B7490870A7480078012803D102209D
:10CD1000A4490870E2E7A4480078012809D101215C
:10CD2000A2480838F0F7F5FB04460121F0F7C2F9F4
:10CD300028E09D480078022809D101219B48801FE6
:10CD4000F0F7E7FB04460121F0F7B4F91AE0964842
:10CD50000078032809D101219448001FF0F7D9FB7E
:10CD600004460121F0F7A6F90CE08F48007804286A
:10CD700008D101218D48801EF0F7CBFB044601212C
:10CD8000F0F798F900BFA9E71CB5894800888949E0
:10CD9000098888421CD08748008885490880FDF7AB
:10CDA000C2FDAFF25C21802012F0D2FE8DA1902056
:10CDB00012F0CEFEAFF258218A2012F0C9FEAFF277
:10CDC00060218D2012F0C4FE87A1982012F0C0FED1
:10CDD0000020FEF716F900200121744B0E3B02469D
:10CDE000CDE9001004218820FDF792FE00200121EA
:10CDF0006E4B0C3B0246CDE9001004218B20FDF761
:10CE000087FE00200121694B0A3B0246CDE9001054
:10CE100004218E20FDF77CFE64495439B1F84400AA
:10CE20009121FFF779FC0020694908706948007872
:10CE3000002859D15B480078022802D1FDF78BFD0C
:10CE40001CBD59480078042802DD002056490870AE
:10CE50005548007888B901205349087000205E4980
:10CE600008705E4908805E4908704E4800780128C5
:10CE700003D102204B490870E2E74B4800780128B3
:10CE800009D1012149481038F0F743FB044601213C
:10CE9000F0F710F928E044480078022809D1012170
:10CEA00042480E38F0F735FB04460121F0F702F94D
:10CEB0001AE03D480078032809D101213B480C388D
:10CEC000F0F727FB04460121F0F7F4F80CE03648B0
:10CED0000078042808D1012134480A38F0F719FBFA
:10CEE00004460121F0F7E6F800BFA9E71CB5304879
:10CEF00000883049098888421CD02E4800882C4977
:10CF00000880FDF710FDAFF2C031802012F020FE46
:10CF10003AA1902012F01CFEAFF2BC318A2012F030
:10CF200017FEAFF2C4318D2012F012FE34A198200A
:10CF300012F00EFE0020FEF764F8002001211B4BCA
:10CF4000163B0246CDE9001004218820FDF7E0FDE4
:10CF500000200121154B143B0246CDE900100421AD
:10CF60008B20FDF7D5FD00200121104B123B02461E
:10CF7000CDE9001004218E20FDF7CAFD0B4954397C
:10CF8000888F9121FFF7C8FB0020114908701148D4
:10CF90000078002866D10348007802283AD1FDF7CE
:10CFA000DAFC1CBD5E0300206C010020AE0C0020EA
:10CFB0004403002042030020333A0000A3A8C9CF55
:10CFC0002033B4CEA3A92020202020200000000080
:10CFD000690300204A000020630100206601002050
:10CFE00062010020343A0000A3A8C9CF2034B4CE97
:10CFF000A3A920202020202000000000353A0000B6
:10D00000A3A8C9CF2035B4CEA3A92020202020205A
:10D0100000000000FD480078042802DD0020FB49E4
:10D020000870FA48007888B90120F8490870002093
:10D03000F7490870F7490880F7490870F748007801
:10D04000012803D10220F54908701CBDEF48007883
:10D05000012808D10121F248F0F75BFA04460121CA
:10D06000F0F728F828E0E9480078022809D10121E2
:10D07000EB48801CF0F74DFA04460121F0F71AF84E
:10D080001AE0E2480078032809D10121E448001D94
:10D09000F0F73FFA04460121F0F70CF80CE0DB480A
:10D0A0000078042808D10121DD48801DF0F731FA0D
:10D0B00004460121EFF7FEFF00BFC6E71CB5D948C3
:10D0C0000088D949098888421CD0D7480088D549AA
:10D0D0000880FDF728FCAFF29051802012F038FD57
:10D0E000D2A1902012F034FDAFF28C518A2012F0C0
:10D0F0002FFDAFF294518D2012F02AFDCCA1982083
:10D1000012F026FD0020FDF77CFF00200121C44B1A
:10D110009B1F0246CDE9001004218820FDF7F8FC92
:10D1200000200121BE4B1B1F0246CDE90010042147
:10D130008B20FDF7EDFC00200121B94B9B1E024620
:10D14000CDE9001004218E20FDF7E2FCB4493C3902
:10D15000888E9121FFF7E0FA0020BA490870BA489A
:10D160000078002859D1AD480078022802D1FDF797
:10D17000F2FB1CBDA5480078042802DD0020A3496D
:10D180000870A248007888B90120A04908700020E2
:10D190009F4908709F4908809F4908709F48007800
:10D1A000012803D102209D490870E2E797480078E2
:10D1B000012809D101219A480838F0F7AAF9044654
:10D1C0000121EFF777FF28E090480078022809D185
:10D1D00001219348801FF0F79CF904460121EFF7E5
:10D1E00069FF1AE089480078032809D101218C4899
:10D1F000001FF0F78EF904460121EFF75BFF0CE00A
:10D2000082480078042808D101218548801EF0F763
:10D2100080F904460121EFF74DFF00BFA9E71CB5D7
:10D220008048008880490988884223D07E48008849
:10D230007C490880FDF777FB84A1802012F088FCF0
:10D2400087A1902012F084FCAFF2EC618A2012F0EA
:10D250007FFCAFF2F4618D2012F07AFC81A198205E
:10D2600012F076FC81A19B2012F072FC80A19E201E
:10D2700012F06EFC0120FDF7C4FE00207E4908700C
:10D280000121674B2A330246CDE900100421882092
:10D29000FDF73EFC00200121614B2C330246CDE915
:10D2A000001004218B20FDF733FC002001215C4B92
:10D2B0002E330246CDE9001004218E20FDF728FC14
:10D2C00000200121564B363B0246CDE900100221D9
:10D2D0009A20FDF71DFC0120674908700846007878
:10D2E00001214F4B223B0022CDE9001002219D205D
:10D2F000FDF70EFC4A493C39B1F864009121FFF773
:10D300000BFA00204F4908704F480078012809D1D6
:10D3100002204D49087000203D4908703D490880B1
:10D320003D4908704848007802280FD137480078F6
:10D3300001280AD101213A482238F0F7EAF80446D8
:10D340004E4801882046EFF765FFB3E03E4800787D
:10D350000028FAD131480078022802D1FDF7FBFA03
:10D360001CBD2A480078062802DD002027490870E5
:10D370002648007888B901202449087000202449F3
:10D38000087024490880244908702448007801283E
:10D3900003D1022021490870E2E71C4800780128E7
:10D3A00009D101211E482830F0F7B3F804460121C5
:10D3B000EFF780FE7EE015480078022809D10121B0
:10D3C00017482A30F0F7A5F804460121EFF772FE5E
:10D3D00070E00E480078032809D1012110482C3054
:10D3E000F0F797F804460121EFF764FE62E0074882
:10D3F0000078042844D1012109482E30F0F789F83B
:10D4000004460121EFF756FE54E000006C010020B5
:10D410006301002066010020620100205E030020FD
:10D42000960C00204403002042030020363A0000FE
:10D43000A3A8C9CF2036B4CEA3A920202020202025
:10D4400000000000690300204A000020D1A1D4F1AF
:10D45000B9CAD5CFBCC7C2BC3A202020000000000A
:10D460006E3A0000A3A8D7DC00000000C9CF00007E
:10D47000B4CEA3A900000000490300204E00002004
:10D48000FD480078052808D10121FC48F0F741F853
:10D4900004460121EFF70EFE0CE0F748007806285D
:10D4A00008D10121F5481438F0F733F8044601217A
:10D4B000EFF700FE00BF53E71CB5F1480088F149C3
:10D4C0000988884230D0EF480088ED490880FDF790
:10D4D0002AFAEDA1802012F03BFBAFF6B4119020A8
:10D4E00012F036FBEDA1932012F032FBECA1962056
:10D4F00012F02EFBAFF6D011882012F029FBEAA122
:10D500008B2012F025FBE9A18E2012F021FBAFF653
:10D51000E811982012F01CFBE6A19B2012F018FBEA
:10D52000E5A19E2012F014FB0620FDF76AFDE448F9
:10D5300000780121E34B0022CDE900100421912065
:10D54000FDF7E6FAE04800780121DE4B9B1E002241
:10D55000CDE9001002219520FDF7DAFADB480078CA
:10D560000121D84B1B1F0022CDE9001002218A2087
:10D57000FDF7CEFAD64800780121D24B9B1F00223E
:10D58000CDE9001002218D20FDF7C2FAD1480078C4
:10D590000121CC4B083B0022CDE9001002219A204A
:10D5A000FDF7B6FACC4800780121C64B0A3B0022B1
:10D5B000CDE9001002219D20FDF7AAFA0020C749FD
:10D5C0000870C7480078012809D10220C4490870B2
:10D5D0000020C4490870C4490880C4490870C04884
:10D5E000007802285ED1A448007801280AD10121E0
:10D5F000B448EFF78EFF0446BD4801882046EFF798
:10D6000009FEC8E09C48007802280BD10121AD48F2
:10D61000801EEFF77EFF0446B54801882046EFF7ED
:10D62000F9FDB8E09448007803280BD10121A54802
:10D63000001FEFF76EFF0446AD4801882046EFF764
:10D64000E9FDA8E08C48007804280BD101219D4811
:10D65000801FEFF75EFF0446A54801882046EFF7DC
:10D66000D9FD98E08448007805280BD10121954820
:10D670000838EFF74EFF04469D4801882046EFF733
:10D68000C9FD88E07C4800780628BAD101218D4880
:10D690000A38EFF73EFF0446954801882046EFF729
:10D6A000B9FD78E08E480078002874D19148007860
:10D6B000022802D1FDF74FF91CBD6F4800780628FB
:10D6C00002DD00206C4908706B48007888B90120A1
:10D6D000694908700020834908708349088083499C
:10D6E000087084480078012803D10220814908701D
:10D6F000E2E761480078012808D101217148EFF77D
:10D7000008FF04460121EFF7D5FC44E05A480078B1
:10D71000022809D101216B48801EEFF7FAFE04466A
:10D720000121EFF7C7FC36E053480078032809D100
:10D7300001216448001FEFF7ECFE04460121EFF7DA
:10D74000B9FC28E04C480078042809D101215D4843
:10D75000801FEFF7DEFE04460121EFF7ABFC1AE075
:10D7600045480078052809D1012156480838EFF7C7
:10D77000D0FE04460121EFF79DFC0CE03E48007806
:10D78000062808D101214F480A38EFF7C2FE0446A7
:10D790000121EFF78FFC00BF8EE71CB538480088E9
:10D7A00038490988884229D0364800883449088099
:10D7B000FDF7B9F850A1802012F0CAF9AFF69841F0
:10D7C000872012F0C5F94FA1902012F0C1F9AFF6F1
:10D7D000A841972012F0BCF94DA1882012F0B8F9A9
:10D7E000AFF6BC418F2012F0B3F94CA1982012F093
:10D7F000AFF9AFF6CC419F2012F0AAF90020FDF757
:10D8000000FC002001212F4B5C3B0246CDE90010BB
:10D8100005218420FDF77CF900200121294B5A3B8A
:10D820000246CDE9001005219420FDF771F9002092
:10D830000121244B583B0246CDE9001005218C20E4
:10D84000FDF766F9002001211E4B563B0246CDE94B
:10D85000001005219C20FDF75BF900201F4908708E
:10D860001F480078002806D12248007802285BD1A2
:10D87000FDF771F81CBDA9E06C010020740C0020BC
:10D880004403002042030020CFD6D4DACAB1BCE45E
:10D890003A2020202020202000000000C4EA0000C0
:10D8A000D4C2202000000000C8D50000CAB120204A
:10D8B00000000000B7D60000C3EB202000000000ED
:10D8C000490300204E0E00204A0300204B03002095
:10D8D0004C0300204D0300204E030020690300206C
:10D8E0004A00002063010020660100206201002040
:10D8F0004E0000205E03002041493120B6C1D6B55C
:10D900000000000041493220B6C1D6B50000000039
:10D9100041493320B6C1D6B500000000414934204A
:10D92000B6C1D6B500000000FE480078042802DD2C
:10D930000020FC490870FB48007888B90120F949AB
:10D9400008700020F8490870F8490880F849087004
:10D95000F8480078012803D10220F64908701CBD60
:10D96000F0480078012808D10121F348EFF7D1FDF4
:10D9700004460121EFF79EFB28E0EA4800780228E0
:10D9800009D10121EC48801CEFF7C3FD04460121B9
:10D99000EFF790FB1AE0E3480078032809D1012152
:10D9A000E548001DEFF7B5FD04460121EFF782FBC6
:10D9B0000CE0DC480078042808D10121DE48801DF5
:10D9C000EFF7A7FD04460121EFF774FB00BFC6E7A0
:10D9D0001CB5DA480088DA490988884225D0D84839
:10D9E0000088D6490880FCF79EFFD6A1802012F05F
:10D9F000AFF8D7A1872012F0ABF8AFF69C6190206A
:10DA000012F0A6F8D3A1882012F0A2F8D0A18F209E
:10DA100012F09EF8AFF6B861982012F099F84FF422
:10DA20007A70CF490880CF4908800020FDF7E9FAD5
:10DA300000200121C04B1E3B0246CDE9001005210C
:10DA40008420FDF765F800200121BB4B1C3B0246FA
:10DA5000CDE9001005218C20FDF75AF80020C249BD
:10DA60000870C248B0F87E01BD490988884229D0B3
:10DA7000BE48B0F87E01BA490880BC48B0F87E01C3
:10DA800005281DD2DFE800F003080D121700B8A129
:10DA9000912012F05DF814E0B9A1912012F058F82D
:10DAA0000FE0BBA1912012F053F80AE0BCA1912035
:10DAB00012F04EF805E0BEA1912012F049F800E006
:10DAC0001CBD00BFA948B0F88001A649098888425A
:10DAD0001ED0A648B0F88001A2490880A348B0F83B
:10DAE000800120B1012807D002280FD109E0B4A19C
:10DAF000992012F02DF80AE0B5A1992012F028F82B
:10DB000005E0B7A1992012F023F800E0D8E700BFA4
:10DB1000B7480078002859D186480078022802D1F9
:10DB2000FCF719FFCCE77F480078042802DD0020CD
:10DB30007C4908707B48007888B9012079490870D1
:10DB40000020794908707949088079490870794836
:10DB50000078012803D1022076490870B0E77148A7
:10DB60000078012809D1012173481E38EFF7D1FC54
:10DB700004460121EFF79EFA28E06A48007802285F
:10DB800009D101216C481C38EFF7C3FC0446012180
:10DB9000EFF790FA1AE063480078032809D10121D1
:10DBA00065481A38EFF7B5FC04460121EFF782FA11
:10DBB0000CE05C480078042808D101215E48183840
:10DBC000EFF7A7FC04460121EFF774FA00BF77E7EF
:10DBD0001CB55A4800885A490988884219D05848C3
:10DBE000008856490880FCF79EFE82A1802011F033
:10DBF000AFFF61A1872011F0ABFF81A1902011F050
:10DC0000A7FF84A1882011F0A3FF87A1982011F01D
:10DC10009FFF0020FDF7F5F900200121464BCC3B8A
:10DC20000246CDE9001003218520FCF771FF00209A
:10DC30004D4908706E48007878BB3E48007802284D
:10DC400002D1FCF788FE1CBD36480078012802DDB1
:10DC50000020344908703348007888B901203149E0
:10DC60000870002030490870304908803049087039
:10DC700030480078012803D102202E490870E2E7DD
:10DC800028480078012808D101212B48CC38EFF72B
:10DC900040FC04460121EFF70DFA00BFD3E710B5B1
:10DCA0002648008826490988884215D024480088DB
:10DCB00022490880FCF737FE6049802011F048FFB8
:10DCC0005E49902011F044FF5DA1882011F040FFD3
:10DCD0005A49982011F03CFF0020FDF792F90020EE
:10DCE00021490870FEF738FB10BD1CB513480088A9
:10DCF00013490988884213D0114800880F490880C9
:10DD0000FCF711FE53A1802011F022FF1BA18720F8
:10DD100011F01EFF52A1902011F01AFF17A1A5E0EB
:10DD2000B3E000006C0100206301002066010020C8
:10DD3000620100205E030020F20D00204403002059
:10DD40004203002044492020D7B4CCAC000000009E
:10DD5000D6D60000444F2020D7B4CCAC0000000041
:10DD60005A0000205C000020690300205A0C0020AB
:10DD7000CEDE4449BDD3CDA82020202020200000A5
:10DD800044493120BDD3CDA82020202020200000F0
:10DD900044493220BDD3CDA82020202020200000DF
:10DDA00044493320BDD3CDA82020202020200000CE
:10DDB00044493420BDD3CDA82020202020200000BD
:10DDC000CEDE5120BDD3CDA8202020202020000071
:10DDD0005131BDD3CDA820202020202020200000BC
:10DDE0005132BDD3CDA820202020202020200000AB
:10DDF0004A000020B5E7B6AFB7A7D7B4CCAC000057
:10DE00003D30B4F2BFAA3B203D31B9D8B1D53B205B
:10DE1000000000003D32B9CAD5CF3B203D33B4F2FB
:10DE2000BFAAD6D0000000003D34B9D8B1D5D6D0B5
:10DE30003B202020202020200000000034C20108C8
:10DE4000312EB9A9CBAEC9E8B6A8B2CECAFD202002
:10DE500000000000D0DEB8C4B2CECAFD0000000051
:10DE6000BBD6B8B4B2CECAFD00000000972011F0B6
:10DE70006FFEFDA1882011F06BFEFEA18F2011F036
:10DE800067FEFDA1982011F063FE0320FDF7B9F8AD
:10DE9000FE4800780121FE4B0022CDE9001005214B
:10DEA0008420FCF735FEFB4800780121F84B9B1CD1
:10DEB0000022CDE9001005219420FCF729FEF64848
:10DEC00000780021F54B0A46CDE9001005218C2091
:10DED000FCF71EFE0020F2490870F2480078012885
:10DEE00009D10220EF4908700020EF490870EF497E
:10DEF0000880EF490870EB48007802282DD1ED48E2
:10DF0000007801280AD10121E148EFF702FB04461D
:10DF1000E94801882046EFF77DF96CE0E548007894
:10DF200002280BD10121DA48801CEFF7F2FA0446EF
:10DF3000E14801882046EFF76DF95CE0DD480078A4
:10DF4000032858D10021D548EFF7E3FA0446DA4810
:10DF500001882046EFF75EF94DE0D24800780028AE
:10DF600049D1D6480078022802D1FCF7F4FC1CBD48
:10DF7000D0480078032802DD0020CE490870CD4843
:10DF8000007888B90120CB4908700020C649087084
:10DF9000C6490880C6490870C8480078012803D1DE
:10DFA0000220C6490870E2E7C2480078012808D17B
:10DFB0000121B748EFF7ADFA04460121EFF77AF8EF
:10DFC00019E0BC480078022809D10121B048801C22
:10DFD000EFF79FFA04460121EFF76CF80BE0B54824
:10DFE0000078032807D10021AC48EFF792FA0446E5
:10DFF0000121EFF75FF800BFB9E71CB5B048008812
:10E00000B0490988884225D0AE480088AC490880CC
:10E01000FCF789FCACA1802011F09AFDADA187200E
:10E0200011F096FDACA1902011F092FDA9A19720CE
:10E0300011F08EFDABA1882011F08AFDA5A18F20E3
:10E0400011F086FDAAA1982011F082FDABA19F20BE
:10E0500011F07EFD0420FCF7D4FF8C4800780021ED
:10E060008E4B143B0322CDE9001004218420FCF7E1
:10E070004FFD884800780021884B163B0322CDE9EC
:10E08000001004219420FCF743FD83480078002110
:10E09000824B123B0222CDE9001004218C20FCF7B8
:10E0A00037FD974800780021964B0A46CDE90010CD
:10E0B00003219D20FCF72CFD002079490870794848
:10E0C0000078012809D1022076490870002076499D
:10E0D00008707649088076490870724800780228EE
:10E0E0003ED17448007801280BD100216B481438C8
:10E0F000EFF70FFA0446704801882046EFF78AF8D8
:10E100008BE06C48007802280BD100216348163858
:10E11000EFF7FFF90446684801882046EFF77AF8E0
:10E120007BE06448007803280BD100215B4812385B
:10E13000EFF7EFF90446604801882046EFF76AF8E8
:10E140006BE05C480078042867D100216D48EFF748
:10E15000E0F90446584801882046EFF75BF85CE098
:10E1600050480078002858D154480078022802D13D
:10E17000FCF7F1FB1CBD4F480078042802DD0020AD
:10E180004C4908704B48007888B90120494908700B
:10E1900000204549087045490880454908704748AE
:10E1A0000078012803D1022044490870E2E7414881
:10E1B0000078012809D1002138481438EFF7A9F96F
:10E1C00004460121EEF776FF27E03A48007802285E
:10E1D00009D1002131481638EFF79BF90446012197
:10E1E000EEF768FF19E033480078032809D10021D1
:10E1F0002A481238EFF78DF904460121EEF75AFF4D
:10E200000BE02C480078042807D100213D48EFF7A7
:10E2100080F904460121EEF74DFF00BFAAE71CB5C7
:10E22000274800882749098888427FD025480088E8
:10E2300023490880FCF777FB33A1802011F088FC8C
:10E24000AFF2C841872011F083FC32A1902011F079
:10E250007FFCAFF2D841972011F07AFC304988203A
:10E2600011F076FC5EE061E0B1BEBBFAB5D8D6B77E
:10E2700000000000BAC500002844434D3130302969
:10E280002020202020202020000000004903002022
:10E290006C0C00204A0300204B030020880800205B
:10E2A000690300204A00002063010020660100206D
:10E2B000620100206C0100204E0000205E0300205F
:10E2C0004403002042030020BDF8CBAEC1BFB3CC55
:10E2D000000000004D700000B3F6CBAEC1BFB3CC60
:10E2E00000000000B4D3BBFAD1B9C1A60000000001
:10E2F000B4D3BBFAC6F4B6AF5953000020530000A4
:10E300004C030020080A0020D6F7BBFAB6A8CAB111
:10E31000456E0000BFECCBD9C9E8CAB1BCE400002F
:10E3200034C20108F7A1982011F012FC0220FCF77A
:10E3300068FEF94800780021F84B0A46CDE9001044
:10E3400003218520FCF7E4FBF54800780121F54B1B
:10E350000022CDE9001003219520FCF7D9FB002015
:10E36000F1490870F1480078012809D10220EF49ED
:10E3700008700020EE490870EE490880EE490870E8
:10E38000EA48007802281DD1EC48007801280AD11B
:10E390000021E248EFF7BDF80446E948018820462D
:10E3A000EEF738FF4EE0E548007802284AD1012117
:10E3B000DC48EFF7AEF80446E14801882046EEF766
:10E3C00029FF3FE0D948007800283BD1DD4800789C
:10E3D000022802D1FCF7BFFA1CBDD84800780228F9
:10E3E00002DD0020D5490870D448007888B90120A2
:10E3F000D24908700020CE490870CE490880CE4925
:10E400000870D0480078012803D10220CD49087057
:10E41000E2E7CA480078012808D10021BF48EFF799
:10E4200078F804460121EEF745FE0BE0C34800787A
:10E43000022807D10121BB48EFF76BF80446012100
:10E44000EEF738FE00BFC7E71CB5BF480088BF49DC
:10E450000988884222D0BD480088BB490880FCF763
:10E4600062FABBA1802011F073FBBEA1902011F0D5
:10E470006FFBBFA1972011F06BFBBEA1882011F0AC
:10E4800067FBBBA18F2011F063FBBDA1982011F0A9
:10E490005FFBAFF2C0119F2011F05AFB0320FCF785
:10E4A000B0FD9D48007800219C4B9B1C0A46CDE99D
:10E4B000001005219420FCF72BFB994800780021DF
:10E4C000964B1B1D0A46CDE9001005218C20FCF758
:10E4D0001FFBAE4800780021904B9B1D0222CDE926
:10E4E000001004219C20FCF713FB00208E490870CB
:10E4F0008E480078012809D102208C49087000203C
:10E500008B4908708B4908808B49087087480078D0
:10E5100002282FD18948007801280BD100217F489B
:10E52000801CEEF7F6FF0446854801882046EEF78A
:10E5300071FE6FE08148007802280BD100217748F6
:10E54000001DEEF7E6FF04467D4801882046EEF701
:10E5500061FE5FE07948007803285BD100216F48B5
:10E56000801DEEF7D6FF0446754801882046EEF779
:10E5700051FE4FE06D48007800284BD1714800787B
:10E58000022802D1FCF7E7F91CBD6C48007803288B
:10E5900002DD0020694908706848007888B90120C8
:10E5A0006649087000206249087062490880624923
:10E5B000087064480078012803D10220614908707E
:10E5C000E2E75E480078012809D100215348801C09
:10E5D000EEF79FFF04460121EEF76CFD1AE0574865
:10E5E0000078022809D100214C48001DEEF791FF68
:10E5F00004460121EEF75EFD0CE050480078032848
:10E6000008D100214548801DEEF783FF0446012113
:10E61000EEF750FD00BFB7E71CB54B4800884B49EB
:10E620000988884222D04948008847490880FCF779
:10E630007AF957A1802011F08BFA4DA1872011F0B3
:10E6400087FA56A1902011F083FA49A1972011F082
:10E650007FFA55A1882011F07BFAAFF288318F2024
:10E6600011F076FA53A1982011F072FA0320FCF70A
:10E67000C8FC294800780021284B08330A46CDE918
:10E68000001005218420FCF743FA2548007800217A
:10E69000224B0A330A46CDE9001005219420FCF7ED
:10E6A00037FA3A48007800211C4B0C330222CDE99E
:10E6B000001004218C20FCF72BFA00201A49087066
:10E6C0001A480078012809D1022018490870002052
:10E6D00017490870174908801749087013480078CF
:10E6E000022871D11548007801286FD100210B480C
:10E6F0000830EEF70EFF0446114801882046EEF779
:10E7000089FDD1E0A3A8D6F7BBFAB2CECAFDA3A17A
:10E71000A3A1A3A90000000049030020F6080020DF
:10E720004A030020520E0020690300204A00002006
:10E730006301002066010020620100206C010020BE
:10E740004E0000205E03002044030020420300200E
:10E750002020D6F7BBFACAB1BCE4D1B9C1A62020AB
:10E7600000000000D6F7C6F43154696D00000000C7
:10E77000484D0000D6F7CDA33154696D000000006C
:10E78000D6F73120D1B9C1A6000000004B0300200C
:10E79000D6F7C6F43254696D00000000D6F7CDA359
:10E7A0003254696D00000000D6F73220D1B9C1A6FD
:10E7B00000000000A3A8D6F7BBFACAB1BCE4B6CEED
:10E7C000474EA3A9000000001FE0FFE7F9480078CA
:10E7D00002280AD10021F848EEF79BFE0446F748CC
:10E7E00001882046EEF716FD5EE0F2480078032827
:10E7F0005AD10021F048801CEEF78BFE0446EF480A
:10E8000001882046EEF706FD4EE0ED48007800282E
:10E810004AD1EC480078022802D1FCF79CF81CBDD4
:10E82000E4480078032802DD0020E2490870E1484E
:10E83000007888B90120DF4908700020E24908709B
:10E84000E2490880E2490870DE480078012803D1D7
:10E850000220DC490870E2E7D6480078012809D197
:10E860000021D548801EEEF754FE04460121EEF744
:10E8700021FC19E0CF480078022808D10021CE48B9
:10E88000EEF747FE04460121EEF714FC0CE0C94800
:10E890000078032808D10021C748801CEEF739FE14
:10E8A00004460121EEF706FC00BFB8E71CB5C948D5
:10E8B0000088C9490988884225D0C7480088C549C9
:10E8C0000880FCF730F8C5A1802011F041F9AFF2C3
:10E8D0006011872011F03CF9C3A1902011F038F9A4
:10E8E000AFF27411972011F033F9C2A1882011F012
:10E8F0002FF9AFF220618F2011F02AF9AFF24C11FD
:10E90000982011F025F90320FCF77BFBBC48007828
:10E910000021A94B1B1D0A46CDE9001005218420CA
:10E92000FCF7F6F8B74800780021A34B9B1D0A4678
:10E93000CDE9001005219420FCF7EAF8B2480078F0
:10E9400000219D4B08330222CDE9001004218C20C8
:10E95000FCF7DEF80020AD490870994800780128DE
:10E9600009D10220964908700020974908709749FC
:10E970000880974908709248007802282FD18D4866
:10E98000007801280BD100218B48001DEEF7C1FD56
:10E9900004468A4801882046EEF73CFC6FE0854833
:10E9A000007802280BD100218348801DEEF7B1FDCD
:10E9B0000446824801882046EEF72CFC5FE07D4843
:10E9C000007803285BD100217B480830EEF7A1FDD9
:10E9D00004467A4801882046EEF71CFC4FE0784850
:10E9E000007800284BD177480078022802D1FBF745
:10E9F000B2FF1CBD6F480078032802DD00206D497E
:10EA000008706C48007888B901206A4908700020B5
:10EA10006D4908706D4908806D4908706948007833
:10EA2000012803D1022067490870E2E761480078B5
:10EA3000012809D100216048001DEEF76AFD044657
:10EA40000121EEF737FB1AE05A480078022809D175
:10EA500000215948801DEEF75CFD04460121EEF7C8
:10EA600029FB0CE053480078032808D100215248C4
:10EA70000830EEF74EFD04460121EEF71BFB00BF08
:10EA8000B7E71CB55348008853490988884225D008
:10EA9000514800884F490880FBF745FF5CA1802062
:10EAA00011F056F8AFF23831872011F051F85BA120
:10EAB000902011F04DF8AFF24831972011F048F84E
:10EAC00059A1882011F044F8AFF2F8718F2011F0AD
:10EAD0003FF8AFF22031982011F03AF80320FCF70C
:10EAE00090FA474800780021334B0A330A46CDE9B3
:10EAF000001005218420FCF70BF842480078002123
:10EB00002D4B0C330A46CDE9001005219420FBF76C
:10EB1000FFFF3D4800780021274B0E330222CDE94C
:10EB2000001004218C20FBF7F3FF00203749087008
:10EB300023480078012809D10220214908700020CB
:10EB40002149087021490880214908701C48007833
:10EB5000022870D11748007801280BD100211648EF
:10EB60000A30EEF7D6FC0446144801882046EEF73A
:10EB700051FBAFE00F48007802280BD100210E486E
:10EB80000C30EEF7C6FC04460C4801882046EEF730
:10EB900041FB9FE00748007803280AD1002106487E
:10EBA0000E30EEF7B6FC0446044801882046EEF726
:10EBB00031FB8FE06C010020000900204E00002096
:10EBC0004A0000205E03002063010020660100204F
:10EBD000620100204403002042030020D6F7C6F45F
:10EBE0003354696D00000000D6F7CDA33354696D2E
:10EBF00000000000D6F73320D1B9C1A60000000004
:10EC0000490300204A0300204B0300206903002031
:10EC1000D6F7C6F43454696D00000000D6F7CDA3D2
:10EC20003454696D00000000D6F73420D1B9C1A674
:10EC300000000000FFE7F748007800284AD1F648B6
:10EC40000078022802D1FBF786FE1CBDF34800784D
:10EC5000032802DD0020F1490870F048007888B9E7
:10EC60000120EE4908700020ED490870ED49088048
:10EC7000ED490870E8480078012803D10220E649F0
:10EC80000870E2E7E5480078012808D10021E7484C
:10EC9000EEF73FFC04460121EEF70CFA1AE0DF48DC
:10ECA0000078022809D10021E048801CEEF731FCF1
:10ECB00004460121EEF7FEF90CE0D848007803285D
:10ECC00008D10021D948001DEEF723FC044601219C
:10ECD000EEF7F0F900BFB8E71CB5D5480088D54974
:10ECE0000988884229D0D3480088D1490880FBF799
:10ECF0001AFED1A1802010F02BFFAFF6282187202B
:10ED000010F026FFCFA1902010F022FFAFF63C219B
:10ED1000972010F01DFFCEA1882010F019FFAFF64C
:10ED200024218F2010F014FFCCA1982010F010FFA8
:10ED3000AFF638219F2010F00BFF0420FCF761F99B
:10ED4000C94800780021B94B923B0222CDE900105E
:10ED500004218420FBF7DCFEC44800780021B34B7B
:10ED6000903B0222CDE9001004219420FBF7D0FE55
:10ED7000BF4800780021AD4B8E3B0A46CDE900101C
:10ED800005218C20FBF7C4FEBA4800780021A74B70
:10ED90008C3B0A46CDE9001005219C20FBF7B8FE0C
:10EDA0000020B54908709B480078012809D102204D
:10EDB0009849087000209A4908709A4908809A4931
:10EDC00008709448007802283FD1944800780128C0
:10EDD0000BD1002195489238EEF79BFB0446A748DB
:10EDE00001882046EEF716FA8DE08C48007802285C
:10EDF0000BD100218D489038EEF78BFB04469F48DD
:10EE000001882046EEF706FA7DE084480078032862
:10EE10000BD1002185488E38EEF77BFB04469748DE
:10EE200001882046EEF7F6F96DE07C48007804286A
:10EE300069D100217D488C38EEF76BFB04468F4882
:10EE400001882046EEF7E6F95DE072480078002878
:10EE500059D171480078022802D1FBF77CFD1CBD16
:10EE60006E480078042802DD00206C4908706B4869
:10EE7000007888B901206949087000206849087045
:10EE8000684908806849087063480078012803D100
:10EE9000022061490870E2E760480078012809D142
:10EEA000002162489238EEF734FB04460121EEF768
:10EEB00001F928E059480078022809D100215B486F
:10EEC0009038EEF726FB04460121EEF7F3F81AE03E
:10EED00052480078032809D1002154488E38EEF7B3
:10EEE00018FB04460121EEF7E5F80CE04B480078EA
:10EEF000042808D100214D488C38EEF70AFB04465F
:10EF00000121EEF7D7F800BFA9E71CB548480088F3
:10EF100048490988884221D04648008844490880E9
:10EF2000FBF701FD56A1802010F012FE57A18720AB
:10EF300010F00EFE56A1902010F00AFE57A1972067
:10EF400010F006FE56A1882010F002FE57A18F2077
:10EF500010F0FEFD5649982010F0FAFD0320FCF752
:10EF600050F8414800780021304B303B0322CDE976
:10EF7000001004218420FBF7CBFD3C4800780021E1
:10EF80002A4B2E3B0322CDE9001004219420FBF7ED
:10EF9000BFFD374800780021244B2C3B0322CDE9EC
:10EFA000001004218C20FBF7B3FD002032490870CB
:10EFB00018480078012809D102201649087000205D
:10EFC00017490870174908801749087011480078D8
:10EFD00002287FD11148007801280BD10021134865
:10EFE0003038EEF796FA0446244801882046EEF7BA
:10EFF00011F9BEE00948007802285CD100210B48D5
:10F000002E38EEF786FA04461C4801882046EEF7B3
:10F0100001F9AEE04A0000205E0300206C010020F0
:10F020006301002066010020620100200A0900201F
:10F030004403002042030020D3D0CBAEBFAAD1B9F5
:10F0400000000000CEDECBAECDA3D1B900000000A1
:10F05000D3D0CBAED1D3CAB100000000CEDECBAE50
:10F06000D1D3CAB100000000490300204A030020A8
:10F070004B0300204C030020690300204E000020B9
:10F0800050494453B1C8C0FD0000000020200000DA
:10F0900050494453B2C9D1F900000000C3EB00004D
:10F0A00050494453BBFDB7D600000000B7D600005E
:10F0B00034C201080EE0F9480078032859D1002134
:10F0C000F748EEF726FA0446F64801882046EEF7A0
:10F0D000A1F84EE0F448007800284AD1F3480078BF
:10F0E000022802D1FBF737FC1CBDEC48007803284E
:10F0F00002DD0020E9490870E848007888B901205D
:10F10000E64908700020EA490870EA490880EA499F
:10F110000870E6480078012803D10220E34908700E
:10F12000E2E7DE480078012809D10021DC48001F11
:10F13000EEF7EFF904460121EDF7BCFF19E0D748DF
:10F140000078022809D10021D548801EEEF7E1F9A8
:10F1500004460121EDF7AEFF0BE0D048007803280C
:10F1600007D10021CE48EEF7D4F904460121EDF78E
:10F17000A1FF00BFB8E71CB5D0480088D049098876
:10F18000884224D0CE480088CC490880FBF7CBFBCE
:10F19000CCA1802010F0DCFCAFF21011872010F021
:10F1A000D7FCCBA1902010F0D3FCAFF21011972028
:10F1B00010F0CEFCC9A1882010F0CAFCAFF21411E7
:10F1C0008F2010F0C5FCC849982010F0C1FC032026
:10F1D000FBF717FFC54800780021B14B8C330322A1
:10F1E000CDE9001004218420FBF792FCC048007890
:10F1F0000021AB4B8E330322CDE900100421942073
:10F20000FBF786FCBB4800780021A54B9033032216
:10F21000CDE9001004218C20FBF77AFC0020B649D0
:10F220000870A1480078012809D102209E49087081
:10F2300000209F4908709F4908809F4908709A489C
:10F24000007802282FD19548007801280BD10021A1
:10F2500093488C30EEF75DF90446924801882046C9
:10F26000EDF7D8FF6FE08D48007802280BD1002120
:10F270008B488E30EEF74DF904468A4801882046C7
:10F28000EDF7C8FF5FE08548007803285BD10021D7
:10F2900083489030EEF73DF90446824801882046C5
:10F2A000EDF7B8FF4FE08048007800284BD17F4849
:10F2B0000078022802D1FBF74EFB1CBD774800788E
:10F2C000032802DD0020754908707448007888B969
:10F2D000012072490870002075490870754908803E
:10F2E0007549087071480078012803D102206F49E0
:10F2F0000870E2E769480078012809D100216848D0
:10F300008C30EEF706F904460121EDF7D3FE1AE042
:10F3100062480078022809D1002161488E30EEF75A
:10F32000F8F804460121EDF7C5FE0CE05B480078D3
:10F33000032808D100215A489030EEF7EAF8044635
:10F340000121EDF7B7FE00BFB7E71CB55B480088A9
:10F350005B490988884229D0594800885749088064
:10F36000FBF7E1FA65A1802010F0F2FBAFF2E42197
:10F37000872010F0EDFB64A1902010F0E9FBAFF2C4
:10F38000F421972010F0E4FB62A1882010F0E0FB4C
:10F39000AFF208318F2010F0DBFB61A1982010F054
:10F3A000D7FBAFF218319F2010F0D2FB0420FBF7FF
:10F3B00028FE4E4800780021394B12330A46CDE929
:10F3C000001005218420FBF7A3FB494800780021A9
:10F3D000334B14330A46CDE9001005219420FBF786
:10F3E00097FB4448007800212D4B42330A46CDE973
:10F3F000001005218C20FBF78BFB4C480078002186
:10F40000274B44330A46CDE9001005219C20FBF729
:10F410007FFB00203849087023480078012809D173
:10F4200002202149087000202149087021490880E4
:10F43000214908701C480078022879D117480078C3
:10F4400001280BD1002116481230EEF762F804466D
:10F45000144801882046EDF7DDFED6E00F4800781D
:10F4600002280BD100210E481430EEF752F8044662
:10F470000C4801882046EDF7CDFEC6E0074800782D
:10F48000032856D1002106484230EEF742F80446E0
:10F49000044801882046EDF7BDFEB6E06C0100206F
:10F4A000DE0800204E0000204A0000205E030020FD
:10F4B0006301002066010020620100204403002057
:10F4C0004203002050494458B1C8C0FD000000006C
:10F4D00050494458B2C9D1F900000000504944587D
:10F4E000BBFDB7D60000000034C20108490300206C
:10F4F0004A0300204B03002069030020BDF8CBAE77
:10F50000C0E0D0CD00000000B3F6CBAEC0E0D0CD5F
:10F5100000000000BDF8CBAEB3F5D6B5000000008A
:10F52000B3F6CBAEB3F5D6B5000000004C03002017
:10F530000EE0F6480078042867D10021F448EDF782
:10F54000E8FF0446F34801882046EDF763FE5CE0DF
:10F55000F1480078002858D1F0480078022802D1FC
:10F56000FBF7F9F91CBDE9480078042802DD00200A
:10F57000E6490870E548007888B90120E349087039
:10F580000020E7490870E7490880E7490870E34828
:10F590000078012803D10220E0490870E2E7DB4847
:10F5A0000078012809D10021D9483238EDF7B1FFA0
:10F5B00004460121EDF77EFD27E0D44800780228BB
:10F5C00009D10021D2483038EDF7A3FF04460121CC
:10F5D000EDF770FD19E0CD480078032809D100212E
:10F5E000CB48801EEDF795FF04460121EDF762FD43
:10F5F0000BE0C6480078042807D10021C448EDF785
:10F6000088FF04460121EDF755FD00BFAAE71CB5B0
:10F61000C6480088C6490988884222D0C448008864
:10F62000C2490880FBF77FF9C2A1802010F090FA50
:10F63000AFF2A851872010F08BFAC1A1902010F0F2
:10F6400087FAC2A1972010F083FAC1A1882010F098
:10F650007FFAC2A18F2010F07BFAC1A1982010F090
:10F6600077FA0320FBF7CDFCC24800780021A84BB5
:10F670002E3B0A46CDE9001005218520FBF748FA0C
:10F68000BD4800780021A24B803B0322CDE9001049
:10F6900004219420FBF73CFAB848007800219C4BE9
:10F6A0009A330A46CDE9001005218C20FBF730FA89
:10F6B0000020B349087098480078012809D1022039
:10F6C0009549087000209649087096490880964927
:10F6D00008709148007802282FD18C4800780128C2
:10F6E0000BD100218A482E38EDF713FF04468948D4
:10F6F00001882046EDF78EFD6FE0844800780228EF
:10F700000BD1002182488038EDF703FF0446814881
:10F7100001882046EDF77EFD5FE07C4800780328F5
:10F720005BD100217A489A30EDF7F3FE0446794820
:10F7300001882046EDF76EFD4FE0774800780028FD
:10F740004BD176480078022802D1FBF704F91CBDA2
:10F750006E480078032802DD00206C4908706B4871
:10F76000007888B901206949087000206C49087048
:10F770006C4908806C49087068480078012803D1FA
:10F78000022066490870E2E760480078012809D144
:10F7900000215F482E38EDF7BCFE04460121EDF74D
:10F7A00089FC1AE059480078022809D100215848FC
:10F7B0008038EDF7AEFE04460121EDF77BFC0CE04E
:10F7C00052480078032808D1002151489A30EDF7BB
:10F7D000A0FE04460121EDF76DFC00BFB7E71CB5A4
:10F7E0005248008852490988884222D050480088EF
:10F7F0004E490880FBF797F862A1802010F0A8F925
:10F80000AFF27871872010F0A3F962A1902010F078
:10F810009FF963A1972010F09BF962A1882010F056
:10F8200097F95FA18F2010F093F961A1982010F053
:10F830008FF90320FBF7E5FB4E4800780021344B9D
:10F8400010330A46CDE9001001218720FBF760F94B
:10F850004948007800212E4B383B0A46CDE900107C
:10F8600005219420FBF754F9444800780021284BE7
:10F87000363B0A46CDE9001005218C20FBF748F9FC
:10F8800000203F49087024480078012809D102204F
:10F890002149087000202249087022490880224925
:10F8A00008701D48007802282FD1184800780128D8
:10F8B0000BD1002116481030EDF72BFE04461548F9
:10F8C00001882046EDF7A6FCCBE01048007802281E
:10F8D0000BD100210E483838EDF71BFE04460D48C9
:10F8E00001882046EDF796FCBBE008480078032825
:10F8F0000AD1002106483638EDF70BFE04460548CC
:10F9000001882046EDF786FCABE05BE06C0100204F
:10F91000220900204E0000204A0000205E03002043
:10F9200063010020660100206201002044030020E2
:10F9300042030020C8EDBCFEB3ACD1B9456E000057
:10F94000B3ACD1B9C6ABB2EE000000004D70000000
:10F95000B3ACD1B9D1D3CAB1000000004D530000FF
:10F96000A3A8C8EDBCFEB3ACD1B9B9A6C4DCA3A9A9
:10F9700000000000490300204A0300204B03002040
:10F9800069030020BDF8CBAED1B9B8DFBDDAC4DC65
:10F99000456E0000CDA3BBFAD1D3CAB10000000070
:10F9A00020530000BFAABBFAD1D3CAB100000000A7
:10F9B000A3A8BDF8CBAEB8DFBDDAC4DC474EA3A91F
:10F9C00000000000FE48007800284AD1FD48007879
:10F9D000022802D1FAF7BFFF1CBDFB4800780328BC
:10F9E00002DD0020F8490870F748007888B9012046
:10F9F000F54908700020F5490870F5490880F54977
:10FA00000870F0480078012803D10220ED49087001
:10FA1000E2E7ED480078012808D10021EE48EDF733
:10FA200078FD04460121EDF745FB1AE0E648007831
:10FA3000022809D10021E8484838EDF76AFD04465C
:10FA40000121EDF737FB0CE0DF480078032808D1EF
:10FA50000021E1484638EDF75CFD04460121EDF751
:10FA600029FB00BFB8E71CB5DC480088DC490988E1
:10FA700088421FD0DA480088D8490880FAF753FF37
:10FA8000D8A1802010F064F8AFF60021872010F094
:10FA90005FF8D8A1902010F05BF8AFF2FC0197203E
:10FAA00010F056F8D649882010F052F8D5A19820C9
:10FAB00010F04EF80220FBF7A4FAD7480078002196
:10FAC000C54B9B1C0A46CDE9001001218720FBF79E
:10FAD0001FF8D24800780021BF4B1B1F0A46CDE912
:10FAE000001005219420FBF713F80020CC49087082
:10FAF000B3480078012809D10220B14908700020DC
:10FB0000B2490870B2490880B2490870AC48007820
:10FB100002281FD1AC48007801280BD10021AE4843
:10FB2000801CEDF7F6FC0446BE4801882046EDF740
:10FB300071FB51E0A448007802284DD10021A6486D
:10FB4000001FEDF7E6FC0446B64801882046EDF7B5
:10FB500061FB41E09A48007800283DD1994800783F
:10FB6000022802D1FAF7F7FE1CBD97480078022858
:10FB700002DD0020944908709348007888B901207C
:10FB80009149087000209149087091490880914975
:10FB900008708C480078012803D102208949087038
:10FBA000E2E789480078012809D100218A48801CB1
:10FBB000EDF7AFFC04460121EDF77CFA0CE082483A
:10FBC0000078022808D100218348001FEDF7A1FC2E
:10FBD00004460121EDF76EFA00BFC5E71CB57F486A
:10FBE00000887F49098888421AD07D4800887B496F
:10FBF0000880FAF798FE8CA180200FF0A9FFAFF6DD
:10FC0000643187200FF0A4FF7D4990200FF0A0FF02
:10FC10007B4988200FF09CFF86A198200FF098FF69
:10FC20000120FBF7EEF97C48007800216A4B58333D
:10FC30000A46CDE9001005218420FAF769FF00206B
:10FC4000774908705E480078012809D102205C4994
:10FC5000087000205D4908705D4908805D490870A2
:10FC60005748007802280FD15748007801283ED124
:10FC7000002159485830EDF74CFC0446694801888A
:10FC80002046EDF7C7FA32E04D48007878BB4D4882
:10FC90000078022802D1FAF75EFE1CBD4A480078BF
:10FCA000012802DD0020484908704748007888B9DB
:10FCB00001204549087000204449087044490880E3
:10FCC000444908703F480078012803D102203D498B
:10FCD0000870E2E73C480078012808D100213E483E
:10FCE0005830EDF716FC04460121EDF7E3F900BFAB
:10FCF000D3E71CB5394800883949098888421ED0A5
:10FD00003748008835490880FAF70DFE4EA180205B
:10FD10000FF01EFFAFF68C4187200FF019FF4DA1A9
:10FD200090200FF015FF4EA197200FF011FF3449DE
:10FD300088200FF00DFF4BA198200FF009FF022043
:10FD4000FBF75FF9344800780021234B94330A46CF
:10FD5000CDE9001005218420FAF7DAFE2F4800785B
:10FD600000211D4B98330122CDE90010042194207D
:10FD7000FAF7CEFE00202A490870114800780128C1
:10FD800009D102200E49087000201049087010495E
:10FD90000880104908700A48007802287CD10A4877
:10FDA0000078012869D100210B489430EDF7B1FBB0
:10FDB00004461C4801882046EDF72CFAADE06BE0C4
:10FDC0004A0000205E0300206C0100206301002037
:10FDD0006601002062010020320900204403002057
:10FDE00042030020BDF8CBAED1B9B8DFB1A3BBA4AC
:10FDF000456E0000B1A3BBA4D1D3CAB1000000007E
:10FE000034C20108A3A8BDF8CBAEB8DFB1A3BBA430
:10FE1000474EA3A900000000490300204A03002028
:10FE2000690300204E000020B1EDBBB5D1D3CAB1AB
:10FE300000000000A3A8D1B9C1A6B4ABB8D0BBB52F
:10FE4000474EA3A900000000C8EDCDA3CAB9C4DC89
:10FE500000000000C3BFC3EBBCF5C6B50000000046
:10FE6000487A0000A3A8C9E8B1B8C8EDCDA3B9A6E7
:10FE7000C4DCA3A900000000FFE7F84800780228CE
:10FE80004BD10021F648EDF744FB0446F5480188C4
:10FE90002046EDF7BFF940E0F348007800283CD158
:10FEA000F2480078022802D1FAF755FD1CBDEB4854
:10FEB0000078022802DD0020E8490870E748007851
:10FEC00088B90120E54908700020E9490870E9492E
:10FED0000880E9490870E5480078012803D102202C
:10FEE000E2490870E2E7DD480078012809D10021E5
:10FEF000DB48001FEDF70DFB04460121EDF7DAF8B2
:10FF00000BE0D6480078022807D10021D448EDF74D
:10FF100000FB04460121EDF7CDF800BFC6E71CB594
:10FF2000D6480088D6490988884229D0D448008814
:10FF3000D2490880FAF7F7FCD2A180200FF008FE22
:10FF4000AFF6B86187200FF003FED1A190200FF02B
:10FF5000FFFDAFF2086197200FF0FAFDCFA18820D6
:10FF60000FF0F6FDAFF208118F200FF0F1FDCEA1DA
:10FF700098200FF0EDFDAFF218119F200FF0E8FD73
:10FF80000420FBF73EF8CB4800780021B44B0C3B33
:10FF90000A46CDE9001003218520FAF7B9FDC648CD
:10FFA00000780021AE4B9B1F0322CDE900100421F5
:10FFB0009420FAF7ADFDC14800780021A84B0A3B18
:10FFC0000122CDE9001004218C20FAF7A1FDBC48E4
:10FFD00000780021A24B083B0122CDE9001004214A
:10FFE0009C20FAF795FD0020B64908709E480078DD
:10FFF000012809D102209C49087000209C49087002
:020000040802F0
:100000009C4908809C4908709748007802283FD195
:100010009248007801280BD1002191480C38EDF767
:1000200078FA04468F4801882046EDF7F3F88DE012
:100030008A48007802280BD100218948801FEDF7FB
:1000400068FA0446874801882046EDF7E3F87DE02A
:100050008248007803280BD1002181480A38EDF747
:1000600058FA04467F4801882046EDF7D3F86DE042
:100070007A480078042869D1002179480838EDF7DA
:1000800048FA0446774801882046EDF7C3F85DE05A
:1000900075480078002859D174480078022802D1A8
:1000A000FAF759FC1CBD6D480078042802DD0020D9
:1000B0006A4908706948007888B901206749087062
:1000C00000206B4908706B4908806B4908706748CD
:1000D0000078012803D1022064490870E2E75F48F4
:1000E0000078012809D100215D480C38EDF711FA9C
:1000F00004460121ECF7DEFF28E05848007802288A
:1001000009D100215648801FEDF703FA044601216A
:10011000ECF7D0FF1AE051480078032809D10021FC
:100120004F480A38EDF7F5F904460121ECF7C2FF14
:100130000CE04A480078042808D1002148480838D3
:10014000EDF7E7F904460121ECF7B4FF00BFA9E79A
:100150001CB54A4800884A490988884228D048483E
:10016000008846490880FAF7DEFB57A180200FF08F
:10017000EFFC58A187200FF0EBFC57A190200FF067
:10018000E7FCAFF2243197200FF0E2FC55A1882064
:100190000FF0DEFCAFF64C018F200FF0D9FC54A11C
:1001A00098200FF0D5FCAFF608019F200FF0D0FC8F
:1001B0000420FAF726FF3F48007800214F4B0A46FB
:1001C000CDE9001005218420FAF7A2FC3A48007816
:1001D00000214A4B1B1D0122CDE90010042194206F
:1001E000FAF796FC354800780021444B0C33032283
:1001F000CDE9001004218C20FAF78AFC3048007801
:1002000000213E4B0E330A46CDE9001005219C200B
:10021000FAF77EFC00202B4908701348007801286B
:1002200009D10220104908700020114908701149B5
:100230000880114908700C48007802286FD10748DF
:10024000007801285CD100212C48EDF762F90446C2
:10025000044801882046ECF7DDFFDEE06C01002059
:10026000CA0900204E0000204A0000205E03002042
:100270006301002066010020620100204403002089
:1002800042030020BDF8CBAECFDEC6B5456E000000
:10029000BDF8C9E8B6A8D1B900000000C3BFC3EBE0
:1002A000BDB5C6B500000000D7EEB5CDC6B5C2CA13
:1002B00000000000490300204A0300204B030020F7
:1002C0004C03002069030020D0A14C4CCAB9C4DC07
:1002D0000000000020200000D0A14C4CC6B5C2CACE
:1002E00000000000BAE3D1B9C6ABB2EE00000000D6
:1002F000BAE3D1B9D1D3CAB100000000B6080020DA
:10030000FE48007802280BD10021FD48EDF701F9E5
:100310000446FC4801882046ECF77CFF7DE01FE0A6
:10032000F648007803280BD10021F5480830EDF796
:10033000F0F80446F34801882046ECF76BFF6CE0C8
:10034000EE480078042868D10021ED480A30EDF726
:10035000E0F80446EB4801882046ECF75BFF5CE0E0
:10036000E9480078002858D1E8480078022802D1EE
:10037000FAF7F1FA1CBDE1480078042802DD0020FC
:10038000DE490870DD48007888B90120DB49087033
:100390000020DF490870DF490880DF490870DB482A
:1003A0000078012803D10220D8490870E2E7D34839
:1003B0000078012809D10021D148001FEDF7A9F8E4
:1003C00004460121ECF776FE27E0CC4800780228AD
:1003D00008D10021CA48EDF79CF804460121ECF74A
:1003E00069FE1AE0C5480078032809D10021C448F5
:1003F0000830EDF78EF804460121ECF75BFE0CE0C7
:10040000BE480078042808D10021BD480A30EDF725
:1004100080F804460121ECF74DFE00BFAAE71CB5A9
:10042000BE480088BE490988884229D0BC48008857
:10043000BA490880FAF777FABAA180200FF088FB52
:10044000AFF6F82187200FF083FBB9A190200FF0C1
:100450007FFBAFF6B42197200FF07AFBB7A188207D
:100460000FF076FBAFF6C8218F200FF071FBB6A11D
:1004700098200FF06DFBAFF6D8219F200FF068FB9E
:100480000320FAF7BEFDB348007800219C4B9B1E69
:100490000222CDE9001004218420FAF739FBAE488E
:1004A00000780021964B1B1D0A46CDE9001005215E
:1004B0009420FAF72DFBA94800780021904BD833FF
:1004C0000A46CDE9001005218C20FAF721FB002017
:1004D0000121A34B0246CDE9001003219D20FAF72C
:1004E00017FB00209F49087087480078012809D130
:1004F00002208549087000208549087085490880D8
:10050000854908708048007802283ED17B480078F1
:1005100001280BD100217A48801EECF7FAFF04462F
:10052000784801882046ECF775FE8BE07348007828
:1005300002280BD100217248001DECF7EAFF0446A7
:10054000704801882046ECF765FE7BE06B48007838
:1005500003280BD100216A48D830ECF7DAFF0446B3
:10056000684801882046ECF755FE6BE06348007848
:10057000042867D101217A48ECF7CBFF0446614893
:1005800001882046ECF746FE5CE05F4800780028D2
:1005900058D15E480078022802D1FAF7DCF91CBD78
:1005A00056480078042802DD00205449087053485A
:1005B000007888B90120514908700020544908701A
:1005C000544908805449087050480078012803D1E4
:1005D00002204E490870E2E748480078012809D116
:1005E00000214748801EECF794FF04460121ECF7F8
:1005F00061FD27E041480078022809D100214048E8
:10060000001DECF786FF04460121ECF753FD19E0CD
:100610003A480078032809D100213948D830ECF74E
:1006200078FF04460121ECF745FD0BE033480078E4
:10063000042807D101214A48ECF76BFF0446012149
:10064000ECF738FD00BFAAE71CB5344800883449F0
:100650000988884228D03248008830490880FAF753
:1006600062F941A180200FF073FA42A187200FF0B8
:100670006FFA41A190200FF06BFAAFF2A8319720EA
:100680000FF066FA3FA188200FF062FAAFF64451EE
:100690008F200FF05DFA3EA198200FF059FAAFF6C7
:1006A00040019F200FF054FA0420FAF7AAFC2948D1
:1006B00000780021124B9B1C0A46CDE90010052151
:1006C0008420FAF725FA2448007800210C4B6A337D
:1006D0000A46CDE9001003219520FAF719FA1F48C0
:1006E00000780021064B9B1D0322CDE90010042158
:1006F0008C20FAF70DFA2948007851E06C010020AF
:10070000BA0800204E0000204A0000205E030020AE
:1007100063010020660100206201002044030020E4
:1007200042030020D0A14C4CD1B9C1A6000000006A
:10073000D0A14C4CBCE4B8F400000000D0A14C4C5B
:10074000C6C6BBB500000000D0A14C4CBAE3D1B97D
:100750005F720000490300204A0300204B03002081
:10076000800C002069030020D0A14C4CC9CFC9FDEA
:1007700000000000C3EB0000B2BBBAE3D1B92D31D9
:10078000456E0000CDCBB3F6C6ABB2EE0000000064
:10079000C3BFC3EBD4F6C6B5000000004C03002075
:1007A0000021FE4B0122CDE9001004219C20FAF724
:1007B000AFF90020FA490870FA480078012809D1F9
:1007C0000220F84908700020F7490870F7490880AE
:1007D000F7490870F348007802283CD1F5480078C2
:1007E00001280AD10021F448ECF793FE0446F348AF
:1007F00001882046ECF70EFD0EE0EE480078022856
:100800000AD10021EC486830ECF783FE0446EB483F
:1008100001882046ECF7FEFCE648007803280BD15F
:100820000021E548001DECF774FE0446E34801880A
:100830002046ECF7EFFC69E0DE480078042865D13B
:100840000021D648ECF765FE0446DC4801882046C6
:10085000ECF7E0FC5AE0D3480078002856D1D8489D
:100860000078022802D1FAF776F81CBDD14800784A
:10087000042802DD0020CF490870CE48007888B9EE
:100880000120CC4908700020C7490870C74908807A
:10089000C7490870CA480078012803D10220C84916
:1008A0000870E2E7C3480078012808D10021C24857
:1008B000ECF72FFE04460121ECF7FCFB0CE0BD48F1
:1008C0000078022808D10021BB486830ECF721FEEF
:1008D00004460121ECF7EEFBB6480078032809D165
:1008E0000021B548001DECF714FE04460121ECF789
:1008F000E1FB0BE0AF480078042807D10021A748AE
:10090000ECF707FE04460121ECF7D4FB00BFACE78F
:100910001CB5AC480088AC490988884229D0AA484F
:100920000088A8490880F9F7FEFFA8A180200FF0F1
:100930000FF9AFF2606187200FF00AF9A6A19020AD
:100940000FF006F9AFF2746197200FF001F9A5A13D
:1009500088200FF0FDF8AFF284618F200FF0F8F8D7
:10096000A3A198200FF0F4F8AFF60C319F200FF000
:10097000EFF80420FAF745FBA048007800218E4BE1
:1009800084330A46CDE9001005218420FAF7C0F827
:100990009B4800780021884B82330A46CDE900103D
:1009A00005219420FAF7B4F8964800780021824B8C
:1009B0007E330A46CDE9001005218C20FAF7A8F80D
:1009C0009148007800217C4B363B0122CDE9001094
:1009D00004219C20FAF79CF80020714908707148A6
:1009E0000078012809D102206E49087000206E4964
:1009F00008706E4908806E4908706A4800780228BD
:100A00003FD16C48007801280BD100216A4884301E
:100A1000ECF77FFD0446694801882046ECF7FAFBB5
:100A20008DE06448007802280BD1002162488230B2
:100A3000ECF76FFD0446614801882046ECF7EAFBBD
:100A40007DE05C48007803280BD100215A487E30B5
:100A5000ECF75FFD0446594801882046ECF7DAFBC5
:100A60006DE054480078042869D100215248363896
:100A7000ECF74FFD0446514801882046ECF7CAFBCD
:100A80005DE048480078002859D14D480078022898
:100A900002D1F9F760FF1CBD46480078042802DD4A
:100AA0000020444908704348007888B90120414932
:100AB000087000203C4908703C4908803C49087097
:100AC0003F480078012803D102203D490870E2E741
:100AD00038480078012809D1002137488430ECF7E4
:100AE00018FD04460121ECF7E5FA28E031480078CA
:100AF000022809D1002130488230ECF70AFD044673
:100B00000121ECF7D7FA1AE02A480078032809D126
:100B1000002129487E30ECF7FCFC04460121ECF76B
:100B2000C9FA0CE023480078042808D100212248A3
:100B30003638ECF7EEFC04460121ECF7BBFA00BFB7
:100B4000A9E71CB51F4800881F49098888427BD047
:100B50001D4800881B490880F9F7E5FE2BA180207D
:100B60000EF0F6FF2CA187200EF0F2FF2BA19020B3
:100B70000EF0EEFF28A197200EF0EAFF2AA18820B0
:100B80000EF0E6FFAFF6B4018F200EF0E1FF29A1D1
:100B900098200EF0DDFFAFF6C40152E0060A0020F7
:100BA000690300204A000020630100206601002044
:100BB000620100206C010020BC0800204E000020D3
:100BC0005E03002044030020420300204D61782092
:100BD0004149D6B5000000004D6178504944D6B572
:100BE000000000004D6178205666D6B50000000078
:100BF000D7EED0A1C6B5C2CA00000000490300204C
:100C00004A0300204B0300204C030020BAE3D1B973
:100C1000B3A4D1D3CAB1000020530000BCD3D1B9D2
:100C2000B6CCD1D3CAB10000B1E4D1B9CFB5CAFDB9
:100C300000000000BDF8CBAEC6ABB2EE0000000075
:100C400002E09F200EF084FF0420FAF7DAF9FE4854
:100C500000780021FD4B0A46CDE9001003218520D4
:100C6000F9F756FFFA4800780021F84B9B1C0A461A
:100C7000CDE9001003219520F9F74AFFF5480078E7
:100C80000021F24B08330A46CDE9001005218C20E3
:100C9000F9F73EFFF04800780021EC4B9B1D0A4617
:100CA000CDE9001005219C20F9F732FF0020EB4927
:100CB0000870EB480078012809D10220E849087043
:100CC0000020E8490870E8490880E8490870E448CD
:100CD000007802283ED1E648007801280AD1002198
:100CE000DA48ECF716FC0446E24801882046ECF7A7
:100CF00091FA8CE0DE48007802280BD10021D3481D
:100D0000801CECF706FC0446DA4801882046ECF724
:100D100081FA7CE0D648007803280BD10021CB482B
:100D20000830ECF7F6FB0446D24801882046ECF781
:100D300071FA6CE0CE480078042868D10021C348DD
:100D4000801DECF7E6FB0446CA4801882046ECF714
:100D500061FA5CE0C2480078002858D1C6480078A3
:100D6000022802D1F9F7F7FD1CBDC148007804281C
:100D700002DD0020BE490870BD48007888B9012016
:100D8000BB4908700020B7490870B7490880B749C7
:100D90000870B9480078012803D10220B6490870CC
:100DA000E2E7B3480078012808D10021A748ECF712
:100DB000B0FB04460121ECF77DF928E0AC4800784F
:100DC000022809D10021A148801CECF7A2FB0446AF
:100DD0000121ECF76FF91AE0A5480078032809D142
:100DE00000219A480830ECF794FB04460121ECF707
:100DF00061F90CE09E480078042808D1002193484E
:100E0000801DECF786FB04460121ECF753F900BF87
:100E1000AAE71CB59948008899490988884224D0D6
:100E20009748008895490880F9F77DFD95A18020B5
:100E30000EF08EFEAFF6643187200EF089FE94A18D
:100E400090200EF085FEAFF6E87197200EF080FE40
:100E5000924988200EF07CFE91A198200EF078FE39
:100E6000AFF690319F200EF073FE0220FAF7C9F81A
:100E7000754800780021754B7C3B0A46CDE900108F
:100E800005218420F9F744FE7148007800216F4B5A
:100E90007A3B0122CDE9001004219420F9F738FEB5
:100EA00000206E4908706E480078012809D10220A0
:100EB0006B49087000206B4908706B4908806B49CA
:100EC00008706748007802281FD169480078012817
:100ED0000BD100215D487C38ECF71BFB04466548CC
:100EE00001882046ECF796F951E061480078022825
:100EF0004DD1002155487A38ECF70BFB04465D488C
:100F000001882046ECF786F941E055480078002832
:100F10003DD159480078022802D1F9F71CFD1CBDCB
:100F200053480078022802DD0020514908705048DB
:100F3000007888B901204E4908700020494908709E
:100F400049490880494908704B480078012803D175
:100F5000022049490870E2E745480078012809D194
:100F600000213A487C38ECF7D4FA04460121ECF72A
:100F7000A1F80CE03E480078022808D1002133484F
:100F80007A38ECF7C6FA04460121ECF793F800BF73
:100F9000C5E71CB53948008839490988884226D0F8
:100FA0003748008835490880F9F7BDFC40A180200A
:100FB0000EF0CEFDAFF6E44187200EF0C9FD40A152
:100FC00090200EF0C5FD41A197200EF0C1FD40A17B
:100FD00088200EF0BDFD40A18F200EF0B9FD3FA18D
:100FE00098200EF0B5FD39A19F200EF0B1FD032031
:100FF000FAF707F81448007800213B4B0A46CDE980
:10100000001002218620F9F783FD114800780021A5
:10101000354B983B0A46CDE9001003219520F9F79E
:1010200077FD0C48007800212F4B34330A46CDE978
:10103000001003218D20F9F76BFD002001212B4BBF
:101040000246CDE9001053E049030020260A0020A3
:101050004A0300204B0300204C03002069030020BA
:101060004A00002063010020660100206201002088
:101070006C0100204E0000205E030020440300208D
:1010800042030020B6A8C6B5C4A3CABD0000000034
:10109000B6A8C6B5C6B5C2CA0000000034C2010871
:1010A000A3A8B4CBC4A3CABDCAD6B6AFA3A9000037
:1010B000BDF8CBAEC6ABB2EEB1B6CAFD00000000C3
:1010C000B1E4C6B5B8B4CEBBCAFD0000B4CE0000D2
:1010D000B1E4C6B5B8B4CEBBC3EB0000D2D1B1A861
:1010E000BEAFB4CECAFD0000260900207C0C002053
:1010F00003219D20F9F70CFD0020FE490870FE48F1
:101100000078012809D10220FB4908700020FB4922
:101110000870FB490880FB490870F74800780228EE
:101120003DD1F948007801280AD10021F748ECF7B1
:10113000F0F90446F64801882046ECF76BF88AE09F
:10114000F148007802280BD10021F0489838ECF7DC
:10115000E0F90446EE4801882046ECF75BF87AE0B7
:10116000E948007803280BD10021E8483430ECF737
:10117000D0F90446E64801882046ECF74BF86AE0CF
:10118000E1480078042866D10121E248ECF7C1F972
:101190000446DF4801882046ECF73CF85BE0D6487F
:1011A0000078002857D1DC480078022802D1F9F7EE
:1011B000D2FB1CBDD4480078042802DD0020D249AF
:1011C0000870D148007888B90120CF490870002004
:1011D000CA490870CA490880CA490870CE480078D0
:1011E000012803D10220CC490870E2E7C648007804
:1011F000012808D10021C548ECF78BF904460121EC
:10120000EBF758FF27E0C0480078022809D10021F9
:10121000BE489838ECF77DF904460121EBF74AFF08
:1012200019E0B9480078032809D10021B7483430C3
:10123000ECF76FF904460121EBF73CFF0BE0B248F5
:101240000078042807D10121B248ECF762F904467E
:101250000121EBF72FFF00BFABE71CB5AF480088BB
:10126000AF490988884219D0AD480088AB49088049
:10127000F9F759FBABA180200EF06AFCACA19020DD
:101280000EF066FCADA188200EF062FCAEA18F20AE
:101290000EF05EFCADA198200EF05AFC0420F9F788
:1012A000B0FEAD48007801219A4B6E330022CDE9A3
:1012B000001005218520F9F72BFCA84800780121B2
:1012C000944B70330022CDE9001005219520F9F7E9
:1012D0001FFCA348007800218C4B82330A46CDE9DD
:1012E000001005218C20F9F713FC9E48007800219E
:1012F000864B8A330A46CDE9001005219D20F9F777
:1013000007FC00207B4908707B480078012809D140
:1013100002207949087000207849087078490880CF
:10132000784908707448007802283FD176480078E0
:1013300001280BD1012177486E30ECF7EAF804461A
:10134000734801882046EBF765FF8DE06E48007812
:1013500002280BD101216F487030ECF7DAF804460F
:101360006B4801882046EBF755FF7DE06648007822
:1013700003280BD1002165488230ECF7CAF80446F7
:10138000634801882046EBF745FF6DE05E48007832
:10139000042869D100215D488A30ECF7BAF8044688
:1013A0005B4801882046EBF735FF5DE05248007846
:1013B000002859D158480078022802D1F9F7CBFA11
:1013C0001CBD51480078042802DD00204E490870F9
:1013D0004D48007888B901204B49087000204749E2
:1013E000087047490880474908704B480078012831
:1013F00003D1022048490870E2E7434800780128F9
:1014000009D1012143486E30ECF783F804460121ED
:10141000EBF750FE28E03C480078022809D1012172
:101420003C487030ECF775F804460121EBF742FEBA
:101430001AE035480078032809D10021334882306A
:10144000ECF767F804460121EBF734FE0CE02E4878
:101450000078042808D100212C488A30ECF759F88C
:1014600004460121EBF726FE00BFA9E71CB52B4877
:1014700000882B49098888421DD0294800882749BF
:101480000880F9F750FA38A180200EF061FB3B4943
:1014900090200EF05DFB3AA191200EF059FB3AA18D
:1014A00088200EF055FB354998200EF051FB34A1F1
:1014B00099200EF04DFB0220F9F7A3FD2648007895
:1014C0000021364B0A46CDE9001005219420F9F79A
:1014D0001FFB224800780021304B10330A46CDE92B
:1014E000001005219C20F9F713FB0020014908702A
:1014F000014855E0690300204A00002063010020F4
:1015000066010020620100206C01002026090020F5
:101510004E0000207C0C00205E03002044030020CD
:1015200042030020D1A1D4F1B2CECAFDCFEE00001B
:1015300020202020B2CECAFDD6B50000B0B4BCFC3D
:10154000BCE4B8F4000000004D530000B1E4C6B59F
:10155000BCF5B4CEC3EB0000490300204A030020D1
:101560004B0300204C030020CBAED4B4C7D0BBBB90
:10157000CAB9C4DC3A2020200000000034C20108AF
:1015800028302D312920000044444620CAD6B6AF69
:10159000CAB9C4DC3A202020000000003A0A00202A
:1015A0000078012809D10220FC4908700020FC497C
:1015B0000870FC490880FC490870F8480078022847
:1015C0001ED1FA48007801280AD10021F848EBF72B
:1015D000A0FF0446F74801882046EBF71BFE50E0C9
:1015E000F248007802284CD10021F1481030EBF786
:1015F00090FF0446EF4801882046EBF70BFE40E0E1
:10160000E648007800283CD1EB480078022802D157
:10161000F9F7A1F91CBDE5480078022802DD002099
:10162000E2490870E148007888B90120DF49087074
:101630000020DB490870DB490880DB490870DE4880
:101640000078012803D10220DB490870E2E7D7487F
:101650000078012808D10021D548EBF75AFF04464D
:101660000121EBF727FD0CE0D0480078022808D1D3
:101670000021CF481030EBF74CFF04460121EBF777
:1016800019FD00BFC6E71CB5CC480088CC490988C5
:1016900088421FD0CA480088C8490880F9F743F932
:1016A000C8A180200EF054FACB4990200EF050FAD9
:1016B000AFF2601197200EF04BFAC8A188200EF00F
:1016C00047FAC54998200EF043FAAFF278119F20EF
:1016D0000EF03EFA0220F9F794FCC548007800218C
:1016E000B34B083B0A46CDE9001005219320F9F7DA
:1016F0000FFAC04800780021AD4B9B1F0A46CDE988
:10170000001005219B20F9F703FA0020BA49087060
:10171000A2480078012809D10220A04908700020C1
:101720009F4908709F4908809F4908709B4800782E
:1017300002281FD19D48007801280BD100219C4828
:101740000838EBF7E6FE04469A4801882046EBF796
:1017500061FD51E09548007802284DD10021944860
:10176000801FEBF7D6FE0446924801882046EBF72F
:1017700051FD41E08948007800283DD18E4800782D
:10178000022802D1F9F7E7F81CBD88480078022842
:1017900002DD0020854908708448007888B901205E
:1017A0008249087000207E4908707E4908807E4981
:1017B000087081480078012803D102207E49087012
:1017C000E2E77A480078012809D1002178480838F2
:1017D000EBF79FFE04460121EBF76CFC0CE073482D
:1017E0000078022808D100217148801FEBF791FE94
:1017F00004460121EBF75EFC00BFC5E71CB56F484E
:1018000000886F49098888421DD06D4800886B495F
:101810000880F9F788F879A180200EF099F96E49CF
:1018200090200EF095F97AA197200EF091F979A108
:1018300088200EF08DF9684998200EF089F974A17E
:101840009F200EF085F90120F9F7DBFB684800784E
:101850000021574B0A3B0A46CDE900100521932091
:10186000F9F756F9002001216F4B0246CDE900102F
:1018700005219B20F9F74CF900205F490870474883
:101880000078012809D10220444908700020444909
:10189000087044490880444908704048007802288C
:1018A0001ED14248007801280BD1002140480A3857
:1018B000EBF72FFE04463F4801882046EBF7AAFCD1
:1018C0004FE03A48007802284BD101215648EBF707
:1018D00020FE0446374801882046EBF79BFC40E099
:1018E0002E48007800283CD133480078022802D1E5
:1018F000F9F731F81CBD2D480078022802DD0020E0
:101900002A4908702948007888B9012027490870B9
:10191000002023490870234908802349087026487D
:101920000078012803D1022023490870E2E71F480C
:101930000078012809D100211D480A38EBF7E9FD9C
:1019400004460121EBF7B6FB0BE0184800780228AB
:1019500007D101213448EBF7DCFD04460121EBF708
:10196000A9FB00BFC6E71CB51448008814490988C4
:10197000884272D01248008810490880F8F7D3FFD7
:101980002AA180200EF0E4F8134990200EF0E0F830
:101990001FA197200EF0DCF852E05EE04A00002024
:1019A0006301002066010020620100206C0100201C
:1019B0003A0A00204E0000205E030020440300206D
:1019C00042030020BFAAB5E7B6AFB7A7CAB1BCE4CF
:1019D0003A2020200000000034C20108B9D8B5E741
:1019E000B6AFB7A7CAB1BCE43A202020000000007F
:1019F000490300204A03002069030020D7D4C0B463
:101A0000CBAEC7D0BBBBCAB1BCE43A20202000009B
:101A1000B7D60000D7D4C0B4CBAEC7D0BBBBD7DFDE
:101A2000CAB13A2020200000560E0020CBAECFE4F1
:101A3000C7D0BBBBCAB1BCE43A20202020200000A4
:101A4000F7A188200EF084F8FA4998200EF080F86B
:101A5000AFF244019F200EF07BF80120F9F7D1FA94
:101A6000F54800780021F54B0A46CDE90010052124
:101A70009320F9F74DF800200121F14B0246CDE902
:101A8000001005219B20F9F743F80020ED4908706C
:101A9000ED480078012809D10220EB4908700020A8
:101AA000EA490870EA490880EA490870E64800787F
:101AB00002281DD1E848007801280AD10021DF481A
:101AC000EBF727FD0446E54801882046EBF7A2FB2B
:101AD0004EE0E148007802284AD10121D848EBF7CE
:101AE00018FD0446DD4801882046EBF793FB3FE0F4
:101AF000D548007800283BD1D9480078022802D187
:101B0000F8F729FF1CBDD4480078022802DD002028
:101B1000D1490870D048007888B90120CE490870B2
:101B20000020CA490870CA490880CA490870CC48D0
:101B30000078012803D10220C9490870E2E7C648AD
:101B40000078012808D10021BC48EBF7E2FC0446EC
:101B50000121EBF7AFFA0BE0BF480078022807D16C
:101B60000121B748EBF7D5FC04460121EBF7A2FAB7
:101B700000BFC7E71CB5BB480088BB49098888423D
:101B80001DD0B9480088B7490880F8F7CCFEB7A146
:101B900080200DF0DDFFA74990200DF0D9FFB8A1FE
:101BA00097200DF0D5FFB7A188200DF0D1FFA149F6
:101BB00098200DF0CDFFB2A19F200DF0C9FF0220AB
:101BC000F9F71FFA9C48007800219C4B1B1D0A4620
:101BD000CDE9001005219320F8F79AFFAE48007870
:101BE0000021964B08330A46CDE9001005219B20C1
:101BF000F8F78EFF00209349087093480078012879
:101C000009D102209049087000209049087090493D
:101C10000880904908708C48007802281FD18E48AF
:101C2000007801280BD100218448001DEBF771FCDE
:101C300004468A4801882046EBF7ECFA51E08648D2
:101C4000007802284DD100217C480830EBF761FC78
:101C50000446824801882046EBF7DCFA41E07A48E6
:101C6000007800283DD17E480078022802D1F8F79C
:101C700072FE1CBD78480078022802DD00207649FB
:101C800008707548007888B90120734908700020F1
:101C90006E4908706E4908806E4908707048007877
:101CA000012803D102206E490870E2E76A480078F3
:101CB000012809D100216148001DEBF72AFC0446E8
:101CC0000121EBF7F7F90CE063480078022808D10E
:101CD00000215A480830EBF71CFC04460121EBF7C1
:101CE000E9F900BFC5E71CB55E4800885E49098870
:101CF00088421DD05C4800885A490880F8F713FED6
:101D000066A180200DF024FF4A4990200DF020FFAD
:101D10005BA197200DF01CFF65A188200DF018FF36
:101D2000444998200DF014FF55A19F200DF010FF9D
:101D30000220F9F766F94048007800213F4B9B1DCF
:101D40000A46CDE9001005219320F8F7E1FE52483C
:101D500000780021394B0A330A46CDE900100521ED
:101D60009B20F8F7D5FE00203649087036480078E9
:101D7000012809D102203449087000203349087035
:101D800033490880334908702F48007802281FD152
:101D90003148007801280BD100212848801DEBF73D
:101DA000B8FB04462D4801882046EBF733FAA4E03F
:101DB0002948007802280AD1002120480A30EBF790
:101DC000A8FB0446254801882046EBF723FA94E057
:101DD0001D480078002875D121480078022802D1DA
:101DE000F8F7B9FD1CBD1C480078022802DD002070
:101DF000194908701848007888B9012016490870F8
:101E000000201249087012490880124908701448CD
:101E10000078012857D1022011490870E2E752E00A
:101E2000CBAECFE4C7D0BBBBD7DFCAB13A202020AE
:101E30002020000034C2010849030020380A002095
:101E4000580E0020690300204A0000206301002092
:101E500066010020620100206C0100204E0000207D
:101E60005E0300204403002042030020B6A8B5E32F
:101E7000B9D8B7A7CAB1BCE4313A202000000000AD
:101E8000484D0000B6A8B5E3BFAAB7A7CAB1BCE4E5
:101E9000313A2020200000004A030020B6A8B5E314
:101EA000B9D8B7A7CAB1BCE4323A2020000000007C
:101EB000B6A8B5E3BFAAB7A7CAB1BCE4323A20209E
:101EC0002000000019E0FE480078012808D1002118
:101ED000FC48EBF71EFB04460121EBF7EBF80CE0A6
:101EE000F7480078022808D10021F648001DEBF7DA
:101EF00010FB04460121EBF7DDF800BF72E71CB5CB
:101F0000F1480088F149098888421FD0EF480088CD
:101F1000ED490880F8F707FDEDA180200DF018FECF
:101F2000F04990200DF014FEAFF2AC0197200DF0B7
:101F30000FFEEDA188200DF00BFEEA4998200DF070
:101F400007FEAFF2C4019F200DF002FE0220F9F758
:101F500058F8EA4800780021DA4B08330A46CDE900
:101F6000001005219320F8F7D3FDE5480078002103
:101F7000D44B0A330A46CDE9001005219B20F8F71F
:101F8000C7FD0020DF490870DF480078012809D12B
:101F90000220DD4908700020DC490870DC49088017
:101FA000DC490870D848007802281FD1C44800785E
:101FB00001280BD10021C3480830EBF7AAFA0446E8
:101FC000D54801882046EBF725F951E0BC48007858
:101FD00002284DD10021BB480A30EBF79AFA04469B
:101FE000CD4801882046EBF715F941E0C648007856
:101FF00000283DD1C9480078022802D1F8F7ABFC8F
:102000001CBDAF480078022802DD0020AC490870F2
:10201000AB48007888B90120A94908700020BB4965
:102020000870BB490880BB490870BC48007801288B
:1020300003D10220B9490870E2E7A14800780128DD
:1020400009D100219F480830EBF763FA04460121CB
:10205000EBF730F80CE09A480078022808D100210C
:1020600098480A30EBF755FA04460121EBF722F8BD
:1020700000BFC5E71CB59448008894490988884288
:102080001FD09248008890490880F8F74CFCA4A122
:1020900080200DF05DFD934990200DF059FDAFF2C9
:1020A000702197200DF054FDA2A188200DF050FD65
:1020B0008C4998200DF04CFDAFF28C219F200DF043
:1020C00047FD0220F8F79DFF8C48007801219E4BC8
:1020D0000022CDE9001005219320F8F719FD88486A
:1020E00000780121984B723B0022CDE900100221BB
:1020F0008E20F8F70DFD0020824908708248007894
:10210000012809D102208049087000207F49087009
:102110007F4908807F4908707B48007802281ED1DB
:102120006748007801280AD101218748EBF7F1F9C7
:102130000446794801882046EBF76CF850E0604887
:10214000007802284CD101217F487238EBF7E1F981
:102150000446714801882046EBF75CF840E06A4885
:10216000007800283CD16D480078022802D1F8F7A9
:10217000F2FB1CBD52480078022802DD00205049C5
:1021800008704F48007888B901204D490870002038
:102190005E4908705E4908805E4908705F480078B3
:1021A000012803D102205D490870E2E74448007825
:1021B000012808D101216448EBF7ABF9044601215D
:1021C000EAF778FF0CE03E480078022808D10121A8
:1021D0005D487238EBF79DF904460121EAF76AFF82
:1021E00000BFC6E71CB538480088384909888842CE
:1021F00024D03648008834490880F8F794FB53A16E
:1022000080200DF0A5FCAFF2D83187200DF0A0FCA6
:1022100051A190200DF09CFCAFF2EC3197200DF015
:1022200097FC50A188200DF093FC2E4998200DF0CA
:102230008FFCAFF204419F200DF08AFC0220F8F7DA
:10224000E0FE2E48007800214B4B0A46CDE90010F5
:1022500005218520F8F75CFC294800780021464BD1
:102260009B1C0A46CDE9001005219520F8F750FC8B
:1022700000202449087034487C38408D20B93FA1A3
:102280008C200DF065FC12E02F487C38408D012831
:1022900004D13DA18C200DF05BFC08E02A487C387D
:1022A000408D022803D13BA18C200DF051FC164833
:1022B000007801287BD1022013490870002070E0CB
:1022C0006C0100203E0A002044030020420300204D
:1022D000B6A8B5E3B9D8B7A7CAB1BCE4333A202051
:1022E0000000000034C20108B6A8B5E3BFAAB7A732
:1022F000CAB1BCE4333A202020000000490300208A
:102300004A030020690300204A00002063010020E6
:1023100066010020620100204E0000205E030020C4
:10232000B5E7B6AFB7A7CAD6B6AFBFD8D6C63A20BC
:1023300000000000C7E5B3FDB1E4C6B5BCECB2E9EE
:102340003A20202000000000D60C00205453B6A8EC
:10235000CAB1BFDAC1EE00005453B6A8CAB14D2DC0
:10236000442000005453D7B4CCAC3A202020202085
:1023700020202020000000001C090020CEB4C6F45C
:10238000B6AFA3A100000000D2D1C6F4B6AFA3A19E
:1023900000000000CDA3BBFAA3A120200000000094
:1023A00005E0F8490870F8490880F8490870F848CD
:1023B000007802282DD1F748007801280AD10021A1
:1023C000F548EBF7A6F80446F44801882046EAF7FA
:1023D00021FF6CE0EF48007802280BD10021EE4885
:1023E000801CEBF796F80446EC4801882046EAF793
:1023F00011FF5CE0E7480078032858D10121E84844
:10240000EBF787F80446E54801882046EAF702FF23
:102410004DE0DF480078002849D1E24800780228E2
:1024200002D1F8F798FA1CBDDA480078032802DDDB
:102430000020D8490870D748007888B90120D549CC
:1024400008700020CF490870CF490880CF49087034
:10245000D4480078012803D10220D2490870E2E76D
:10246000CC480078012808D10021CB48EBF751F87F
:1024700004460121EAF71EFE19E0C648007802284A
:1024800009D10021C448801CEBF743F80446012120
:10249000EAF710FE0BE0BF480078032807D10121BE
:1024A000BF48EBF736F804460121EAF703FE00BF08
:1024B000B9E71CB5BC480088BC490988884226D0C9
:1024C000BA480088B8490880F8F72DFAB8A18020EA
:1024D0000DF03EFBAFF2A86187200DF039FBB7A1EC
:1024E00090200DF035FBB8A197200DF031FBB7A17E
:1024F00088200DF02DFBB4A18F200DF029FBB8A191
:1025000098200DF025FBB0A19F200DF021FB0320AA
:10251000F8F777FDB748007800219F4B3C330A4617
:10252000CDE9001004218420F8F7F2FAB2480078CF
:102530000021994B9A330A46CDE9001003219620D9
:10254000F8F7E6FAAD4800780021934B88330A4645
:10255000CDE9001003219E20F8F7DAFA0020A849FF
:1025600008708B480078012809D10220884908703A
:102570000020844908708449088084490870844890
:10258000007802282FD18348007801280BD1002140
:1025900081483C30EAF7BDFF044680480188204668
:1025A000EAF738FE6FE07B48007802280BD1002163
:1025B00079489A30EAF7ADFF04467848018820460A
:1025C000EAF728FE5FE07348007803285BD100211A
:1025D00071488830EAF79DFF04467048018820461C
:1025E000EAF718FE4FE06A48007800284BD16D48A2
:1025F0000078022802D1F8F7AEF91CBD65480078D2
:10260000032802DD0020634908706248007888B919
:1026100001206049087000205A4908705A49088012
:102620005A4908705F480078012803D102205D49AB
:102630000870E2E757480078012809D10021564880
:102640003C30EAF766FF04460121EAF733FD1AE061
:1026500050480078022809D100214F489A30EAF703
:1026600058FF04460121EAF725FD0CE049480078AF
:10267000032808D1002148488830EAF74AFF044679
:102680000121EAF717FD00BFB7E710B546480088FB
:1026900046490988884215D0444800884249088044
:1026A000F8F741F9574980200DF052FA554990202A
:1026B0000DF04EFA54A188200DF04AFA51499820A5
:1026C0000DF046FA0020F8F79CFC00204C490870F9
:1026D000F9F742FE10BD1CB533480088334909881C
:1026E000884227D0314800882F490880F8F71BF925
:1026F0004AA180200DF02CFA4BA187200DF028FA7A
:102700004A4990200DF024FA49A197200DF020FAB3
:1027100046490C3188200DF01BFA46A18F200DF0A0
:1027200017FA42491C3198200DF012FA42A19F205D
:102730000DF00EFA0020F8F764FC002003213F4B57
:102740000122CDE9001004218420F8F7E1F90020EE
:1027500003213A4B9B1D0246CDE900100521942030
:10276000F8F7D6F93648808D01286CD10020032176
:10277000324B0A3B0122CDE9001004218C20F8F7EE
:10278000C7F96EE0630100206601002062010020AD
:102790004A0000206C0100201C0900204E0000208F
:1027A000840C00205E03002044030020420300202C
:1027B000C9E8B1B8C0E0D0CD00000000B9A9CBAEE7
:1027C000B1E4C6B5C4A3CABD202000002830B9A911
:1027D000CBAE2C31B1E4C6B529202020000000008A
:1027E000B2B9B3A5C6F7CDA3BBFA454E2020202031
:1027F00000000000490300204A0300204B03002092
:102800006903002034C20108322EB1E4C6B5B9DB39
:10281000BFB4B2CECAFD202000000000B5B1C7B0E1
:10282000C6B5C2CA00000000487A000000B6010820
:102830002056000020410000B6C800001C150020F2
:102840001E160020FFE7FD48808D022809D10020D8
:102850000321FB4B0222CDE9001005218C20F8F763
:1028600057F900200321F64B0E330122CDE9001069
:1028700004219C20F8F74CF90020F2490870F24836
:102880000078002858D1F1480078022802D1F8F7E2
:1028900062F81CBDEE480078042802DD0020EC49F7
:1028A0000870EB48007888B90120E94908700020D9
:1028B000E8490870E8490880E8490870E34800786A
:1028C000012803D10220E1490870E2E7E0480078DE
:1028D000012809D10321DA480A30EAF71AFE044632
:1028E0000121EAF7E7FB27E0D9480078022809D15F
:1028F0000321D3481030EAF70CFE04460121EAF721
:10290000D9FB19E0D2480078032808D10321CC482C
:10291000EAF7FFFD04460121EAF7CCFB0CE0CC48C6
:102920000078042808D10321C5480E30EAF7F1FDEC
:1029300004460121EAF7BEFB00BFAAE71CB5C84860
:102940000088C8490988884229D0C6480088C449F7
:102950000880F7F7E8FFC4A180200DF0F9F8AFF286
:10296000301187200DF0F4F8C2A190200DF0F0F89E
:10297000AFF2AC1197200DF0EBF8C1A188200DF05B
:10298000E7F8AFF25C118F200DF0E2F8BFA19820BC
:102990000DF0DEF8AFF270119F200DF0D9F8002095
:1029A000F8F72FFB00200321A54B12330246CDE997
:1029B000001005218420F8F7ABF800200321A04B7C
:1029C0000C330246CDE9001005219420F8F7A0F859
:1029D000002003219A4B44330122CDE90010042149
:1029E0008C20F8F795F800200321954B083301223D
:1029F000CDE9001004219C20F8F78AF800209149C5
:102A0000087091480078002859D190480078022831
:102A100002D1F7F7A0FF1CBD8D480078042802DD25
:102A200000208B4908708A48007888B901208849BD
:102A30000870002087490870874908808749087016
:102A400082480078012803D1022080490870E2E71B
:102A50007F480078012809D1032179481230EAF72C
:102A600058FD04460121EAF725FB28E07848007864
:102A7000022809D1032172480C30EAF74AFD0446C6
:102A80000121EAF717FB1AE071480078032809D101
:102A900003216B484430EAF73CFD04460121EAF784
:102AA00009FB0CE06A480078042808D10321644837
:102AB0000830EAF72EFD04460121EAF7FBFA00BFD1
:102AC000A9E71CB56648008866490988884224D071
:102AD0006448008862490880F7F725FF6EA18020CE
:102AE0000DF036F8AFF2B42187200DF031F86DA16A
:102AF00090200DF02DF8AFF2C42197200DF028F8AA
:102B00006BA188200DF024F8AFF2D8218F200DF0B2
:102B10001FF86A4998200DF01BF80020F8F771FAA9
:102B20004648808D012820D100200321444B0122FA
:102B3000CDE9001004218420F7F7EAFF00200321EB
:102B40003F4B9B1C0122CDE9001004219420F7F794
:102B5000DFFF002003213A4B1B1D0122CDE90010AD
:102B600004218C20F7F7D4FF23E03448808D02281D
:102B70001FD100200321324B0222CDE90010052194
:102B80008420F7F7C5FF002003212D4B9B1C022258
:102B9000CDE9001005219420F7F7BAFF00200321AA
:102BA000274B1B1D0222CDE9001005218C20F7F7D1
:102BB000AFFF0020234908702348007800282ED159
:102BC00022480078022802D1F7F7C5FE1CBD204834
:102BD0000078032802DD00201D4908701C48007899
:102BE00088B901201A49087000201A4908701A494A
:102BF00008801A49087015480078012803D102207E
:102C000012490870E2E712480078012808D1032130
:102C10000B48EAF77EFC04460121EAF74BFA5BE039
:102C20000B48007802284BD103210548801CEAF7A5
:102C300070FC04460121EAF73DFA4DE01E16002023
:102C400012150020690300204A0000205E030020C6
:102C50006C01002063010020660100206201002059
:102C60004403002042030020CAE4C8EBB5E7D1B911
:102C700000000000B5B1C7B0D7AACBD90000000052
:102C8000C4BFB1EAC6B5C2CA00000000C1D9CAB10A
:102C9000C6B5C2CA00000000417EB5E7C1F7D6B58F
:102CA00000000000427EB5E7C1F7D6B50000000085
:102CB000437EB5E7C1F7D6B50000000034C2010875
:102CC000F7480078032807D10321F648EAF721FCEA
:102CD00004460121EAF7EEF900BF77E71CB5F24898
:102CE0000088F2490988884224D0F0480088EE49DB
:102CF0000880F7F718FEEEA180200CF029FFAFF254
:102D0000385187200CF024FFECA190200CF020FF1C
:102D1000AFF24C5197200CF01BFFEBA188200CF078
:102D200017FFAFF25C518F200CF012FFE949982099
:102D30000CF00EFF0020F8F764F900200321D94BB6
:102D40000E3B0246CDE9001005218420F7F7E0FE96
:102D500000200321D34B0C3B0246CDE90010052196
:102D60009420F7F7D5FE00200321CE4B0A3B024604
:102D7000CDE9001005218C20F7F7CAFE0020D649C6
:102D80000870D648007800284BD1D5480078022832
:102D900002D1F7F7E0FD1CBDC1480078032802DD31
:102DA0000020BF490870BE48007888B90120BC499E
:102DB00008700020CB490870CB490880CB490870C7
:102DC000C7480078012803D10220C5490870E2E70E
:102DD000B3480078012809D10321B2480E38EAF738
:102DE00098FB04460121EAF765F91AE0AC4800783F
:102DF000022809D10321AB480C38EAF78AFB0446C4
:102E00000121EAF757F90CE0A5480078032808D11A
:102E10000321A4480A38EAF77CFB04460121EAF7BB
:102E200049F900BFB7E71CB59F4800889F4909884A
:102E3000884224D09D4800889B490880F7F773FD9D
:102E4000ABA180200CF084FEAFF2846187200CF0EF
:102E50007FFEAAA190200CF07BFEAFF29461972038
:102E60000CF076FEA8A188200CF072FEAFF2A861EB
:102E70008F200CF06DFE974998200CF069FE002021
:102E8000F8F7BFF800200321864B143B0246CDE93A
:102E9000001005218420F7F73BFE00200321814B21
:102EA000123B0246CDE9001005219420F7F730FED1
:102EB000002003217B4B103B0246CDE90010052189
:102EC0008C20F7F725FE002083490870834800789E
:102ED00000284BD182480078022802D1F7F73BFD49
:102EE0001CBD6F480078032802DD00206C49087083
:102EF0006B48007888B90120694908700020794939
:102F00000870794908807949087075480078012867
:102F100003D1022072490870E2E761480078012875
:102F200009D103215F481438EAF7F3FA0446012176
:102F3000EAF7C0F81AE05A480078022809D10321BC
:102F400058481238EAF7E5FA04460121EAF7B2F8E0
:102F50000CE053480078032808D103215148103869
:102F6000EAF7D7FA04460121EAF7A4F800BFB7E769
:102F70001CB54D4800884D490988884224D04B48EB
:102F8000008849490880F7F7CEFC62A180200CF048
:102F9000DFFD63A187200CF0DBFD62A190200CF027
:102FA000D7FD614988200CF0D3FDAFF2E4718F208A
:102FB0000CF0CEFD5BA198200CF0CAFD4FF47A70A6
:102FC0005A4908805A4908800020F8F71AF800206A
:102FD0000121584B0246CDE9001003218520F7F767
:102FE00097FD002003212F4B18330246CDE9001036
:102FF00005218C20F7F78CFD0020374908704E48DA
:10300000B0F8BE0149490988884236D04A48B0F82C
:10301000BE01464908804848B0F8BE0130B10128D9
:1030200009D002280CD0032825D11FE043A191200C
:103030000CF08EFD20E045A191200CF089FD1BE0F5
:103040004648408D20B946A191200CF081FD13E047
:103050004248408D012803D04048408D022804D1C9
:1030600044A191200CF074FD06E000BF45A1912021
:103070000CF06EFD00E01CBD00BF2F48B0F8E00171
:103080002B49098888420AD02B48B0F8E00128492A
:1030900008802948B0F8E00110287BD27BE0E3E00B
:1030A0006C0100201615002044030020420300207C
:1030B000417EB5E7C1F7B2C900000000427EB5E726
:1030C000C1F7B2C900000000437EB5E7C1F7B2C93D
:1030D0000000000034C20108690300204A000020FB
:1030E0005E030020630100206601002062010020D1
:1030F000417E20444C48C1E300000000427E204451
:103100004C48C1E300000000437E20444C48C1E32A
:1031100000000000B1E4C6B5CDA3D4ADD2F20000EA
:10312000D6D600002D2D0000E8BC01085600002076
:1031300058000020160E00205A0C0020CEDECDA331
:10314000BBFA2D20D5FDB3A320200000B0B4BCFCF9
:10315000CDA3BBFA20202020202000001E16002036
:1031600041524D20BFD8D6C6CDA3BBFA2020202087
:10317000000000004449BFDACDA3BBFA2020202084
:1031800020200000B1E4C6B5B9CAD5CFCDA3BBFAA3
:103190002020000066E0DFE800F0080D13191F256D
:1031A0002B31363C42484E545A60FE4999200CF06F
:1031B000CFFC58E0FB49103199200CF0C9FC52E0DB
:1031C000F849203199200CF0C3FC4CE0F54930312E
:1031D00099200CF0BDFC46E0F249403199200CF0FA
:1031E000B7FC40E0EF49503199200CF0B1FC3AE0D7
:1031F000EC49603199200CF0ABFC34E0EA499920AD
:103200000CF0A6FC2FE0E849103199200CF0A0FC4E
:1032100029E0E549203199200CF09AFC23E0E249AD
:10322000303199200CF094FC1DE0DF4940319920A9
:103230000CF08EFC17E0DC49503199200CF088FC32
:1032400011E0D949603199200CF082FC0BE0D6499D
:10325000703199200CF07CFC05E0D4A199200CF091
:1032600077FC00E007E700BFD4480078012809D1C7
:103270000220D24908700020D1490870D149088045
:10328000D1490870CD48007802283DD1CF48007858
:1032900001280AD10121CE48EAF73BF90446CD487E
:1032A00001882046E9F7B6FF7AE0C848007802288E
:1032B0000BD10121C648801CEAF72BF90446C5480A
:1032C00001882046E9F7A6FF6AE0C0480078032895
:1032D0000AD10321C048EAF71CF90446BD48018819
:1032E0002046E9F797FF5BE0B8480078042857D1FB
:1032F0000121B7482430EAF70CF90446B5480188A3
:103300002046E9F787FF4BE0AC480078F8B9AF48B2
:103310000078042802DD0020AC490870AB48007832
:1033200048B90120A94908700020A5490870A5499D
:103330000880A5490870A5480078012808D1012116
:10334000A348EAF7E6F804460121E9F7B3FE27E0CF
:103350009E480078022809D101219D48801CEAF787
:10336000D8F804460121E9F7A5FE19E0974800784E
:10337000032808D103219848EAF7CBF80446012135
:10338000E9F798FE0CE091480078042808D1012163
:103390008F482430EAF7BDF804460121E9F78AFE98
:1033A00000BF68E61CB58D4800888D4909888842B1
:1033B00029D08B48008889490880F7F7B4FA89A199
:1033C00080200CF0C5FBAFF2802187200CF0C0FB01
:1033D00087A190200CF0BCFBAFF2942197200CF059
:1033E000B7FB86A188200CF0B3FBAFF2A4218F209D
:1033F0000CF0AEFB84A198200CF0AAFBAFF2B82130
:103400009F200CF0A5FB0020F7F7FBFD0020032117
:10341000714B9B1F0246CDE9001005218420F7F770
:1034200077FB002003216C4B1B1F0246CDE90010E7
:1034300005219420F7F76CFB00200321664B0A332B
:103440000246CDE9001005218C20F7F761FB002032
:103450000321614B083B0246CDE9001005219C2069
:10346000F7F756FB00206B49087054480078002895
:1034700059D169480078022802D1F7F76CFA1CBDCF
:1034800052480078042802DD0020504908704F4857
:10349000007888B901204D4908700020484908701B
:1034A00048490880484908705B480078012803D1E2
:1034B000022059490870E2E744480078012809D100
:1034C00003214548801FEAF724F804460121E9F763
:1034D000F1FD28E03D480078022809D103213E484B
:1034E000001FEAF716F804460121E9F7E3FD1AE0A8
:1034F00036480078032809D1032137480A30EAF713
:1035000008F804460121E9F7D5FD0CE02F480078C2
:10351000042808D1032130480838E9F7FAFF0446A7
:103520000121E9F7C7FD00BFA9E71CB52B480088BA
:103530002B49098888421CD02948008827490880DF
:10354000F7F7F1F935A180200CF002FB38A19020AB
:103550000CF0FEFAAFF2104197200CF0F9FA124984
:10356000EC3188200CF0F4FA0F49EC3198200CF083
:10357000EFFA0020F7F745FD00200321164B0C332E
:103580000246CDE9001005218420F7F7C1FA00209A
:103590000321114B9B1E0246CDE90010052194200A
:1035A0004CE0000010BD010848C10108BCF5CBD9B2
:1035B000D6D0B9FDB5E7D1B9000000004A0000201F
:1035C0006301002066010020620100206C010020E0
:1035D000160E00204E0000202E150020440300206F
:1035E00042030020CDA8D1B645525F430000000041
:1035F000C9CFB5E7B6C15F4300000000CDA8D1B682
:103600004F4B5F4300000000CDA8D1B6BCC6CAFD39
:1036100000000000690300205E0300205044504970
:103620004E545F4320202020202020200000000056
:10363000C3EBBCC6CAFDC6F700000000F7F768FA86
:103640000020FE490870FE48007800283CD1FD4863
:103650000078022802D1F7F77EF91CBDFA480078FD
:10366000022802DD0020F8490870F748007888B980
:103670000120F54908700020F4490870F4490880D9
:10368000F4490870EF480078012803D10220ED4981
:103690000870E2E7EC480078012808D10321EE48E1
:1036A000E9F737FF04460121E9F704FD0CE0E6489D
:1036B0000078022808D10321E7480E38E9F729FFEE
:1036C00004460121E9F7F6FC00BFC6E71CB5E34854
:1036D0000088E3490988884226D0E1480088DF490C
:1036E0000880F7F720F9DFA180200CF031FAAFF263
:1036F000A85187200CF02CFADDA190200CF028FABC
:10370000AFF2BC5197200CF023FAAFF2F001882001
:103710000CF01EFAAFF2E80198200CF019FAAFF2A3
:10372000D8519F200CF014FA0020F7F76AFC002013
:103730000321C94B22330246CDE900100521842024
:10374000F7F7E6F900200321C34B24330246CDE905
:10375000001005219420F7F7DBF900200321BE4B70
:103760000246CDE9001005218C20F7F7D1F9C348B6
:1037700000780321B84B0E3B0022CDE90010052153
:103780009C20F7F7C5F90020AC490870AC480078D8
:10379000002858D1AB480078022802D1F7F7DBF8AF
:1037A0001CBDA9480078042802DD0020A649087045
:1037B000A548007888B90120A34908700020A349D2
:1037C0000870A3490880A34908709E480078012822
:1037D00003D102209B490870E2E79B48007801284A
:1037E00009D103219C482230E9F793FE04460121C8
:1037F000E9F760FC27E094480078022809D103210A
:1038000095482430E9F785FE04460121E9F752FC8A
:1038100019E08D480078032808D103218E48E9F784
:1038200078FE04460121E9F745FC0CE08648007863
:10383000042808D1032188480E38E9F76AFE0446B7
:103840000121E9F737FC00BFAAE71CB583480088CF
:1038500083490988884224D0814800887F490880AC
:10386000F7F761F886A180200CF072F9AFF22871A9
:1038700087200CF06DF985A190200CF069F9AFF26A
:10388000387197200CF064F983A188200CF060F95E
:10389000AFF24C718F200CF05BF9824998200CF04C
:1038A00057F90020F7F7ADFB002003216A4B443B9A
:1038B0000246CDE9001005218420F7F729F9002000
:1038C0000321654B423B0246CDE9001005219420BF
:1038D000F7F71EF9002003215F4B403B0246CDE97C
:1038E000001005218C20F7F713F9002053490870C8
:1038F0005348007800284BD152480078022802D162
:10390000F7F729F81CBD50480078032802DD002095
:103910004D4908704C48007888B901204A49087020
:1039200000204A4908704A4908804A4908704548B9
:103930000078012803D1022042490870E2E742489A
:103940000078012809D1032143484438E9F7E1FD13
:1039500004460121E9F7AEFB1AE03B480078022853
:1039600009D103213C484238E9F7D3FD044601213F
:10397000E9F7A0FB0CE034480078032808D10321C4
:1039800035484038E9F7C5FD04460121E9F792FBC7
:1039900000BFB7E71CB53148008831490988884223
:1039A00024D02F4800882D490880F6F7BCFF3EA19F
:1039B00080200CF0CDF8AFF6700187200CF0C8F82D
:1039C0003CA190200CF0C4F8AFF6840197200CF0D5
:1039D000BFF83BA188200CF0BBF8AFF694018F2014
:1039E0000CF0B6F82F4998200CF0B2F80020F7F749
:1039F00008FB00200321184B3E3B0246CDE9001096
:103A000005218420F7F784F800200321124B3C3B6A
:103A10000246CDE9001005219420F7F779F800203F
:103A200003210D4B3A3B0246CDE9001005218C20C5
:103A3000F7F76EF800200149087047E0690300209D
:103A40004A0000205E0300206C010020630100207A
:103A500066010020620100203A1500204403002086
:103A60004203002041493120CAE4C8EB00000000B5
:103A700041493220CAE4C8EB000000004C0300209A
:103A8000B9DBB2ECD6B5203100000000B9DBB2ECF6
:103A9000D6B5203200000000B9DBB2ECD6B5203339
:103AA0000000000034C20108B9DBB2ECD6B5203406
:103AB00000000000B9DBB2ECD6B5203500000000F4
:103AC000B9DBB2ECD6B5203600000000F94800782A
:103AD00000284AD1F8480078022802D1F6F73BFFC7
:103AE0001CBDF6480078032802DD0020F349087069
:103AF000F248007888B90120F04908700020F049A8
:103B00000870F0490880F0490870EB4800780128F7
:103B100003D10220E8490870E2E7E848007801286C
:103B200008D10321E948E9F7F4FC04460121E9F74B
:103B3000C1FA1AE0E1480078022809D10321E348DC
:103B4000801CE9F7E6FC04460121E9F7B3FA0CE032
:103B5000DA480078032808D10321DC48001DE9F782
:103B6000D8FC04460121E9F7A5FA00BFB8E71CB567
:103B7000D7480088D749098888422AD0D548008884
:103B8000D3490880F6F7CFFED34980200BF0E0FF41
:103B9000AFF64C2187200BF0DBFFD0A190200BF07B
:103BA000D7FFAFF65C2197200BF0D2FFCEA1882083
:103BB0000BF0CEFFAFF670218F200BF0C9FFC64986
:103BC0000C3198200BF0C4FFAFF684219F200BF03E
:103BD000BFFF0020F7F715FA00200321BB4B0A3B7B
:103BE0000222CDE9001004218420F6F791FF002085
:103BF0000321B64B68330246CDE90010052194201D
:103C0000F6F786FF00200321B04B6A330246CDE968
:103C1000001005218C20F6F77BFF00200521B54B15
:103C20000222CDE9001004219C20F6F771FF00204C
:103C3000B14908709F48007800284BD19E48007811
:103C4000022802D1F6F787FE1CBD9C4800780328A5
:103C500002DD0020994908709848007888B9012051
:103C60009649087000209649087096490880964940
:103C7000087091480078012803D102208E4908700D
:103C8000E2E78E480078012809D103218F480A38DD
:103C9000E9F73FFC04460121E9F70CFA1AE08748EE
:103CA0000078022809D1032188486830E9F731FCFF
:103CB00004460121E9F7FEF90CE08048007803286A
:103CC00008D1032181486A30E9F723FC0446012129
:103CD000E9F7F0F900BFB7E71CB57D4800887D49DA
:103CE0000988884229D07B48008879490880F6F7FE
:103CF0001AFE82A180200BF02BFFAFF6B431872093
:103D00000BF026FF80A190200BF022FFAFF6C83108
:103D100097200BF01DFF7FA188200BF019FFAFF655
:103D2000D8318F200BF014FF7DA198200BF010FFED
:103D3000AFF6EC319F200BF00BFF0020F7F761F995
:103D400000200321614BE6330246CDE90010052136
:103D50008420F6F7DDFE002003215C4BE8330246A9
:103D6000CDE9001005219420F6F7D2FE00200321B2
:103D7000564BEA330246CDE9001005218C20F6F7B8
:103D8000C7FE00200321514BEC330246CDE9001061
:103D900005219C20F6F7BCFE0020574908704548D5
:103DA0000078002859D144480078022802D1F6F75B
:103DB000D2FD1CBD41480078042802DD00203F49A7
:103DC00008703E48007888B901203C4908700020FE
:103DD0003B4908703B4908803B49087036480078E9
:103DE000012803D1022034490870E2E73348007803
:103DF000012809D103213548E630E9F78AFB04465A
:103E00000121E9F757F928E02C480078022809D168
:103E100003212E48E830E9F77CFB04460121E9F74D
:103E200049F91AE025480078032809D103212748D9
:103E3000EA30E9F76EFB04460121E9F73BF90CE0B3
:103E40001E480078042808D103212048EC30E9F707
:103E500060FB04460121E9F72DF900BFA9E770B521
:103E600004460D4624480078022822D1102C70D236
:103E7000DFE804F0080D13195E636970757B8187B4
:103E80008D93999F294928460BF062FE98E02749B7
:103E9000103128460BF05CFE92E024492031284680
:103EA0000BF056FE8CE02149303128460BF050FED5
:103EB00086E086E04A0000205E0300206C010020BE
:103EC000630100206601002062010020FC14002034
:103ED000440300204203002074C201084473702D83
:103EE00059656172000000004473702D446174656F
:103EF00000000000AE16002069030020436F6D70C3
:103F00003144732000000000436F6D703151732005
:103F100000000000467271436F6D702000000000C9
:103F20004672714C696D69740000000010BD010893
:103F3000FE4928460BF00CFE42E0FC4910312846B1
:103F40000BF006FE3CE0F949203128460BF000FE5C
:103F500036E034E0F64928460BF0FAFD30E0F4494B
:103F6000103128460BF0F4FD2AE0F14920312846B3
:103F70000BF0EEFD24E0EE49303128460BF0E8FD71
:103F80001EE0EB49403128460BF0E2FD18E0E8491D
:103F9000503128460BF0DCFD12E0E549603128463F
:103FA0000BF0D6FD0CE0E249703128460BF0D0FD55
:103FB00006E0AFF6082128460BF0CAFD00E070BD10
:103FC00000BF00BFFBE71CB5DA480088DA49098862
:103FD00088421CD0D8480088D6490880F6F7A3FC50
:103FE000D64980200BF0B4FDD5A190200BF0B0FD98
:103FF000AFF6D0618A200BF0ABFDAFF6D8618D2013
:104000000BF0A6FDCD491C3198200BF0A1FD00203E
:10401000F6F7F7FF00200321CA4B0246CDE9001056
:1040200004218820F6F774FD00200321C54B9B1C5A
:104030000246CDE9001004218B20F6F769FD00202F
:104040000321C04B1B1D0246CDE9001004218E2028
:10405000F6F75EFDBB49CE39B1F8CC009121FFF7F0
:10406000FEFE0020B8490870B8480078002858D1F2
:10407000B7480078022802D1F6F76DFC1CBDB548A0
:104080000078042802DD0020B2490870B1480078A9
:1040900088B90120AF4908700020AF490870AF49C6
:1040A0000880AF490870AA480078012803D102208F
:1040B000A7490870E2E7A7480078012809D1032141
:1040C000A048801EE9F725FA04460121E8F7F2FF2F
:1040D00027E0A0480078022808D103219948E9F791
:1040E00018FA04460121E8F7E5FF1AE0994800783C
:1040F000032809D103219348801CE9F70AFA0446F2
:104100000121E8F7D7FF0CE092480078042808D195
:1041100003218C48001DE9F7FCF904460121E8F76A
:10412000C9FF00BFAAE71CB58248008882490988F8
:1041300088421AD0804800887E490880F6F7F3FB51
:104140007E4980200BF004FD86A190200BF000FD3D
:1041500085A18A200BF0FCFC83A18D200BF0F8FCDC
:104160007649503198200BF0F3FC0020F6F749FF18
:1041700000200321734B083B0246CDE900100421C7
:104180008820F6F7C5FC002003216E4B9B1F0246DA
:10419000CDE9001004218B20F6F7BAFC00200321A2
:1041A000684B1B1F0246CDE9001004218E20F6F754
:1041B000AFFC6449CE39B1F8C4009121FFF74FFE3E
:1041C00000206149087061480078002859D1604892
:1041D0000078022802D1F6F7BEFB1CBD5D480078CE
:1041E000042802DD00205B4908705A48007888B92D
:1041F0000120584908700020574908705749088025
:104200005749087052480078012803D102205049CC
:104210000870E2E74F480078012809D10321494896
:104220000A38E9F776F904460121E8F743FF28E068
:1042300048480078022809D1032142480838E9F7A4
:1042400068F904460121E8F735FF1AE04148007893
:10425000032809D103213B48801FE9F75AF9044696
:104260000121E8F727FF0CE03A480078042808D13C
:1042700003213448001FE9F74CF904460121E8F70F
:1042800019FF00BFA9E71CB52A4800882A490988F8
:10429000884219D02848008826490880F6F743FB51
:1042A000264980200BF054FC30A190200BF050FCEC
:1042B0002DA18A200BF04CFC2BA18D200BF048FC8B
:1042C0002B4998200BF044FC0020F6F79AFE0020C2
:1042D00003211C4B103B0246CDE90010042188202D
:1042E000F6F716FC00200321164B0E3B0246CDE9E3
:1042F000001004218B20F6F70BFC00200321114B4A
:104300000C3B0246CDE9001004218E20F6F700FC9C
:104310000C49CE39B1F8BC009121FFF7A0FD002077
:104320000949087009480078002823E050BD0108B9
:1043300048C10108440300204203002048CB010883
:10434000313A0000C0150020690300204A00002017
:104350005E0300206C010020630100206601002044
:1043600062010020323A00002D2D0000333A000097
:10437000BCCF010858D1FE480078022802D1F6F7D8
:10438000EAFA1CBDFB480078042802DD0020F94948
:104390000870F848007888B90120F64908700020B4
:1043A000F5490870F5490880F5490870F04800782B
:1043B000012803D10220EE490870E2E7ED480078B9
:1043C000012808D10321EF48E9F7A3F804460121A9
:1043D000E8F770FE28E0E7480078022809D10321B9
:1043E000E848801CE9F795F804460121E8F762FEE9
:1043F0001AE0E0480078032809D10321E148001DB4
:10440000E9F787F804460121E8F754FE0CE0D948A3
:104410000078042808D10321DA48801DE9F779F8EB
:1044200004460121E8F746FE00BFAAE71CB5D648BE
:104430000088D649098888421BD0D4480088D249D0
:104440000880F6F770FAD24980200BF081FBD1A1E9
:1044500090200BF07DFBAFF2F0018A200BF078FB8F
:10446000AFF2FC018D200BF073FBCB4998200BF0D1
:104470006FFB0020F6F7C5FD00200321C14B9B1FF9
:104480000246CDE9001004218820F6F741FB002008
:104490000321BC4B1B1F0246CDE9001004218B20D9
:1044A000F6F736FB00200321B64B9B1E0246CDE9F2
:1044B000001004218E20F6F72BFBB249BC39B1F86D
:1044C000B4009121FFF7CBFC0020B4490870B44838
:1044D0000078002859D1A6480078022802D1F6F7C2
:1044E0003AFA1CBDA3480078042802DD0020A14947
:1044F0000870A048007888B901209E490870002003
:104500009D4908709D4908809D4908709848007829
:10451000012803D1022096490870E2E79548007807
:10452000012809D1032197480838E8F7F2FF04462B
:104530000121E8F7BFFD28E08E480078022809D164
:1045400003219048801FE8F7E4FF04460121E8F7C3
:10455000B1FD1AE087480078032809D10321894872
:10456000001FE8F7D6FF04460121E8F7A3FD0CE0A1
:1045700080480078042808D103218248801EE8F78B
:10458000C8FF04460121E8F795FD00BFA9E71CB567
:104590007D4800887D49098888421CD07B48008876
:1045A00079490880F6F7BFF9794980200BF0D0FAF5
:1045B0007CA190200BF0CCFAAFF254218A200BF0B2
:1045C000C7FAAFF25C218D200BF0C2FA72491831A4
:1045D00098200BF0BDFA0020F6F713FD0020032110
:1045E000684B0E3B0246CDE9001004218820F6F707
:1045F0008FFA00200321634B0C3B0246CDE90010EB
:1046000004218B20F6F784FA002003215D4B0A3B3E
:104610000246CDE9001004218E20F6F779FA5949B7
:10462000BC39B1F8AC009121FFF719FC00205B49BF
:1046300008705B480078002859D14D48007802285E
:1046400002D1F6F788F91CBD4A480078042802DD3B
:104650000020484908704748007888B9012045493A
:104660000870002044490870444908804449087093
:104670003F480078012803D102203D490870E2E755
:104680003C480078012809D103213E481038E8F75A
:1046900040FF04460121E8F70DFD28E03548007889
:1046A000022809D1032137480E38E8F732FF0446C3
:1046B0000121E8F7FFFC1AE02E480078032809D111
:1046C000032130480C38E8F724FF04460121E8F7BD
:1046D000F1FC0CE027480078042808D10321294880
:1046E0000A38E8F716FF04460121E8F7E3FC00BFAB
:1046F000A9E71CB5244800882449098888421BD0B2
:104700002248008820490880F6F70DF920498020CA
:104710000BF01EFA24A190200BF01AFAAFF2B83178
:104720008A200BF015FAAFF2C0318D200BF010FA91
:104730001E4998200BF00CFA0020F6F762FC0020CE
:104740000321104B163B0246CDE9001004218820BE
:10475000F6F7DEF9002003210A4B143B0246CDE9AF
:10476000001004218B20F6F7D3F9002003211FE06D
:104770005E0300206C010020630100206601002020
:1047800062010020AE1500204403002042030020F7
:1047900048CB0108343A0000E8CF01086903002043
:1047A0004A000020353A0000363A000030D40108B3
:1047B000FE4B0246CDE9001004218E20F6F7A8F941
:1047C000FA49AA39B1F8A4009121FFF748FB00206B
:1047D000F7490870F7480078002858D1F648007863
:1047E000022802D1F6F7B7F81CBDF4480078042877
:1047F00002DD0020F1490870F048007888B90120F6
:10480000EE4908700020EE490870EE490880EE4934
:104810000870E9480078012803D10220E6490870B1
:10482000E2E7E6480078012809D10321DF48801F2C
:10483000E8F76FFE04460121E8F73CFC27E0DF487B
:104840000078022809D10321D848001FE8F761FE4B
:1048500004460121E8F72EFC19E0D8480078032827
:1048600009D10321D148801EE8F753FE04460121F7
:10487000E8F720FC0BE0D1480078042807D1032199
:10488000CA48E8F746FE04460121E8F713FC00BFDA
:10489000AAE71CB5CD480088CD490988884225D0B3
:1048A000CB480088C9490880F6F73DF8C9498020FF
:1048B0000BF04EF9C8A190200BF04AF9AFF2585115
:1048C0008A200BF045F9AFF260518D200BF040F9D2
:1048D000C049183198200BF03BF9C0A19B200BF088
:1048E00037F9BC4924319E200BF032F90120F6F74C
:1048F00088FB0020BA4908700321AC4B2C330246D8
:10490000CDE9001004218820F6F702F900200321E8
:10491000A64B2E330246CDE9001004218B20F6F77A
:10492000F7F800200321A14B30330246CDE90010F7
:1049300004218E20F6F7ECF8002003219B4B343B3A
:104940000246CDE9001002219A20F6F7E1F8012095
:10495000A3490870084600780321944B203B0022AD
:10496000CDE9001002219D20F6F7D2F88F49AA392F
:10497000B1F8D4009121FFF772FA00208C49087039
:104980008C480078012809D102208A49087000204B
:104990008B4908708B4908808B49087085480078DE
:1049A00002280FD18548007801280AD103217F48C9
:1049B0002038E8F7AEFD04468A4801882046E8F72B
:1049C00029FC79E07B480078002875D17A48007886
:1049D000022802D1F5F7BFFF1CBD784800780628F1
:1049E00002DD0020754908707448007888B90120FC
:1049F0007249087000207249087072490880724933
:104A000008706D480078012803D102206A490870B7
:104A1000E2E76A480078012809D1032163482A3077
:104A2000E8F777FD04460121E8F744FB44E06348DA
:104A30000078022809D103215C482C30E8F769FD91
:104A400004460121E8F736FB36E05C48007803288D
:104A500009D1032155482E30E8F75BFD04460121BA
:104A6000E8F728FB28E055480078042809D10321FD
:104A70004E483030E8F74DFD04460121E8F71AFBB7
:104A80001AE04E480078052809D10321474820380C
:104A9000E8F73FFD04460121E8F70CFB0CE047482E
:104AA0000078062808D1032140483438E8F731FD62
:104AB00004460121E8F7FEFA00BF8DE710B5434830
:104AC000008843490988884225D0414800883F49E9
:104AD0000880F5F728FF444980200BF039F8424957
:104AE00090200BF035F84148408D20B940A1882036
:104AF0000BF02EF80BE03D48408D012803D03B48D9
:104B0000408D022803D13FA188200BF021F83649BF
:104B100098200BF01DF80020F6F773FA00202449C6
:104B20000870F7F719FC10BD1CB528480088284903
:104B30000988884225D02648008824490880F5F74E
:104B4000F2FE35A180200BF003F836A187200AF091
:104B5000FFFF35A190200AF0FBFF32A197200AF059
:104B6000F7FF34A188200AF0F3FF35A18F200AF067
:104B7000EFFF34A198200AF0EBFF31A19F200AF04B
:104B8000E7FF0420F6F73DFA154800780221304B84
:104B90000022CDE9001005218420F5F7B9FF2D484A
:104BA000007802212A4B0A33002255E09C15002090
:104BB000690300204A0000205E0300206C010020F1
:104BC00063010020660100206201002044030020F0
:104BD000420300204CD401086E3A0000C9CF000007
:104BE000490300204E00002034C201081E16002098
:104BF000332EB1E4C6B5C9E8B6A8B2CECAFD2020AE
:104C0000000000002020B1E4C6B5C9E8B6A8B2CEC5
:104C1000CAFD202000000000BCD3CBD9CAB1BCE43F
:104C20000000000020530000BCF5CBD9CAB1BCE4A1
:104C300000000000B5E7BBFAD7AACFF200000000E1
:104C400020200000D7AABED8CCE1C9FD000000009A
:104C50002A1400204A030020CDE9001005219420E9
:104C6000F5F756FFFE4800780221FE4B0022CDE901
:104C7000001005218C20F5F74BFFFB48007802213E
:104C8000F84B9B1C0022CDE9001005219C20F5F774
:104C90003FFF0020F5490870F5480078012809D148
:104CA0000220F34908700020F2490870F249088098
:104CB000F2490870EE48007802283ED1F0480078AA
:104CC00001280BD10221E748801EE8F722FC0446A8
:104CD000EC4801882046E8F79DFA8BE0E848007828
:104CE00002280BD10221DF480830E8F712FC044605
:104CF000E44801882046E8F78DFA7BE0E048007838
:104D000003280AD10221D748E8F703FC0446DD480E
:104D100001882046E8F77EFA6CE0D948007804283C
:104D200068D10221CF48801CE8F7F3FB0446D54840
:104D300001882046E8F76EFA5CE0CD48007800284C
:104D400058D1D1480078022802D1F5F704FE1CBDE5
:104D5000CB480078042802DD0020C9490870C84803
:104D6000007888B90120C64908700020C149087040
:104D7000C1490880C1490870C3480078012803D19F
:104D80000220C1490870E2E7BD480078012809D136
:104D90000221B448801EE8F7BCFB04460121E8F775
:104DA00089F927E0B6480078022809D10221AD48E8
:104DB0000830E8F7AEFB04460121E8F77BF919E07B
:104DC000AF480078032808D10221A648E8F7A1FBE4
:104DD00004460121E8F76EF90CE0A94800780428A0
:104DE00008D102219F48801CE8F793FB044601216B
:104DF000E8F760F900BFAAE71CB5A4480088A449F9
:104E00000988884226D0A2480088A0490880F5F782
:104E10008AFDA0A180200AF09BFEAFF2DC11872062
:104E20000AF096FE9EA190200AF092FE9FA1972084
:104E30000AF08EFE9EA188200AF08AFE9BA18F2098
:104E40000AF086FE9DA198200AF082FE97A19F207D
:104E50000AF07EFE0420F6F7D4F89B480078022181
:104E6000804B1B1D0022CDE9001005218420F5F7A1
:104E70004FFE9648007802217A4B0A330122CDE991
:104E8000001004219420F5F743FE754800780221B4
:104E9000744B0E330122CDE9001004218C20F5F76C
:104EA00037FE7148007802216E4B10330122CDE9A4
:104EB000001004219C20F5F72BFE00206B490870A0
:104EC0006B480078012809D1022069490870002048
:104ED0006849087068490880684908706448007823
:104EE00002283FD16648007801280BD102215D4895
:104EF000001DE8F70EFB0446624801882046E8F7EB
:104F000089F98DE05E48007802280BD102215548CE
:104F10000A30E8F7FEFA04465A4801882046E8F7C6
:104F200079F97DE05648007803280BD102214D48DD
:104F30000E30E8F7EEFA0446524801882046E8F7BA
:104F400069F96DE04E480078042869D1022145488E
:104F50001030E8F7DEFA04464A4801882046E8F7B0
:104F600059F95DE042480078002859D14648007858
:104F7000022802D1F5F7EFFC1CBD41480078042857
:104F800002DD00203E4908703D48007888B90120C4
:104F90003B49087000203749087037490880374975
:104FA000087039480078012803D10220364908707A
:104FB000E2E733480078012809D102212948001D81
:104FC000E8F7A7FA04460121E8F774F828E02C482E
:104FD0000078022809D1022122480A30E8F799FA1C
:104FE00004460121E8F766F81AE02548007803280E
:104FF00009D102211B480E30E8F78BFA0446012143
:10500000E8F758F80CE01E480078042808D102217F
:1050100014481030E8F77DFA04460121E8F74AF811
:1050200000BFA9E71CB519480088194909888842BA
:105030007BD01748008815490880F5F774FC24A137
:1050400080200AF085FD2548408D18B12348408D09
:10505000012849D122A186200AF07AFD4CE0000007
:105060004B0300202C1400204C0300206903002077
:105070004A00002063010020660100206201002038
:105080006C0100204E0000205E030020440300203D
:10509000420300205646C7FACFDF20200000000060
:1050A000C6F4B6AFC6B5C2CA00000000487A000018
:1050B000C9CFCFDEC6B5C2CA00000000CFC2CFDE66
:1050C000C6B5C2CA00000000490300204A03002000
:1050D000D4D8B2A8C6B5C2CA000000001E1600206F
:1050E000206B487A00000000FD48408D022803D163
:1050F000FCA187200AF02CFDFBA190200AF028FDDE
:10510000AFF2C44197200AF023FDFAA188200AF0EB
:105110001FFDFBA18F200AF01BFDFAA198200AF0C9
:1051200017FDFBA19F200AF013FD0420F5F769FF8E
:10513000EB48408D18B1EA48408D01280BD1F54865
:1051400000780221F44B0022CDE9001003218420D5
:10515000F5F7DEFC0EE0E248408D02280AD1ED486A
:1051600000780221EC4B0122CDE9001004218420BB
:10517000F5F7CEFCE94800780221E74B9B1F0A4671
:10518000CDE9001004219420F5F7C2FCE448007832
:105190000221E14B10330022CDE9001005218C20C3
:1051A000F5F7B6FCDF4800780221DB4B1233002212
:1051B000CDE9001005219C20F5F7AAFC0020DA4972
:1051C0000870DA480078012809D10220D749087010
:1051D0000020D7490870D7490880D7490870D348BC
:1051E000007802283ED1D548007801280AD1022152
:1051F000C948E8F78EF90446D14801882046E8F707
:1052000009F88CE0CD48007802280BD10221C24871
:10521000801FE8F77EF90446C94801882046E7F771
:10522000F9FF7CE0C548007803280BD10221BA4879
:105230001030E8F76EF90446C14801882046E7F7C8
:10524000E9FF6CE0BD480078042868D10221B2482B
:105250001230E8F75EF90446B94801882046E7F7BE
:10526000D9FF5CE0B1480078002858D1B5480078F3
:10527000022802D1F5F76FFB1CBDB0480078042866
:1052800002DD0020AD490870AC48007888B90120E3
:10529000AA4908700020A6490870A6490880A649B6
:1052A0000870A8480078012803D10220A549087099
:1052B000E2E7A2480078012808D102219648E8F7E1
:1052C00028F904460121E7F7F5FE28E09B4800781D
:1052D000022809D102219048801FE8F71AF90446F4
:1052E0000121E7F7E7FE1AE094480078032809D186
:1052F000022189481030E8F70CF904460121E7F74C
:10530000D9FE0CE08D480078042808D1022182489B
:105310001230E8F7FEF804460121E7F7CBFE00BFA4
:10532000AAE71CB58848008888490988884226D0A1
:105330008648008884490880F5F7F5FA84A1802022
:105340000AF006FC72A187200AF002FC83A19020DB
:105350000AF0FEFB84A197200AF0FAFB83A18820C3
:105360000AF0F6FB80A18F200AF0F2FB82A19820C0
:105370000AF0EEFBAFF238719F200AF0E9FB04203F
:10538000F5F73FFE634800780221634B1433002297
:10539000CDE9001005218420F5F7BAFB5F480078BD
:1053A00002215D4B16330122CDE900100421942027
:1053B000F5F7AEFB5A4800780221574B0C33012217
:1053C000CDE9001004218C20F5F7A2FB55480078A8
:1053D0000221514B18330022CDE9001005219C20F9
:1053E000F5F796FB002050490870504800780128D6
:1053F00009D102204D49087000204D4908704D49DF
:1054000008804D4908704948007802283FD14B4830
:10541000007801280BD102213F481430E8F779F8D1
:105420000446474801882046E7F7F4FEE0E0434899
:10543000007802280BD1022137481630E8F769F8C6
:1054400004463F4801882046E7F7E4FED0E03B48A9
:10545000007803280BD102212F480C30E8F759F8C7
:105460000446374801882046E7F7D4FEC0E03348B9
:10547000007804280AD1022127481830E8F749F8B3
:1054800004462F4801882046E7F7C4FEB0E02748CD
:105490000078002823D12B480078022802D1F5F7A4
:1054A0005AFA1CBD25480078042802DD0020234953
:1054B00008702248007888B901202049087000202F
:1054C0001B4908701B4908801B4908701D4800785B
:1054D000012857D102201B490870E2E752E087E01B
:1054E0001E1600206B480000CBC0C7F8B2B9B3A5A8
:1054F00000000000B9FDC1F7B5E7C1F700000000EA
:1055000020410000B9FDD1B9B5E7D1B900000000D4
:105510002056000049030020381400204A030020D0
:105520004B0300204C030020690300204A000020A8
:105530006301002066010020620100206C01002050
:105540004E0000205E0300204403002042030020A0
:10555000C7B7D1B9B5E7D1B900000000B9FDC8C8D7
:10556000CEC2B6C800000000B6C80000B7E7C9C880
:10557000D7AACEC200000000B7E7C9C8D4CBD0D0AC
:1055800000000000F8480078012808D10221F748FF
:10559000E7F7BFFF04460121E7F78CFD28E0F2485A
:1055A0000078022809D10221F048801CE7F7B1FFFA
:1055B00004460121E7F77EFD1AE0EB480078032856
:1055C00009D10221E9480838E7F7A3FF0446012181
:1055D000E7F770FD0CE0E4480078042808D10221C8
:1055E000E248001DE7F795FF04460121E7F762FD59
:1055F00000BF56E71CB5DE480088DE4909888842AE
:1056000028D0DC480088DA490880F5F78CF9DAA15F
:1056100080200AF09DFAAFF6D81187200AF098FA98
:10562000D8A190200AF094FAAFF6EC1197200AF076
:105630008FFAD7A188200AF08BFAAFF6FC118F20E1
:105640000AF086FAD5A198200AF082FAD5A19F2007
:105650000AF07EFA0420F5F7D4FCD3480078022142
:10566000C24B08330022CDE9001003218520F5F755
:105670004FFACE4800780221BC4B0A330022CDE914
:10568000001003219520F5F743FAC948007802215C
:10569000B64B9B1D0022CDE9001005218C20F5F7AB
:1056A00037FAC44800780321C34B0022CDE900102B
:1056B0009D20F5F72DFA0020C0490870C0480078F9
:1056C000012809D10220BE4908700020BD49087098
:1056D000BD490880BD490870B948007802283ED10C
:1056E000A148007801280BD10221A0480830E7F733
:1056F00010FF0446B64801882046E7F78BFD8BE093
:105700009948007802280BD1022198480A30E7F71F
:1057100000FF0446AE4801882046E7F77BFD7BE0AA
:105720009148007803280BD102219048801DE7F7AB
:10573000F0FE0446A64801882046E7F76BFD6BE0C3
:1057400089480078042867D103219B48E7F7E1FEE8
:1057500004469F4801882046E7F75CFD5CE09848D6
:105760000078002858D19B480078022802D1F5F72C
:10577000F2F81CBD7C480078042802DD00207A493C
:1057800008707948007888B90120774908700020AE
:105790008C4908708C4908808C4908708D480078C5
:1057A000012803D102208B490870E2E76E48007897
:1057B000012809D102216D480830E7F7AAFE044606
:1057C0000121E7F777FC27E067480078022809D134
:1057D000022166480A30E7F79CFE04460121E7F7FC
:1057E00069FC19E060480078032809D102215F486C
:1057F000801DE7F78EFE04460121E7F75BFC0BE016
:1058000059480078042807D103216B48E7F781FE47
:1058100004460121E7F74EFC00BFAAE71CB5544837
:10582000008854490988884225D052480088504948
:105830000880F5F778F868A180200AF089F959A165
:1058400087200AF085F967A190200AF081F955A117
:1058500097200AF07DF966A188200AF079F951A114
:105860008F200AF075F965A198200AF071F94DA111
:105870009F200AF06DF90420F5F7C3FB4A48007831
:1058800002213A4B10330022CDE90010032185207C
:10589000F5F73EF9454800780221344B12330022D7
:1058A000CDE9001003219520F5F732F94048007842
:1058B00002212E4B14330022CDE9001003218D204C
:1058C000F5F726F93B4800780221284B16330022D1
:1058D000CDE9001003219D20F5F71AF90020374982
:1058E000087037480078012809D10220344908702F
:1058F0000020344908703449088034490870304821
:10590000007802282FD11848007801280BD10221F5
:1059100016481030E7F7FDFD04462D480188204663
:10592000E7F778FCDCE01048007802280BD1022170
:105930000E481230E7F7EDFD044625480188204661
:10594000E7F768FCCCE00848007803285CD1022126
:1059500006481430E7F7DDFD04461D48018820465F
:10596000E7F758FCBCE05EE06C0100204C1400201E
:105970004403002042030020B0B4BCFCCDA3C4A368
:10598000CABD00004449CDA3BBFAC4A3CABD0000F0
:10599000BBF4B6FBC0E0D0CD00000000B9CAD5CF43
:1059A000B2E2CAD420200000490300204A030020AC
:1059B0004B0300204C0300208815002069030020C1
:1059C0004A000020630100206601002062010020DF
:1059D0004E0000205E030020414F3120CAE4B3F6A0
:1059E000D4B40000414F3220CAE4B3F6D4B400006E
:1059F000444F3120CAE4B3F6D4B40000444F3220FF
:105A0000CAE4B3F6D4B40000F8480078042867D19B
:105A10000221F748E7F77DFD0446F6480188204655
:105A2000E7F7F8FB5CE0F4480078002858D1F34829
:105A30000078022802D1F4F78EFF1CBDEB480078F5
:105A4000042802DD0020E9490870E848007888B998
:105A50000120E64908700020E9490870E9490880FA
:105A6000E9490870E5480078012803D10220E3499C
:105A70000870E2E7DD480078012809D10221DC48FE
:105A8000801FE7F746FD04460121E7F713FB27E0F7
:105A9000D6480078022809D10221D548001FE7F72F
:105AA00038FD04460121E7F705FB19E0CF480078EF
:105AB000032809D10221CE48801EE7F72AFD0446BB
:105AC0000121E7F7F7FA0BE0C8480078042807D16E
:105AD0000221C748E7F71DFD04460121E7F7EAFA6E
:105AE00000BFAAE71CB5C948408D18B1C748408D12
:105AF00001286ED1C6480088C6490988884228D046
:105B0000C4480088C2490880F4F70DFFC2A1802074
:105B10000AF01EF8AFF2741187200AF019F8C1A13B
:105B200090200AF015F8C1A197200AF011F8C04999
:105B300088200AF00DF8AFF294118F200AF008F8CF
:105B4000BB4998200AF004F8AFF2A8119F2009F091
:105B5000FFFF0220F5F755FAB64800780221A44B62
:105B60000A3B0022CDE9001003218520F4F7D0FF85
:105B7000B148007802219E4B083B0022CDE900107D
:105B800003219520F4F7C4FF0020AC4908709A481F
:105B90000078012809D1022097490870002098490F
:105BA000087098490880984908709348007802283E
:105BB00020D18E48007801280CD102218C480A3867
:105BC000E7F7A7FC04468B4801882046E7F722FB4D
:105BD00095E152E0854800780228F9D102218448F5
:105BE0000838E7F796FC0446824801882046E7F724
:105BF00011FB84E1804800780028E9D17F480078D3
:105C0000022802D1F4F7A7FE1CBD784800780228CC
:105C100002DD0020754908707448007888B90120B9
:105C200072490870002076490870764908807649E4
:105C3000087072480078012803D102206F4908706B
:105C4000E2E76A480078012809D1022168480A3849
:105C5000E7F75FFC04460121E7F72CFA4FE16348C0
:105C600000780228B4D1022161480838E7F751FCD6
:105C700004460121E7F71EFA41E16448408D0228FD
:105C8000A6D16348008863490988884228D06148C2
:105C900000885F490880F4F746FE5FA1802009F084
:105CA00057FFAFF20031872009F052FF5DA190202D
:105CB00009F04EFF5DA1972009F04AFF60A18820FE
:105CC00009F046FFAFF224318F2009F041FF5FA1B8
:105CD000982009F03DFFAFF234319F2009F038FFE2
:105CE0000420F5F78EF9534800780221404B0A3B17
:105CF0000022CDE9001003218520F4F709FF4E486A
:105D0000007802213A4B083B0022CDE90010032124
:105D10009520F4F7FDFE504800780221344B2033E3
:105D20000022CDE9001003218D20F4F7F1FE4B484D
:105D3000007803214A4B0022CDE9001005219C2068
:105D4000F4F7E6FE00203D4908702B480078012852
:105D500009D10220284908700020294908702949E2
:105D60000880294908702448007802287BD11F4800
:105D7000007801280BD102211D480A38E7F7C9FB3A
:105D800004461C4801882046E7F744FAB7E0174864
:105D9000007802280BD1022115480838E7F7B9FB33
:105DA0000446144801882046E7F734FAA7E00F4874
:105DB000007803280BD102210D482030E7F7A9FB1A
:105DC00004460C4801882046E7F724FA97E0074884
:105DD0000078042809D103212148E7F79AFB0446FB
:105DE000044801882046E7F715FA88E06C01002096
:105DF000621400204E0000204A0000205E030020B4
:105E00006301002066010020620100201E160020B0
:105E10004403002042030020B9CAD5CFB8B4CEBB9A
:105E2000456E0000B9CAD5CFB8B4CEBBC3EB0000F5
:105E300034C20108490300204A03002069030020FE
:105E4000C9E8B6A8B8B4CEBBCAFD0000D2D1B8B478
:105E5000CEBBCAFD000000004B0300204C03002015
:105E600086150020FFE7FE480078F8B9FD48007865
:105E7000042802DD0020FB490870FA48007848B980
:105E80000120F84908700020F7490870F749088098
:105E9000F7490870F3480078012808D10221F54835
:105EA000E7F737FB04460121E7F704F927E0ED485F
:105EB0000078022809D10221EE48801CE7F729FB6F
:105EC00004460121E7F7F6F819E0E64800780328D0
:105ED00009D10221E7482A30E7F71BFB04460121DC
:105EE000E7F7E8F80BE0DF480078042807D1032142
:105EF000E148E7F70EFB04460121E7F7DBF800BFB6
:105F000082E61CB5DD480088DD490988884227D033
:105F1000DB480088D9490880F4F705FDD9A1802025
:105F200009F016FEAFF28451872009F011FED9A1C5
:105F3000902009F00DFEDAA1952009F009FEDAA102
:105F4000882009F005FEDBA18D2009F001FEDBA110
:105F5000982009F0FDFDAFF2B4519F2009F0F8FD43
:105F60000420F5F74EF8D84800780221C14B163BC3
:105F70000022CDE9001001218720F4F7C9FDD348A4
:105F800000780221BB4B123B0022CDE90010012119
:105F90009420F4F7BDFDCE4800780421CD4B0022BB
:105FA000CDE9001001218C20F4F7B2FDCA48007839
:105FB0000421C84B1B1D0022CDE9001003219D20A8
:105FC000F4F7A6FD0020C5490870A548007801280F
:105FD00009D10220A24908700020A3490870A349F2
:105FE0000880A34908709E48007802283FD19D4848
:105FF000007801280BD102219E481638E7F789FA6C
:106000000446B74801882046E7F704F971E095484F
:10601000007802280BD1022196481238E7F779FA66
:106020000446AF4801882046E7F7F4F861E08D4860
:10603000007803280BD103218F485E38E7F769FA0F
:106040000446A74801882046E7F7E4F851E0854870
:10605000007804284DD1032187485C38E7F759FAC6
:1060600004469F4801882046E7F7D4F841E07C4881
:10607000007800283DD19B480078022802D1F4F72F
:106080006AFC1CBD77480078022802DD00207549B3
:1060900008707448007888B901207249087000209F
:1060A0007149087071490880714908708D480078FD
:1060B000012803D102208B490870E2E76948007883
:1060C000012809D102216B481638E7F722FA044665
:1060D0000121E6F7EFFF0CE062480078022808D1C2
:1060E000022164481238E7F714FA04460121E6F762
:1060F000E1FF00BFC5E71CB560480088604909881A
:10610000884223D05E4800885C490880F4F70BFC85
:1061100075A1802009F01CFDAFF27871872009F08D
:1061200017FD74A1902009F013FD77A1882009F0D4
:106130000FFDAFF290718F2009F00AFD77A1982032
:1061400009F006FD7AA19F2009F002FD0220F4F774
:1061500058FF5D48007804215E4B9B1C0022CDE96E
:10616000001005218420F4F7D3FC5848007804215E
:10617000584B163B0122CDE900109C20F4F7C8FCD7
:10618000002056490870F6F7E7F81CBD1CB53B48DF
:1061900000883B490988884228D039480088374917
:1061A0000880F4F7C0FB6349802009F0D1FCAFF60A
:1061B0000C01872009F0CCFC5E490C31902009F0DD
:1061C000C7FC5DA1972009F0C3FC5CA1882009F001
:1061D000BFFCAFF630018F2009F0BAFC5AA198201D
:1061E00009F0B6FC54A19F2009F0B2FC0420F4F79A
:1061F00008FF3548007802211E4B0E330022CDE9FE
:10620000001005218420F4F783FC30480078022137
:10621000184B10330122CDE9001004219420F4F72B
:1062200077FC2B4800780221124B28330022CDE95D
:10623000001003218D20F4F76BFC27480078022121
:106240000C4B183B0022CDE9001005219C20F4F7EF
:106250005FFC00202149087001480078012879E09E
:106260004A0000206C01002063010020660100202C
:1062700062010020581400208615002044030020ED
:1062800042030020C6F4B6AFC6B5C2CACDA3C4A3AC
:10629000CABD0000B2E2CEC2C4A3CABD0000000065
:1062A0002028302D31290000B0B4BCFCC4A3CABDE5
:1062B000000000002028302D32290000B5E7C1F78A
:1062C000D0A1CAFDCEBB0000490300204A03002034
:1062D0004B030020461600204C03002069030020D9
:1062E0004E0000205E030020B2CBB5A5C4A3CABDFA
:1062F000000000002830B9A9CBAEA3AC313DB1E419
:10630000C6B529200000000028323D2044434D320C
:10631000323029202020202000000000B1E4C6B542
:10632000B9A6C2CA20202020202020200000000082
:106330006B57000084100208487A0000C6B5C2CA34
:10634000D1A1D4F141490000D7EEB4F3C6B5C2CA19
:106350000000000009D10220FE4908700020FE491B
:106360000870FE490880FE490870FA480078022843
:106370003ED1FC48007801280AD10221FA48E7F70B
:10638000C8F80446F94801882046E6F743FF8CE048
:10639000F448007802280BD10221F348801CE7F76B
:1063A000B8F80446F14801882046E6F733FF7CE060
:1063B000EC48007803280BD10221EB481A30E7F7AC
:1063C000A8F80446E94801882046E6F723FF6CE078
:1063D000E4480078042868D10221E3482638E7F72A
:1063E00098F80446E14801882046E6F713FF5CE090
:1063F000D8480078002858D1DD480078022802D11A
:10640000F4F7A9FA1CBDD7480078042802DD002063
:10641000D4490870D348007888B90120D149087060
:106420000020CD490870CD490880CD490870D0487A
:106430000078012803D10220CD490870E2E7C9485D
:106440000078012808D10221C748E7F762F804461E
:106450000121E6F72FFE28E0C2480078022809D182
:106460000221C148801CE7F754F804460121E6F7F1
:1064700021FE1AE0BB480078032809D10221BA485E
:106480001A30E7F746F804460121E6F713FE0CE060
:10649000B4480078042808D10221B3482638E7F729
:1064A00038F804460121E6F705FE00BFAAE71CB54F
:1064B000B0480088B0490988884229D0AE48008891
:1064C000AC490880F4F72FFAACA1802009F040FB1A
:1064D000AFF63031872009F03BFBABA1902009F0EB
:1064E00037FBAFF64031972009F032FBA9A1882095
:1064F00009F02EFBAFF654318F2009F029FBA8A13B
:10650000982009F025FBAFF664319F2009F020FBAD
:106510000420F4F776FDA54800780221924B1B1D5C
:106520000022CDE9001005218420F4F7F1FAA048FB
:10653000007802218C4B9B1D0022CDE90010052123
:106540009420F4F7E5FA9B4800780221864B183333
:106550000022CDE9001005218C20F4F7D9FA9648E5
:1065600000780221804B0E330022CDE90010052176
:106570009C20F4F7CDFA0020904908707548007807
:10658000012809D10220734908700020724908705F
:1065900072490880724908706E48007802283FD11D
:1065A0007048007801280BD102216F48001DE6F7E2
:1065B000B0FF04466D4801882046E6F72BFE8DE0CB
:1065C0006848007802280BD102216748801DE6F751
:1065D000A0FF0446654801882046E6F71BFE7DE0E3
:1065E0006048007803280BD102215F481830E6F795
:1065F00090FF04465D4801882046E6F70BFE6DE0FB
:1066000058480078042869D1022157480E30E6F72F
:1066100080FF0446554801882046E6F7FBFD5DE013
:106620004C480078002859D151480078022802D1FE
:10663000F4F791F91CBD4B480078042802DD0020D6
:10664000484908704748007888B9012045490870D2
:106650000020414908704149088041490870444878
:106660000078012803D1022041490870E2E73D4843
:106670000078012809D102213B48001DE6F749FFB7
:1066800004460121E6F716FD28E036480078022886
:1066900009D102213448801DE6F73BFF0446012161
:1066A000E6F708FD1AE02F480078032809D10221F7
:1066B0002D481830E6F72DFF04460121E6F7FAFCD5
:1066C0000CE028480078042808D1022126480E3022
:1066D000E6F71FFF04460121E6F7ECFC00BFA9E73F
:1066E0001CB52448008824490988884224D02248BF
:1066F000008820490880F4F716F931A1802009F0BC
:1067000027FA34A1902009F023FAAFF668519720B8
:1067100009F01EFA32A1882009F01AFAAFF67C516E
:106720008F2009F015FA31A1982009F011FAAFF67F
:106730008C519F2009F00CFA0320F4F762FC1B48EF
:1067400000780221084B08330022CDE90010052112
:10675000942051E04A0000206301002066010020DF
:10676000620100206C010020661400204E00002011
:106770005E0300204403002042030020BDC7B6C8CA
:10678000B2B9B3A500000000BDC7B6C8B2B9322087
:1067900000000000B2B9B3A5B7BDCFF20000000001
:1067A000B5E7C1F7CBB3D0F20000000049030020E9
:1067B0004A0300204B0300204C0300206903002003
:1067C000D5F0B5B4D2D6D6C6B2CECAFDD6B5A3BA28
:1067D00000000000BFD5D4D8CFB5CAFD000000002E
:1067E000B1C8C0FDCFB5CAFD00000000CEA2B7D62B
:1067F000CFB5CAFD00000000F4F78AF9FE48007822
:106800000221FE4B0022CDE9001005218C20F4F777
:106810007FF9FB4800780221F84B9B1C0022CDE950
:10682000001005219C20F4F773F90020F549087049
:10683000F5480078012809D10220F34908700020AA
:10684000F2490870F2490880F2490870EE48007871
:1068500002282ED1F048007801280BD10221E74808
:10686000801EE6F756FE0446EC4801882046E6F70F
:10687000D1FC6DE0E848007802280AD10221DF4807
:10688000E6F747FE0446E54801882046E6F7C2FCE5
:106890005EE0E148007803285AD10221D748801CE5
:1068A000E6F737FE0446DD4801882046E6F7B2FCED
:1068B0004EE0D548007800284AD1D948007802280F
:1068C00002D1F4F748F81CBDD3480078032802DD54
:1068D0000020D1490870D048007888B90120CE49FD
:1068E00008700020C9490870C9490880C949087062
:1068F000CB480078012803D10220C9490870E2E79B
:10690000C5480078012809D10221BC48801EE6F75D
:1069100000FE04460121E6F7CDFB19E0BE480078F1
:10692000022808D10221B548E6F7F3FD044601210B
:10693000E6F7C0FB0CE0B8480078032808D1022134
:10694000AE48801CE6F7E5FD04460121E6F7B2FB00
:1069500000BFB8E71CB5B348408D022877D1B248D4
:106960000088B2490988884226D0B0480088AE49DC
:106970000880F3F7D8FFAEA1802009F0E9F8AFF660
:10698000DC71872009F0E4F8ACA1902009F0E0F870
:10699000ADA1972009F0DCF8ACA1882009F0D8F867
:1069A000A9A18F2009F0D4F8AB49982009F0D0F8BC
:1069B000AAA19F2009F0CCF80320F4F722FBA848F5
:1069C000007802218D4B16330A46CDE900100421D0
:1069D0008420F4F79DF8884800780221874B18330B
:1069E0000022CDE9001003219520F4F791F88448A6
:1069F00000780221814B1A330022CDE900100321D7
:106A00008D20F4F785F800207E4908707E480078D4
:106A1000012809D102207C49087000207B490870B8
:106A20007B4908807B4908707748007802282FD17D
:106A30007948007801280BD1022170481630E6F71A
:106A400068FD0446754801882046E6F7E3FB6FE0E1
:106A50007148007802280BD1022168481830E6F707
:106A600058FD04466D4801882046E6F7D3FB5FE0F9
:106A70006948007803285BD1022160481A30E6F7A4
:106A800048FD0446654801882046E6F7C3FB4FE011
:106A90005D48007800284BD161480078022802D177
:106AA000F3F759FF1CBD5C480078032802DD002085
:106AB000594908705848007888B90120564908702B
:106AC00000205249087052490880524908705448C1
:106AD0000078012803D1022051490870E2E74E48AE
:106AE0000078012809D1022144481630E6F711FD4B
:106AF00004460121E6F7DEFA1AE04748007802284A
:106B000009D102213D481830E6F703FD0446012172
:106B1000E6F7D0FA0CE040480078032808D10221BB
:106B200036481A30E6F7F5FC04460121E6F7C2FACA
:106B300000BFB7E71CB53C4800883C49098888423B
:106B400022D03A48008838490880F3F7ECFE4549DE
:106B5000802008F0FDFF41A1872008F0F9FF41499E
:106B60000C31902008F0F4FF3CA1972008F0F0FFD2
:106B70003D49882008F0ECFF3CA18F2008F0E8FF99
:106B80003BA1982008F0E4FF0320F4F73AFA3448D8
:106B9000007803213B4B0022CDE900100521842021
:106BA000F3F7B6FF144800780321364B9B1C0022F4
:106BB000CDE9001005219420F3F7AAFF10480078D2
:106BC00002210E4B0C3B0022CDE9001005218C2048
:106BD000F3F79EFF00200B4908700B48007801284E
:106BE00009D10220084908700020084908700849A6
:106BF00008800849087047E04A030020701400200C
:106C00004B030020690300204A000020630100209C
:106C100066010020620100206C0100204E0000206F
:106C20005E0300201E1600204403002042030020C3
:106C3000B5E7D1B9CFB5CAFD00000000BFECCBD994
:106C4000B9FDD1B9D6B5000020560000BFECCBD9B4
:106C5000C7B7D1B9D6B5000034C201082020000062
:106C60004903002054DE010868E20108BAC50000AB
:106C70002844434D3232302920202020202020205B
:106C80000000000052150020FE48007802282DD197
:106C9000FD48007801280AD10321FC48E6F739FCB9
:106CA0000446FB4801882046E6F7B4FA6CE0F64853
:106CB000007802280BD10321F448801CE6F729FC58
:106CC0000446F34801882046E6F7A4FA5CE0EE4863
:106CD0000078032858D10221EE48E6F71AFC044652
:106CE000EB4801882046E6F795FA4DE0E548007844
:106CF000002849D1E8480078022802D1F3F72BFE9A
:106D00001CBDE1480078032802DD0020DE49087040
:106D1000DD48007888B90120DB4908700020DF4990
:106D20000870DF490880DF490870DB4800780128D7
:106D300003D10220D8490870E2E7D348007801283F
:106D400008D10321D148E6F7E4FB04460121E6F728
:106D5000B1F919E0CC480078022809D10321CB48C9
:106D6000801CE6F7D6FB04460121E6F7A3F90BE009
:106D7000C5480078032807D10221C648E6F7C9FBB9
:106D800004460121E6F796F900BFB9E71CB5C648ED
:106D90000088C6490988884229D0C4480088C24969
:106DA0000880F3F7C0FDC2A1802008F0D1FEAFF249
:106DB0005411872008F0CCFEC0A1902008F0C8FE36
:106DC000AFF26811972008F0C3FEBFA1882008F039
:106DD000BFFEAFF278118D2008F0BAFEBF499820AF
:106DE00008F0B6FEAFF28C119F2008F0B1FE032030
:106DF000F4F707F9BA4800780421BA4B0022CDE92C
:106E0000001005218420F3F783FEB74800780421A1
:106E1000B44B9B1C0022CDE9001005219420F3F710
:106E200077FEB24800780421AE4B6C3B0022CDE9DE
:106E3000001005218C20F3F76BFE0020AC49087090
:106E4000F5F78AFA1CBD1CB5974800889749098850
:106E5000884229D09548008893490880F3F763FD5C
:106E6000A4A1802008F074FEAFF21021872008F062
:106E70006FFEA5A1902008F06BFEAFF220219720B5
:106E800008F066FEA5A1882008F062FEAFF234216A
:106E90008F2008F05DFEA6A1982008F059FEAFF201
:106EA00044219F2008F054FE0420F4F7AAF88C48EF
:106EB000007804218B4B683B0022CDE900100321B0
:106EC0008520F3F725FE884800780421854B663B32
:106ED0000022CDE9001003219520F3F719FE834825
:106EE000007804217F4B643B0022CDE90010032190
:106EF0008D20F3F70DFE934800780421794B623B17
:106F00000022CDE9001003219D20F3F701FE0020AF
:106F100077490870F5F720FA1CBD1CB57148703828
:106F2000008A20B16F487038008A022868D15E4814
:106F300000885E490988884229D05C4800885A49FF
:106F40000880F3F7F0FC80A1802008F001FEAFF28A
:106F5000F421872008F0FCFD80A1902008F0F8FDC6
:106F6000AFF20831972008F0F3FD81A1882008F0E6
:106F7000EFFDAFF218318F2008F0EAFD81A19820D3
:106F800008F0E6FDAFF22C319F2008F0E1FD04206F
:106F9000F4F737F8524800780421524B543B002252
:106FA000CDE9001003218520F3F7B2FD4E480078AB
:106FB00004214C4B523B0022CDE9001003219520C7
:106FC000F3F7A6FD494800780421464B423B0022D6
:106FD000CDE9001003218D20F3F79AFD5948007880
:106FE0000421404B403B0022CDE9001003219D20AD
:106FF000F3F78EFD00203E490870F5F7ADF919E171
:107000002948008829490988884229D027480088CA
:1070100025490880F3F787FC5FA1802008F098FDE0
:10702000AFF2C831872008F093FD60A1902008F0EE
:107030008FFDAFF2D831972008F08AFD60A188203B
:1070400008F086FDAFF2EC318F2008F081FD61A1E0
:10705000982008F07DFDAFF2FC319F2008F078FD0C
:107060000420F3F7CEFF1E48007804211D4B503B4F
:107070000022CDE9001003218520F3F749FD1A48CD
:107080000078B1E04A0000206C0100205215002079
:107090004E000020641400205E03002063010020E5
:1070A000660100206201002044030020420300200A
:1070B000D0DEB8C44C6F526100000000BBD6B8B43B
:1070C0004C6F526100000000B1BEBBFAB5D8D6B714
:1070D00020202020202020200000000034C20108B1
:1070E000490300208E1600204A0300204B03002095
:1070F00069030020B4D3BBFA3120B5D8D6B720201D
:107100002020202000000000B4D3BBFA3220B5D8E4
:10711000D6B720202020202000000000B4D3BBFAE6
:107120003320B5D8D6B72020202020200000000032
:10713000B4D3BBFA3420B5D8D6B7202020202020E5
:10714000000000004C030020B4D3BBFA3520B5D8B2
:10715000D6B720202020202000000000B4D3BBFAA6
:107160003620B5D8D6B720202020202000000000EF
:10717000B4D3BBFA3720B5D8D6B7202020202020A2
:1071800000000000B4D3BBFA3820B5D8D6B7202011
:1071900020202020000000004C6F5261CEBBBFD8E1
:1071A000D6C62020202020200000000047707273E7
:1071B000CEBBBFD8D6C62020202020200000000053
:1071C000B7A2C9E4B2E2CAD4312020202020202076
:1071D00000000000B7A2C9E4B2E2CAD432202020E5
:1071E00020202020000000000421FE4B0022CDE9D9
:1071F000001003219520F3F78BFCFB480078042155
:10720000F84B9B1C0022CDE9001003218D20F3F7E1
:107210007FFCF64800780421F24B1B1D0022CDE9CB
:10722000001003219D20F3F773FC0020F049087043
:10723000F5F792F81CBD1CB5EA482238008A20B147
:10724000E8482238008A02286BD1EA480088EA49D7
:10725000098888422DD0E8480088E6490880F3F77D
:1072600062FBAFF2CC01802008F072FCAFF2146137
:10727000872008F06DFCAFF2CC01902008F068FC8C
:10728000AFF22861972008F063FCAFF2CC018820B0
:1072900008F05EFCAFF23C618F2008F059FCAFF2C1
:1072A000CC01982008F054FCAFF250619F2008F008
:1072B0004FFC0420F3F7A5FED04800780421C94B09
:1072C0009B1E0022CDE9001003218520F3F720FC4E
:1072D000CB4800780421C34B0022CDE900100321E4
:1072E0009520F3F715FCC04800780421BD4B9B1C8A
:1072F0000022CDE9001003218D20F3F709FCBB48E3
:1073000000780421B74B1B1D0022CDE9001003219A
:107310009D20F3F7FDFB0020B5490870F5F71CF838
:1073200066E0B4480088B4490988884228D0B24849
:107330000088B0490880F3F7F6FAB2A1802008F07F
:1073400007FCB3A1872008F003FCB2A1902008F04D
:10735000FFFBAFF2F861972008F0FAFBB0A188209C
:1073600008F0F6FBAFF20C718F2008F0F1FBAFA133
:10737000982008F0EDFBAFF21C719F2008F0E8FBAD
:107380000420F3F73EFE9D4800780421954B2633F8
:107390000022CDE9001005218420F3F7B9FB9848BD
:1073A000007804218F4B28330022CDE900100521FD
:1073B0009420F3F7ADFB8C4800780421894B2A33E5
:1073C0000022CDE9001005218C20F3F7A1FB8748AE
:1073D00000780421834B2C330022CDE900100521D5
:1073E0009C20F3F795FB002081490870F4F7B4FF67
:1073F0001CBD1CB57B482238008A20B17948223850
:10740000008A022867D17B4800887B490988884226
:1074100028D07948008877490880F3F784FA79A161
:10742000802008F095FB7AA1872008F091FB79A1D4
:10743000902008F08DFBAFF2DC71972008F088FBFC
:1074400077A1882008F084FBAFF2F0718F2008F05C
:107450007FFB76A1982008F07BFBAFF600019F2010
:1074600008F076FB0420F3F7CCFD64480078042193
:107470005C4B26330022CDE9001005218420F3F770
:1074800047FB5F4800780421564B28330022CDE9A2
:10749000001005219420F3F73BFB534800780421AA
:1074A000504B2A330022CDE9001005218C20F3F740
:1074B0002FFB4E48007804214A4B2C330022CDE9A3
:1074C000001005219C20F3F723FB00204849087099
:1074D000F4F742FF67E04748008847490988884237
:1074E00029D04548008843490880F3F71CFA52A187
:1074F000802008F02DFBAFF69C01872008F028FBC8
:1075000050A1902008F024FBAFF6B001972008F0BE
:107510001FFB4FA1882008F01BFBAFF6C0018F2096
:1075200008F016FB4DA1982008F012FBAFF6D4012D
:107530009F2008F00DFB0420F3F763FD2F4800782F
:107540000421284B2E330022CDE900100521842090
:10755000F3F7DEFA2A4800780421224B3033002268
:10756000CDE9001005219420F3F7D2FA1E480078E7
:1075700004211C4B32330022CDE9001005218C2060
:10758000F3F7C6FA194800780421164B3433002269
:10759000CDE9001005219C20F3F7BAFA0020144928
:1075A0000870F4F7D9FE1CBD1CB5124800881249BA
:1075B000098888427BD0104800880E490880F3F77C
:1075C000B2F929A1802008F0C3FA2BA1872008F086
:1075D000BFFA2AA1902008F0BBFA27A1972008F053
:1075E000B7FA54E0401600204B0300204C03002063
:1075F00069030020440300204203002049030020C7
:107600004A0300204C6F5261C6B5C2CA0000000098
:10761000204D00004C6F5261B9A6C2CA00000000A4
:107620004C6F5261B4F8BFED00000000B1C8C0FD5E
:10763000D2F2D7D300000000B4EDCEF3B1E0C2EB3C
:10764000000000004372634F6E2020200000000005
:10765000D2FECABDB1A8CDB700000000BDD3CAD5C7
:10766000B5A5B8F600000000B7A2CBCDB3ACCAB147
:1076700020202020202000006D730000BDD3CAD53B
:10768000B3ACCAB120202020202000000FE0FCA1D4
:10769000882008F05DFAFEA18F2008F059FAFDA1BC
:1076A000982008F055FAF9A19F2008F051FA02201D
:1076B000F3F7A7FCFC4800780421FC4B0022CDE93D
:1076C000001005218420F3F723FAF94800780421FB
:1076D000F64B9B1C0022CDE9001005219420F3F706
:1076E00017FA00200521F14B26330222CDE90010C4
:1076F00004218C20F3F70CFA0020EE490870F4F70F
:107700002BFE1CBD1CB5EC480088EC49098888425A
:1077100021D0EA480088E8490880F3F704F9E8A195
:10772000802008F015FAEAA1872008F011FAE9A1F3
:10773000902008F00DFAD5A1972008F009FAE9A1E8
:10774000882008F005FAD1A18F2008F001FAE9A1FC
:10775000982008F0FDF90320F3F753FCD248007895
:107760000421D24B5E3B0022CDE90010052184208C
:10777000F3F7CEF9CE4800780421CC4B5C3B0022D5
:10778000CDE9001001219420F3F7C2F9DE4800781A
:107790000521C64B4E3B0022CDE9001001218C2073
:1077A000F3F7B6F90020C3490870F4F7D5FD1CBD06
:1077B0001CB5C1480088C1490988884227D0BF4804
:1077C0000088BD490880F3F7AEF8D049802008F062
:1077D000BFF9AEA1872008F0BBF9CC490C3190204D
:1077E00008F0B6F9A9A1972008F0B2F9C7490C3101
:1077F000882008F0ADF9A5A18F2008F0A9F9C4A14F
:10780000982008F0A5F9A1A19F2008F0A1F9002077
:10781000F3F7F7FB00200521A44B32330222CDE918
:1078200000108420F3F774F9002001219F4B3433BA
:107830000246CDE9001005219420F3F769F90020F4
:1078400001219A4B36330246CDE9001005218C20E8
:10785000F3F75EF900200121944B2C330246CDE969
:10786000001005219C20F3F753F90020914908707E
:10787000F4F772FD1CBD70B504460D46F3F728F908
:107880008C480078022807D12946204608F078F96C
:107890004FF47A7007F09AFE70BD70B504460D463D
:1078A000F3F716F983480078022807D129462046C5
:1078B00008F04EF94FF47A7007F088FE70BD10B5ED
:1078C0007D4800887D490988884225D07B4800880A
:1078D00079490880F3F727F890A1802008F038F95B
:1078E0006AA1872008F034F991A1902008F030F9BE
:1078F00066A1972008F02CF992A1882008F028F9B9
:1079000062A18F2008F024F993A1982008F020F9B3
:107910005EA19F2008F01CF90020F3F772FB93484A
:107920000078F8B992499220FFF7B7FF90482238C3
:1079300090F848109820FFF79EFF8D48223890F865
:1079400049109A20FFF797FF8948223890F84A108B
:107950009C20FFF790FF8648223890F84B109E201D
:10796000FFF789FF002053490870F4F7F5FC10BDBC
:1079700010B55148008851490988884225D04F48A0
:1079800000884D490880F2F7CEFF7AA1802008F0E8
:10799000DFF83EA1872008F0DBF86FA1902008F007
:1079A000D7F83AA1972008F0D3F86BA1882008F007
:1079B000CFF836A18F2008F0CBF867A1982008F007
:1079C000C7F832A19F2008F0C3F80020F3F719FB95
:1079D00066480078002851D16548223890F84C104C
:1079E0009020FFF748FF6248223890F84D1092200F
:1079F000FFF741FF5E48223890F84E109420FFF7C1
:107A00003AFF5B48223890F84F109620FFF733FF7B
:107A10005748223890F850108820FFF72CFF544820
:107A2000223890F851108A20FFF725FF504822385D
:107A300090F852108C20FFF71EFF4D48223890F826
:107A400053108E20FFF717FF4948223890F8541042
:107A50009820FFF710FF4648223890F855109A20DA
:107A6000FFF709FF4248223890F856109C20FFF794
:107A700002FF3F48223890F8571085E087E0000069
:107A8000BFD5D6D0CBD9C2CA2020202020200000CC
:107A90006B62000020202020202020202020202099
:107AA0002020202020000000490300207C16002018
:107AB0004A03002069030020440300204203002001
:107AC000D6D8C6F4BCE4B8F4202020202020000042
:107AD000B7D60000BFD8D6C6D0C5CFA22020202060
:107AE00020200000C9E8B1B8C0E0D0CD202020207F
:107AF00020200000303DCBABC7FD313DB1E4C6B521
:107B0000323DB8DFD1B900004B03002080C201082C
:107B1000BCE0BFD8D7B4CCAC0000000020202020AF
:107B200044545520B2CECAFD202020200000000081
:107B300049443A20202020202020202020202020DE
:107B4000000000004950313A202020202020202031
:107B500020202020000000002020202E2020202E89
:107B60002020202E20202020000000003F030020A5
:107B7000701800204950322D4950343A20202020DE
:107B800020202020000000009E20FFF774FE00202F
:107B9000F7490870F4F7E0FB10BD10B5F548008810
:107BA000F5490988884229D0F3480088F1490880BE
:107BB000F2F7B9FEF1A1802007F0CAFFAFF234114D
:107BC000872007F0C5FFF249902007F0C1FFAFF210
:107BD0004411972007F0BCFFED49882007F0B8FF5B
:107BE000AFF258118F2007F0B3FFE949982007F052
:107BF000AFFFAFF268119F2007F0AAFF0020F3F754
:107C000000FAE448007858BBE34890F85900E24A8B
:107C100092F8582000EB02219120FFF72CFEDE485D
:107C200090F85B00DC4A92F85A2000EB0221952084
:107C3000FFF721FED84890F85D00D74A92F85C2003
:107C400000EB02218920FFF716FED34890F85F0071
:107C5000D14A92F85E2000EB02218D20FFF70BFE47
:107C60000020C3490870F4F777FB10BD1CB5C1486C
:107C70000088C1490988884223D0BF480088BD498F
:107C80000880F2F750FEC5A1802007F061FFC049CF
:107C9000902007F05DFFC649952007F059FFC5A168
:107CA000882007F055FFAFF21C218F2007F050FF0E
:107CB000C3A1982007F04CFFAFF230219F2007F0BE
:107CC00047FF0020F3F79DF9B2480078B8B9B248F1
:107CD00090F868109120FFF7CEFDAF4890F869103A
:107CE0009220FFF7C8FDAC4890F86A109320FFF788
:107CF000C2FDA94890F86B109420FFF7BCFD00204E
:107D00000521B24B0246CDE900108C20F2F700FFAE
:107D100000200521AD4B9B1F0246CDE900109C20A1
:107D2000F2F7F6FE002092490870F4F715FB1CBD2F
:107D300010B5A6488038008A00281ED18D480088DA
:107D40008D490988884215D08B4800888949088068
:107D5000F2F7E9FD8E49802007F0FAFE8C49902069
:107D600007F0F6FE9AA1882007F0F2FE88499820D5
:107D700007F0EEFEF4F7F0FA46E094488038008A07
:107D800001281ED17B4800887B490988884215D08C
:107D90007948008877490880F2F7C5FD7C49802042
:107DA00007F0D6FE7A49902007F0D2FE8DA18820F8
:107DB00007F0CEFE7649982007F0CAFEF4F7CCFA19
:107DC00022E082488038008A02281DD16948008854
:107DD00069490988884215D0674800886549088044
:107DE000F2F7A1FD6A49802007F0B2FE68499020B1
:107DF00007F0AEFE80A1882007F0AAFE6449982013
:107E000007F0A6FEF4F7A8FA10BD1CB55948008883
:107E100059490988884227D0574800885549088021
:107E2000F2F781FD7949802007F092FE78A1872042
:107E300007F08EFE7749902007F08AFE76A1972002
:107E400007F086FE73490C31882007F081FE73A18C
:107E50008F2007F07DFE6F491C31982007F078FED7
:107E60006FA19F2007F074FE0020F3F7CAF80020EE
:107E70000521564B32330122CDE900100421842024
:107E8000F2F746FE00200521504B36330246CDE97D
:107E900000109420F2F73CFE4C488038808D012879
:107EA0000BD100200521494B34330122CDE90010CC
:107EB00004218C20F2F72CFE0FE044488038808D9E
:107EC00002280AD100200521404B34330222CDE99B
:107ED000001004218C20F2F71BFE002005213B4BF3
:107EE00038330122CDE9001004219C20F2F710FE66
:107EF00000201F490870F4F72FFA1CBD1CB5334849
:107F00008038008A002832D11A4800881A49098826
:107F100088422AD01848008816490880F2F703FDE5
:107F200040A1802007F014FE3BA1872007F010FE3F
:107F30003FA1902007F00CFE38A1972007F008FE23
:107F40003EA1882007F004FEAFF2C0418F2007F069
:107F5000FFFD3D48007848B93CA1982007F0F8FDA6
:107F6000AFF2D8419F2007F0F3FD79E074E0ABE079
:107F7000690300204403002042030020B6CBBFDA8F
:107F8000312DB6CBBFDA343A20202020000000008B
:107F900034C201083F0300204E180020CBC4C2B7F2
:107FA000D0ADD2E95544502E5443503A0000000061
:107FB000A0620208D0C5BAC5C7BFB6C8000000009D
:107FC000586D6F64656DCFEE000000009E160020B6
:107FD00020202031BAC5B8DFC6B5CBABC7FD202005
:107FE0000000000020202031BAC5B1E4C6B5B5E7D5
:107FF000BBFA20200000000020202031BAC5B8DFE5
:10800000D1B9B5E7BBFA2020000000001C28020807
:10801000487A000000B60108205600002041000008
:10802000B6C8000041427E20B5E7D1B9000000008B
:10803000417EB5E7C1F72020000000004C6F52617F
:10804000BCC6CAFDC6F7000027030020444E4220EC
:10805000BCC6CAFDC6F70000FCA1982007F078FD59
:108060000020F2F7CEFF00200521FD4B0122CDE9D3
:10807000001004218420F2F74BFD00200521F84B6D
:108080000C330222CDE9001006219320F2F740FDC7
:1080900000200521F34B0246CDE900108D20F2F7B8
:1080A00037FDF148007848B900200521EC4B083332
:1080B0000246CDE900109D20F2F72AFD0020EB4991
:1080C0000870F4F749F9F5E0E948008A01287DD104
:1080D000E8480088E849098888422CD0E6480088AA
:1080E000E4490880F2F71FFCE4A1802007F030FD8E
:1080F000AFF26861872007F02BFDAFF2706190202E
:1081000007F026FDAFF27C61972007F021FDAFF26A
:108110008461882007F01CFDAFF290618F2007F08A
:1081200017FDAFF29861982007F012FDAFF2A4613D
:108130009F2007F00DFD0020F2F763FF00200521CE
:10814000C84B24330246CDE900108120F2F7E0FC51
:1081500000200521C34B26330246CDE900108420C0
:10816000F2F7D6FC00200521BE4B28330246CDE9AC
:1081700000109120F2F7CCFC00200521B94B2A33E6
:108180000246CDE900109420F2F7C2FC0020052140
:10819000B44B2C330246CDE900108920F2F7B8FC2D
:1081A00000200521AF4B2E330246CDE900108C2074
:1081B000F2F7AEFC00200521AA4B30330246CDE990
:1081C00000109920F2F7A4FC002000E00EE0052149
:1081D000A44B32330246CDE900109C20F2F798FC04
:1081E0000020A2490870F4F7B7F863E0A048008ABD
:1081F00002285FD19F4800889F490988884229D07A
:108200009D4800889B490880F2F78DFB9CA1802047
:1082100007F09EFCAFF20821872007F099FC9BA194
:10822000902007F095FCAFF21021972007F090FC0A
:1082300099A1882007F08CFCAFF224218F2007F051
:1082400087FC98A1982007F083FCAFF234219F208F
:1082500007F07EFC0020F2F7D4FE00200521944BAD
:108260000122CDE9001004218420F2F751FC002006
:1082700005218F4B0E3B0246CDE900109420F2F70A
:1082800047FC002005218A4B0C3B0246CDE900103B
:108290008C20F2F73DFC00200521854B0A3B02466D
:1082A000CDE900109C20F2F733FC00206F490870E4
:1082B000F4F752F81CBD1CB56D48008A00287DD12A
:1082C0006C4800886C490988884229D06A4800882F
:1082D00068490880F2F727FB76A1802007F038FC78
:1082E000AFF65801872007F033FC75A1902007F006
:1082F0002FFCAFF66801972007F02AFC74A18820B4
:1083000007F026FCAFF67C018F2007F021FC7449B2
:10831000982007F01DFCAFF68C019F2007F018FC99
:108320000120F2F76EFE002005214D4B0A33024674
:10833000CDE900108520F2F7EBFB00200521694B09
:108340000246CDE900109520F2F7E2FB664800787E
:108350000521644B163B0022CDE900108D20F2F779
:10836000D7FB6248007840BB3D481C38B0F8520546
:108370003B491C39B1F85C1588421ED038481C387E
:10838000B0F85205012805DD002035491C39A1F857
:10839000520512E032481C38B0F8520530491C39F9
:1083A000A1F85C050F20A1F866050846B0F8520553
:1083B000A1F8680501204D49087000E005E00020A3
:1083C0002A490870F3F7C8FF49E12948008A0128C3
:1083D0003BD1284800882849098888422CD0264863
:1083E000008824490880F2F79EFA41A1802007F016
:1083F000AFFBAFF66811872007F0AAFBAFF6741148
:10840000902007F0A5FBAFF67C11972007F0A0FBAA
:10841000AFF68811882007F09BFBAFF690118F20F4
:1084200007F096FBAFF69C11982007F091FBAFF692
:10843000A4119F2007F08CFB0020F2F7E2FD002042
:108440000521084B3433024654E0A3E03123B1C385
:108450004C6F5261CDA8D1B6D2ECB3A3000000009E
:108460008A190020721700202703002069030020CA
:108470001E1600204403002042030020312000008B
:10848000B5E7BBFAC6B5C2CA00000000CFDFB5E74A
:10849000D1B9313200000000CFDFB5E7D1B93233B6
:1084A00000000000CFDFB5E7D1B933310000000094
:1084B0005010002034323020BCC6CAFDC6F7000080
:1084C000D4B6B3CCCAFDBEDD2020202000000000C1
:1084D000B0B4BCFCC6F4CDA32020202000000000D6
:1084E00034C20108D61E002049030020610000208C
:1084F00032200000CDE900108120F2F709FB0020B6
:108500000521FE4B0246CDE900108420F2F700FB66
:1085100000200521F94B9B1C0246CDE9001091205B
:10852000F2F7F6FA00200521F44B1B1D0246CDE9B7
:1085300000109420F2F7ECFA00200521EF4B9B1D70
:108540000246CDE900108920F2F7E2FA0020052169
:10855000EA4B08330246CDE900108C20F2F7D8FA36
:1085600000200521E54B0A330246CDE90010992091
:10857000F2F7CEFA00200521E04B0C330246CDE99C
:1085800000109C20F2F7C4FA0020DD490870F3F7D0
:10859000E3FE64E0DB48008A022860D1DA48008804
:1085A000DA490988884228D0D8480088D649088006
:1085B000F2F7B9F9D6A1802007F0CAFAAFF2A451B8
:1085C000872007F0C5FAD5A1902007F0C1FAAFF2D5
:1085D000B451972007F0BCFAD3A1882007F0B8FA6D
:1085E000AFF2C8518F2007F0B3FAD2A1982007F05C
:1085F000AFFAD3A19F2007F0ABFA0020F2F701FDFC
:1086000000200521CF4B0122CDE900100421842058
:10861000F2F77EFA00200521CA4B9B1C0122CDE90E
:10862000001004219420F2F773FA00200521C54BB5
:108630001B1D0122CDE9001004218C20F2F768FAFD
:1086400000200521BF4B9B1D0246CDE900109C2058
:10865000F2F75EFA0020AA490870F3F77DFE1CBD10
:108660001CB5A9480088A9490988884224D0A74890
:108670000088A5490880F2F756F9B3A1802007F0D9
:1086800067FAAFF6F831872007F062FAB1A19020BF
:1086900007F05EFAAFF60C41972007F059FAB0499F
:1086A000882007F055FAAFF61C418F2007F050FAEA
:1086B000AC49982007F04CFA0020F2F7A2FC002009
:1086C0000521904BBA330246CDE900108420F2F721
:1086D0001FFA002005218B4BB0330222CDE9001098
:1086E00004219420F2F714FA00200521854BC233AF
:1086F0000246CDE900108C20F2F70AFA00208049EA
:108700000870F3F729FE1CBD2DE9FC410027002469
:10871000002500267B48008A002863D17A4800881B
:108720007A490988884229D07848008876490880A3
:10873000F2F7F9F88C49802007F00AFA8BA187201C
:1087400007F006FA88491031902007F001FA87A156
:10875000972007F0FDF984491C31882007F0F8F9CB
:1087600082A18F2007F0F4F97F492831982007F083
:10877000EFF9AFF264719F2007F0EAF90020F2F7F9
:1087800040FC002005217A4B0322CDE90010042192
:108790008420F2F7BDF900200521754B9B1C0322B4
:1087A000CDE9001004219420F2F7B2F90020052150
:1087B0006F4B08330322CDE9001004218C20F2F71F
:1087C000A7F9002005216A4B9B1E0122CDE900106C
:1087D00004219C20F2F79CF9002049490870F3F726
:1087E000BBFD74E14748008A01287DD146480088D6
:1087F0004649098888422CD044480088424908806C
:10880000F2F791F85BA1802007F0A2F9AFF684514E
:10881000872007F09DF9AFF68C51902007F098F96A
:10882000AFF69851972007F093F9AFF6A051882042
:1088300007F08EF9AFF6AC518F2007F089F9AFF64B
:10884000B451982007F084F9AFF6C0519F2007F08B
:108850007FF90020F2F7D5FB00200521274B0E33CE
:108860000246CDE900108120F2F752F900200521DF
:10887000224B10330246CDE900108420F2F748F96C
:10888000002005211D4B12330246CDE90010912036
:10889000F2F73EF900200521184B14330246CDE9CA
:1088A00000109420F2F734F900200521134B163301
:1088B0000246CDE900108920F2F72AF900200521AF
:1088C0000E4B18330246CDE900108C20F2F720F948
:1088D00000200521094B1A330246CDE900109920EA
:1088E000F2F716F9002000E04EE00521034B1C339F
:1088F0000246CDE900109C203EE00000A8170020B1
:10890000690300201E1600204403002042030020BB
:108910002041CFE0B5E7C1F7000000002042CFE0E2
:10892000B5E7C1F7000000002043CFE0B5E7C1F78D
:1089300000000000D3D0B9A6B9A6C2CA000000004A
:108940006B57000048100020B4EDCEF3C2EB31208D
:1089500000000000C8EDBCFEB0E6B1BE00000000A3
:108960003036020834C20108B8B101084D70000069
:10897000A619002033200000F2F7CAF80020FE49B3
:108980000870F3F7E9FCA2E0FC48008A0228FAD15B
:10899000FB480088FB490988884225D0F9480088AF
:1089A000F7490880F1F7BFFFF7A1802007F0D0F862
:1089B000F8A1872007F0CCF8F7A1902007F0C8F8BD
:1089C000F4A1972007F0C4F8F6A1882007F0C0F8BA
:1089D000F0A18F2007F0BCF8F5A1982007F0B8F8B7
:1089E000ECA19F2007F0B4F80020F2F70AFBF3484F
:1089F000B0F8DC0342F21071884207DBEF48B0F8B0
:108A0000DC03401AED49A1F8DC030A27EB48B0F873
:108A1000DE0342F21071884207DBE848B0F8DE035B
:108A2000401AE649A1F8DE030A24E448B0F8E0035E
:108A300042F21071884207DBE048B0F8E003401AC8
:108A4000DE49A1F8E0030A25DC48B0F8E20342F26F
:108A50001071884207DBD948B0F8E203401AD749C1
:108A6000A1F8E2030A260021781DC0B2D44B0122EE
:108A7000CDE9000104218420F2F74AF80021601DAD
:108A8000C0B2CF4B9B1C0122CDE9000104219420F0
:108A9000F2F73EF80021681DC0B2C94B1B1D012230
:108AA000CDE9000104218C20F2F732F80021701D7D
:108AB000C0B2C34B9B1D0122CDE9000104219C20C3
:108AC000F2F726F80020AC490870F3F745FCBDE842
:108AD000FC811CB5AA480088AA490988884226D08A
:108AE000A8480088A6490880F1F71DFFB5498020F5
:108AF00007F02EF8AFF28C11872007F029F8B14962
:108B00001031902007F024F8AFF2A011972007F061
:108B10001FF8AC491C31882007F01AF8AFF2B411E5
:108B20008F2007F015F8A849982007F011F80020C9
:108B3000F2F767FA00200521A44B0322CDE90010CB
:108B400004218420F1F7E4FF002005219F4B9B1CAA
:108B50000322CDE9001004219420F1F7D9FF002071
:108B600005219A4B1B1D0322CDE9001004218C2006
:108B7000F1F7CEFF002080490870F3F7EDFB1CBD34
:108B80002DE9FC4100270024002500267B48008AAF
:108B9000002876D17A4800887A490988884226D008
:108BA0007848008876490880F1F7BDFE76A18020DC
:108BB00006F0CEFF77A1872006F0CAFF76A19020AD
:108BC00006F0C6FF73A1972006F0C2FFAFF27C212A
:108BD000882006F0BDFF7EA18F2006F0B9FF7A49FC
:108BE000982006F0B5FF7AA19F2006F0B1FF002083
:108BF000F2F707FA7748B0F83C0542F21071884264
:108C000007DB7448B0F83C05401A7249A1F83C05EE
:108C10000A277048B0F83E0542F21071884207DB1F
:108C20006C48B0F83E05401A6A49A1F83E050A248E
:108C30000021781DC0B2684B0122CDE9000104215A
:108C40008420F1F765FF0021601DC0B2624B9B1CC0
:108C50000122CDE9000104219420F1F759FF002001
:108C600005215C4B0E330222CDE9001004218C203B
:108C7000F1F74EFF002040490870F3F76DFB2FE13C
:108C8000FFE73E48008A012850D13D4800883D4911
:108C90000988884222D03B48008839490880F1F78A
:108CA00042FE4EA1802006F053FF49A1872006F026
:108CB0004FFF4FA1902006F04BFF45A1972006F0F3
:108CC00047FF5049882006F043FFAFF28C318F20D8
:108CD00006F03EFF3C49982006F03AFF0020F2F7EC
:108CE00090F900200521394B9B1D0246CDE900106B
:108CF0008420F1F70DFF00200521344B0833024694
:108D0000CDE900109420F1F703FF002005212F4B3F
:108D10000A330122CDE9001004218C20F1F7F8FE7E
:108D2000002015490870F3F717FBD9E01348008AB3
:108D30000228A4D1124800881249098888427ED0AE
:108D4000104800880E490880F1F7EDFD2EA1802023
:108D500006F0FEFE0FA1872006F0FAFE2DA190205E
:108D600006F0F6FE0BA1972006F0F2FEAFF21C41D2
:108D7000882006F0EDFE54E0690300201E16002056
:108D80004403002042030020CEC2B6C8B1ED31201A
:108D900000000000A1E60000CEC2B6C8B1ED32204E
:108DA00000000000CEC2B6C8B1ED332000000000C4
:108DB000CEC2B6C8B1ED3420000000005A0C00202D
:108DC00036100020B8B1010834C201081E17002077
:108DD000202000006E190020AA1E0020B9A9CBAEE9
:108DE000D7B4CCAC20202020202020200000000080
:108DF000CDA3BBFAD4ADD2F2202020202020202009
:108E0000000000001C630208CEC2B6C8B1ED3520D8
:108E100000000000CEC2B6C8B1ED36200000000050
:108E20000DE0AFF254018F2006F092FEFE4998202B
:108E300006F08EFEAFF268019F2006F089FE00204A
:108E4000F2F7DFF8F948B0F8E40342F21071884213
:108E500007DBF648B0F8E403401AF449A1F8E4034C
:108E60000A25F248B0F8E60342F21071884207DBA7
:108E7000EE48B0F8E603401AEC49A1F8E6030A26EA
:108E80000021681DC0B2EA4B0122CDE90001042196
:108E90008420F1F73DFE0021701DC0B2E44B9B1C05
:108EA0000122CDE9000104219420F1F731FE0020D8
:108EB0000521E04B0222CDE9001004218C20F1F7BE
:108EC00027FE00200521DB4B9B1C0246CDE900104C
:108ED0009C20F1F71DFE0020D7490870F3F73CFAFB
:108EE000BDE8FC8110B5D548008A00281ED1D448C1
:108EF0000088D4490988884215D0D2480088D049D2
:108F00000880F1F710FDD049802006F021FECE49FF
:108F1000902006F01DFECDA1882006F019FECA495A
:108F2000982006F015FEF3F717FA44E0C348008ACC
:108F300001281ED1C2480088C2490988884215D03C
:108F4000C0480088BE490880F1F7EDFCBE4980208A
:108F500006F0FEFDBC49902006F0FAFDC0A1882075
:108F600006F0F6FDB849982006F0F2FDF3F7F4F9A3
:108F700021E0B248008A02281DD1B1480088B149D9
:108F80000988884215D0AF480088AD490880F1F7BC
:108F9000CAFCAD49802006F0DBFDAB49902006F00D
:108FA000D7FDB4A1882006F0D3FDA749982006F08C
:108FB000CFFDF3F7D1F910BD1CB5A048008A0028F9
:108FC00070D19F4800889F490988884235D09D48C4
:108FD00000889B490880F1F7A6FCAFF6B8718020A5
:108FE00006F0B6FDAFF6D071872006F0B1FDAFF602
:108FF000C071902006F0ACFDAFF6E071972006F04E
:10900000A7FDAFF6C871882006F0A2FDAFF240219F
:109010008F2006F09DFD9C48007850B9AFF6D471C2
:10902000982006F095FDAFF258219F2006F090FDA4
:1090300003E096A1982006F08BFD0020F1F7E1FFF8
:1090400000200521964B0122CDE900100421842047
:10905000F1F75EFD00200521914B0C330222CDE992
:10906000001006219320F1F753FD002005218D4BC0
:109070000246CDE900108D20F1F74AFD82480078C4
:1090800048B900200521864B08330246CDE900107F
:109090009D20F1F73DFD002067490870F3F75CF96A
:1090A0002CE1FFE76548008A012876D164480088F2
:1090B00064490988884227D062480088604908804E
:1090C000F1F731FC7849802006F042FD77A1872036
:1090D00006F03EFD7649902006F03AFD75A19720F6
:1090E00006F036FD72490C31882006F031FD72A180
:1090F0008F2006F02DFD6E491C31982006F028FDCA
:109100006EA19F2006F024FD0020F1F77AFF0020D9
:109110000521644B903B0122CDE9001004218420FD
:10912000F1F7F6FC002005215E4B8C3B0246CDE9B1
:1091300000109420F1F7ECFC4048808D01280BD101
:1091400000200521574B8E3B0122CDE90010042160
:109150008C20F1F7DDFC0EE03848808D02280AD122
:10916000002005214F4B8E3B0222CDE90010042147
:109170008C20F1F7CDFC002005214A4B8A3B0122CF
:10918000CDE9001004219C20F1F7C2FC00202A49FF
:109190000870F3F7E1F8B1E0FFE72848008A0228F9
:1091A000F9D12748008827490988884229D02548CD
:1091B000008823490880F1F7B6FBAFF63C518020C8
:1091C00006F0C6FC39A1872006F0C2FCAFF6445178
:1091D000902006F0BDFC37A1972006F0B9FCAFF651
:1091E0004851882006F0B4FC32A18F2006F0B0FC74
:1091F000AFF65051982006F0ABFC2EA19F2006F050
:10920000A7FC0020F1F7FDFE00200521084B4233AA
:109210000122CDE9001004218420F1F779FC00201F
:109220000521034B34334BE0303602085A0C002042
:109230003E100020B20E0020690300201E16002000
:10924000440300204203002034C2010820202032C1
:10925000BAC5B8DFC6B5CBABC7FD20200000000003
:1092600020202032BAC5B1E4C6B5B5E7BBFA20204C
:109270000000000020202032BAC5B8DFD1B9B5E720
:10928000BBFA202000000000280300203223B1C3D5
:109290004C6F5261CDA8D1B6D2ECB3A30000000050
:1092A000DA190020741700201C280208487A0000F0
:1092B00000B601082056000020410000B6C800009A
:1092C0000246CDE900109420F1F722FC0020052190
:1092D000FE4B0246CDE900108C20F1F719FC00206E
:1092E0000521FA4B9B1C0246CDE900109C20F1F7AA
:1092F0000FFC0020F6490870F3F72EF81CBD1CB5D2
:10930000F448008A00287DD1F3480088F349098891
:1093100088422CD0F1480088EF490880F1F703FB20
:10932000AFF67061802006F013FCAFF25C5187202D
:1093300006F00EFCAFF67861902006F009FCAFF263
:109340007051972006F004FCAFF67C61882006F08F
:10935000FFFBAFF284518F2006F0FAFBE049982022
:1093600006F0F6FBAFF298519F2006F0F1FB0120CA
:10937000F1F747FE00200521DA4B0246CDE9001047
:109380008520F1F7C5FB00200521D74B0246CDE92A
:1093900000109520F1F7BCFBD44800780521D24B92
:1093A000143B0022CDE900108D20F1F7B1FBD0482D
:1093B000007840BBCB487638B0F85405C9497639B7
:1093C000B1F85E15884221D0C6487638B0F8540509
:1093D000012805DD0020C3497639A1F8540515E0C0
:1093E000C0487638B0F85405BE497639A1F85E0514
:1093F0003720A1F866050846B0F85405A1F86805BD
:10940000012001E008E001E0B94908700020B049FE
:109410000870F2F7A1FFC3E0AE48008A012854D1DA
:10942000AD480088AD490988884226D0AB480088FD
:10943000A9490880F1F777FAAFF6F421802006F009
:1094400087FBAFF27461872006F082FBAFF6FC2148
:10945000902006F07DFBAFF28861972006F078FB44
:10946000A449882006F074FBAFF29C618F2006F0BF
:109470006FFB9B49982006F06BFB0020F1F7C1FDC4
:1094800000200521934BCE330246CDE90010842005
:10949000F1F73EFB002005218E4BC4330222CDE9BB
:1094A000001004219420F1F733FB00200521894BA3
:1094B000D6330246CDE900108C20F1F729FB0020BD
:1094C00083490870F2F748FF6AE08248008A022860
:1094D00066D1814800888149098888422DD07F481B
:1094E00000887D490880F1F71EFAAFF6DC31802054
:1094F00006F02EFBAFF24021872006F029FBAFF6E5
:10950000E431902006F024FBAFF25421972006F0BE
:109510001FFBAFF6EC31882006F01AFBAFF2682192
:109520008F2006F015FBAFF6F431982006F010FB03
:10953000AFF6F4319F2006F00BFB0020F1F761FD40
:1095400000200521614B1B1D0122CDE900100421E3
:109550008420F1F7DDFA002005215C4B9B1D0122E0
:10956000CDE9001004219420F1F7D2FA0020052162
:10957000564B08330122CDE9001004218C20F1F76D
:10958000C7FA00200521514B0A330246CDE90010ED
:109590009C20F1F7BDFA00204D490870F2F7DCFE7F
:1095A0001CBD2DE9FC410024002500260027494868
:1095B000008A002867D148480088484909888842BD
:1095C0002CD04648008844490880F1F7ACF94A4954
:1095D000802006F0BDFAAFF66C41872006F0B8FA9D
:1095E00045491031902006F0B3FAAFF6804197203C
:1095F00006F0AEFA40491C31882006F0A9FAAFF611
:1096000094418F2006F0A4FA3B492831982006F0B7
:109610009FFAAFF268319F2006F09AFA0020F1F726
:10962000F0FC002005212F4B12330322CDE900105E
:1096300004218420F1F76CFA00200521294B143312
:109640000322CDE9001004219420F1F761FA0020F3
:109650000521244B1A330322CDE9001004218C206C
:10966000F1F756FA002005211E4B10330122CDE9F7
:10967000001004219C20F1F74BFA002014490870D7
:10968000F2F76AFE1DE11348008A01286ED11248E4
:1096900000881249098888423FD0104800880E4946
:1096A0000880F1F740F91449802006F051FAAFF62E
:1096B0004451872006F04CFA0F491031902006F0F3
:1096C00047FAAFF65851972018E0000074100020B8
:1096D000690300201E1600204403002042030020DE
:1096E00034C20108E4190020D61E002049030020DE
:1096F0006100002030360208B8B1010806F028FAEF
:10970000FE49882006F024FAAFF6A0518F2006F01B
:109710001FFAFB49982006F01BFA0020F1F771FCB4
:1097200000200521F74B0322CDE9001004218420FD
:10973000F1F7EEF900200521F24B9B1C0322CDE945
:10974000001004219420F1F7E3F900200521ED4BEE
:109750001B1D0322CDE9001004218C20F1F7D8F95C
:109760000020E9490870F2F7F7FDAAE0E748008A0F
:10977000022887D1E6480088E649098888422DD02A
:10978000E4480088E2490880F1F7CDF8AFF60821F7
:10979000802006F0DDF9AFF60421872006F0D8F925
:1097A000AFF60C21902006F0D3F9AFF618219720E0
:1097B00006F0CEF9AFF61421882006F0C9F9AFF60D
:1097C0002C218F2006F0C4F9AFF61C21982006F05A
:1097D000BFF9AFF640219F2006F0BAF90020F1F75B
:1097E00010FCCD48B0F80C0442F21071884207DB3F
:1097F000C948B0F80C04401AC749A1F80C040A245F
:10980000C548B0F80E0442F21071884207DBC24826
:10981000B0F80E04401AC049A1F80E040A25BE484B
:10982000B0F8100442F21071884207DBBA48B0F871
:109830001004401AB849A1F810040A26B648B0F836
:10984000120442F21071884207DBB348B0F81204E8
:10985000401AB149A1F812040A270021601DC0B2C4
:10986000AE4B0122CDE9000104218420F1F750F92B
:109870000021681DC0B2A94B9B1C0122CDE900014B
:1098800004219420F1F744F90021701DC0B2A34BCC
:109890001B1D0122CDE9000104218C20F1F738F9CC
:1098A0000021781DC0B29D4B9B1D0122CDE9000116
:1098B00004219C20F1F72CF9002093490870F2F75D
:1098C0004BFDBDE8FC812DE9FC410027002400256B
:1098D00000268E48008A00287CD18D4800888D495A
:1098E000098888422CD08B48008889490880F1F784
:1098F0001AF8AFF66C31802006F02AF9AFF66C3119
:10990000872006F025F9AFF67031902006F020F997
:10991000AFF68031972006F01BF9AFF6C8718820AA
:1099200006F016F9AFF658318F2006F011F9744998
:10993000982006F00DF9AFF668319F2006F008F97F
:109940000020F1F75EFB7648B0F8400542F2107156
:10995000884207DB7248B0F84005401A7049A1F808
:1099600040050A276E48B0F8420542F2107188425D
:1099700007DB6B48B0F84205401A6949A1F8420577
:109980000A240021781DC0B2664B0122CDE90001F6
:1099900004218420F1F7BCF80021601DC0B2614BA6
:1099A0009B1C0122CDE9000104219420F1F7B0F8BD
:1099B000002005215A4B5E330222CDE9001004211C
:1099C0008C20F1F7A5F800204F490870F2F7C4FC8D
:1099D000FFE0FFE74D48008A012853D14C4800883A
:1099E0004C490988884225D04A480088484908805F
:1099F000F0F799FFAFF61C41802006F0A9F8AFF60A
:109A00003041872006F0A4F8AFF61C41902006F004
:109A10009FF8AFF64441972006F09AF84249882013
:109A200006F096F841A18F2006F092F8344998206C
:109A300006F08EF80020F1F7E4FA00200521314B02
:109A40009B1D0246CDE900108420F1F761F800204B
:109A500005212C4B08330246CDE900109420F1F784
:109A600057F800200521274B0A330122CDE90010C9
:109A700004218C20F1F74CF8002023490870F2F7FC
:109A80006BFCA6E02148008A0228A1D1204800886A
:109A90002049098888422BD01E4800881C4908802C
:109AA000F0F741FFAFF6A041802006F051F8AFF685
:109AB0001C51872006F04CF8AFF6A841902006F024
:109AC00047F8AFF63051972006F042F81849882041
:109AD00006F03EF8AFF608518F2006F039F8154928
:109AE000982006F035F8AFF618519F2006F030F8B0
:109AF0000020F1F786FA08481EE00000D4B1010802
:109B000034C2010832170020690300201E1600200D
:109B100044030020420300205A0C0020661000205D
:109B20006E190020AE1E00201C6302086B57000057
:109B30005489020830360208B0F8140442F2107159
:109B4000884207DBFE48B0F81404401AFC49A1F82B
:109B500014040A25FA48B0F8160442F2107188423B
:109B600007DBF748B0F81604401AF549A1F81604C7
:109B70000A260021681DC0B2F24B0122CDE9000186
:109B800004218420F0F7C4FF0021701DC0B2ED4B0A
:109B90009B1C0122CDE9000104219420F0F7B8FFBD
:109BA00000200521E84B0222CDE9001004218C2081
:109BB000F0F7AEFF00200521E34B9B1C0246CDE9E8
:109BC00000109C20F0F7A4FF0020E0490870F2F795
:109BD000C3FBBDE8FC8110B5DD48008A00281ED11A
:109BE000DC480088DC490988884215D0DA480088BA
:109BF000D8490880F0F797FED849802005F0A8FFE3
:109C0000D649902005F0A4FFD5A1882005F0A0FF3B
:109C1000D249982005F09CFFF2F79EFB44E0CC4827
:109C2000008A01281ED1CB480088CB490988884288
:109C300015D0C9480088C7490880F0F774FEC749A5
:109C4000802005F085FFC549902005F081FFC9A15E
:109C5000882005F07DFFC149982005F079FFF2F7D3
:109C60007BFB21E0BA48008A02281DD1B948008850
:109C7000B9490988884215D0B7480088B549088095
:109C8000F0F751FEB549802005F062FFB3499020FE
:109C900005F05EFFBCA1882005F05AFFAF4998206F
:109CA00005F056FFF2F758FB10BD1CB5A848008A16
:109CB00000286FD1A7480088A7490988884234D076
:109CC000A5480088A3490880F0F72DFEB3498020FD
:109CD00005F03EFFAFF62421872005F039FFAF499C
:109CE0000C31902005F034FFAFF63421972005F0B9
:109CF0002FFFAA491831882005F02AFFAFF63071EE
:109D00008F2005F025FFA648007850B9A3492831D7
:109D1000982005F01DFFAFF648719F2005F018FF51
:109D200003E0A0A1982005F013FF0020F1F769F9E6
:109D300000200521A04B0122CDE900100421842040
:109D4000F0F7E6FE002005219B4B0C330222CDE903
:109D5000001006219320F0F7DBFE00200521974B31
:109D60000246CDE900108D20F0F7D2FE8C48007835
:109D700048B900200521904B08330246CDE9001078
:109D80009D20F0F7C5FE002070490870F2F7E4FA54
:109D90002DE1FFE76E48008A01287AD16D480088DE
:109DA0006D49098888422BD06B4800886949088032
:109DB000F0F7B9FD8249802005F0CAFEAFF61431F4
:109DC000872005F0C5FE7F49902005F0C1FEAFF663
:109DD0001C31972005F0BCFE7A490C31882005F033
:109DE000B7FEAFF62C318F2005F0B2FE75491C315D
:109DF000982005F0ADFEAFF63C319F2005F0A8FE9F
:109E00000020F1F7FEF8002005216C4B7E3B01227B
:109E1000CDE9001004218420F0F77AFE002005210E
:109E2000664B7A3B0246CDE900109420F0F770FEB5
:109E30004748808D01280BD1002005215F4B7C3BDA
:109E40000122CDE9001004218C20F0F761FE0EE024
:109E50003F48808D02280AD100200521574B7C3BCA
:109E60000222CDE9001004218C20F0F751FE0020E1
:109E70000521524B783B0122CDE9001004219C20A2
:109E8000F0F746FE002031490870F2F765FAAEE0BF
:109E9000FFE72F48008A0228F9D12E4800882E4972
:109EA000098888422CD02C4800882A490880F0F77D
:109EB0003AFD4549802005F04BFEAFF61041872062
:109EC00005F046FE40490C31902005F041FEAFF60A
:109ED0001C41972005F03CFE3B491831882005F0D5
:109EE00037FEAFF630418F2005F032FE364924317F
:109EF000982005F02DFEAFF644419F2005F028FE86
:109F00000020F1F77EF8002005210E4B423301229C
:109F1000CDE9001004218420F0F7FAFD002005218E
:109F2000084B34330246CDE900109420F0F7F0FDE1
:109F300000200521034B36330246CDE9001045E0F1
:109F40005A0C00206E100020E20E00206903002051
:109F50001E160020440300204203002034C20108E2
:109F600020202033BAC5B8DFC6B5CBABC7FD202053
:109F70000000000020202033BAC5B1E4C6B5B5E723
:109F8000BBFA20200000000020202033BAC5B8DF33
:109F9000D1B9B5E7BBFA20200000000024800208F8
:109FA000290300203323B1C34C6F5261CDA8D1B631
:109FB000D2ECB3A3000000002A1A0020761700207C
:109FC0001C28020800B60108808402088C20F0F7E3
:109FD0009FFD00200521FE4B0246CDE900109C208C
:109FE000F0F796FD0020FB490870F2F7B5F91CBDAB
:109FF0001CB5F948008A00287DD1F8480088F84946
:10A000000988884227D0F6480088F4490880F0F78C
:10A010008AFCF449802005F09BFDF3A1872005F020
:10A0200097FDF0490C31902005F092FDEEA19720AC
:10A0300005F08EFDEB491C31882005F089FDEAA171
:10A040008F2005F085FDE949982005F081FDE6A106
:10A050009F2005F07DFD0120F0F7D3FF00200521B2
:10A06000E34B0246CDE900108520F0F751FD0020BA
:10A070000521E04B0246CDE900109520F0F748FDA0
:10A08000DD4800780521DB4B123B0022CDE90010B2
:10A090008D20F0F73DFDD948007840BBD448C63844
:10A0A000B0F85605D249C639B1F8601588421ED0BD
:10A0B000CF48C638B0F85605012805DD0020CC4948
:10A0C000C639A1F8560512E0C948C638B0F8560599
:10A0D000C749C639A1F860055F20A1F866050846A2
:10A0E000B0F85605A1F868050120C44908700020A1
:10A0F000B849087000E002E0F2F72EF9BFE0B64878
:10A10000008A012850D1B5480088B549098888429D
:10A1100022D0B3480088B1490880F0F704FCB84960
:10A12000802005F015FDB0A1872005F011FDB44990
:10A130000C31902005F00CFDABA1972005F008FD37
:10A14000B049882005F004FDA7A18F2005F000FD8F
:10A15000A649982005F0FCFC0020F0F752FF0020F3
:10A1600005219D4BE2330246CDE900108420F0F733
:10A17000CFFC00200521984BD8330222CDE90010F6
:10A1800004219420F0F7C4FC00200521924BEA330F
:10A190000246CDE900108C20F0F7BAFC00208D4972
:10A1A0000870F2F7D9F86AE08B48008A022866D175
:10A1B0008A4800888A49098888422DD088480088C2
:10A1C00086490880F0F7AFFB8D493839802005F0CB
:10A1D000BFFCAFF61C71872005F0BAFC88492C390A
:10A1E000902005F0B5FCAFF63071972005F0B0FC7B
:10A1F00083492039882005F0ABFCAFF644718F20ED
:10A2000005F0A6FC7E491439982005F0A1FCAFF2B8
:10A21000E4619F2005F09CFC0020F0F7F2FE002096
:10A2200005216B4B9B1C0122CDE9001004218420E9
:10A23000F0F76EFC00200521654B1B1D0122CDE9C6
:10A24000001004219420F0F763FC00200521604BEE
:10A250009B1D0122CDE9001004218C20F0F758FC51
:10A26000002005215A4B08330246CDE900109C20FE
:10A27000F0F74EFC002057490870F2F76DF81CBD4E
:10A280002DE9FC4100240025002600275248008AC1
:10A29000002863D15148008851490988884228D054
:10A2A0004F4800884D490880F0F73DFB5649802013
:10A2B00005F04EFC55A1872005F04AFC52491031AB
:10A2C000902005F045FC51A1972005F041FC4E4936
:10A2D0001C31882005F03CFC4CA18F2005F038FC97
:10A2E00049492831982005F033FC49A19F2005F009
:10A2F0002FFC0020F0F785FE002005213C4B123397
:10A300000322CDE9001004218420F0F701FC002095
:10A310000521374B14330322CDE90010042194208A
:10A32000F0F7F6FB00200521314B1A330322CDE96B
:10A33000001004218C20F0F7EBFB002005212C4BB2
:10A3400010330122CDE9001004219C20F0F7E0FB3E
:10A35000002020490870F1F7FFFF21E11E48008A24
:10A36000012877D11D4800881D490988884223D0DB
:10A370001B48008819490880F0F7D5FA2249802047
:10A3800005F0E6FB21A1872005F0E2FB1E49103114
:10A39000902005F0DDFB1DA1972005F0D9FB1A499F
:10A3A0001C31882005F0D4FB18A18F2005F0D0FBCC
:10A3B0000E49982005F0CCFB0020F0F722FE00208B
:10A3C0000521144B0322CDE900100421842023E051
:10A3D000A6100020690300201E1600204403002060
:10A3E00042030020B48402082020000034C2010887
:10A3F000341A0020D61E00204903002061000020EE
:10A400004889020830360208B8B101084D700000D2
:10A41000487A000046170020F0F77AFB002005215B
:10A42000FE4B0322CDE9001004219420F0F770FBCD
:10A4300000200521F94B9B1C0322CDE900100421CB
:10A440008C20F0F765FB0020F5490870F1F784FFD8
:10A45000A6E0FFE7F348008A0228F9D1F248008815
:10A46000F2490988884228D0F0480088EE490880DF
:10A47000F0F759FAEE49802005F06AFBEDA187203C
:10A4800005F066FBEA491031902005F061FBE9A177
:10A49000972005F05DFBE6491C31882005F058FB4C
:10A4A000E4A18F2005F054FBE1492831982005F004
:10A4B0004FFBE0A19F2005F04BFB0020F0F7A1FD32
:10A4C000DD48B0F83C0442F21071884207DBDA48FC
:10A4D000B0F83C04401AD849A1F83C040A24D648F4
:10A4E000B0F83E0442F21071884207DBD248B0F85F
:10A4F0003E04401AD049A1F83E040A25CE48B0F8DF
:10A50000400442F21071884207DBCB48B0F84004A7
:10A51000401AC949A1F840040A26C748B0F84204C5
:10A5200042F21071884207DBC348B0F84204401A77
:10A53000C149A1F842040A270021601DC0B2BF4BE7
:10A540000122CDE9000104218420F0F7E1FA002185
:10A55000681DC0B2B94B9B1C0122CDE9000104214A
:10A560009420F0F7D5FA0021701DC0B2B34B1B1D2B
:10A570000122CDE9000104218C20F0F7C9FA002165
:10A58000781DC0B2AD4B9B1D0122CDE90001042115
:10A590009C20F0F7BDFA0020A1490870F1F7DCFE1D
:10A5A000BDE8FC812DE9FC410027002400250026A0
:10A5B0009C48008A002878D19B4800889B490988DC
:10A5C000884228D09948008897490880F0F7ABF96D
:10A5D0009749802005F0BCFA96A1872005F0B8FACB
:10A5E00093491031902005F0B3FA92A1972005F01D
:10A5F000AFFA9349882005F0ABFAAFF214218F200F
:10A6000005F0A6FA8F49982005F0A2FAAFF22821AA
:10A610009F2005F09DFA0020F0F7F3FC8A48B0F87F
:10A62000440542F21071884207DB8748B0F84405C0
:10A63000401A8549A1F844050A278348B0F8460521
:10A6400042F21071884207DB7F48B0F84605401A95
:10A650007D49A1F846050A240021781DC0B27B4B34
:10A660000122CDE9000104218420F0F751FA0021F4
:10A67000601DC0B2754B9B1C0122CDE90001042175
:10A680009420F0F745FA002005216F4BAE330222EB
:10A69000CDE9001004218C20F0F73AFA002060493F
:10A6A0000870F1F759FEFDE0FFE75E48008A0128D7
:10A6B00054D15D4800885D490988884226D05B48AE
:10A6C000008859490880F0F72EF959495431802003
:10A6D00005F03EFAAFF2F021872005F039FA54492F
:10A6E0006831902005F034FAAFF20431972005F07C
:10A6F0002FFA5749882005F02BFAAFF6D0318F207A
:10A7000005F026FA4F49982005F022FA0020F0F7CC
:10A7100078FC00200521414B1B1D0246CDE90010AD
:10A720008420F0F7F5F9002005213C4B9B1D0246E3
:10A73000CDE900109420F0F7EBF900200521374B0C
:10A7400008330122CDE9001004218C20F0F7E0F954
:10A75000002033490870F1F7FFFDA3E03148008A7B
:10A760000228A0D13048008830490988884229D081
:10A770002E4800882C490880F0F7D5F82C49803104
:10A78000802005F0E5F92BA1872005F0E1F92849A3
:10A790008C31902005F0DCF926A1972005F0D8F93E
:10A7A0002749882005F0D4F9AFF2C4318F2005F095
:10A7B000CFF92849982005F0CBF9AFF2D4319F208A
:10A7C00005F0C6F90020F0F71CFC1B48B0F8440463
:10A7D00042F21071884207DB1748B0F84404401A6F
:10A7E0001549A1F844040A251348B0F8460442F27A
:10A7F0001071884207DB1048B0F84604401A0E4931
:10A80000A1F846040A260021681DC0B20B4B08338C
:10A810000122CDE90001042184201DE04817002019
:10A82000690300201E16002044030020420300207C
:10A83000888D0208A1E600005A0C00209610002026
:10A840005489020834C201086E190020B21E00208B
:10A850001C63020830360208F0F75AF90021701D17
:10A86000C0B2FE4B0122CDE9000104219420F0F793
:10A870004FF900200521FA4B0222CDE900100421F6
:10A880008C20F0F745F900200521F54B9B1C024672
:10A89000CDE900109C20F0F73BF90020F149087049
:10A8A000F1F75AFDBDE8FC8110B5EF48008A002899
:10A8B0001ED1EE480088EE490988884215D0EC4840
:10A8C0000088EA490880F0F72EF8EA49802005F070
:10A8D0003FF9E849902005F03BF9E7A1882005F011
:10A8E00037F9E449982005F033F9F1F735FD44E0F4
:10A8F000DD48008A01281ED1DC480088DC4909882F
:10A90000884215D0DA480088D8490880F0F70BF85B
:10A91000D849802005F01CF9D649902005F018F997
:10A92000DAA1882005F014F9D249982005F010F931
:10A93000F1F712FD21E0CC48008A02281DD1CB4856
:10A940000088CB490988884215D0C9480088C74982
:10A950000880EFF7E8FFC749802005F0F9F8C549FE
:10A96000902005F0F5F8CEA1882005F0F1F8C14956
:10A97000982005F0EDF8F1F7EFFC10BD1CB5BA48D2
:10A98000008A00286CD1B9480088B94909888842F2
:10A9900032D0B7480088B5490880EFF7C4FFC549F1
:10A9A000802005F0D5F8C4A1872005F0D1F8C14971
:10A9B0000C31902005F0CCF8C0A1972005F0C8F824
:10A9C000BC491831882005F0C3F8AFF2E4518F205C
:10A9D00005F0BEF8BA48007850B9B6492831982039
:10A9E00005F0B6F8AFF200619F2005F0B1F803E082
:10A9F000B4A1982005F0ACF80020F0F702FB00208D
:10AA00000521B54B0122CDE9001004218420F0F787
:10AA10007FF800200521B04B0C330222CDE9001055
:10AA200006219320F0F774F800200521AB4B024675
:10AA3000CDE900108D20F0F76BF8A148007848B9F7
:10AA400000200521A44B08330246CDE900109D20CB
:10AA5000F0F75EF8002083490870F1F77DFCE0E034
:10AA60008148008A012877D1804800888049098878
:10AA7000884228D07E4800887C490880EFF753FF41
:10AA80009749802005F064F8AFF27C61872005F0DB
:10AA90005FF89449902005F05BF887A1972005F0B6
:10AAA00057F890490C31882005F052F883A18F2087
:10AAB00005F04EF88B491C31982005F049F88AA121
:10AAC0009F2005F045F80020F0F79BFA00200521B3
:10AAD000824B6C3B0122CDE9001004218420F0F769
:10AAE00017F8002005217D4B683B0246CDE9001098
:10AAF0009420F0F70DF85C48808D01280BD10020E0
:10AB00000521764B6A3B0122CDE9001004218C20FF
:10AB1000EFF7FEFF0EE05448808D02280AD1002096
:10AB200005216E4B6A3B0222CDE9001004218C20E6
:10AB3000EFF7EEFF00200521684B663B0122CDE9CF
:10AB4000001004219C20EFF7E3FF00204549087026
:10AB5000F1F702FC65E0FFE74348008A022860D174
:10AB60004248008842490988884229D040480088E4
:10AB70003E490880EFF7D7FE5C49802004F0E8FFEB
:10AB8000AFF27471872004F0E3FF58490C31902034
:10AB900004F0DEFF48A1972004F0DAFF5349183192
:10ABA000882004F0D5FF44A18F2004F0D1FF4F4945
:10ABB0002431982004F0CCFF3FA19F2004F0C8FF6F
:10ABC0000020F0F71EFA00200521244B403301221B
:10ABD000CDE9001004218420EFF79AFF0020052121
:10ABE0001E4B32330246CDE900109420EFF790FF60
:10ABF00000200521194B34330246CDE900108C208A
:10AC0000EFF786FF00200521144B36330246CDE9CD
:10AC100000109C20EFF77CFF002012490870F1F72C
:10AC20009BFB1CBD1CB51048008A00287ED10F4834
:10AC300000880F490988884276D00D4800880B4962
:10AC40000880EFF770FE29493431802004F080FF3E
:10AC5000AFF66C01872004F07BFF49E0A0100020D4
:10AC6000120F0020690300201E160020440300205C
:10AC70004203002034C2010820202034BAC5B8DFC6
:10AC8000C6B5CBABC7FD202000000000202020343B
:10AC9000BAC5B1E4C6B5B5E7BBFA20200000000094
:10ACA00020202034BAC5B8DFD1B9B5E7BBFA2020DF
:10ACB000000000002480020820560000204100000F
:10ACC0002A0300203423B1C34C6F5261CDA8D1B602
:10ACD000D2ECB3A3000000007A1A002078170020FD
:10ACE0001C28020800B60108B6C8000080840208CB
:10ACF000FB49902004F02CFFAFF61411972004F0CC
:10AD000027FFF7491031882004F022FFAFF6281101
:10AD10008F2004F01DFFF349982004F019FFAFF6CF
:10AD200038119F2004F014FF012000E04AE0F0F702
:10AD300068F900200521EC4B0246CDE90010852082
:10AD4000EFF7E6FE00200521E84B0246CDE90010B2
:10AD50009520EFF7DDFEE64800780521E34B103B38
:10AD60000022CDE900108D20EFF7D2FEE1480078F7
:10AD700010BBE148B0F85805DF49B1F862158842C8
:10AD80001AD0DD48B0F85805012804DD0020DA4962
:10AD9000A1F8580510E0D848B0F85805D649A1F8F0
:10ADA00062058720A1F866050846B0F85805A1F8A5
:10ADB00068050120CF4908700020D0490870F1F7DC
:10ADC000CBFAC0E0CE48008A012853D1CD48008894
:10ADD000CD490988884225D0CB480088C9490880D8
:10ADE000EFF7A1FDC949802004F0B2FEAFF60821BB
:10ADF000872004F0ADFEC5490C31902004F0A8FE78
:10AE0000AFF61C21972004F0A3FEC149882004F06E
:10AE10009FFEAFF62C218F2004F09AFEB1499820B6
:10AE200004F096FE0020F0F7ECF800200521B44B6A
:10AE3000F6330246CDE900108420EFF769FE0020CA
:10AE40000521AF4BEC330222CDE900100421942000
:10AE5000EFF75EFE00200521A94BFE330246CDE947
:10AE600000108C20EFF754FE0020A4490870F1F781
:10AE700073FA68E0A248008A022864D1A1480088D9
:10AE8000A149098888422CD09F4800889D490880A4
:10AE9000EFF749FD9D493839802004F059FEAFF2A3
:10AEA000E411872004F054FE98492C39902004F0D6
:10AEB0004FFEAFF2F811972004F04AFE9349203973
:10AEC000882004F045FEAFF20C218F2004F040FEF4
:10AED0008E491439982004F03BFE8EA19F2004F087
:10AEE00037FE0020F0F78DF8002005218A4B012263
:10AEF000CDE9001004218420EFF70AFE002005218F
:10AF0000854B9B1C0122CDE9001004219420EFF712
:10AF1000FFFD00200521804B1B1D0122CDE9001003
:10AF200004218C20EFF7F4FD002005217A4B9B1DB6
:10AF30000246CDE900109C20EFF7EAFD00206F49A2
:10AF40000870F1F709FA1CBD2DE9FC410024002529
:10AF5000002600276A48008A002867D169480088CF
:10AF60006949098888422CD067480088654908806B
:10AF7000EFF7D9FC6949802004F0EAFDAFF674319F
:10AF8000872004F0E5FD65491031902004F0E0FDD4
:10AF9000AFF68831972004F0DBFD60491C31882032
:10AFA00004F0D6FDAFF69C318F2004F0D1FD5B4953
:10AFB0002831982004F0CCFDAFF6AC319F2004F08E
:10AFC000C7FD0020F0F71DF800200521464B123385
:10AFD0000322CDE9001004218420EFF799FD002021
:10AFE0000521414B14330322CDE9001004219420A4
:10AFF000EFF78EFD002005213B4B1A330322CDE9EC
:10B00000001004218C20EFF783FD00200521364B32
:10B0100010330122CDE9001004219C20EFF778FDC8
:10B02000002036490870F1F797F926E13448008A84
:10B03000012878D13348008833490988884226D0CE
:10B04000314800882F490880EFF76DFC3349802094
:10B0500004F07EFDAFF64C41872004F079FD2F49C6
:10B060001031902004F074FDAFF66041972004F099
:10B070006FFD2A491C31882004F06AFDAFF6744147
:10B080008F2004F065FD1749982004F061FD002031
:10B09000EFF7B7FF00200521214B0322CDE9001077
:10B0A00004218420EFF734FD002005211C4B9B1C5C
:10B0B0000322CDE9001004219420EFF729FD0020A0
:10B0C0000521174B1B1D0322CDE9001004218C2004
:10B0D000EFF71EFD002009490870F1F73DF9CCE0BB
:10B0E000C084020834C20108841A0020D61E002041
:10B0F00049030020610000206E1900206903002030
:10B100001E16002044030020420300204889020844
:10B11000303602086B570000D8100020B8B1010883
:10B120005A170020FFE7FE48008A0228D7D1FD48C1
:10B130000088FD49098888422CD0FB480088F949DD
:10B140000880EFF7F0FBF949802004F001FDAFF62D
:10B150001C11872004F0FCFCF4491031902004F00D
:10B16000F7FCAFF63011972004F0F2FCEF491C31E8
:10B17000882004F0EDFCAFF644118F2004F0E8FCC9
:10B18000EA492831982004F0E3FCAFF658119F20DB
:10B1900004F0DEFC0020EFF734FFE548B0F86C0463
:10B1A00042F21071884207DBE148B0F86C04401AA3
:10B1B000DF49A1F86C040A24DD48B0F86E0442F2BD
:10B1C0001071884207DBDA48B0F86E04401AD8499B
:10B1D000A1F86E040A25D648B0F8700442F2107146
:10B1E000884207DBD248B0F87004401AD049A1F871
:10B1F00070040A26CE48B0F8720442F210718842F8
:10B2000007DBCB48B0F87204401AC949A1F87204B0
:10B210000A270021601DC0B2C64B0122CDE9000102
:10B2200004218420EFF774FC0021681DC0B2C14BDB
:10B230009B1C0122CDE9000104219420EFF768FC5A
:10B240000021701DC0B2BB4B1B1D0122CDE90001C6
:10B2500004218C20EFF75CFC0021781DC0B2B54BB7
:10B260009B1D0122CDE9000104219C20EFF750FC39
:10B270000020B1490870F1F76FF8BDE8FC812DE9B5
:10B28000FC410027002400250026A548008A00284C
:10B290007AD1A4480088A449098888422AD0A248C3
:10B2A0000088A0490880EFF73EFBA049802004F009
:10B2B0004FFCAFF68021872004F04AFC9B491031F7
:10B2C000902004F045FCAFF69421972004F040FC58
:10B2D0009A49882004F03CFCAFF6F4618F2004F01A
:10B2E00037FC9749982004F033FCAFF604719F2097
:10B2F00004F02EFC0020EFF784FE9248B0F84805D9
:10B3000042F21071884207DB8E48B0F84805401AB7
:10B310008C49A1F848050A278A48B0F84A0542F244
:10B320001071884207DB8748B0F84A05401A854902
:10B33000A1F84A050A240021781DC0B2824B0122DF
:10B34000CDE9000104218420EFF7E2FB0021601D1C
:10B35000C0B27D4B9B1C0122CDE900010421942049
:10B36000EFF7D6FB00200521764BFE330222CDE914
:10B37000001004218C20EFF7CBFB00206E490870F1
:10B38000F0F7EAFFFEE0FFE76548008A012853D1A5
:10B390006448008864490988884226D06248008849
:10B3A00060490880EFF7BFFA60495431802004F00B
:10B3B000CFFBAFF6CC71872004F0CAFB5B49683144
:10B3C000902004F0C5FBAFF6E071972004F0C0FBBD
:10B3D0005E49882004F0BCFBAFF2C8218F2004F046
:10B3E000B7FB5749982004F0B3FB0020EFF709FEA4
:10B3F00000200521564B0246CDE900108420EFF7CE
:10B4000087FB00200521524B9B1C0246CDE9001012
:10B410009420EFF77DFB002005214D4B1B1D0122E1
:10B42000CDE9001004218C20EFF772FB0020424987
:10B430000870F0F791FFA5E03948008A0228A1D1F1
:10B440003848008838490988884229D03648008819
:10B4500034490880EFF767FA34498031802004F0DE
:10B4600077FBAFF63041872004F072FB2F498C3117
:10B47000902004F06DFBAFF64441972004F068FB88
:10B480002E49882004F064FB32A18F2004F060FB79
:10B490003149982004F05CFB2EA19F2004F058FB5A
:10B4A0000020EFF7AEFD2248B0F8740442F21071AC
:10B4B000884207DB1E48B0F87404401A1C49A1F802
:10B4C00074040A251A48B0F8760442F210718842D2
:10B4D00007DB1748B0F87604401A1549A1F876043E
:10B4E0000A260021681DC0B2124B08330122CDE9A3
:10B4F000000104218420EFF70BFB0021701DC0B276
:10B500000C4B0A330122CDE9000104219420EFF70E
:10B51000FFFA00200521114B0222CDE900101FE0A7
:10B520001E1600204403002042030020888D0208DC
:10B530005A0C0020C610002069030020548902081C
:10B5400034C201086E190020B61E00201C630208D8
:10B55000601700202020000030360208420F002033
:10B5600004218C20EFF7D4FA00200521FE4B02467F
:10B57000CDE900109C20EFF7CBFA0020FB490870C2
:10B58000F0F7EAFEBDE8FC8110B5F948008A002812
:10B590001ED1F8480088F8490988884215D0F64835
:10B5A0000088F4490880EFF7BEF9F449802004F0E0
:10B5B000CFFAF249902004F0CBFAF1A1882004F0F0
:10B5C000C7FAEE49982004F0C3FAF0F7C5FE21E06F
:10B5D000E748008A02281DD1E6480088E649098824
:10B5E000884215D0E4480088E2490880EFF79BF9CB
:10B5F000E249802004F0ACFAE049902004F0A8FA77
:10B60000E4A1882004F0A4FADC49982004F0A0FA10
:10B61000F0F7A2FE10BD1CB5D548008A00286FD1F6
:10B62000D4480088D4490988884234D0D248008858
:10B63000D0490880EFF777F9DB49802004F088FAD9
:10B64000AFF68C11872004F083FAD7490C31902093
:10B6500004F07EFAAFF69C11972004F079FAD249F3
:10B660001831882004F074FAAFF218118F2004F01A
:10B670006FFACE48007850B9CB492831982004F0B1
:10B6800067FAAFF230119F2004F062FA03E0C8A11C
:10B69000982004F05DFA0020EFF7B3FC00200521AC
:10B6A000C84B0122CDE9001004218420EFF730FAC5
:10B6B00000200521C34B0C330222CDE900100621E6
:10B6C0009320EFF725FA00200521BF4B0246CDE974
:10B6D00000108D20EFF71CFAB448007848B900201C
:10B6E0000521B84B08330246CDE900109D20EFF745
:10B6F0000FFA00209D490870F0F72EFE66E0FFE784
:10B700009B48008A022861D19A4800889A49098892
:10B7100088422BD09848008896490880EFF703F9B3
:10B72000AA49802004F014FAA9A1872004F010FA95
:10B73000A6490C31902004F00BFAAFF68421972033
:10B7400004F006FAA1491831882004F001FAAFF696
:10B7500098218F2004F0FCF99C492431982004F0B2
:10B76000F7F9AFF6AC219F2004F0F2F90020EFF7D3
:10B7700048FC00200521974B0122CDE9001004214F
:10B780008420EFF7C5F900200521924B0E3B0246BD
:10B79000CDE900109420EFF7BBF9002005218D4B77
:10B7A0000C3B0246CDE900108C20EFF7B1F90020E8
:10B7B0000521884B0A3B0246CDE900109C20EFF79B
:10B7C000A7F9002069490870F0F7C6FD1CBD1CB53B
:10B7D0006748008A00287DD1664800886649098844
:10B7E00088422CD06448008862490880EFF79BF8B3
:10B7F00076493431802004F0ABF9AFF2A8218720DC
:10B8000004F0A6F971494031902004F0A1F9AFF29B
:10B81000BC21972004F09CF96C495031882004F039
:10B8200097F9AFF2D0218F2004F092F95349982074
:10B8300004F08EF9AFF2E4219F2004F089F9012091
:10B84000EFF7DFFB002005215E4B0A330246CDE90E
:10B8500000108520EFF75CF9002005215E4B0246C1
:10B86000CDE900109520EFF753F95C4800780521E9
:10B87000594B0E3B0022CDE900108D20EFF748F91F
:10B880005748007810BB5748B0F85A055549B1F8E9
:10B89000641588421AD05348B0F85A05012804DDCF
:10B8A00000205049A1F85A0510E04E48B0F85A055A
:10B8B0004C49A1F86405AF20A1F866050846B0F828
:10B8C0005A05A1F86805012045490870002027495C
:10B8D000087000E002E0F0F73FFDABE02448008A8A
:10B8E0000228FAD1234800882349098888422CD0AD
:10B8F000214800881F490880EFF715F83A49802051
:10B9000004F026F9AFF64C41872004F021F93649BE
:10B910000C31902004F01CF9AFF66041972004F040
:10B9200017F931491831882004F012F9AFF6744143
:10B930008F2004F00DF92C492431982004F008F9E7
:10B94000AFF630019F2004F003F90020EFF759FB18
:10B95000002005211F4B083B0122CDE900100421E6
:10B960008420EFF7D5F841E0440F00206903002060
:10B970001E160020440300204203002034C20108A8
:10B9800020202035BAC5B8DFC6B5CBABC7FD202017
:10B990000000000020202035BAC5B8DFD1B9B5E7D6
:10B9A000BBFA202000000000248002082B030020A6
:10B9B0003523B1C34C6F5261CDA8D1B6D2ECB3A33D
:10B9C00000000000CA1A00207A17002080840208B4
:10B9D000487A000010110020D61E002049030020E4
:10B9E000610000206E190020108902080020052146
:10B9F000FE4B0122CDE9001004219420EFF788F8D6
:10BA000000200521F94B9B1C0122CDE900100421E7
:10BA10008C20EFF77DF800200521F44B1B1D02461A
:10BA2000CDE900109C20EFF773F80020F049087072
:10BA3000F0F792FC1CBD2DE9FC41002400250026F6
:10BA40000027EC48008A002863D1EB480088EB49C6
:10BA50000988884229D0E9480088E7490880EEF73C
:10BA600062FFE749802004F073F8E6A1872004F024
:10BA70006FF8E3491031902004F06AF8E1A19720B3
:10BA800004F066F8DE491C31882004F061F8DDA17D
:10BA90008F2004F05DF8DA492831982004F058F836
:10BAA000AFF2D4019F2004F053F80020EFF7A9FA79
:10BAB00000200521D44B0322CDE90010042184206D
:10BAC000EFF726F800200521CF4B9B1C0322CDE980
:10BAD000001004219420EFF71BF800200521CA4B29
:10BAE00008330322CDE9001004218C20EFF710F871
:10BAF00000200521C44B9B1E0122CDE9001004212A
:10BB00009C20EFF705F80020B9490870F0F724FCF5
:10BB1000A6E0B848008A0228FAD1B7480088B74999
:10BB20000988884228D0B5480088B3490880EEF7D4
:10BB3000FAFEB649802004F00BF8B5A1872004F086
:10BB400007F8B2491031902004F002F8B0A1972014
:10BB500003F0FEFFAD491C31882003F0F9FFACA1D2
:10BB60008F2003F0F5FFA9492831982003F0F0FF5A
:10BB7000A7A19F2003F0ECFF0020EFF742FAA548B1
:10BB8000B0F89C0442F21071884207DBA148B0F87B
:10BB90009C04401A9F49A1F89C040A249D48B0F8CF
:10BBA0009E0442F21071884207DB9A48B0F89E0466
:10BBB000401A9849A1F89E040A259648B0F8A004B6
:10BBC00042F21071884207DB9248B0F8A004401A94
:10BBD0009049A1F8A0040A268E48B0F8A20442F2C7
:10BBE0001071884207DB8B48B0F8A204401A8949DB
:10BBF000A1F8A2040A270021601DC0B27B4B143BB0
:10BC00000122CDE9000104218420EEF781FF00210B
:10BC1000681DC0B2754B123B0122CDE90001042121
:10BC20009420EEF775FF0021701DC0B26F4B103BE2
:10BC30000122CDE9000104218C20EEF769FF0021EB
:10BC4000781DC0B2694B0E3B0122CDE900010421F1
:10BC50009C20EEF75DFF002065490870F0F77CFB43
:10BC6000BDE8FC812DE9FC410024002500260027C9
:10BC70006048008A002878D15F4800885F490988B9
:10BC8000884228D05D4800885B490880EEF74BFE6B
:10BC90005E49802003F05CFF5DA1872003F058FF20
:10BCA0005A491031902003F053FF59A1972003F017
:10BCB0004FFF5949882003F04BFFAFF268718F2086
:10BCC00003F046FF5549982003F042FFAFF27C7124
:10BCD0009F2003F03DFF0020EFF793F95048B0F8A4
:10BCE0004C0542F21071884207DB4D48B0F84C0514
:10BCF000401A4B49A1F84C050A244948B0F84E05B2
:10BD000042F21071884207DB4548B0F84E05401AF0
:10BD10004349A1F84E050A250021601DC0B2414BE0
:10BD20000122CDE9000104218420EEF7F1FE00217B
:10BD3000681DC0B23B4B9B1C0122CDE900010421D0
:10BD40009420EEF7E5FE002005212F4B2A3B02222E
:10BD5000CDE9001004218C20EEF7DAFE0020244902
:10BD60000870F0F7F9FAA7E0FFE72248008A0228F6
:10BD7000F9D12148008821490988884229D01F48E3
:10BD800000881D490880EEF7CEFD204980318020D3
:10BD900003F0DEFE1EA1872003F0DAFE1B498C3182
:10BDA000902003F0D5FE1AA1972003F0D1FE1A4986
:10BDB000882003F0CDFEAFF664018F2003F0C8FEAB
:10BDC0001949982003F0C4FEAFF678019F2003F0D4
:10BDD000BFFE0020EFF715F90E48B0F8A40442F2B8
:10BDE0001071884229DB0B4820E000000A11002076
:10BDF000690300201E160020440300204203002097
:10BE0000B8B101084D700000E61A0020888D0208C4
:10BE1000A1E600005A0C00205489020834C201082F
:10BE20006E190020BA1E002030360208B0F8A404B3
:10BE3000401AFE49A1F8A4040A26FC48B0F8A6045A
:10BE400042F21071884207DBF848B0F8A604401AA5
:10BE5000F649A1F8A6040A270021701DC0B2F44BD0
:10BE60000122CDE9000104218420EEF751FE0021DA
:10BE7000781DC0B2EE4B9B1C0122CDE900010421CC
:10BE80009420EEF745FE00200521EA4B0222CDE981
:10BE9000001004218C20EEF73BFE00200521E54B2D
:10BEA0009B1C0246CDE900109C20EEF731FE0020DD
:10BEB000E1490870F0F750FABDE8FC8110B5DF48A1
:10BEC0000088DF490988884215D0DD480088DB49B1
:10BED0000880EEF728FDDB49802003F039FED949C0
:10BEE000902003F035FED8A1882003F031FED5491B
:10BEF000982003F02DFEF0F72FFA10BD1CB5CF48A7
:10BF00000088CF490988884229D0CD480088CB498C
:10BF10000880EEF708FDD149802003F019FEAFF24A
:10BF20005051872003F014FECC490C31902003F0CF
:10BF30000FFECBA1972003F00BFEC84918318820D3
:10BF400003F006FEC6A18F2003F002FEC349243190
:10BF5000982003F0FDFDC2A19F2003F0F9FD002011
:10BF6000EFF74FF800200521B14B42330122CDE914
:10BF7000001004218420EEF7CBFD00200521AC4BFE
:10BF800034330246CDE900109420EEF7C1FD0020C5
:10BF90000521A74B36330246CDE900108C20EEF781
:10BFA000B7FD00200521A24B38330246CDE9001031
:10BFB0009C20EEF7ADFD00209F490870F0F7CCF90A
:10BFC0001CBD1CB59D4800889D490988884229D020
:10BFD0009B48008899490880EEF7A5FCA14980207C
:10BFE00003F0B6FDA0A1872003F0B2FD9D490C31FE
:10BFF000902003F0ADFD9CA1972003F0A9FD994985
:10C000001831882003F0A4FD97A18F2003F0A0FD34
:10C0100094492431982003F09BFDAFF608719F20CE
:10C0200003F096FD0020EEF7ECFF00200521804B89
:10C030003A330122CDE9001004218420EEF768FD97
:10C04000002005217A4B3C330122CDE90010042168
:10C050009420EEF75DFD00200521754B3E33012253
:10C06000CDE9001004218C20EEF752FD00200521BF
:10C070006F4B40330246CDE900109C20EEF748FD9F
:10C0800000206D490870F0F767F91CBD2DE9FC41EF
:10C090000024002500260027684800886849098890
:10C0A00088422CD06648008864490880EEF73BFC43
:10C0B0006E49802003F04CFDAFF2AC21872003F0E5
:10C0C00047FD6A491031902003F042FDAFF2C021D4
:10C0D000972003F03DFD65491C31882003F038FDB1
:10C0E000AFF2D4218F2003F033FD6049283198202E
:10C0F00003F02EFDAFF2E8219F2003F029FD002080
:10C10000EEF77FFF4948B0F8CC0442F21071884244
:10C1100007DB4648B0F8CC04401A4449A1F8CC04E7
:10C120000A244248B0F8CE0442F21071884207DB7C
:10C130003E48B0F8CE04401A3C49A1F8CE040A2586
:10C140003A48B0F8D00442F21071884207DB374811
:10C15000B0F8D004401A3549A1F8D0040A26334873
:10C16000B0F8D20442F21071884207DB2F48B0F8D1
:10C17000D204401A2D49A1F8D2040A270021601DDB
:10C18000C0B22B4B28330122CDE9000104218420C9
:10C19000EEF7BEFC0021681DC0B2254B2A330122F8
:10C1A000CDE9000104219420EEF7B2FC0021701DBE
:10C1B000C0B21F4B2C330122CDE9000104218C2099
:10C1C000EEF7A6FC0021781DC0B2194B2E330122D8
:10C1D000CDE9000104219C20EEF79AFC00201649CD
:10C1E0000870F0F7B9F8BDE8FC817CB500250024A3
:10C1F000124800881249098888424ED010480088A9
:10C200000E490880EEF78FFB18498031802003F03B
:10C210009FFCAFF20441872003F09AFC13498C3154
:10C22000902003F095FCAFF2184121E05A0C002059
:10C23000FE100020720F002069030020440300203C
:10C240004203002034C2010820202036BAC5B8DFDE
:10C25000D1B9B5E7BBFA20200000000080840208B5
:10C26000205600001089020820410000888D020835
:10C27000972003F06DFCFE49882003F069FCAFF6BF
:10C280002C518F2003F064FCFA49982003F060FCE5
:10C29000AFF640519F2003F05BFC0020EEF7B1FEAB
:10C2A000F548B0F8D40442F21071884207DBF24836
:10C2B000B0F8D404401AF049A1F8D4040A25EE4895
:10C2C000B0F8D60442F21071884207DBEA48B0F8B1
:10C2D000D604401AE849A1F8D6040A240021681DB2
:10C2E000C0B2E64B0122CDE9000104218420EEF723
:10C2F0000FFC0021601DC0B2E04B9B1C0122CDE968
:10C30000000104219420EEF703FC00200521DC4B02
:10C310000222CDE9001004218C20EEF7F9FB002069
:10C320000521D74B9B1C0246CDE900109C20EEF75F
:10C33000EFFB0020D3490870F0F70EF87CBD10B574
:10C34000D1480088D1490988884215D0CF48008853
:10C35000CD490880EEF7E7FACD49802003F0F8FBDD
:10C36000CB49902003F0F4FBCAA1882003F0F0FB36
:10C37000C749982003F0ECFBEFF7EEFF10BD1CB5AA
:10C38000C1480088C149098888422CD0BF4800882C
:10C39000BD490880EEF7C7FAC349802003F0D8FBF7
:10C3A000AFF6D411872003F0D3FBBF490C319020A6
:10C3B00003F0CEFBAFF25811972003F0C9FBBA4946
:10C3C0001831882003F0C4FBAFF26C118F2003F00A
:10C3D000BFFBB5492431982003F0BAFBAFF28011BE
:10C3E0009F2003F0B5FB0020EEF70BFE0020052197
:10C3F000A24B42330122CDE9001004218420EEF744
:10C4000087FB002005219D4B34330246CDE9001007
:10C410009420EEF77DFB00200521984B3633024631
:10C42000CDE900108C20EEF773FB00200521934B23
:10C4300038330246CDE900109C20EEF769FB00205E
:10C4400090490870EFF788FF1CBD1CB58E48008826
:10C450008E49098888422CD08C4800888A490880F7
:10C46000EEF761FA82494439802003F071FBAFF2A4
:10C470000821872003F06CFB7D493839902003F0B8
:10C4800067FBAFF21C21972003F062FB78492C393F
:10C49000882003F05DFBAFF230218F2003F058FBC2
:10C4A00073492039982003F053FB80A19F2003F0AB
:10C4B0004FFB0020EEF7A5FD002005216F4B3A331E
:10C4C0000122CDE9001004218420EEF721FB002099
:10C4D00005216A4B3C330122CDE900100421942050
:10C4E000EEF716FB00200521644B3E330122CDE917
:10C4F000001004218C20EEF70BFB002005215F4B80
:10C5000040330246CDE900109C20EEF701FB0020ED
:10C510005C490870EFF720FF1CBD2DE9FC410024A9
:10C520000025002600275848008858490988884275
:10C530002CD05648008854490880EEF7F4F95C493D
:10C54000802003F005FBAFF23871872003F000FB79
:10C5500057491031902003F0FBFAAFF24C7197204D
:10C5600003F0F6FA52491C31882003F0F1FAAFF2D9
:10C5700060718F2003F0ECFA4D492831982003F0C8
:10C58000E7FAAFF274719F2003F0E2FA0020EEF7B1
:10C5900038FD3948B0F8FC0442F21071884207DBDC
:10C5A0003548B0F8FC04401A3349A1F8FC040A24C9
:10C5B0003148B0F8FE0442F21071884207DB2E4881
:10C5C000B0F8FE04401A2C49A1F8FE040A252A48B6
:10C5D000B0F8000542F21071884207DB2648B0F837
:10C5E0000005401A2449A1F800050A262248B0F89F
:10C5F000020542F21071884207DB1F48B0F80205BD
:10C60000401A1D49A1F802050A270021601DC0B289
:10C610001A4B28330122CDE9000104218420EEF7D2
:10C6200077FA0021681DC0B2144B2A330122CDE9EC
:10C63000000104219420EEF76BFA0021701DC0B2B6
:10C640000E4B2C330122CDE9000104218C20EEF7A2
:10C650005FFA0021781DC0B2084B2E330122CDE9CC
:10C66000000104219C20EEF753FA0020054921E047
:10C6700054890208303602085A0C00202E1100207E
:10C68000A20F002069030020440300204203002081
:10C6900034C2010820202037BAC5B8DFD1B9B5E7C8
:10C6A000BBFA202000000000808402086B570000C5
:10C6B000888D02080870EFF74FFEBDE8FC817CB55D
:10C6C00000250024FE480088FE490988884228D0B9
:10C6D000FC480088FA490880EEF725F9FA498020DD
:10C6E00003F036FAAFF6D801872003F031FAF649A5
:10C6F0000C31902003F02CFAAFF6EC01972003F0F8
:10C7000027FAF249882003F023FAF1A18F2003F0E1
:10C710001FFAF049982003F01BFAEDA19F2003F0C7
:10C7200017FA0020EEF76DFCEB48B0F8040542F272
:10C730001071884207DBE848B0F80405401AE64962
:10C74000A1F804050A25E448B0F8060542F2107184
:10C75000884207DBE048B0F80605401ADE49A1F838
:10C7600006050A240021681DC0B2DC4B0122CDE978
:10C77000000104218420EEF7CBF90021601DC0B236
:10C78000D64B9B1C0122CDE9000104219420EEF739
:10C79000BFF900200521D24B0222CDE9001004216F
:10C7A0008C20EEF7B5F900200521CD4B9B1C0246ED
:10C7B000CDE900109C20EEF7ABF90020C9490870C4
:10C7C000EFF7CAFD7CBD10B5BD480088BD4909889A
:10C7D000884215D0BB480088B9490880EEF7A3F815
:10C7E000C149802003F0B4F9BF49902003F0B0F9AB
:10C7F000BEA1882003F0ACF9BB49982003F0A8F94A
:10C80000EFF7AAFD10BD1CB5AD480088AD490988F9
:10C8100088422CD0AB480088A9490880EEF783F8FD
:10C82000B749802003F094F9AFF65C61872003F0EC
:10C830008FF9B3490C31902003F08AF9AFF2E0513F
:10C84000972003F085F9AE491831882003F080F96C
:10C85000AFF2F4518F2003F07BF9A94924319820DD
:10C8600003F076F9AFF208619F2003F071F9002020
:10C87000EEF7C7FB00200521984B42330122CDE99A
:10C88000001004218420EEF743F900200521934B8A
:10C8900034330246CDE900109420EEF739F9002038
:10C8A00005218E4B36330246CDE900108C20EEF781
:10C8B0002FF900200521894B38330246CDE90010BD
:10C8C0009C20EEF725F9002086490870EFF744FD1B
:10C8D0001CBD1CB57A4800887A49098888422DD049
:10C8E0007848008876490880EEF71DF87749443982
:10C8F000802003F02DF9AFF29061872003F028F932
:10C9000072493839902003F023F9AFF2A4619720DF
:10C9100003F01EF96D492C39882003F019F9AFF2A4
:10C92000B8618F2003F014F968492039982003F08A
:10C930000FF9AFF288219F2003F00AF90020EEF7EB
:10C9400060FB00200521654B3A330122CDE9001040
:10C9500004218420EEF7DCF8002005215F4B3C33F6
:10C960000122CDE9001004219420EEF7D1F8002037
:10C9700005215A4B3E330122CDE9001004218C20C1
:10C98000EEF7C6F800200521544B40330246CDE9AE
:10C9900000109C20EEF7BCF8002052490870EFF719
:10C9A000DBFC1CBD2DE9FC410024002500260027EE
:10C9B000434800884349098888422DD0414800886F
:10C9C0003F490880EDF7AFFF3F498039802003F0F1
:10C9D000BFF8AFF6C431872003F0BAF83A4970398E
:10C9E000902003F0B5F8AFF6D831972003F0B0F8F7
:10C9F00035496439882003F0ABF8AFF6EC318F206D
:10CA000003F0A6F830495839982003F0A1F8AFF6A2
:10CA100000419F2003F09CF80020EEF7F2FA2E4828
:10CA2000B0F82C0542F21071884207DB2A48B0F8B2
:10CA30002C05401A2849A1F82C050A242648B0F8EC
:10CA40002E0542F21071884207DB2348B0F82E050C
:10CA5000401A2149A1F82E050A251F48B0F83005D3
:10CA600042F21071884207DB1B48B0F83005401ACB
:10CA70001949A1F830050A261748B0F8320542F2E4
:10CA80001071884207DB1448B0F83205401A124989
:10CA9000A1F832050A270021601DC0B20F4B2833D0
:10CAA0000122CDE9000104218420EEF731F80021B4
:10CAB000681DC0B2094B2A330122CDE9000121E0F3
:10CAC0004403002042030020088E02085489020813
:10CAD00020200000303602085A0C00205E11002091
:10CAE000D20F00206903002034C201082020203822
:10CAF000BAC5B8DFD1B9B5E7BBFA20200000000005
:10CB00008084020804219420EEF702F80021701DB1
:10CB1000C0B2FE4B0122CDE9000104218C20EDF7CB
:10CB2000F7FF0021781DC0B2F84B9B1C0122CDE914
:10CB3000000104219C20EDF7EBFF0020F449087070
:10CB4000EFF70AFCBDE8FC817CB500250024F14824
:10CB50000088F149098888422AD0EF480088ED49C9
:10CB60000880EDF7E0FEED49802002F0F1FFAFF61E
:10CB70006051872002F0ECFFE8490C31902002F070
:10CB8000E7FFAFF67451972002F0E2FFE4498820F6
:10CB900002F0DEFFAFF2C8018F2002F0D9FFE149B9
:10CBA000982002F0D5FFAFF2D8019F2002F0D0FF0D
:10CBB0000020EEF726FADC48B0F8340542F2107196
:10CBC000884207DBD848B0F83405401AD649A1F8A6
:10CBD00034050A25D448B0F8360542F2107188426F
:10CBE00007DBD148B0F83605401ACF49A1F8360521
:10CBF0000A240021681DC0B2C44B1B1D0122CDE9CF
:10CC0000000104218420EDF783FF0021601DC0B2E4
:10CC1000BE4B9B1D0122CDE9000104219420EDF7BC
:10CC200077FF00200521C14B0222CDE9001004212D
:10CC30008C20EDF76DFF00200521BC4B9B1C0246AC
:10CC4000CDE900109C20EDF763FF0020B04908708B
:10CC5000EFF782FB7CBD10B5AE480088AE4909886D
:10CC6000884215D0AC480088AA490880EDF75BFEE1
:10CC7000AF49802002F06CFFAD49902002F068FFC0
:10CC8000ACA1882002F064FFA949982002F060FF5F
:10CC9000EFF762FB10BD1CB59E4800889E490988CD
:10CCA000884229D09C4800889A490880EDF73BFECD
:10CCB000A5A1802002F04CFFAFF2EC11872002F01A
:10CCC00047FFA4A1902002F043FFAFF2FC11972090
:10CCD00002F03EFFA4A1882002F03AFFAFF210213B
:10CCE0008F2002F035FFA5A1982002F031FFAFF2AE
:10CCF00020219F2002F02CFF0320EEF782F9A448A8
:10CD000000780821A34B0022CDE9001004218520E2
:10CD1000EDF7FEFEA048007808219E4B9B1C0022E8
:10CD2000CDE9001004219520EDF7F2FE9B48007834
:10CD30000821984B1B1D0022CDE9001004218D20F5
:10CD4000EDF7E6FE00200821924B08330246CDE9BC
:10CD5000001005219D20EDF7DBFE00206C490870D6
:10CD60008F480078012809D102208D4908700020E1
:10CD70008C4908708C4908808C4908708848007874
:10CD800002283ED18A48007801280AD1082181482A
:10CD9000E0F7BFFB0446874801882046E0F73AFAEF
:10CDA0007DE08348007802280BD108217948801C57
:10CDB000E0F7AFFB04467F4801882046E0F72AFAF7
:10CDC0006DE07B48007803280BD108217148001DD5
:10CDD000E0F79FFB0446774801882046E0F71AFAFF
:10CDE0005DE073480078042859D10821694808306B
:10CDF000E0F78FFB04466F4801882046E0F70AFA07
:10CE00004DE067480078002849D169480078042837
:10CE100002DD0020664908706548007848B90120A5
:10CE20006349087000205F4908705F4908805F49C6
:10CE300008705F480078012808D108215548E0F7BC
:10CE400068FB04460121E0F735F928E058480078EE
:10CE5000022809D108214F48801CE0F75AFB0446FC
:10CE60000121E0F727F91AE051480078032809D199
:10CE700008214848001DE0F74CFB04460121E0F77B
:10CE800019F90CE04A480078042808D108214148E3
:10CE90000830E0F73EFB04460121E0F70BF91CBD2A
:10CEA0001CB51C4800881C490988884229D01A48AA
:10CEB000008818490880EDF736FD3FA1802002F078
:10CEC00047FEAFF2F431872002F042FE3FA19020EE
:10CED00002F03EFEAFF20841972002F039FE40A179
:10CEE000882002F035FEAFF218418F2002F030FEAC
:10CEF00040A1982002F02CFEAFF22C419F2002F0BE
:10CF000027FE0320EEF77DF821487DE08A110020FE
:10CF1000690300204403002042030020088E020819
:10CF200054890208303602085A0C002002100020F2
:10CF300034C201082020205957333130B2CECAFD07
:10CF40002020202000000000D0DEB8C45957333123
:10CF500030200000BBD6B8B45957333130202020E0
:10CF60002020202000000000CEC2B8D0B5D8D6B70F
:10CF7000202020202020202000000000BCC6CAFD68
:10CF8000C6F72020202020202020202000000000A4
:10CF900049030020620E00204A0300204B030020BA
:10CFA0004A00002063010020660100206201002089
:10CFB0006C0100204E000020D1B9C1A6CEC2B6C877
:10CFC000D1A1D4F12020202000000000D1B9CEC290
:10CFD000CFB5CAFD20202020202020200000000006
:10CFE00041493120B3F5D6B5202020202020202033
:10CFF00000000000205957333130B0E6B1BE202088
:10D00000202020200000000000780821FE4B002294
:10D01000CDE9001003218620EDF77AFDFB4800786A
:10D020000821F94B9B1C0322CDE900100421942018
:10D03000EDF76EFDF64800780821F34B123300221D
:10D04000CDE9001005218C20EDF762FD00200821BC
:10D05000ED4B0E330222CDE9001004219D20EDF7A7
:10D0600057FD0020EB490870EB480078012809D1F2
:10D070000220E94908700020E8490870E849088062
:10D08000E8490870E448007802283ED1E648007874
:10D0900001280AD10821DC48E0F73BFA0446E348BE
:10D0A00001882046E0F7B6F87DE0DF4800780228E6
:10D0B0000BD10821D448801CE0F72BFA0446DB484A
:10D0C00001882046E0F7A6F86DE0D74800780328ED
:10D0D0000BD10821CC481230E0F71BFA0446D348A4
:10D0E00001882046E0F796F85DE0CF4800780428F4
:10D0F00059D10821C4480E30E0F70BFA0446CB485A
:10D1000001882046E0F786F84DE0C3480078002803
:10D1100049D1C5480078042802DD0020C2490870C2
:10D12000C148007848B90120BF4908700020BB49B8
:10D130000870BB490880BB490870BB4800780128CB
:10D1400008D10821B048E0F7E4F904460121DFF7EF
:10D15000B1FF28E0B4480078022809D10821AA4884
:10D16000801CE0F7D6F904460121DFF7A3FF1AE09F
:10D17000AD480078032809D10821A3481230E0F710
:10D18000C8F904460121DFF795FF0CE0A6480078B6
:10D19000042808D108219C480E30E0F7BAF904466B
:10D1A0000121DFF787FF1CBD1CB5A1480088A149FC
:10D1B0000988884227D09F4800889D490880EDF75C
:10D1C000B2FB9DA1802002F0C3FCA0A1872002F049
:10D1D000BFFC9FA1902002F0BBFC9CA1972002F015
:10D1E000B7FCA0A1882002F0B3FCAFF21C718F2025
:10D1F00002F0AEFCA049982002F0AAFCAFF2307118
:10D200009F2002F0A5FC0320EDF7FBFE9B48007871
:10D2100008217D4B9B1E0022CDE9001005218420B2
:10D22000EDF776FC794800780821774B1B1F002228
:10D23000CDE9001005219420EDF76AFC74480078D0
:10D240000821714B10330022CDE9001005218C20FC
:10D25000EDF75EFC00206F4908706F4800780128E8
:10D2600009D102206C49087000206C4908706C4993
:10D2700008806C4908706848007802283FD16A48E5
:10D28000007801280BD108215F48801EE0F741F9A2
:10D290000446664801882046DFF7BCFF7EE062480E
:10D2A000007802280BD108215748001FE0F731F918
:10D2B00004465E4801882046DFF7ACFF6EE05A481E
:10D2C000007803280BD108214F481030E0F721F9EE
:10D2D0000446564801882046DFF79CFF5EE052482E
:10D2E000007804285AD1082147480E30E0F711F998
:10D2F00004464E4801882046DFF78CFF4EE0464842
:10D30000007800284AD148480078042802DD00202F
:10D31000454908704448007848B9012042490870DE
:10D3200000203E4908703E4908803E4908703E484A
:10D330000078012809D108213348801EE0F7E9F878
:10D3400004460121DFF7B6FE28E0374800780228BE
:10D3500009D108212C48001FE0F7DBF80446012121
:10D36000DFF7A8FE1AE030480078032809D1082129
:10D3700025481030E0F7CDF804460121DFF79AFE8A
:10D380000CE029480078042808D108211E480E30F6
:10D39000E0F7BFF804460121DFF78CFE1CBD10B595
:10D3A0002348008823490988884215D021480088ED
:10D3B0001F490880EDF7B7FA2F49802002F0C8FB1B
:10D3C0002D49902002F0C4FB2DA1882002F0C0FB63
:10D3D0002949982002F0BCFBEEF7BEFF10BD1CB53A
:10D3E0001348008813490988884276D0114800887C
:10D3F0000F490880EDF797FA26A1802002F0A8FBDC
:10D40000AFF6341187204BE05E0E00204A03002067
:10D410004B030020690300204A0000206301002024
:10D4200066010020620100206C0100204E000020F7
:10D430004403002042030020D5FDCEC2C1BFB3CCBF
:10D44000202020202020202000000000A1E6000055
:10D45000B8BACEC2C1BFB3CC2020202020202020CB
:10D4600000000000D7EEB4F34149D6B520202020BB
:10D47000202020200000000034C2010849030020C1
:10D48000202020535A4D32323020B2CECAFD202007
:10D4900000000000D0DEB8C45A4D32323000000027
:10D4A00002F056FBFDA1902002F052FBAFF6E01116
:10D4B000972002F04DFBFCA1882002F049FBAFF65B
:10D4C000F0118D2002F044FBFCA1982002F040FBFB
:10D4D000AFF604219F2002F03BFB0420EDF791FD05
:10D4E000FB4800780821FB4B0022CDE90010042105
:10D4F0008520EDF70DFBF84800780821F54B9B1CC3
:10D500000022CDE9001004219520EDF701FBF3483E
:10D5100000780821EF4B12330022CDE900100321DF
:10D520008D20EDF7F5FAEE4800780821E94B10332D
:10D530000022CDE9001002219E20EDF7E9FA00203B
:10D54000E8490870E8480078012809D10220E64936
:10D5500008700020E5490870E5490880E549087031
:10D56000E148007802283ED1E348007801280AD13A
:10D570000821D848DFF7CDFF0446E048018820465F
:10D58000DFF748FE7DE0DC48007802280BD1082157
:10D59000D048801CDFF7BDFF0446D84801882046EC
:10D5A000DFF738FE6DE0D448007803280BD108215E
:10D5B000C8481230DFF7ADFF0446D0480188204646
:10D5C000DFF728FE5DE0CC480078042859D1082117
:10D5D000C0481030DFF79DFF0446C8480188204648
:10D5E000DFF718FE4DE0C0480078002849D1C24856
:10D5F0000078042802DD0020BF490870BE4800788A
:10D6000048B90120BC4908700020B8490870B849E1
:10D610000880B8490870B8480078012808D1082166
:10D62000AC48DFF776FF04460121DFF743FD28E031
:10D63000B1480078022809D10821A648801CDFF7EC
:10D6400068FF04460121DFF735FD1AE0AA4800789B
:10D65000032809D108219F481230DFF75AFF0446FA
:10D660000121DFF727FD0CE0A3480078042808D14A
:10D67000082198481030DFF74CFF04460121DFF7FE
:10D6800019FD1CBD1CB59E4800889E49098888422A
:10D690002BD09C4800889A490880EDF744F99A49B4
:10D6A000802002F055FA99A1872002F051FA96499C
:10D6B0001031902002F04CFAAFF6EC31972002F0D6
:10D6C00047FA91491C31882002F042FAAFF6004136
:10D6D0008F2002F03DFA8C492831982002F038FA68
:10D6E000AFF614419F2002F033FA0420EDF789FCD5
:10D6F000774800780821774B16330022CDE90010D7
:10D7000005218420EDF704FA734800780821714B55
:10D7100018330022CDE9001005219420EDF7F8F927
:10D720006E48007808216B4B1A330022CDE90010B7
:10D7300005218C20EDF7ECF9694800780821654B4C
:10D740001C330022CDE9001005219C20EDF7E0F903
:10D7500000206449087064480078012809D102203B
:10D760006149087000206149087061490880614979
:10D7700008705D48007802283FD15F480078012892
:10D780000BD1082153481630DFF7C3FE04465B482F
:10D7900001882046DFF73EFD7EE0574800780228EA
:10D7A0000BD108214B481830DFF7B3FE044653482D
:10D7B00001882046DFF72EFD6EE04F4800780328F1
:10D7C0000BD1082143481A30DFF7A3FE04464B482B
:10D7D00001882046DFF71EFD5EE0474800780428F8
:10D7E0005AD108213B481C30DFF793FE04464348DA
:10D7F00001882046DFF70EFD4EE03B480078002808
:10D800004AD13D480078042802DD00203A490870DA
:10D810003948007848B90120374908700020334959
:10D82000087033490880334908703348007801286C
:10D8300009D1082127481630DFF76BFE0446012185
:10D84000DFF738FC28E02C480078022809D10821AD
:10D8500020481830DFF75DFE04460121DFF72AFC7F
:10D860001AE025480078032809D1082119481A3000
:10D87000DFF74FFE04460121DFF71CFC0CE01E48D9
:10D880000078042808D1082112481C30DFF741FE37
:10D8900004460121DFF70EFC1CBD0000BBD6B8B466
:10D8A0005A4D323230000000D6F7B4D3BBFAC9E883
:10D8B000B6A8202020202020000000003232302D89
:10D8C0004C4F5241B5D8D6B7202020200000000090
:10D8D00049030020620E00204A0300204B03002071
:10D8E0004C030020690300204A000020630100204F
:10D8F00066010020620100206C0100204E00002023
:10D90000440300204203002004760208204D00005A
:10D910001CB5F8480088F849098888422CD0F64898
:10D920000088F4490880ECF7FEFFF449802002F0FB
:10D930000FF9AFF66461872002F00AF9EF490C3164
:10D94000902002F005F9AFF67861972002F000F917
:10D95000EA491831882002F0FBF8AFF68C618F207D
:10D9600002F0F6F8E5492431982002F0F1F8AFF61C
:10D97000A0619F2002F0ECF80420EDF742FBE048A4
:10D9800000780821DF4B0022CDE90010052184201A
:10D99000EDF7BEF8DC4800780821DA4B9B1C00222A
:10D9A000CDE9001005219420EDF7B2F8D7480078B2
:10D9B0000821D44B1B1D0022CDE9001005218C202D
:10D9C000EDF7A6F8D24800780821CE4B9B1D002227
:10D9D000CDE9001005219C20EDF79AF80020CD49F3
:10D9E0000870CD480078012809D10220CA49087082
:10D9F0000020CA490870CA490880CA490870C64848
:10DA0000007802283ED1C848007801280AD10821B0
:10DA1000BC48DFF77EFD0446C44801882046DFF796
:10DA2000F9FB7DE0C048007802280BD10821B548F9
:10DA3000801CDFF76EFD0446BC4801882046DFF7F6
:10DA4000E9FB6DE0B848007803280BD10821AD4808
:10DA5000001DDFF75EFD0446B44801882046DFF76D
:10DA6000D9FB5DE0B0480078042859D10821A548C9
:10DA7000801DDFF74EFD0446AC4801882046DFF7E5
:10DA8000C9FB4DE0A4480078002849D1A648007899
:10DA9000042802DD0020A4490870A348007848B992
:10DAA0000120A149087000209C4908709C49088009
:10DAB0009C4908709C480078012808D108219148A9
:10DAC000DFF727FD04460121DFF7F4FA28E0964846
:10DAD0000078022809D108218A48801CDFF719FD47
:10DAE00004460121DFF7E6FA1AE08F4800780328A0
:10DAF00009D108218348001DDFF70BFD04460121F1
:10DB0000DFF7D8FA0CE088480078042808D108210B
:10DB10007C48801DDFF7FDFC04460121DFF7CAFACF
:10DB20001CBD1CB57348008873490988884225D0FC
:10DB3000714800886F490880ECF7F5FE7CA18020D1
:10DB400002F006F87DA1872002F002F87CA1902067
:10DB500001F0FEFF79A1972001F0FAFF7BA1882058
:10DB600001F0F6FF75A18F2001F0F2FF7A499820AD
:10DB700001F0EEFF71A19F2001F0EAFF0420EDF714
:10DB800040FA5F48007808215E4B08330022CDE957
:10DB9000001003218520ECF7BBFF5B4800780821CB
:10DBA000584B0A330022CDE9001003219520ECF7F1
:10DBB000AFFF564800780821524B0C330022CDE9C4
:10DBC000001003218D20ECF7A3FF514800780821B5
:10DBD0004C4B0A3B0022CDE9001003219D20ECF7BD
:10DBE00097FF00204B4908704B480078012809D165
:10DBF00002204949087000204849087048490880B7
:10DC0000484908704448007802283FD146480078C7
:10DC100001280BD108213B480830DFF77AFC044685
:10DC2000424801882046DFF7F5FAB1E03E48007827
:10DC300002280BD1082133480A30DFF76AFC04467A
:10DC40003A4801882046DFF7E5FAA1E03648007837
:10DC500003280BD108212B480C30DFF75AFC04466F
:10DC6000324801882046DFF7D5FA91E02E48007847
:10DC700004280AD1082123480A38DFF74AFC044661
:10DC80002A4801882046DFF7C5FA81E0224800785B
:10DC900000287DD124480078042802DD0020224994
:10DCA00008702148007848B901201F4908700020F9
:10DCB0001A4908701A4908801A4908701A480078E9
:10DCC000012809D108210F480830DFF722FC04465B
:10DCD0000121DFF7EFF95BE01348007802283DD11E
:10DCE000082108480A30DFF714FC04460121DFF759
:10DCF000E1F94DE044030020420300203876020899
:10DD000049030020800E00204A0300204B0300201E
:10DD10004C030020690300204A000020630100201A
:10DD200066010020620100206C0100204E000020EE
:10DD300046726571486F704F6E2000002020000011
:10DD4000486F70506572696F642000005061794CB3
:10DD50006F61644C656E000098710208FE4800789F
:10DD6000032808D10821FD48DFF7D3FB0446012131
:10DD7000DFF7A0F90CE0F8480078042808D1082162
:10DD8000F6481638DFF7C5FB04460121DFF792F9A4
:10DD90001CBD1CB5F2480088F2490988884222D08F
:10DDA000F0480088EE490880ECF7BDFDEE49802080
:10DDB00001F0CEFEEDA1872001F0CAFEEA49143140
:10DDC000902001F0C5FEE9A1972001F0C1FEE849CD
:10DDD000882001F0BDFEE7A18F2001F0B9FEE6A189
:10DDE000982001F0B5FE0220EDF70BF9E748007826
:10DDF0000821DA4B9B1C0022CDE90010052184206C
:10DE0000ECF786FEE24800780821D44B1B1D002267
:10DE1000CDE9001005219420ECF77AFE00200821BE
:10DE2000CE4B0A330222CDE9001004218C20ECF7FE
:10DE30006FFE0020D7490870D7480078012809D123
:10DE40000220D54908700020D4490870D4490880C0
:10DE5000D4490870D048007802282FD1BE480078F5
:10DE600001280BD10821BD48801CDFF752FB044676
:10DE7000CD4801882046DFF7CDF960E0B64800784C
:10DE800002280BD10821B548001DDFF742FB0446EC
:10DE9000C54801882046DFF7BDF950E0AE4800785C
:10DEA00003284CD10821AD480A30DFF732FB044685
:10DEB000BD4801882046DFF7ADF940E0B64800785C
:10DEC00000283CD1A4480078032802DD0020A249A4
:10DED0000870A148007848B901209F4908700020C7
:10DEE000AE490870AE490880AE4908709A4800787B
:10DEF000012809D108219948801CDFF70AFB044654
:10DF00000121DFF7D7F81AE093480078022809D1F9
:10DF100008219248001DDFF7FCFA04460121DFF7D3
:10DF2000C9F80CE08C480078032808D108218B48F8
:10DF30000A30DFF7EEFA04460121DFF7BBF81CBD1B
:10DF40001CB58748008887490988884224D08548BD
:10DF5000008883490880ECF7E6FC94A1802001F05A
:10DF6000F7FD95A1902001F0F3FDAFF2302197204D
:10DF700001F0EEFD9549882001F0EAFDAFF2442161
:10DF80008F2001F0E5FD9149982001F0E1FDAFF20D
:10DF900054219F2001F0DCFD0020EDF732F8002035
:10DFA00008216E4B0C330246CDE900100521852077
:10DFB000ECF7AEFD00200821684B0E330222CDE9BC
:10DFC000001004219520ECF7A3FD00207149087092
:10DFD00071480078012809D102206F49087000209B
:10DFE0006E4908706E4908806E4908706A4800786A
:10DFF00002281FD15848007801280BD10821574822
:10E000000C30DFF786FA0446674801882046DFF7C0
:10E0100001F941E05048007802283DD108214F48DD
:10E020000E30DFF776FA04465F4801882046DFF7B6
:10E03000F1F831E05848007800BB474800780228E2
:10E0400002DD0020444908704348007848B90120A7
:10E0500041490870002051490870514908805149D0
:10E0600008703D480078012809D108213B480C3050
:10E07000DFF74FFA04460121DFF71CF80CE03648C1
:10E080000078022808D1082134480E30DFF741FA21
:10E0900004460121DFF70EF81CBD1CB5304800888E
:10E0A00030490988884227D02E4800882C490880AA
:10E0B000ECF739FC46A1802001F04AFDAFF2843133
:10E0C000872001F045FD47A1902001F041FD4AA1C4
:10E0D000972001F03DFD49A1882001F039FDAFF204
:10E0E000A4318F2001F034FD49A1982001F030FDCA
:10E0F00041A19F2001F02CFD0020ECF782FF0020C1
:10E100000521164B1E330222CDE900108320ECF7C7
:10E11000FFFC00200521114B20330246CDE9001001
:10E1200004218620ECF7F4FC002005213D4B02463B
:10E13000CDE9001002219120ECF7EAFC0020052136
:10E14000384B9B1C0246CDE9001002219320ECF7CE
:10E15000DFFC0020052167E06C0100208C0E002010
:10E160004403002042030020687602086D7300001B
:10E17000807A02086B620000535A4D3232302D2DE6
:10E180004C4F5241B2CECAFD0000000049030020AE
:10E190004A030020690300204A0000206301002098
:10E1A00066010020620100204E000020535A4D32CB
:10E1B0003230BCC6CAFD0000535A4D323230B0E690
:10E1C000B1BE2020202020200000000034C2010821
:10E1D000CEB3B6C83A2020202020202020202020A6
:10E1E0000000000020202020442020202E2020207D
:10E1F000202020200000000046200000BEADB6C850
:10E200003A20202020202020202020200000000074
:10E2100020202020204420202E20202020202020CC
:10E2200000000000BA160020F94B0246CDE90010AC
:10E2300004219520ECF76CFC00200521F54B02220F
:10E24000CDE900108B20ECF763FC00200521F14B99
:10E250009B1C0246CDE9001004218E20ECF758FCEF
:10E2600000200521EA4B9B1C0246CDE9001003214A
:10E270009920ECF74DFC00200521E54B1B1D0246C3
:10E28000CDE9001002219B20ECF742FC0020052183
:10E29000DF4B9B1D0246CDE9001004219D20ECF7C9
:10E2A00037FC0020DC490870EEF756F81CBD10B5AD
:10E2B000DA480088DA490988884217D0D8480088A7
:10E2C000D6490880ECF72FFB01F026FCD5498020C9
:10E2D00001F03EFCD4A1902001F03AFCD7498820FF
:10E2E00001F036FCD6A1982001F032FC0020ECF7BA
:10E2F00088FE0020C8490870EEF72EF810BD2DE901
:10E30000F84F05460E4617461C46DDE90AA8A14609
:10E31000D0480078032811DAECF7DAFBBE48007821
:10E3200002280BD14B463A4631462846CDF80080AC
:10E3300001F0BBFC4FF47A7001F048F9BDE8F88FAA
:10E3400010B50020C4490870C448006810B9012005
:10E35000087034E0C148001D006818B90220BE49A9
:10E3600008702CE0BE48006818B90620BA49087049
:10E3700025E0BC48006818B90720B74908701EE0BE
:10E38000B7482030006818B90820B349087016E073
:10E39000B3480838006818B90920AF4908700EE082
:10E3A000AF482430006818B90A20AB49087006E06D
:10E3B000AC481830006810B90B20A7490870AA486B
:10E3C0000078A5490978884207D0A3480078A64973
:10E3D00008700020A54908804DE0A4480188008805
:10E3E000401CA24A10800A2945DD00201146088001
:10E3F0009948007828B900209D4908709D49087007
:10E4000039E001209A4908709B4908808048A0386B
:10E41000008D40B37E48A038008D012817D18E486A
:10E420000078082803D10B208B49087023E08A4824
:10E4300000780B2803D10820874908701BE0864824
:10E440000078052817D109208349087013E0704827
:10E45000A038008D02280ED17F480078082803D10B
:10E460000B207D49087006E07B4800780B2802D11C
:10E470000820794908706648A038008A03287DDAA8
:10E480007E48007800287AD179480078012835D173
:10E4900071480078002831D0764800780028F6D1FD
:10E4A0000120744908705A48A038C0880128EED16C
:10E4B000694800780B2841D159480088B0F5FA7FA7
:10E4C0003CDD57480088401E5549088008460088B2
:10E4D00040F2E631884203D140F2352050490880AD
:10E4E0004B48A038008A50B94D48008840F21E21A0
:10E4F000884203D140F20D2049490880DFE04448BA
:10E50000A038008A01280AD14548008840F21E211F
:10E51000884203D14FF4027041490880CFE03C4863
:10E52000A038008A022808D13D48008840F21E2108
:10E53000884202D1801E3A490880C0E046480078EF
:10E54000082845D13648008840F2E73188423FDA52
:10E5500033480088401C324908800846008840F251
:10E560003621884203D140F2E7302D4908802848FF
:10E57000A038008A68B92A48008801E01CE18DE0D3
:10E5800040F20E21884203D140F21F202449088026
:10E5900095E01F48A038008A01280AD12048008849
:10E5A00040F20921884203D140F21F201C49088013
:10E5B00085E01748A038008A022808D1184800884A
:10E5C00040F21D2188427AD1801C1549088076E0EE
:10E5D000214800780A2804D14FF4FA7010490880C5
:10E5E0006DE01D480078062808D1012023490870F5
:10E5F00023480078401C2249087060E016480078E3
:10E60000072841D11F480078401C1E49087056E079
:10E61000BE160020AE0E0020690300204403002037
:10E6200042030020F0AC010820202020BBB6D3AD6F
:10E63000C4FAA3A1202020200000000034C2010859
:10E6400020202020202020202020202020456E6413
:10E65000000000004A0000203F030020100121427A
:10E660001401224204812142400300206203002061
:10E670003E030020460300201E0100204703002027
:10E680004803002058030020FE480078092816D1CE
:10E69000FD480078401CFC49087010E0FB480078F9
:10E6A00001280CD1F748007848B1F948007830B912
:10E6B0000120F7490870F3480078F6490870F348DC
:10E6C000007801281BD1EF480078012817D1F248C3
:10E6D000408D022804D10120F049A1F890000AE001
:10E6E000ED48408D18B1EC48408D012803D1012040
:10E6F000EB49A1F87A000120EA4908701EE0E348DE
:10E70000007801281AD1DF480078022816D1E248A3
:10E71000408D022804D10020E049A1F890000AE0D1
:10E72000DD48408D18B1DC48408D012803D1002020
:10E73000DB49A1F87A000120DA490870DA4800784C
:10E74000642823D1D448408D02280CD10321D3481A
:10E750009030DEF7DEFE0446D048B0F89010204638
:10E76000DEF758FD12E0CC48408D18B1CA48408D04
:10E7700001280BD10121CA487A30DEF7CAFE0446CF
:10E78000C748B0F87A102046DEF744FDC248C0887A
:10E79000012811D1C5480088B0F5FA7F0DD1C448D1
:10E7A0000078022809D140F21F20C04908800020CB
:10E7B000BF490870B4490870EEE1BC48008840F2D7
:10E7C0001F2188420CD1BA480078022808D1481C81
:10E7D000B64908800020B6490870AB490870DBE1F3
:10E7E000B2480088B0F5087F0DD1B1480078022802
:10E7F00009D14FF40970AD4908800020AC49087078
:10E80000A1490870C8E1A9480088B0F5097F0DD179
:10E81000A7480078022809D140F22720A3490880A0
:10E820000020A349087098490870B5E19F48008806
:10E8300040F2272188420CD19D480078022808D157
:10E84000081D9A4908800020994908708E4908706F
:10E85000A2E19648008840F22B2188420CD19448CE
:10E860000078022808D1081D9049088000209049AE
:10E870000870854908708FE18C48008840F22F218C
:10E8800088420CD18A480078022808D1881D87491F
:10E8900008800020864908707B4908707CE1834825
:10E8A000008840F2352188420DD181480078022845
:10E8B00009D140F2E7307D49088000207C4908708A
:10E8C0007149087068E179480088B0F5FA7F0DD188
:10E8D0006D480078022809D140F2F510734908808C
:10E8E0000020694908707249087055E16F48008836
:10E8F00040F2F51188420CD163480078022808D113
:10E90000481D6A49088000205F49087068490870FE
:10E9100042E166480088B0F5FD7F0DD15A48007885
:10E92000022809D140F2FF106049088000205649B2
:10E9300008705F4908702FE15C48008840F2FF11C1
:10E9400088420CD150480078022808D1481D574908
:10E95000088000204C490870554908701CE1534854
:10E960000088B0F5017F1BD147480078022817D1F5
:10E970004948008A012809D140F21F204B490880EC
:10E980000020414908704A49087005E140F2092019
:10E990004649088000203C49087045490870FBE062
:10E9A0004248008840F2092188421ED1364800784A
:10E9B00002281AD13848008A48B940F21F203B4942
:10E9C000088000203049087039490870E4E0324876
:10E9D000008A022808D140F20E2034490880002025
:10E9E0002949087032490870D6E03048008840F262
:10E9F0000E2188420CD124480078022808D1481DF5
:10EA00002A49088000202049087029490870C3E07D
:10EA10002648008840F2132188420CD11A48007819
:10EA2000022808D1481D2149088000201649087095
:10EA30001F490870B0E01D480088B0F5067F0DD171
:10EA400011480078022809D140F21F201749088098
:10EA500000200D490870164908709DE01348008891
:10EA600040F21F21884225D107480078022821D191
:10EA7000481C0E4908800020034908700C490870A2
:10EA80008AE000003F030020590300203E030020DD
:10EA9000460300204F0300201E160020F214002021
:10EAA0005A0C00205A0300204A0000204203002094
:10EAB00058030020E5480088B0F5087F0DD1E448F0
:10EAC0000078022809D14FF40970E049088000203D
:10EAD000DF490870DF4908705EE0DC480088B0F567
:10EAE000097F0DD1DA480078022809D140F22720A9
:10EAF000D64908800020D6490870D64908704BE0F6
:10EB0000D248008840F2272188420CD1D0480078B2
:10EB1000022808D1081DCD4908800020CC49087082
:10EB2000CC49087038E0C948008840F22B2188425F
:10EB30000CD1C7480078022808D1081DC3490880B5
:10EB40000020C3490870C349087025E0BF48008809
:10EB500040F22F2188420CD1BD480078022808D10C
:10EB6000881DBA4908800020B9490870B949087061
:10EB700012E0B648008840F2352188420CD1B448F2
:10EB80000078022808D140F2E730B0490880002020
:10EB9000AF490870AF490870AF480078AF490978AD
:10EBA000884227D0AC480078AC490870A948007862
:10EBB000002803DCA6480078002812DDA848008859
:10EBC000401CA7490880A748B0F85A010988884224
:10EBD00010DA0020A24908809E4908709C490870FC
:10EBE00008E09F480088002804DD9D480088401EFA
:10EBF0009B4908809C48008894490988884222D112
:10EC00009A480078F8B99448407899490978884238
:10EC10001CD0914840789649087096480088401C5E
:10EC2000944908800846008840F2DC5188420DDD96
:10EC300064208F49087000208E4908804FF47A7054
:10EC40008949088002E000208A4908808A48C088F3
:10EC5000E0B98A480078F0B97F4840788849097857
:10EC6000884218D07C4840788549087085480088DB
:10EC7000401C8449088008460088B0F5967F0ADD6C
:10EC80000020088001207D49087004E000207D49B3
:10EC900008807A49087010BD10B56C480088C828F3
:10ECA0000ADC7548408D012803D07348408D022846
:10ECB00002D1C8206549088064480088FF2871D0C7
:10ECC00075DC792870D020DC64286ED00EDC152825
:10ECD0006CD2DFE800F0F7F6F5F4F3F2F1F0EFEEC6
:10ECE000EDECEBEAE9E8E7E6E5E4E3006538142853
:10ECF000EED2DFE800F0FDFCFBFAF9F8F7F6F5F4E8
:10ED0000F3F2F1F0EFEEEDECEBEACE2879D026DC71
:10ED1000842877D00ADCA0F17A000A28D8D2DFE86C
:10ED200000F0F4F3F2F1F0EFEEEDECEBC9286AD06D
:10ED30000CDC872868D004DC85287DD0862835D176
:10ED40001AE2C72879D0C828F9D11EE2CA2875D09E
:10ED5000CB2874D0CC2873D0CD28F0D124E2D92888
:10ED60006FD00ADCA0F1CF000A28B1D2DFE800F0B2
:10ED7000F2F1F0EFEEEDECEBEAE9FA2864D008DC12
:10ED8000DA2862D0DB287FD0DC287ED0DD28D6D1FF
:10ED900048E2FB287AD0FC2879D0FD2878D0FE28DC
:10EDA000CDD14EE250E202E0BFE164E122E140F267
:10EDB0000A22811A90426CD06CDC40F2F512A0EB72
:10EDC0000201904267D067DCB0F5987F65D01CDC0B
:10EDD00040F20512A0EB0201904274D008DCA0F5CD
:10EDE0008070052884D2DFE800F0F3F2F1F0EF0044
:10EDF000272969D028297CD029297BD02A299ED18E
:10EE000051E2E2E1B2E1C3E1B9E1B0F59B7F72D03A
:10EE100008DCA0F231100528A7D2DFE800F0F0EFFF
:10EE2000EEEDEC00B0F5A57F70D0A0F24B100028FD
:10EE30006DD001286CD005E09BE1A3E1ABE1ADE131
:10EE4000AFE1E3E1A92864E0EFE1E2E14203002061
:10EE500059030020580300205808002054030020C4
:10EE600056030020720800204403002047030020BE
:10EE70005B0300205C0300201E1600205E030020C0
:10EE80005F03002060030020C6E1C8E1D0E1D2E1C9
:10EE9000D4E19AE24FE03BE23EE007E2E8E0E3E063
:10EEA000DFE0DBE0D7E0D3E0CFE0CBE0C7E0C3E0DA
:10EEB000BFE0BBE0B7E0B3E0AEE0AAE0A6E0A2E0CE
:10EEC0009EE094E090E0D1E1D3E12BE127E123E162
:10EED0001FE11BE117E113E1FBE0F7E0F3E0EFE0F6
:10EEE000E8E0E4E0E0E0DCE0D8E0D0E0CCE0C8E05E
:10EEF000C4E0D2E1D4E1EBE135E131E12DE129E1FA
:10EF000025E121E11DE119E115E111E1F4E1F6E16D
:10EF1000F8E17FF422AFF8E115296BD2DFE801F0C8
:10EF20006AEFEEEDECEBEAE9E8E7E6E5E4E3E2E1DF
:10EF3000E0DFDEDDDC00182971D026DC1829ECD2F8
:10EF400009E060E15CE158E154E150E14CE148E165
:10EF500044E140E13CE1DFE811F04D003B024802B2
:10EF6000550262026F027C0289029602A302B0027D
:10EF7000BD02CA02D702DA02DD02E002E302E602C3
:10EF80004D004D00E902EC02EF0223296FD00FDCA7
:10EF9000A1F119010A29C0D2DFE811F0D402D70289
:10EFA000DA02DD02E002E302E602E902EC02EF022D
:10EFB00028296FD00DDC24296DD025296CD0262975
:10EFC0006BD02729A5D1EAE24DE149E145E141E1D4
:10EFD0003DE1292971D02A2970D02B296FD0A1F2C7
:10EFE000DD11002995D1E9E2ECF74CF8EAE2ECF703
:10EFF00055F9E7E2E5E268E164E160E15CE158E1EE
:10F00000ECF71FFADEE2ECF7E0FCDBE2ECF745FFA1
:10F01000D8E2ECF7C7FFD5E2EDF764F8D2E28EE272
:10F02000EDF7BCF9CEE2EDF7BDF9CBE2EDF77BFAF7
:10F03000C8E2EDF74FFCC5E2EDF7F9FCC2E2EDF7EF
:10F04000F1FDBFE2EDF7A0FEBCE2EDF74FFFB9E244
:10F05000EEF734F8B6E2EEF7E2F8B3E2EEF72CFAA8
:10F06000B0E2EEF79AFBADE2EEF7B2FCAAE287E27D
:10F07000EEF7AEFDA6E2EEF712FEA3E2EEF735FEE6
:10F08000A0E2EEF7BAFF9DE2EFF7C9F89AE2EFF7D8
:10F09000DBF997E286E279E27BE27DE2EFF7BCFA08
:10F0A00090E2EFF703FC8DE2EFF7EBFC8AE2EFF77B
:10F0B00013FE87E2EFF729FF84E276E278E27AE254
:10F0C000F0F759F87EE2F0F740F97BE2F0F79FFAAB
:10F0D00078E2F0F784FB75E274E170E16CE168E1DD
:10F0E00064E160E15CE158E154E150E14CE148E168
:10F0F00044E140E13CE138E134E126E118E10AE194
:10F10000F0F7B1FC5EE2F0F769FD5BE2F0F7F1FDCC
:10F1100058E2F0F704FF55E2F1F71AF852E2F1F77E
:10F120007EF94FE2F1F790FA4CE2F1F7F1FB49E298
:10F13000F1F707FD46E2F1F76CFE43E2F1F729FF34
:10F1400040E2F2F78AF83DE2F2F790F93AE2F2F79C
:10F150009AFA37E2F2F752FB34E2F2F704FC31E2BA
:10F16000F2F708FD2EE2F2F7BEFD2BE2F2F7C7FE42
:10F1700028E2F2F77FFF25E2F3F734F822E2F3F713
:10F1800098F91FE2F3F781FA1CE2F3F7A4FA19E207
:10F19000F3F7D4FB16E2F3F794FC13E2F3F79EFDCA
:10F1A00010E2F3F740FE0DE2F748408D10B9F3F797
:10F1B000DFFE09E0F448408D012803D0F248408D7D
:10F1C000022801D1F3F7D4FEFCE1F4F7EBF8F9E102
:10F1D000F4F7ABF9F6E1ECF7E5FEF3E1ECF782FFCB
:10F1E000F0E1EDF7DBF8EDE1EDF7DCF8EAE1EDF762
:10F1F0009AF9E7E1EDF76EFBE4E1EDF718FCE1E1E8
:10F20000EDF710FDDEE1EDF7BFFDDBE1EDF76EFEA2
:10F21000D8E1EDF753FFD5E1EEF701F8D2E1EEF7D3
:10F220004BF9CFE1EEF7B9FACCE1F4F74FFAC9E1C7
:10F23000F4F70BFBC6E1F4F7ADFBC3E1F4F797FC81
:10F24000C0E1F4F749FDBDE1F4F7BDFEBAE1F4F722
:10F250006AFFB7E1F5F717F8B4E1F5F7E7F8B1E1C0
:10F26000F5F795F9AEE1F5F744FAABE1F5F711FBE7
:10F27000A8E1C548408D10B9F5F720FC0CE0C24864
:10F28000408D012802D1EEF730FD05E0BE48408DEB
:10F29000022801D1F7F74EFC94E1F5F745FC91E126
:10F2A000F5F7AAFD8EE1F5F7BDFE8BE1F6F739F82B
:10F2B00088E1F6F79FF985E1F6F7B0FA82E1F6F713
:10F2C00011FC7FE1F6F71DFE7CE1F6F714FF79E112
:10F2D000AD48408D10B9F1F79CFD0CE0AA48408D77
:10F2E000012802D1F1F795FD05E0A748408D0228DD
:10F2F00001D1F6F74BFF65E1F7F7D9F862E1F7F7CF
:10F30000EFF95FE1F7F726FB5CE1FEF7C6FE59E196
:10F31000F8F70EFD56E19C48008A18B19A48008A19
:10F32000022802D1F8F7EAFD01E0F8F76EFD49E1A5
:10F330009548008A18B19448008A022802D1F8F74B
:10F34000BAFF01E0F9F78CF93CE18F48008A18B167
:10F350008D48008A022802D1F9F7D6F901E0F9F7C1
:10F36000B8FB2FE1F9F70CFC2CE1F9F7BBFD29E123
:10F37000F9F722FE26E1F9F7C2FF23E1FAF711F9C6
:10F3800020E1FAF7A0FA1DE1FAF725FC1AE1FAF7F5
:10F390008CFC17E1FAF72CFE14E1FAF771FF11E18A
:10F3A000FBF700F90EE1FBF77FFA0BE1FBF7E6FA5A
:10F3B00008E1FBF737FC05E1FBF7C6FD02E1FBF7CF
:10F3C0005EFFFFE0FCF7E0F8FCE0FCF724F9F9E071
:10F3D0006D48008A18B16C48008A022802D1FCF7F7
:10F3E000F6F901E0F7F7D2FCECE06748008A18B1C3
:10F3F0006548008A022802D1FCF71DFB01E0F7F7FF
:10F4000022FDDFE06048008A18B15F48008A0228C8
:10F4100002D1FCF727FC01E0F7F77FFDD2E05A4864
:10F42000008A18B15848008A022802D1FCF746FD2C
:10F4300001E0F7F700FFC5E05348008A18B15248D1
:10F44000008A022802D1FCF759FD01E0F7F7D1FF4D
:10F45000B8E04D48008A18B14B48008A022802D112
:10F46000FCF7AFFD01E0F8F79FF8ABE04648008AF3
:10F4700018B14548008A022802D1FCF707FE01E0D6
:10F48000F8F740F99EE04048008A18B13E48008AEB
:10F49000022802D1FCF7A9FE01E0F8F789F991E012
:10F4A0003948008A18B13848008A022802D1FCF78E
:10F4B00046FF01E0F8F703FA84E03348008A18B108
:10F4C0003148008A022802D1FCF759FF01E0F8F721
:10F4D0004FFA77E02C48008A18B12B48008A02289E
:10F4E00002D1FCF7B2FF01E0F8F757FB6AE02648CB
:10F4F000008A18B12448008A022802D1FDF70DF8CD
:10F5000001E0F8F7B3FB5DE0FDF7D9F85AE0FDF74D
:10F510005AF957E0FDF777F954E0FDF7DAF951E0D1
:10F52000FDF740FA4EE0FDF70FFB4BE0F7F72EFC3E
:10F5300048E0F7F788FC45E0F7F7EFFC42E0F7F723
:10F540007AFE3FE0F7F755FF3CE0F8F72DF839E099
:10F55000F8F7D8F836E0F8F72BF933E0F8F7AFF919
:10F5600030E0F8F705FA2DE0F8F717FB2AE0F8F796
:10F570007DFB27E0FDF76FFB24E0FDF78CFB21E02E
:10F58000FDF78EFC1EE000001E160020FDF70CFEAD
:10F5900018E0FDF704FF15E0FDF721FF12E0FEF78C
:10F5A00071F80FE0FEF7B4F90CE0FEF7BAFA09E0E3
:10F5B000FEF7EFFB06E0FEF7C3FC03E0FEF777FE85
:10F5C00000E010BD00BF00BFFBE7000000BF011E50
:10F5D000A0F10100FBD1704710B5044604F0010012
:10F5E00028B14FF48041FA48D7F7EDFD04E04FF41D
:10F5F0008041F748D7F7E9FD04F0020028B14FF445
:10F600000041F348D7F7DFFD04E04FF40041F04834
:10F61000D7F7DBFD04F0040020B14021ED48D7F717
:10F62000D2FD03E04021EB48D7F7CFFD04F00800FE
:10F6300020B18021E748D7F7C6FD03E08021E548E7
:10F64000D7F7C3FD04F0100028B14FF48071E148F2
:10F65000D7F7B9FD04E04FF48071DE48D7F7B5FD68
:10F6600004F0200028B14FF40071DA48D7F7ABFD61
:10F6700004E04FF40071D748D7F7A7FD04F040002D
:10F6800028B14FF48071D448D7F79DFD04E04FF4C2
:10F690008071D148D7F799FD04F0800028B14FF46C
:10F6A0000041CD48D7F78FFD04E04FF40041CA4830
:10F6B000D7F78BFD0A20FFF789FF10BD10B54FF477
:10F6C0000071C348D7F781FD1021C248D7F77BFDF1
:10F6D0000A20FFF77BFF8021BF48D7F774FD192070
:10F6E000FFF774FF8021BC48D7F76FFD1920FFF7A3
:10F6F0006DFF012010BD10B50446FFF7DFFF4FF48A
:10F700000071B348D7F761FD1021B248D7F75DFD0E
:10F710008021B148D7F759FD1920FFF757FF204640
:10F72000FFF75AFF1920FFF751FF8021AA48D7F7AA
:10F730004AFD1920FFF74AFF8021A748D7F745FD6A
:10F740001920FFF743FF42F21070FFF73FFF10BD93
:10F7500010B504219F48D7F738FD44F62060FFF725
:10F7600035FF04219B48D7F72EFD44F62060FFF7B4
:10F770002DFF4FF480519848D7F725FD42F21070C5
:10F78000FFF724FF3020FFF7B6FF4FF47A70FFF742
:10F790001DFF0120FFF7AFFF42F21070FFF716FFC9
:10F7A0000620FFF7A8FF4FF47A70FFF70FFF0C2039
:10F7B000FFF7A1FF4FF47A70FFF708FF10BD10B5F7
:10F7C000FF20FFF709FF0A20FFF700FF00244FF496
:10F7D00080417F48D7F7DDFC08B144F001044FF4C5
:10F7E00000417B48D7F7D5FC08B144F00204402122
:10F7F0007848D7F7CEFC08B144F00404802175485E
:10F80000D7F7C7FC08B144F008044FF48071714881
:10F81000D7F7BFFC08B144F010044FF400716D48F5
:10F82000D7F7B7FC08B144F020044FF480716A4860
:10F83000D7F7AFFC08B144F040044FF400416648EC
:10F84000D7F7A7FC08B144F08004204610BD10B5DE
:10F850000446FFF733FF4FF400715D48D7F7B3FC60
:10F8600010215C48D7F7B1FC80215B48D7F7ADFC8D
:10F870001920FFF7ABFE2046FFF7AEFE1920FFF779
:10F88000A5FE80215448D7F79EFC1920FFF79EFE65
:10F8900080215148D7F799FC1920FFF797FE10BD3A
:10F8A00010B54FF400714A48D7F78DFC1021494834
:10F8B000D7F789FC80214848D7F787FC1920FFF744
:10F8C00085FE80214448D7F77EFC1920FFF77EFE95
:10F8D000FFF775FF044680213F48D7F776FC1920D3
:10F8E000FFF774FE204610BD70B53620FFF703FF0A
:10F8F000002415E004F18001C8B2FFF7FCFE80206F
:10F90000FFF7F9FE002507E00020FFF7A0FF002029
:10F91000FFF79DFF681CC5B2102DF5DB601CC4B25B
:10F92000202CE7DB70BD10B504461CB91020FFF792
:10F93000E2FE02E01420FFF7DEFE10BD2DE9F047E5
:10F9400004460E469246202E16DB06F1600000F0BB
:10F95000FF092046E11704EB11710911883101F00C
:10F96000FF08E11704EB11710911A4EB01124FF428
:10F97000004141FA02F715E006F1800000F0FF09AE
:10F980002046E11704EB11710911803101F0FF08E5
:10F99000E11704EB11710911A4EB01124FF40041BE
:10F9A00041FA02F74846FFF7A6FE4046FFF7A3FEDE
:10F9B000FFF776FFFFF774FF05462D02FFF770FF94
:10F9C0000543BAF1000F09D127EA050507E0000059
:10F9D000000C014000100140000801403D43484632
:10F9E000FFF789FE4046FFF786FEC5F30720FFF7C5
:10F9F0002EFFE8B2FFF72BFF3620FFF77CFE322008
:10FA0000FFF7E4FDBDE8F0872DE9F04704460D4619
:10FA1000202D15DB05F1600000F0FF082046E117FE
:10FA200004EB117109118831CEB2E11704EB1171A9
:10FA30000911A4EB01124FF4004141FA02F714E05E
:10FA400005F1800000F0FF082046E11704EB11717A
:10FA500009118031CEB2E11704EB11710911A4EB49
:10FA600001124FF4004141FA02F74046FFF743FE0E
:10FA70003046FFF740FEFFF713FFFFF711FF814607
:10FA80004FEA0929FFF70CFF40EA090909EA0700D4
:10FA900010B10120BDE8F0870020FBE710B5302051
:10FAA000FFF729FE4FF47A70FFF790FD0620FFF76D
:10FAB00022FE4FF47A70FFF789FD0C20FFF71BFE42
:10FAC0004FF47A70FFF782FD10BD10B53020FFF7BC
:10FAD00012FE4FF47A70FFF779FD0620FFF70BFE58
:10FAE0004FF47A70FFF772FD0C20FFF704FE4FF41D
:10FAF0007A70FFF76BFD3420FFF7FDFD4FF47A704D
:10FB0000FFF764FD10BDF84A116800BFF64A12689D
:10FB1000521A8242FAD3704710B53020FFF7EBFD3E
:10FB20004FF47A70FFF752FD0120FFF7E4FD032048
:10FB3000FFF7E9FF10BD70B504460D463020FFF712
:10FB4000DAFDE0B2FFF7D7FD2846FFF780FE70BD73
:10FB500070B506460C463020FFF7CDFDF0B2FFF73A
:10FB6000CAFD002504E0605DFFF771FE681CC5B2A8
:10FB7000605D0028F7D14FF4FA70FFF727FD70BDE4
:10FB80002DE9F041A0B007460C464FF000083020A8
:10FB9000FFF7B1FD002C01DB264600E066424CB3C6
:10FBA00000250EE00A2096FBF0F100FB11604DF8F5
:10FBB00025000A2096FBF0F608F1010806B902E0DC
:10FBC0006D1C0A2DEEDB00BFA8F10108F8B2FFF7AB
:10FBD00092FD002C02DA2D20FFF739FE454606E0A3
:10FBE0001DF825103031C8B2FFF731FE6D1E002D13
:10FBF000F6DA06E02CB9F8B2FFF77DFD3020FFF70A
:10FC000026FE20B0BDE8F0812DE9F041A0B080468D
:10FC10000F46154617B920B0BDE8F081002403E077
:10FC200000204DF82400641C202CF9DB3020FFF765
:10FC300062FD002D01DB2E4600E06E4235B300244C
:10FC40000CE00A2096FBF0F100FB11604DF8240057
:10FC50000A2096FBF0F606B902E0641C0A2CF0DBE1
:10FC600000BF08F0FF00FFF746FD002D02DA2D204F
:10FC7000FFF7EDFD7C1E06E01DF824103031C8B200
:10FC8000FFF7E5FD641E002CF6DA0CE05DB908F024
:10FC9000FF00FFF730FD002403E03020FFF7D7FD21
:10FCA000641CBC42F9DB00BFB5E72DE9F04FA1B001
:10FCB00004460F4616469946DDF8A88000200090BD
:10FCC000B8F10A0F06DBA8F10A0000F0FF084FF0B8
:10FCD000010B01E04FF0000B17B921B0BDE8F08F28
:10FCE000002504E0002001A941F825006D1C202D0D
:10FCF000F8DB3020FFF7FFFCB9F1000F01DBCA464B
:10FD000001E0C9F1000A00250FE00A209AFBF0F19A
:10FD100000FB11A001A941F825000A209AFBF0FA86
:10FD2000BAF1000F00D102E06D1C0A2DEDDB00BF1F
:10FD30006E48008A002878D16D480088112803D0C9
:10FD40006B480088DC2814D1611EC8B2FFF7D3FCD1
:10FD5000B8F1000F06D02020FFF779FD3E20FFF715
:10FD600076FDEDE02020FFF772FD2020FFF76FFD0C
:10FD7000E6E05F4800880A282BDB5D4800881028F1
:10FD800027DC5B48008810280FD15A4800780028EB
:10FD90000BDD5948007840B1611EC8B2FFF7ABFCDB
:10FDA000601E56A1FFF7D4FECAE051480088102813
:10FDB0000BD15148007840B1611EC8B2FFF79BFCDF
:10FDC000601E4FA1FFF7C4FEBAE0E0B2FFF793FC5C
:10FDD000B6E047480088D5282CDB45480088DB285A
:10FDE00028DC43480088DB280FD1424800780028EF
:10FDF0000BDD4148007840B1611EC8B2FFF77BFCC3
:10FE0000601E3EA1FFF7A4FE9AE039480088DB2877
:10FE10000CD13948007848B1611EC8B2FFF76BFCBD
:10FE2000601E37A1FFF794FE8AE007E1E0B2FFF71A
:10FE300062FC85E02E480088FF2830DB2C480088D3
:10FE4000B0F5837F2BDA2A48008840F205118842FA
:10FE50000FD12848007800280BDD2748007840B1F2
:10FE6000611EC8B2FFF747FC601E24A1FFF770FEB9
:10FE700066E01F48008840F2051188420BD11E48F9
:10FE8000007840B1611EC8B2FFF735FC601E1CA1AE
:10FE9000FFF75EFE54E0E0B2FFF72DFC50E014489F
:10FEA0000088B0F5FA6F04D011480088B0F5FA7FE9
:10FEB00003D1E0B2FFF71FFC42E00D4800887E2826
:10FEC00020DB0B48008885281CDCE0B2FFF713FC20
:10FED000B8F1000F03D03E20FFF7B9FC30E020203E
:10FEE000FFF7B5FC2CE000006C0300201E1600207C
:10FEF000420300204703002049030020203E000069
:10FF000020200000FA48008840F22721884203D1CF
:10FF1000E0B2FFF7F0FB13E0E0B2FFF7ECFBB8F163
:10FF2000000F03D03E20FFF792FC09E0BBF1010F68
:10FF300003D12D20FFF78BFC02E03A20FFF787FC6E
:10FF4000B9F1000F02DA2D20FFF781FCB74200DA89
:10FF50003746B74212D13020FFF779FC2E20FFF749
:10FF600076FC7D1E07E001A911F825103031C8B2DA
:10FF7000FFF76DFC6D1E002DF5DAE7E126BB0020D2
:10FF8000DC4908707D1E1CE001A850F8250000B96E
:10FF900015B90120D7490870D648007838B101A9B1
:10FFA00011F825103031C8B2FFF751FC08E0D048F5
:10FFB000008840F22721884202D02020FFF747FC2A
:10FFC0006D1E002DE0DAC1E1002ED6DDB81B012840
:10FFD0001CDD7D1E17E001A850F8250048B90098E7
:10FFE00038B9681C801B012803DD2020FFF72FFC97
:10FFF00008E00120009001A911F825103031C8B2A5
:020000040803EF
:10000000FFF725FC6D1EB542E5DA07E0791E01AA6F
:1000100012F821103031C8B2FFF719FC2E20FFF77B
:1000200016FC751E07E001A911F825103031C8B281
:10003000FFF70DFC6D1E002DF5DA87E1AE48008A52
:10004000012803D0AC48008A022896D1A84800882D
:10005000112803D0A6480088DC2814D1611EC8B23C
:10006000FFF749FBB8F1000F06D02020FFF7EFFBA8
:100070003E20FFF7ECFBE2E02020FFF7E8FB20202A
:10008000FFF7E5FBDBE09A4800880A282DDB98485B
:100090000088102829DC96480088102810D197483D
:1000A000007800280CDD9648007848B1611EC8B27F
:1000B000FFF721FB601EAFF2BC11FFF749FDBEE068
:1000C0008B48008810280CD18D48007848B1611EFB
:1000D000C8B2FFF710FB601EAFF2DC11FFF738FD6E
:1000E000ADE0E0B2FFF707FBA9E081480088D52822
:1000F0002DDB7F480088DB2829DC7D480088DB2851
:1001000010D17E48007800280CDD7D48007848B189
:10011000611EC8B2FFF7EFFA601EAFF22021FFF7B1
:1001200017FD8CE072480088DB280CD174480078F9
:1001300048B1611EC8B2FFF7DEFA601EAFF240217F
:10014000FFF706FD7BE0E0B2FFF7D5FA77E06848FD
:100150000088FF2832DB66480088B0F5837F2DDAFF
:100160006348008840F20511884210D16348007846
:1001700000280CDD6248007848B1611EC8B2FFF764
:10018000BAFA601EAFF28C21FFF7E2FC57E0584844
:10019000008840F2051188420CD15948007848B1D6
:1001A000611EC8B2FFF7A7FA601EAFF2AC21FFF7DD
:1001B000CFFC44E0E0B2FFF79EFA40E04C480088F4
:1001C000DA2804D04A480088B0F5FA7F03D1E0B2BB
:1001D000FFF791FA33E0464800887E2811DB444857
:1001E000008885280DDCE0B2FFF785FAB8F1000F32
:1001F00003D03E20FFF72BFB21E02020FFF727FB59
:100200001DE03B48008840F21321884203D1E0B250
:10021000FFF771FA13E0E0B2FFF76DFAB8F1000FE3
:1002200003D03E20FFF713FB09E0BBF1010F03D120
:100230002D20FFF70CFB02E03A20FFF708FBB9F195
:10024000000F02DA2D20FFF702FBB74200DA374633
:10025000B74212D13020FFF7FAFA2E20FFF7F7FA53
:100260007D1E07E001A911F825103031C8B2FFF753
:10027000EEFA6D1E002DF5DA68E026BB00201D4960
:1002800008707D1E1CE001A850F8250000B915B9C2
:100290000120184908701748007838B101A911F8F1
:1002A00025103031C8B2FFF7D2FA08E010480088B4
:1002B00040F21321884202D02020FFF7C8FA6D1EB9
:1002C000002DE0DA42E0002E40DDB81B012826DDDB
:1002D0007D1E21E001A850F8250098B9009888B942
:1002E000681C801B01280DDD2020FFF7B0FA12E00A
:1002F00042030020720300201E1600204703002046
:10030000490300200120009001A911F82510303187
:10031000C8B2FFF79CFA6D1EB542DBDA07E0791E22
:1003200001AA12F821103031C8B2FFF790FA2E203E
:10033000FFF78DFA751E07E001A911F8251030317D
:10034000C8B2FFF784FA6D1E002DF5DA00BFC4E4D1
:1003500010B504460120FD4908600A20D9F765F967
:10036000FB48047000BF8021FA48D7F777F90028CE
:10037000F9D040F22661F748D7F7B0F9F448017890
:10038000F448D7F7FDF800BFF248008800F04000BD
:100390000028F9D040F22661EE48D7F79FF910BD4A
:1003A00070B504460020E94908600025EA49088044
:1003B000EA49088010E040F22551E648D7F764F991
:1003C00050B1E448D7F7E0F8C5B240F22551E14812
:1003D000D7F784F9284670BDDF480088A042EADBE1
:1003E0000120DE4908802846F5E730B502460020A6
:1003F00000230BE012F8015B85EA2024E4B2D84D1B
:1004000035F8144084EA0024A0B25B1C8B42F1DB77
:1004100030BD2DE9F04106460C4615468EB1294601
:100420002046FFF7E2FF0746681C205C615D00EB99
:1004300001201FFA80F8474502D10120BDE8F08174
:100440000EE00022002103E0605C1044C2B2491CAF
:10045000A942F9DB605D904201D10120EEE700BFC7
:100460000020EBE710B5C820D9F7F6F84FF47A7002
:10047000FFF796FF0446202C11D16420D9F7ECF841
:100480004FF47A70FFF78CFF0446202C07D1B5A0FB
:10049000E3F7CCFEBFA0E3F7C9FE012010BD0020AA
:1004A000FCE770472DE9FC474FF000090027C248E0
:1004B000C24908600020C2490880DDE2C1A1BF48EE
:1004C000006804F0C3FCBD490860084600680028C5
:1004D00076D0BB48008810B9BBA0E3F7A7FEB749A8
:1004E0000968881EDEF758FBC04908700846007886
:1004F000632806DC002208460178BD48DEF736FB9B
:100500000746012500220D21AC480068DEF72EFBCE
:100510008046FF2F08D0FF2D06D0B8F1FF0F03D083
:10052000B2480078902804DD4FF00109B1A0E3F74C
:100530007DFEA2480068801CA0490860B9F1000F48
:1005400056D1AA48007820280FD0A8480078302833
:100550000BD0A6480078402807D0A448007850283F
:1005600003D0A2480078622843D1002623E09348B4
:100570000068DEF73AFB2DF8160056B93DF8160074
:1005800038B90020ADF80200ADF80400ADF806005F
:100590000326032E00D110E000222E218748006898
:1005A000DEF7E4FA0546854800682844401C834984
:1005B0000860701CC6B2042ED9DB00BF002615E00F
:1005C00054E23DF81600FF2808DC1DF816008E499D
:1005D00031F8171031448D4A505405E04FF00209AC
:1005E0008BA0E3F723FE03E0701CC6B2042EE8DB09
:1005F0002BE27E480078012817D07C480078052837
:1006000013D07A48007806280FD07848007821283F
:100610000BD076480078312807D0744800784128FC
:1006200003D072480078512876D1704800780128AC
:1006300007D1A8EB0500401E082802DD4FF0030992
:1006400046E06A480078052807D1A8EB0500401E5F
:10065000182802DD4FF003093AE0644800780628C4
:1006600007D1A8EB0500401E0B2802DD4FF003095F
:100670002EE05E480078212807D1A8EB0500401E37
:100680001E2802DD4FF0030922E058480078312887
:1006900007D1A8EB0500401E1E2802DD4FF003091C
:1006A00016E052480078412807D1A8EB0500401E0B
:1006B0001E2802DD4FF003090AE04C48007851285B
:1006C00006D1A8EB0500401E1E2801DD4FF00309EE
:1006D000B9F1030F05D14548017853A0E3F7A6FD12
:1006E000B3E100260AE035480068805D464931F8EC
:1006F00017103144454A5054701CC6B2A8EB05008F
:10070000401EB042EFDC00203F4931F81710314461
:100710003E4A505499E1FFE7344800780D2813D140
:1007200026480068DEF761FA0446B4F5966F0CD0EF
:10073000B4F5166F09D0B4F5965F06D0B4F5165F20
:1007400003D0B4F5964F87E060E18CE08C812242C3
:100750007C03002000440040760300207403002046
:10076000F47803080D0A2D2D2D2D2D2D2D2D2D2D39
:100770002D2D2D2D2D2D2D2D2D2D2D2D2D2D2D2DA9
:100780002D2D2D2D2D2D2D2D2D2D426567696E20A2
:100790000D0A0000456E74657220586D6F64656DBA
:1007A00020736574206770727320706172206D6FA2
:1007B00064650D0A000000009043002074020020D0
:1007C0007A030020293D00000D0A2D2D2D2D2D2D01
:1007D0002D2D2D2D2D2D2D2D2D2D2D2D2D526573A6
:1007E000756C7420696E666F0D0A00005802002057
:1007F000A8750308436F6D6D616E644E6F2045727E
:10080000726F72210D0A00003E7603084E18002018
:1008100049502041646472657373205365742045A8
:1008200072726F72210D0A00506172204974656DF9
:1008300020307825783A20537472696E67204C65B1
:100840006E677468204F7665726C6F6E67204572B4
:10085000726F7221200D0A0005D0B4F5164F02D038
:10086000B4F5614F0CD12112FE4830F81700801CFE
:10087000FD4A1154FB4830F81700C01C145405E021
:1008800024B14FF00409F9A0E3F7D0FC00222C2199
:10089000FD480068DEF76AF90546FF2D01D1FF2407
:1008A000A9E0F94800682844401CF7490860084658
:1008B0000068DEF79AF90446082C0ADC052C08DBF0
:1008C000601FC1B2E74830F81700001DE64A115416
:1008D00005E024B14FF00509ECA0E3F7A7FC0022E6
:1008E0002C21E9480068DEF741F90546FF2D01D1CA
:1008F000FF2480E0E44800682844401CE249086086
:1009000008460068DEF771F90446012C01D0022C7C
:1009100009D1601E8006010ED24830F81700401D34
:10092000D14A115405E024B14FF00609DFA0E3F7E6
:100930007DFC00222C21D4480068DEF717F905461B
:10094000FF2D01D1FF2456E0CF4800682844401C09
:10095000CD49086008460068DEF747F90446022CD6
:100960001CDC3CB90021BF4830F81700801DBE4A8E
:10097000115418E0012C07D10821BA4830F81700AB
:10098000801DB94A11540EE0022C0CD11821B54833
:1009900030F81700801DB44A115404E04FF00709E5
:1009A000CAA0E3F743FC00222C21B7480068DEF719
:1009B000DDF80546FF2D01D1FF241CE0B248006898
:1009C0002844401CB049086008460068DEF70DF96D
:1009D0000446052C08DC002C06DDA24830F8170080
:1009E000C01DA14A145405E024B14FF00809C0A06D
:1009F000E3F71CFC00BFFF2C27D1B9F1000F24D175
:100A00004FF00909C2A0E3F711FC1EE00022C8481C
:100A10000178C848DEF7AAF806469B480068DEF76A
:100A2000E4F80446FF2E0BD021128E4830F8170050
:100A30008D4A11548B4830F81700401C145404E0C0
:100A4000884830F81700884A1454B9F1000F07D0CD
:100A50004946B9A0E3F7EAFBC0A0E3F7E7FB0CE0E7
:100A6000C7480088401CC649088005E0C448018882
:100A7000C4A0E3F7DBFB00E020E500BFBDE8FC8796
:100A80002DE9F34FADF2144D0020029043260127CB
:100A900081461920009000BF0020019040E02EB157
:100AA000C820D8F7D9FD3046FFF752FC4FF4FA6062
:100AB000FFF776FC8046BE48008870BBB8F1010F96
:100AC00009D0B8F1020F08D0B8F1040F08D0B8F17E
:100AD000180F20D10EE0802537E04FF4806534E018
:100AE000FFF7DFFC0620FFF733FC48460DF21C4DF4
:100AF000BDE8F08F4FF47A70FFF752FC8046B8F1F2
:100B0000180F07D1FFF7CDFC0620FFF721FC4FF0AF
:100B1000FF30EBE700E000BF00BF0198401C0190F0
:100B200001981028BBDB432E01D11526B4E7FFF74F
:100B3000B8FC1820FFF70CFC1820FFF709FC182060
:100B4000FFF706FC6FF00100D0E7432E01D1012032
:100B50000290002603AC04F8018BB3460FE04FF47B
:100B60007A70FFF71DFC80469249A1F800B09048CA
:100B7000008800B15AE004F8018B0BF1010B0298D8
:100B800008B1012000E000202844C01C5845E6DCE4
:100B90009DF80D009DF80E10C943C9B2884244D19A
:100BA0009DF80D00B84204D09DF80D10781E8142CA
:100BB0003BD12A460DF10F010298FFF72AFC78B3CA
:100BC0009DF80D00B84218D1DDF81804A0EB090A11
:100BD000AA4500DDAA46BAF1000F09DDDDF81414BC
:100BE00001EB090052460DF10F0104F00BF9D1445D
:100BF000781CC7B21A20009000BF0098401E0090D9
:100C000000280EDCFFF74DFC1820FFF7A1FB182091
:100C1000FFF79EFB1820FFF79BFB6FF0020065E7D4
:100C200003E00620FFF794FB36E700BFFFF739FC2F
:100C30001520FFF78DFB2FE710B500245E48C08F0D
:100C40005D49A1F866000846B0F84000A1F86800C8
:100C50000846B0F84200A1F86A000846B0F844001F
:100C6000ACE000003E7603084E180020436F6D3163
:100C70002042617564726174652053657420457209
:100C8000726F72210D0A000074020020436F6D31F3
:100C900020446174614269744C656E6774682053C6
:100CA0006574204572726F72210D0A00436F6D31B9
:100CB0002053746F704269744C656E67746820537A
:100CC0006574204572726F72210D0A00436F6D3199
:100CD000205061726974794269744C656E677468FA
:100CE00020536574204572726F72210D0A00000056
:100CF000436F6D3120466C6F77436F6E74726F6C0B
:100D000020536574204572726F72210D0A00000035
:100D100053657269616C20506F7274204974656DFF
:100D2000204C61636B204572726F72210D0A0000C6
:100D300058020020D4760308586D6F64656D204614
:100D4000696C65205472616E73666572206572729B
:100D50003D20256420202121210D0A00506C656171
:100D6000736520726573746172742046696C6520C6
:100D70005472616E73666572202121210D0A000094
:100D80007A030020586D6F64656D2073657420656B
:100D90006E64A3AC73657420706172206974656DB4
:100DA0002025642074696D657321204F4B0D0A0066
:100DB00074030020780300201E160020A1F86C00A8
:100DC0000846B0F84600A1F86E004FF46140C887AD
:100DD0000320A1F840000020A1F84200A1F844003F
:100DE0000320A1F84600DCF72AFF012027490870FC
:100DF00027A0E3F71BFA40F22B202849A1F87A003C
:100E0000FFF730FB002821D04FF400612448FFF7A2
:100E100037FE2249A1F87C004FF4FA70D8F71CFC89
:100E20001E48B0F87C00002809DDFFF73BFB1D4899
:100E300000881A49A1F87A0001201B4908701BA0FC
:100E4000E3F7F4F923A0E3F7F1F901241348B0F82C
:100E500066001249C8870846B0F86800A1F840004B
:100E60000846B0F86A00A1F842000846B0F86C00E5
:100E7000A1F844000846B0F86E00A1F84600DCF77F
:100E8000DEFE14B902200149087010BD7D03002068
:100E90002020586D6F64656D0D0A00001E1600203D
:100EA000904300207A0300200201002045786974F5
:100EB00020586D6F64656D202C20456E746572201E
:100EC0006E6F726D616C2072756E206D6F64652E31
:100ED000200D0A002D2D2D2D2D2D2D2D2D2D2D2DBF
:100EE0002D2D2D2D2D2D2D2D2D2D2D2D2D2D2D2D32
:100EF0002D2D2D2D2D2D2D2D2D456E64200D0A000F
:100F000010B504460120FC4908600A20D8F78DFB83
:100F1000FA48047000BF8021F948D6F79FFB0028EB
:100F2000F9D040F22661F648D6F7D8FBF3480178AD
:100F3000F348D6F725FB00BFF148008800F04000D9
:100F40000028F9D040F22661ED48D6F7C7FB10BD66
:100F500070B504460020E84908600025E94908808A
:100F6000E949088010E040F22551E548D6F78CFBAE
:100F700050B1E348D6F708FBC5B240F22551E0482E
:100F8000D6F7ACFB284670BDDE480088A042EADBFD
:100F90000120DD4908802846F5E710B5C820D8F7BC
:100FA0005BFB4FF47A70FFF7D3FF0446202C11D17E
:100FB0006420D8F751FB4FF47A70FFF7C9FF04465D
:100FC000202C07D1D1A0E3F784F9DCA0E3F781F965
:100FD000012010BD0020FCE72DE9FC474FF000097F
:100FE0000027DF48DF4908600020DF490880E8E289
:100FF000DEA1DC48006803F029FFDA4908600846F2
:101000000068002876D0D848008810B9D8A0E3F747
:1010100060F9D4490968881EDDF7BEFDDD49087016
:1010200008460078632806DC002208460178DA4882
:10103000DDF79CFD0746012500220D21C948006807
:10104000DDF794FD8046FF2F08D0FF2D06D0B8F1C4
:10105000FF0F03D0CF480078902804DD4FF001093E
:10106000CEA0E3F736F9BF480068801CBD49086090
:10107000B9F1000F56D1C748007820280FD0C548D5
:10108000007830280BD0C3480078402807D0C148EA
:101090000078502803D0BF480078622843D100264A
:1010A00023E0B0480068DDF7A0FD2DF8160056B922
:1010B0003DF8160038B90020ADF80200ADF8040084
:1010C000ADF806000326032E00D110E000222E21E9
:1010D000A4480068DDF74AFD0546A2480068284498
:1010E000401CA0490860701CC6B2042ED9DB00BFAA
:1010F000002615E05FE23DF81600FF2808DC1DF829
:101100001600AB4931F817103144AA4A505405E093
:101110004FF00209A8A0E3F7DCF803E0701CC6B2A8
:10112000042EE8DB36E29B480078012817D0994866
:101130000078052813D09748007806280FD09548E6
:10114000007821280BD093480078312807D09148A7
:101150000078412803D08F480078512876D18D48F7
:101160000078012807D1A8EB0500401E082802DD01
:101170004FF0030946E087480078052807D1A8EB1F
:101180000500401E182802DD4FF003093AE08148AF
:101190000078062807D1A8EB0500401E0B2802DDC9
:1011A0004FF003092EE07B480078212807D1A8EBF7
:1011B0000500401E1E2802DD4FF0030922E075489D
:1011C0000078312807D1A8EB0500401E1E2802DD5B
:1011D0004FF0030916E06F480078412807D1A8EBCB
:1011E0000500401E1E2802DD4FF003090AE0694891
:1011F0000078512806D1A8EB0500401E1E2801DD0D
:101200004FF00309B9F1030F05D16248017870A0CE
:10121000E3F75FF8BEE100260AE052480068805D0F
:10122000634931F817103144624A5054701CC6B2F9
:10123000A8EB0500401EB042EFDC00205C4931F80D
:10124000171031445B4A5054A4E1FFE7514800783D
:101250000D284FD143480068DDF7C7FC0446B4F5BC
:10126000966F11D0B4F5166F0ED0B4F5965F0BD013
:10127000B4F5165F08D0B4F5964F05D0B4F5164F07
:1012800002D0B4F5614F0CD12112494830F8170053
:10129000801C484A1154464830F81700C01C1454AA
:1012A00005E024B14FF0040955A0E3F712F800223D
:1012B0002C212C480068DDF759FC0546FF2D01D193
:1012C000FF243DE1274800682844401C2549086068
:1012D00008460068DDF789FC0446082C0BDC052C69
:1012E00009DB601FC1B2324830F81700001D314AD7
:1012F000115499E02FE191E08C8122428603002075
:1013000000380140800300207E0300200D0A2D2DAF
:101310002D2D2D2D2D2D2D2D2D2D2D2D2D2D2D2DFD
:101320002D2D2D2D2D2D2D2D2D2D2D2D2D2D2D2DED
:101330002D2D426567696E200D0A0000456E7465AB
:101340007220586D6F64656D2073657420677072CC
:101350007320706172206D6F64650D0A00000000DB
:10136000902F00207402002084030020293D0000FB
:101370000D0A2D2D2D2D2D2D2D2D2D2D2D2D2D2DE0
:101380002D2D2D2D2D526573756C7420696E666F31
:101390000D0A000058020020A8750308436F6D6D08
:1013A000616E644E6F204572726F72210D0A0000EB
:1013B0003E7603084E18002049502041646472654F
:1013C000737320536574204572726F72210D0A0089
:1013D000506172204974656D20307825783A205329
:1013E0007472696E67204C656E677468204F76650D
:1013F000726C6F6E67204572726F7221200D0A0049
:10140000436F6D312042617564726174652053656C
:1014100074204572726F72210D0A000024B14FF0E2
:101420000509F9A0E2F755FF00222C21FE480068CB
:10143000DDF79CFB0546FF2D01D1FF2480E0FA4833
:1014400000682844401CF849086008460068DDF739
:10145000CCFB0446012C01D0022C09D1601E800671
:10146000010EF24830F81700401DF14A115405E012
:1014700024B14FF00609EFA0E2F72BFF00222C2148
:10148000E9480068DDF772FB0546FF2D01D1FF2416
:1014900056E0E54800682844401CE34908600846D7
:1014A0000068DDF7A2FB0446022C1CDC3CB90021DD
:1014B000DE4830F81700801DDD4A115418E0012C79
:1014C00007D10821D94830F81700801DD84A115497
:1014D0000EE0022C0CD11821D44830F81700801DE2
:1014E000D34A115404E04FF00709DAA0E2F7F1FE05
:1014F00000222C21CC480068DDF738FB0546FF2D83
:1015000001D1FF241CE0C84800682844401CC6499B
:10151000086008460068DDF768FB0446052C08DC17
:10152000002C06DDC14830F81700C01DC04A145415
:1015300005E024B14FF00809CFA0E2F7CAFE00BFD2
:10154000FF2C27D1B9F1000F24D14FF00909D2A007
:10155000E2F7BFFE1EE00022D7480178D748DDF74A
:1015600005FB0646B0480068DDF73FFB0446FF2E4A
:101570000BD02112AD4830F81700AD4A1154AB48DA
:1015800030F81700401C145404E0A84830F8170045
:10159000A74A1454B9F1000F07D04946C8A0E2F792
:1015A00098FED0A0E2F795FE0CE0D7480088401CDA
:1015B000D549088005E0D4480188D4A0E2F789FE27
:1015C00000E015E500BFBDE8FC872DE9F34FADF263
:1015D000144D0020029043260127814619200090D7
:1015E00000BF002001903CE02EB1C820D8F734F8AD
:1015F0003046FFF785FC4FF4FA60FFF7A9FC804600
:10160000CD48008850BBB8F1010F09D0B8F1020FE6
:1016100008D0B8F1040F08D0B8F1180F1CD10CE0B5
:10162000802531E04FF480652EE00620FFF768FC4E
:1016300048460DF21C4DBDE8F08F4FF47A70FFF76D
:1016400087FC8046B8F1180F05D10620FFF758FC3B
:101650004FF0FF30EDE700E000BF00BF0198401CF5
:10166000019001981028BFDB432E01D11526B8E761
:101670001820FFF745FC1820FFF742FC1820FFF761
:101680003FFC6FF00100D4E7432E01D1012002900E
:10169000002603AC04F8018BB3460FE04FF47A70D8
:1016A000FFF756FC8046A549A1F800B0A248008883
:1016B00000B158E004F8018B0BF1010B029808B15E
:1016C000012000E000202844C01C5845E6DC9DF8BD
:1016D0000D009DF80E10C943C9B2884242D19DF851
:1016E0000D00B84204D09DF80D10781E814239D10A
:1016F0002A460DF10F010298FEF78BFE88B39DF884
:101700000D00B84218D1DDF81804A0EB090AAA456B
:1017100000DDAA46BAF1000F09DDDDF8141401EB73
:10172000090052460DF10F0103F06CFBD144781C07
:10173000C7B21A20009000BF0098401E00900028F9
:101740000BDC1820FFF7DCFB1820FFF7D9FB182073
:10175000FFF7D6FB6FF002006BE70620FFF7D0FB28
:101760003FE7FFE700BF1520FFF7CAFB39E710B5D9
:1017700000247348C08F7249A1F866000846B0F88B
:101780004000A1F868000846B0F84200A1F86A00DD
:101790000846B0F84400A1F86C000846B0F84600CE
:1017A000A1F86E004FF46140C8870320A1F8400003
:1017B0000020A1F84200A1F844000320A1F846004F
:1017C000DAF701FC01205F4908705FA0E2F781FDB4
:1017D00040F22B205A49A1F87A00FFF7DEFB0028DF
:1017E00010D04FF400615B48FFF7EFFE5449A1F8B9
:1017F0007C004FF4FA70D7F72FFF5148B0F87C0007
:101800000028A9E0BAE00000436F6D312044617404
:10181000614269744C656E67746820536574204535
:1018200072726F72210D0A00740200203E76030866
:101830004E180020436F6D312053746F70426974ED
:101840004C656E67746820536574204572726F72C0
:10185000210D0A00436F6D31205061726974794225
:1018600069744C656E6774682053657420457272A4
:101870006F72210D0A000000436F6D3120466C6FBE
:1018800077436F6E74726F6C20536574204572726B
:101890006F72210D0A00000053657269616C20505F
:1018A0006F7274204974656D204C61636B204572C2
:1018B000726F72210D0A000058020020D4760308CE
:1018C000586D6F64656D2046696C65205472616E59
:1018D00073666572206572723D2025642020212187
:1018E000210D0A00506C6561736520726573746127
:1018F00072742046696C65205472616E73666572FD
:10190000202121210D0A000084030020586D6F64FE
:10191000656D2073657420656E64A3AC7365742077
:10192000706172206974656D2025642074696D652D
:101930007321204F4B0D0A007E03002082030020FC
:101940001E160020870300202020586D6F64656DEF
:101950000D0A0000902F002009DDFFF73DFB17481E
:1019600000881749A1F87A0001201649087016A0CE
:10197000E2F7AFFC1EA0E2F7ACFC01241048B0F87F
:1019800066000F49C8870846B0F86800A1F8400013
:101990000846B0F86A00A1F842000846B0F86C00AA
:1019A000A1F844000846B0F86E00A1F84600DAF746
:1019B0000AFB14B902201949087010BD84030020E5
:1019C0001E160020020100204578697420586D6FB2
:1019D00064656D202C20456E746572206E6F726D8B
:1019E000616C2072756E206D6F64652E200D0A008B
:1019F0002D2D2D2D2D2D2D2D2D2D2D2D2D2D2D2D17
:101A00002D2D2D2D2D2D2D2D2D2D2D2D2D2D2D2D06
:101A10002D2D2D2D2D456E64200D0A0087030020ED
:101A2000074808490860084848600848886008482E
:101A3000C8600848086108484861084670470000C7
:101A4000351B0308F8670020071B0308251C030843
:101A50003D1C03085D1C0308AB1C030810B50446BD
:101A600097480078A04200D110BD95480470954871
:101A70000470007801282BD1002001F019FB924856
:101A80000068407800F07F0040F080008E490968CF
:101A900048708D4800684178012002F06BFC0120FD
:101AA00001F006FB00208849096881F83F0086495B
:101AB000096881F840000222834801683F314020D4
:101AC00002F036FC6F228149012002F05BFC18E035
:101AD000002001F0EDFA7C480068407800F07F00BB
:101AE000794909684870784800684178012002F017
:101AF00041FC012001F0DCFA6F227449012002F060
:101B000041FC00BFB0E710B5012002F0E7FB7048D0
:101B1000046800BF6E480068001BFBD0002002F084
:101B2000DDFB6B48046800BF69480068001B06289D
:101B3000FAD310BD08B56548401E66490860624981
:101B4000086002F073FBFFF7DEFF6946062002F033
:101B50003CFC05E060A0E2F769FB6420FDF7D3FFE1
:101B60009DF800006C28F5D1012056490870084600
:101B70000078FFF773FF01F0CFFA08BD51480078F5
:101B8000704710B504464F48007818B9204600F059
:101B9000ABF802E0204601F08BFA10BD10B54948C1
:101BA000007810B900F08BF910BD01F027FBFBE7BE
:101BB00010B54448007810B900F0E0F910BD01F00C
:101BC00036FBFBE710B53F48007810B900F0CAF9C2
:101BD00010BD01F020FBFBE710B53A48007810B9C2
:101BE00000F0E1F910BD01F058FBFBE710B53548F6
:101BF000007808B900BFFEE701F052FB10BD10B538
:101C00003048007810B900F0D1F910BD01F04CFB5C
:101C1000FBE710B52B48007810B900F0CAF910BDE9
:101C200000BFFEE710B52748007818B9012000F082
:101C3000C3F902E0012001F03AFB10BD70B5044683
:101C40000D462048007820B92946204600F0BCF90E
:101C500003E02946204601F032FB70BD70B5044612
:101C60000D461848007820B92946204600F0BBF9F7
:101C700003E02946204601F038FB70BD10B511483D
:101C8000007810B900F0FFF910BD01F044FBFBE74C
:101C900010B504460B48007818B9204600F08CF9BE
:101CA00002E0204601F003FB10BD10B505480078A6
:101CB00010B900F0EBF910BD01F030FBFBE70000BC
:101CC00089030020880300200C04002011680020F4
:101CD00030040020AC030020486172642053504956
:101CE00020457272210D0A0070B504460025F748A0
:101CF0000068407820F0F800F54908700846007840
:101D000084421CD0032C01D1012500E00025F148BC
:101D10000078854204D0EF480570284602F096FB13
:101D2000EA480068407800F0F8002043E749096875
:101D30004870E64800684178012002F01BFB70BD46
:101D400010B5E24801684231422002F03EFB10BD6E
:101D500010B50020E0490870FFF7F2FF6F22DF495D
:101D6000012002F00FFB0020D84909684870D748CD
:101D700000684178012002F0FDFA2020D34909686B
:101D80008872D2480068817A0A2002F0F3FA202093
:101D9000CE4909680873CD480068017B0C2002F029
:101DA000E9FACF48407E012804D11E20C7490968BE
:101DB000487303E00E20C549096848730820C349E9
:101DC000096881F82600AA20C0490968C877FF2061
:101DD000BE49096808749320BC49096881F8270046
:101DE0006920BA49096881F828008120B749096843
:101DF00081F829007E20B549096881F82A009620DB
:101E0000B249096881F82B00B548007E802141EA7B
:101E10000010AE49096881F8300000F0AAFFB04810
:101E2000807EAA49096881F832006F22AB490120FF
:101E300002F07EFAAA49086800F02EFCA84948681A
:101E400000F0CAFCA649886800F010FDA4480021F3
:101E500002699E480068123000F0F3FEA04800219D
:101E600042699A480068133000F0EBFE002001F050
:101E70006FF89B4800689B4988420DD9802001F08B
:101E800013F8012000F0D3FF14209549087391F94D
:101E90000C0000F042FD0CE0002001F005F80020ED
:101EA00000F0C5FF0E208E49087391F90C0000F078
:101EB00034FD0120FFF718FF00F03CFC10BD10B509
:101EC00082480168491C012002F07FFA7F480068BF
:101ED000407820F0F80010BD2DE9F04702227B4841
:101EE00001681D311D2002F04DFA78490968897F8B
:101EF000764A1268527F41EA022003F051FA804686
:101F000003F099FA824603F04BFA06460022764B1C
:101F100003F060F9044603F08EFABDE8F0872DE97E
:101F2000F0470222694801681B311B2002F02AFA9F
:101F300066490968097F654A1268D27E41EA022033
:101F400003F02EFA804603F076FA824603F028FA70
:101F500006460022644B03F03DF9044603F06BFA99
:101F6000BDE8F08710B5594801680C310C2002F02B
:101F70002CFA56480068007B400910BD70B55348E4
:101F800001681131112002F020FA50490968487C9B
:101F900003F017FA044600224FF0804303F08CF957
:101FA00081F0004170BD514800787047504903C925
:101FB000704750480068704747490870704700B53F
:101FC0000120FFF7F9FF00BD70B505460C464A48F1
:101FD00000882080002048490880228847492846F8
:101FE00002F010FF70BD70B504460D4644480580F0
:101FF00002882146414802F005FF07203649087053
:1020000070BD30B53148006890F8270000F0070037
:10201000421C2E48006890F83000C3092B48006825
:1020200090F8300000F0060008B1012000E0002028
:1020300004462648006890F832102448006890F85A
:10204000300000F01000102801D1022000E0002034
:102050000546D01820440844284480B230BD1B48AF
:10206000006890F82600194B1B6893F8253040EA69
:1020700003211648006890F8270000F00700421C72
:10208000881880B270471448007870472DE9F04FE7
:1020900089B001200890104800780C287ED2DFE833
:1020A00000F00607A0FDFCFBFAF9F8F7F6F5DEE212
:1020B0000648006890F8300000F01000102821D188
:1020C0004C200249096881F8400020E0AC03002060
:1020D000E8030020E9030020B1030020116800207C
:1020E00090030020008F423380844E40D4030020B0
:1020F000C8030020D0030020C00300208068002017
:10210000E00300200C20FE49096881F84000E1202E
:10211000FB49096881F841000222F9480168403111
:10212000402002F005F90520FFF7DEFD4FF4807135
:10213000F44802F080FEF449486803F042F9CDE922
:102140000201FFF75EFF019003F03BF98046002299
:10215000EE4B03F03FF80646DDE9022303F0ACF84E
:102160000022EB4BCDE9040103F034F8CDE9060180
:1021700004F0E8FF04460022E64B02F084FF8246AA
:1021800003F078F980B2E44908600846006800EB83
:102190005000086008460068E04900E066E2086018
:1021A000DF480068DF490860DF490860A020D449A3
:1021B000096881F83500D248006890F8351035205C
:1021C00002F0D8F80020D9490870D9490870D949D7
:1021D0000870D9490870D94908800220D849087088
:1021E00045E202F025F9012809D1D048007830B93C
:1021F0000120CE490870CA480068CB49086002F047
:102200000BF901281ED1C948007801281AD1C84805
:102210000078B8B90120C6490870FFF7AFFEC94A77
:1022200003C2FFF77CFEC8490860FFF79BFEC74961
:102230000870BB480068BB490860BB4908600320C0
:10224000BF490870BA480078B8B9B8480078012882
:1022500013D1B3480068B4490968401AAF49096806
:1022600088420AD90120B6490870A5480068407B19
:1022700040F020010D2002F07DF8AD480078D8B97B
:10228000AA480078C0B9AB48007808E0E8E1E1E18D
:1022900094E15FE10CE1F8E0E4E0DAE00DE058B948
:1022A0009F4800689F490968401A9B49096888420D
:1022B00002D90520A2490870D9E1A0480088B0F5EC
:1022C000807F03DD06209E490870D0E102F09EF871
:1022D000012853D199480088A8B99748007890B947
:1022E0008748006890F8300000F08000802804D112
:1022F0000121924802F07BF805E08148006890F8DF
:1023000032008E4908808D4800888B490978401A30
:102310007B49096891F8351001F03F01884217DDCB
:10232000774A126892F8352002F03F01754A824BD5
:102330001B78D01802F05BF87148006890F83500FF
:1023400000F03F007C49097808447B49087015E09B
:102350007A4A1278784B1B78D21AD1B2694A764BF6
:102360001B78D01802F043F8744800787249097855
:10237000401A7149097808446F49087002F040F822
:10238000012856D166480068664908606B48008895
:1023900090BB6948007878BB5948006890F83000D5
:1023A00000F08000802804D10121644802F01FF869
:1023B00005E05348006890F83200604908805F4AA1
:1023C00012785D4B1B78D21AD1B24E4A5A4B1B7809
:1023D000D01802F00CF85948007857490978401A8B
:1023E000554909780844544908700120514908703A
:1023F0000420534908701CE0FFE7504A12784E4B06
:102400001B78D21AD1B23F4A4B4B1B78D01801F03F
:10241000EEFF4A48007848490978401A4649097849
:102420000844454908700120424908700420444985
:1024300008704048007858B9394800683949096837
:10244000401A35490968884202D905203C4908707C
:102450000DE1002038490870012039490870022038
:10246000089004E100203449087034490880244869
:102470000068407B40F020010D2001F07BFF01202F
:102480002F49087003200890F1E000202A490870C5
:102490002A4908801A480068407B40F020010D203E
:1024A00001F068FF01202649087006200890DEE050
:1024B00001201349096881F840002020104909686B
:1024C00081F8410002220E4801684031402001F0AD
:1024D0002FFF98200A49096881F8350008480068EC
:1024E00090F83510352001F045FF0320FFF7FCFB85
:1024F000082013490870002015490870B7E0000053
:10250000AC030020806800209003002000002040E1
:1025100000408F400000F03FB4030020B8030020CB
:1025200030040020D8030020DC030020BC0300207E
:10253000BD030020BE030020C2030020C003002012
:10254000B1030020C8030020D0030020D4030020E2
:10255000C303002001F066FF01282ED14648006821
:1025600090F8300000F08000802803D1012143481A
:1025700001F034FF41480088002808DD3F4800880A
:10258000402804DC3D4800783D49087002E02020E6
:102590003B4908703A4801783A4801F01FFF3A4831
:1025A0000078374909780844374908703748006887
:1025B0003749086009203749087058E001F026FFC4
:1025C00070BB2E48008830490978401A2C49097898
:1025D00088420FDD2B492C4A12788818284909783F
:1025E00001F0FCFE2848007825490978084426496E
:1025F000087015E0214A1278234B1B78D21AD1B209
:10260000204A214B1B78D01801F0E8FE1B480078C7
:102610001D490978401A1C49097808441A4908706C
:1026200001F0EEFE012809D1184800681849086039
:102630000A20184908700120FFF756FB134800686C
:1026400013490968401AB0F57A7F02D90B20114965
:1026500008700CE000200F4908700420089006E084
:1026600000200C4908700520089000E000BF00BF62
:10267000089809B0BDE8F08FAC030020E00300200B
:10268000B003002080680020C30300203004002035
:10269000E4030020B10300202DE9F0410446FB488B
:1026A0000460204602F08DFE05460022F84B02F041
:1026B00003FE074602F0DEFE0446200CF5490968D9
:1026C0008871200AF3490968C871F24909680C72D7
:1026D0000322F0480168891D062001F029FEBDE8AB
:1026E000F0812DE9F0410322EA480168891D0620A6
:1026F00001F048FEE748006880790004E549096870
:10270000C97940EA0120E3490968097A0843DF49A9
:102710000860086802F055FE06460022DC4B02F015
:1027200059FD044602F0A6FED84908600846006834
:10273000BDE8F08138B56946092001F046FEFFF793
:10274000D0FF04460020D34909684872D148006888
:10275000417A092001F00EFECF48FFF79DFFCD48DA
:1027600001683B313B2001F030FECA48006890F818
:102770003B0000F0BF0040F04000C649096881F806
:102780003B00C448006890F83B103B2001F0F2FD8C
:10279000C04801683B313B2001F017FE05E0BD4811
:1027A00001683B313B2001F010FEBA48006890F808
:1027B0003B0000F020002028F1D09DF80000B54932
:1027C00009684872B3480068417A092001F0D2FDD7
:1027D0002046FFF761FF38BD2DE9F0410446AB48C4
:1027E0004460204602F0EDFD05462A460B460020D7
:1027F000AA4902F061FD074602F03CFE84B2200ABD
:10280000A44909688870A3490968CC700222A148CC
:102810000168891C104601F08BFDBDE8F0812DE9AF
:10282000F04102229B480168891C104601F0AAFD74
:1028300098480068C07897490968897840EA01207B
:1028400092494860486802F0BCFD064632460B4695
:102850000020924902F030FD044602F00BFE80B2E7
:102860008A49486008464068BDE8F0812DE9F0419A
:1028700004468648846087480168091D042001F0E9
:10288000A4FD204602F09DFD05460022804B02F08B
:1028900013FD074602F0EEFD84B27E480068007921
:1028A00000F0C000210A21F0C001084379490968FD
:1028B0000871784909684C71022276480168091D3F
:1028C000042001F035FDBDE8F0812DE9F041022240
:1028D00070480168091D042001F054FD6D4800682E
:1028E00000796FF0C00101EA00206A49096849795E
:1028F000084366498860886802F063FD0646002246
:10290000634B02F067FC044602F0B4FD80B25F49FD
:10291000886008468068BDE8F08110B504465D48CF
:1029200001680931092001F050FD5A4801684D3114
:102930004D2001F04AFD57480068407A00F08000C1
:10294000802841D15348006890F84D0000F087007E
:1029500087281CD1052C00DA0524142C00DD142452
:102960004C480068407A00F08F0040F07000494900
:102970000968487247480068407A00F0F000611F1B
:1029800001F00F0108434349096848723AE0022CFC
:1029900000DA0224112C00DD11243E480068407A40
:1029A00000F08F0040F070003A49096848723948D9
:1029B0000068407A00F0F000A11E01F00F0108430A
:1029C0003449096848721DE0B4F1FF3F01DA4FF065
:1029D000FF340E2C00DD0E242E480068407A00F0F3
:1029E0008F0040F070002B49096848722948006840
:1029F000407A00F0F000611C01F00F010843254906
:102A00000968487223480068417A092001F0B2FC45
:102A10001E48047310BD10B51E4801680931092015
:102A200001F0D3FC1B4801684D314D2001F0CDFC75
:102A300018480068407A00F08000802819D11548B5
:102A4000006890F84D0000F00700072808D11148F1
:102A50000068407A20F0F000401D0C49087310E037
:102A60000C480068407A20F0F000801C0749087389
:102A700007E008480068407A20F0F000401E034953
:102A80000873024890F90C0010BD0000900300206C
:102A900080844E40AC030020008F423380847E410E
:102AA0002DE9FF5F83468A46002018BB0AF1020029
:102AB00002F076FC064632460B4600204FF080417D
:102AC00003F054FECDE90001584602F07AFC80463E
:102AD000DDE9002302F07EFB02460B46CDE9020150
:102AE0000020FD4902F0E8FB044602F0C3FC04B0FC
:102AF000BDE8F09F0AF1030002F052FC02460B46CB
:102B0000CDE9000100204FF0804103F02FFECDE918
:102B10000201584602F055FC0646DDE9022302F0A8
:102B200059FB044622460B460020EB4902F0C4FB49
:102B3000804602F09FFCDAE72DE9F74F88B08A461D
:102B400093460024A14600BF0027DFF8908300BF12
:102B500072E04FF010096AE0002008BBA01C02F0F0
:102B60001FFC02460B46CDE9000100204FF08041DA
:102B700003F0FCFDCDE90401484602F022FCCDE95A
:102B80000201DDE9042302F025FB02460B46CDE9F4
:102B900006010020D04902F08FFB05460E4620E0DA
:102BA000E01C02F0FDFB02460B46CDE900010020CF
:102BB0004FF0804103F0DAFDCDE90401484602F010
:102BC00000FCCDE90201DDE9042302F003FB02462B
:102BD0000B46CDE906010020BF4902F06DFB05461A
:102BE0000E46089802F0EDFB2A463346CDE9040173
:102BF00002F0EDFA21F000413A464346CDE90601E4
:102C000002F064FC0FD2089802F0DBFB2A46334640
:102C1000CDE9060102F0DBFA21F0004807468AF808
:102C200000908BF8004009F1040000F0FF09B9F1B1
:102C3000180F91DD601CC4B2082C8ADB0BB0BDE814
:102C4000F08F7CB504460E4615460020019000909A
:102C5000A34800681230844203D106F0600020705F
:102C600001E0002020706A4601A92846FFF764FFB2
:102C70009DF80400102804D014280AD018281CD16C
:102C800011E020789DF8001001F007010843207042
:102C900014E020789DF8001001F0070141F00801D0
:102CA000084320700AE020789DF8001001F0070129
:102CB00041F010010843207000E000BF00BF8848C9
:102CC00000681230844206D12178122001F052FBB4
:102CD0008448056105E02178132001F04BFB814811
:102CE00045617CBD70B50446002500262078C0F300
:102CF000C10020B1012804D0022806D103E010262B
:102D000004E0142602E0182600E000BF00BF20788F
:102D100000F007013046FFF7C3FE05467048006823
:102D20001230844203D128466E490D6170BD284699
:102D30006C494D61FAE710B50446694801683031C5
:102D4000302001F042FB6648006890F8300000F047
:102D5000EF0040EA04106249096881F830006048D9
:102D6000006890F83010302001F004FB5D480476D4
:102D700010BD10B55A4801683031302001F025FBF4
:102D80005748006890F83000C0F3001055490876A5
:102D90000846007E10BD10B50446514801680D314B
:102DA0000D2001F012FB4E480068407B00F0EF0060
:102DB00040EA04104A490968487349480068417B61
:102DC0000D2001F0D7FA4748447610BD10B54448AD
:102DD00001680D310D2001F0F8FA41480068407B90
:102DE000C0F300103F4948760846407E10BD10B53C
:102DF00004463B48006880F832403948006890F843
:102E00003210322001F0B6FA3648847610BD10B583
:102E1000334801683231322001F0D7FA3048006877
:102E200090F832002F4988760846807E10BD10B594
:102E300004462B4801684D314D2001F0C6FA284860
:102E400001680931092001F0C0FA25480068407A7C
:102E500000F08000802807D1012C0AD1872020496A
:102E6000096881F84D0004E084201D49096881F853
:102E70004D001B48006890F84D104D2001F07AFA83
:102E800010BD10B5164801684D314D2001F09DFA76
:102E90001348006890F84D0000F00700072801D1A2
:102EA000012010BD0020FCE710B504460C48016865
:102EB0000931092001F089FA09480068407A00F0D8
:102EC0007F00204306490968487205480068417A36
:102ED000092001F04FFA10BD80847E41D012634179
:102EE000AC0300209003002010B56F480168093141
:102EF000092001F06AFA6C480068407A20F07F00EF
:102F000010BD10B50446684801680A310A2001F076
:102F10005CFA65480068807A00F0F00024F0F00167
:102F200008436149096888725F480068817A0A200D
:102F300001F020FA10BD10B55B4801680A310A2083
:102F400001F043FA58480068807A20F0F00010BD84
:102F500010B50446544801680E310E2001F035FAD0
:102F6000002C04DA1F2020EA0404641C64424E484A
:102F70000068807B04F01F0140EAC1004A490968EB
:102F8000887349480068817B0E2001F0F3F910BD79
:102F900010B5454801680E310E2001F016FA42487E
:102FA0000068807BC41004F01000102804D11F209A
:102FB00020EA0404641C6442204610BD70B500245D
:102FC000394801683B313B2001F0FFF93648006881
:102FD00090F83B0000F0FE003349096881F83B009F
:102FE0003148006890F83B103B2001F0C3F92E48AF
:102FF0000168491C012001F0E8F92B480068457878
:103000000420294909684870274800684178012050
:1030100001F0B0F92548066800BF24480068801B0D
:10302000FBD0214801683B313B2001F0CEF91E481E
:10303000006890F83B0000F0FE00401C1A49096847
:1030400081F83B001848006890F83B103B2001F0E5
:1030500091F9154801683C313C2001F0B6F912485D
:10306000006890F83C0000F07F040F48006890F87A
:103070003C0000F08000802801D1604244B2294623
:10308000012001F077F9204670BD10B50446FFF726
:1030900095FF201A40B210BD10B50446FFF78EFF11
:1030A000204440B210BD0000AC03002030040020DA
:1030B00070B504460025FE480068407820F0F8000E
:1030C000FC4908700846007884421CD0032C01D1CA
:1030D000012500E00025F8480078854204D0F64834
:1030E0000570284601F0B2F9F1480068407800F018
:1030F000F8002043EE4909684870ED4800684178BF
:10310000012001F037F970BD10B5E948016841317F
:10311000422001F05AF910BD10B50020E7490870AF
:10312000FFF7F2FF6F22E649012001F02BF9202082
:10313000DF49096808736F22E149012001F0F8F8BE
:10314000E049086800F060FCDE49887900F0A6FDDF
:10315000DC49C87900F0DBFDDA49087A00F004FEAA
:10316000D849487900F056FDD649487A00F060FE0B
:1031700040F2FF3000F068FFD249087E00F0BBFE4D
:10318000012000F095FFCF480068CF4988420DD953
:10319000802000F00DFF012000F0CDFE1420C94971
:1031A000087191F9040000F07DFC0CE0002000F0B3
:1031B000FFFE002000F0BFFE0E20C249087191F909
:1031C000040000F06FFC0120FFF772FF10BD10B586
:1031D000012001F083F8BD48046800BFBB480068C7
:1031E000001BFBD0002001F079F8B848046800BF4C
:1031F000B6480068001B0628FAD310BD10B5AC48CD
:103200000168491C012001F0E0F8A94800684078F5
:1032100020F0F80010BD10B5A54801680C310C2055
:1032200001F0D3F8A2480068007B400910BD2DE9E9
:10323000F0419F4801681B311B2001F0C6F8A148EE
:103240000068A349884214D299490968C87E02F0EF
:10325000B8F804460D469B4840799E4901EBC000F2
:10326000D0E9006332462046294601F00CFFBDE854
:10327000F0818F490968C87E02F0A3F804460D4624
:1032800090484079944901EBC000D0E90063324690
:103290002046294601F0F7FEE9E79048007870479C
:1032A0008F4890F9000070478E4903C970478349E1
:1032B0000870704700B50120FFF7F9FF00BD70B539
:1032C00005460C4688480088FA2802DD0520864914
:1032D0000880854800882080002083490880228853
:1032E0008249284601F08EFD70BD70B504460D463A
:1032F0007448C07A10B97E48058002E0FF207C49FE
:1033000008807B4802882146784801F07BFD052033
:103310006A49087070BD6948007870472DE9FE4F12
:1033200001200290654800780B2874D2DFE800F095
:10333000060774FCEDECEBEA73E9E8005BE30120BF
:10334000FFF7B6FE9D205A4909684874584800683E
:10335000417C112001F00EF85A48C07A012816D19C
:103360005848007B5249096881F824005048016898
:103370001C311C2001F029F84D490968097F01F032
:103380003F015C4A52F8210000F03EFB04E0FF20C0
:103390004749096881F824004548006890F82410DE
:1033A000242000F0E7FF00204149096881F83F0030
:1033B0003F49096881F8400002223D4801683F31D9
:1033C000402000F0B5FF3F48807A012803D1062055
:1033D000FFF76EFE0EE036480068C07B344909688E
:1033E000487333480068417B0D2000F0C3FF05207F
:1033F000FFF75EFE4FF480713C4801F01CFD314840
:1034000040693D490860314800683C490860022035
:103410002A490870EFE2EDE200F0F2FF01281ED128
:103420002A480068354908602648C07A01280FD12B
:103430001F4801681C311C2000F0C7FF1C490968A7
:10344000097F01F03F012B4A52F8210000F0DCFA1D
:103450004021122000F08EFF03201849087000F070
:10346000DBFF01281FD1194800682449086015486E
:10347000C07A01280FD10E4801681C311C2000F0D1
:10348000A4FF0B490968097F01F03F01194A52F86E
:10349000210000F0B9FA0221122000F06BFFFFF7C3
:1034A000BAFE0E4908700748807A01283BD12EE009
:1034B0000C0400202E0400202F0400201004002003
:1034C00011680020F00300200057A61630040020E9
:1034D000008F4233487B0308987B030820040020B8
:1034E0001404002018040020120400208069002029
:1034F0002C040020E87B030828040020240400207A
:103500005CE237E22DE2DBE160E159E10CE0FE48EC
:103510000068FE490968401AFD490968884202D9D5
:103520000420FC49087066E2FB4801681231122051
:1035300000F04BFFF8480068807C00F02000202855
:103540000ED12021122000F015FFF448807A0128C6
:1035500002D1F049087002E00220EE4908704AE208
:1035600001A9192000F031FF9DF8040000F080004F
:1035700068B19DF80400C043401CC0F38500E849D1
:10358000087008460078404240B2087004E09DF898
:1035900004008008E2490870E0480068E149884278
:1035A00046D2DF4890F90000002825DADC4890F97F
:1035B000000001F0F5FE04460D46D8484079DA498E
:1035C00001EBC000D0E9006332460020D74901F08A
:1035D00001FE82460022D64B01F055FD0022D54B5C
:1035E000CDE9000101F04FFD804622462B4601F057
:1035F0004AFDD14A03C261E0C74801681A311A2066
:1036000000F0E3FEC4490968887E01F0DAFE044652
:103610000D46C2484079C94901EBC000D0E90063BA
:1036200032462046294601F02EFDC34A03C245E03A
:10363000BB4890F90000002825DAB94890F900004D
:1036400001F0AEFE80468946B4484079B64901EBA8
:10365000C000D0E9006332460020B44901F0BAFD51
:1036600004460022B24B01F00EFD0022B44BCDE91E
:10367000000101F008FD824642464B4601F003FD81
:10368000AD4A03C21AE0A44801681A311A2000F0BA
:103690009CFEA1490968887E01F093FE04460D4610
:1036A0009E484079A74901EBC000D0E9006332464B
:1036B0002046294601F0E7FC9F4A03C29748807ADA
:1036C00001282FD194480068C07B9349096848734A
:1036D00091480068417B0D2000F04CFE8F48407AF5
:1036E00001280DD18C48006890F822009649088086
:1036F0008948006890F82210944800F078FE52E063
:10370000854801681331132000F05FFE824800688D
:10371000C07C8D49088080480068C17C8B4800F0DF
:1037200066FE40E07C4801681031102000F04DFE3C
:103730007A48407A012819D17748006890F8220029
:103740008149088074480068007C7349096848739F
:1037500071480068417B0D2000F00CFE6E48006847
:1037600090F82210794800F042FE1CE06A48016897
:103770001331132000F029FE67480068C07C7249AD
:10378000088065480068007C63490968487362489E
:103790000068417B0D2000F0EDFD5F480068C17CB2
:1037A0006A4800F024FE5D48807A012802D1594918
:1037B000087002E0022057490870022002901AE1C6
:1037C0000120544908700320029014E10120FFF702
:1037D0006FFC5248C07A01281AD1F5204E49096879
:1037E00048744E48007B4C49096881F824004A48D7
:1037F00001681C311C2000F0E8FD47490968097F79
:1038000001F03F01524A52F8210000F0FDF808E0B3
:10381000F72041490968487400203F49096881F848
:1038200024003D48006890F82410242000F0A2FDF8
:1038300039480068417C112000F09CFD4548007823
:103840003549096881F822003348006890F8221051
:10385000222000F08FFD00202F49096888732E4830
:103860000068817B0E2000F085FD2B480068807B7E
:1038700029490968487328480068417B0D2000F0F9
:1038800079FD2548006890F82210304800F0A6FD28
:1038900041202149096881F83F0040201E490968FC
:1038A00081F8400002221C4801683F31402000F0AE
:1038B0003FFD0320FFF7FCFB0620164908709AE045
:1038C00000F09EFD012806D10821122000F052FDD3
:1038D00007201049087000F09FFD012840D10F48D3
:1038E000C07A01280FD10C4801681C311C2000F05F
:1038F0006CFD09490968097F01F03F01144A52F83B
:10390000210000F081F827E030040020240400208A
:1039100028040020100400200C040020F0030020E4
:1039200014040020008F4233F87A0308000024407A
:1039300000C065C00000104018040020487B030848
:1039400000001840987B03081204002080690020C2
:10395000E87B03082C0400200221122000F00AFD5D
:1039600049E00120FFF7A4FB00202549087004204E
:10397000029040E00120FFF79BFBFA2021490968F3
:10398000487420480068417C112000F0F3FC0020BE
:103990001C49096881F83F001A49096881F840000C
:1039A0000222184801683F31402000F0C1FC072086
:1039B000FFF77EFB0A20124908701CE000F032FD80
:1039C000012816D10421122000F0D4FC00F030FDB3
:1039D000012809D10121122000F0CCFC0120084966
:1039E00008700820029004E00020054908700720B4
:1039F000029000E000BF00BF0298BDE8FE8F00000B
:103A0000100400200C0400202DE9F0410446FA487F
:103A10000460204601F0D5FC05460022F74B01F07A
:103A20004BFC074601F026FD0446200CF4490968CA
:103A30008871200AF2490968C871F14909680C7255
:103A40000322EF480168891D062000F071FCBDE8E3
:103A5000F0812DE9F0410322E9480168891D062023
:103A600000F090FCE648006880790004E4490968A9
:103A7000C97940EA0120E2490968097A0843DE4928
:103A80000860086801F09DFC06460022DB4B01F04F
:103A9000A1FB044601F0EEFCD74908600846006827
:103AA000BDE8F08110B50446D54801680931092008
:103AB00000F08BFCD24801684C314D2000F085FCB1
:103AC000CF480068407A00F08000802841D1CC487F
:103AD000006890F84C0000F0870087281CD1052C66
:103AE00000DA0524142C00DD1424C5480068407A4F
:103AF00000F08F0040F07000C14909684872C0486A
:103B00000068407A00F0F000611F01F00F010843E7
:103B1000BB49096848723AE0022C00DA0224112CF1
:103B200000DD1124B6480068407A00F08F0040F0B4
:103B30007000B34909684872B1480068407A00F0E3
:103B4000F000A11E01F00F010843AD490968487259
:103B50001DE0B4F1FF3F01DA4FF0FF340E2C00DD21
:103B60000E24A7480068407A00F08F0040F07000F3
:103B7000A34909684872A2480068407A00F0F00042
:103B8000611C01F00F0108439D49096848729C4877
:103B90000068417A092000F0EDFB9748047110BDE0
:103BA00010B5974801680931092000F00EFC9448CF
:103BB00001684C314D2000F008FC91480068407AC3
:103BC00000F08000802819D18D48006890F84C00E2
:103BD00000F00700072808D189480068407A20F0E3
:103BE000F000401D8449087110E085480068407A63
:103BF00020F0F000801C8049087107E080480068D0
:103C0000407A20F0F000401E7B4908717A4890F914
:103C1000040010BD10B50446794801681D311D200F
:103C200000F0D3FB76480068407F64F31F107449AE
:103C30000968487772480068417F1D2000F09AFBB0
:103C40006D48447110BD10B56D4801681D311D20CF
:103C500000F0BBFB6A480068407F0011664948716C
:103C60000846407910BD10B50446654801683031FA
:103C7000312000F0AAFB6248006890F8300000F0A4
:103C8000F80020435E49096881F830005C4800680C
:103C900090F83010312000F06DFB10BD10B50446D7
:103CA0000C2C01DD0C2402E0062C00DA0624062C84
:103CB00003D10520FFF7D7FF02E00320FFF7D3FF72
:103CC0004F4801681E311E2000F07FFB4C48006801
:103CD000807F64F31F104A49096888774848006864
:103CE000817F1E2000F046FB4348847110BD10B553
:103CF000434801681E311E2000F067FB4048006801
:103D0000807F00113C4988710846807910BD10B54C
:103D100004463B4801681D311D2000F056FB384821
:103D20000068407F00F0F10040EA4400344909682F
:103D3000487733480068417F1D2000F01BFB2E4868
:103D4000C47110BD10B52E4801681D311D2000F052
:103D50003CFB2B480068407F20F0F10040102649D2
:103D6000C8710846C07910BD10B5044624480168E2
:103D70001E311E2000F029FB21480068807F00F0E2
:103D8000FB0040EA84001E49096888771C480068E7
:103D9000817F1E2000F0EEFA1748047210BD10B5A6
:103DA00004460222164801682031202000F0EAFA79
:103DB000200A1349096881F820001149096881F82F
:103DC000214002220E4801682031202000F0B0FA84
:103DD00010BD10B502220A4801682031202000F0F1
:103DE000D1FA0748006890F821100548006890F85B
:103DF000200041EA002010BDF003002080844E40E6
:103E00000C04002010B5C64801681E311E2000F0C9
:103E1000DCFAC3480068807F00F00400401008B15D
:103E2000012000E00020BF4908720846007A10BD5A
:103E300010B50446BA4801681D311D2000F0C5FACE
:103E4000B7480068407F00F0FE002043B44909688D
:103E50004877B3480068417F1D2000F08BFAB148D5
:103E6000447210BD10B5AE4801681D311D2000F030
:103E7000ACFAAB480068407F00F00100A9494872E5
:103E80000846407A10BDA74988727047A548807AD5
:103E90007047A449C8727047A248C07A704710B5ED
:103EA00004469F48006880F824409D48006890F8C8
:103EB0002410242000F05EFA9A48047310BD10B557
:103EC000974801682431242000F07FFA9448006864
:103ED00090F82400934908730846007B10BD91496F
:103EE000086170478F48006970478E494861704784
:103EF0008C484069704710B504468948006880F8CE
:103F000022408748006890F82210222000F032FA00
:103F10008448047610BD10B5814801682231222002
:103F200000F053FA7E48006890F822007D49087638
:103F30000846007E10BD10B50446794801684C3132
:103F40004D2000F042FA764801680931092000F05E
:103F50003CFA73480068407A00F08000802807D15E
:103F6000012C0AD187206E49096881F84C0004E0D1
:103F700084206B49096881F84C006948006890F812
:103F80004C104D2000F0F6F910BD10B564480168E2
:103F90004C314D2000F019FA6148006890F84C004F
:103FA00000F00700072801D1012010BD0020FCE728
:103FB00010B504465A4801680931092000F005FA95
:103FC00057480068407A00F07F0020435449096850
:103FD000487253480068417A092000F0CBF910BDBF
:103FE00010B54F4801680931092000F0EEF94C483E
:103FF0000068407A20F07F0010BD10B504464848A4
:1040000001680A310A2000F0E0F945480068807A2A
:1040100000F0F00024F0F00108434149096888727B
:104020003F480068817A0A2000F0A4F910BD10B55D
:104030003B4801680A310A2000F0C7F93848006897
:10404000807A20F0F00010BD10B5044602223448FA
:1040500001681E311E2000F095F931480068807F0C
:1040600000F0FC006FF0FC0101EA242108432C4918
:10407000096888772A490968CC77022228480168AC
:104080001E311E2000F054F910BD10B50222244844
:1040900001681E311E2000F075F921480068C07FBC
:1040A0001F490968897F21F0FC0140EA012010BD09
:1040B00010B504461A4801682631262000F085F91B
:1040C0001748006890F8260000F0F70040EAC400A6
:1040D0001349096881F826001148006890F82610F5
:1040E000262000F047F910BD10B50D4801682631B3
:1040F000262000F06AF90A48006890F82600C0F30C
:10410000C00010BD10B5064801683031312000F004
:104110005CF90348006890F8300000F0070010BD1B
:104120000C040020F003002000B587B001210846F0
:10413000D2F76AFE01212E48D3F769F80121082041
:10414000D2F762FE0121C803D2F76BFE03208DF87F
:10415000060018208DF807000820ADF8040001A91A
:104160002448D2F783FF2020ADF8040001A921489C
:10417000D2F77CFF1020ADF8040001A91D48D2F74A
:1041800075FF0020ADF808004FF48270ADF80A000A
:104190000020ADF80C00ADF80E00ADF810004FF4A3
:1041A0000070ADF812001020ADF814000020ADF83A
:1041B00016000720ADF8180002A90F48D3F7ACFD90
:1041C00001210D48D3F74DFE07B000BD10B50446E0
:1041D00021460948D3F776FE00BF01210648D3F7F0
:1041E000C4FE0028F9D00448D3F76EFEC0B210BD5B
:1041F00000023000000C0140003C004010B54FF4BC
:1042000080619748D2F7DFFF4FF400619448D2F7FE
:10421000DCFF10BD10B54FF480619148D2F7D5FF97
:104220004FF400618E48D2F7CEFF10BD08B50121D2
:104230007D20D2F7E9FD10208DF8030003208DF8D2
:1042400002000120ADF8000069468648D2F70EFF53
:10425000012211468348D2F7BAFF4FF48060ADF8CF
:10426000000069467E48D2F701FF4FF40060ADF8C8
:10427000000069467A48D2F7F9FEFFF7BFFF042035
:104280008DF80300ADF8000069467548D2F7EEFEE0
:104290004020ADF8000069467248D2F7E7FE4020A2
:1042A000ADF8000069466E48D2F7E0FE8020ADF818
:1042B000000069466A48D2F7D9FE4FF48070ADF825
:1042C000000069466648D2F7D1FE4FF40070ADF8A1
:1042D000000069466248D2F7C9FE08BD38B50446F9
:1042E000012C12D10220ADF8000003208DF802004D
:1042F00010208DF8030069465A48D2F7B7FE002215
:1043000002215848D2F763FF11E00220ADF8000007
:1043100003208DF8020010208DF8030069465148F3
:10432000D2F7A4FE012202214E48D2F750FF38BD39
:104330002DE9F04105460E46174600220121494865
:10434000D2F745FFE1F7D5FB45F08000FFF73EFFD0
:10435000002404E0305DFFF739FF601CC4B2BC42AA
:10436000F8DB012211463F48D2F731FFE1F729FA85
:10437000BDE8F08113B50446012201A92046FFF7EC
:10438000D7FF1CBD2DE9F04105460E461746002219
:1043900001213448D2F71BFFE1F7ABFB05F07F00AA
:1043A000FFF714FF002405E00020FFF70FFF305552
:1043B000601CC4B2BC42F7DB012211462948D2F787
:1043C00006FFE1F7FEF9BDE8F08170B504460D4641
:1043D000012229462046FFF7D5FF70BD70B504467F
:1043E0000D462A4621460020FFF7A2FF70BD70B59A
:1043F00004460D462A4621460020FFF7C3FF70BD44
:1044000010B504211648D2F7C4FE10BD10B54021E6
:104410001448D2F7BEFE10BD10B540211048D2F7A7
:10442000B8FE10BD10B580210D48D2F7B2FE10BD08
:1044300010B54FF480710A48D2F7ABFE10BD10B52D
:104440004FF400710648D2F7A4FE10BD10B5044623
:1044500014B1FFF7DFFE01E0FFF7D0FE10BD000052
:10446000001401400008014070B50446002C7CD0C7
:10447000204600F0FDFC052877D90522B5A120468D
:1044800000F0FDFC30B90120B44981F80A04052090
:1044900048600FE00422B2A1204600F0F0FC30B9E1
:1044A0000020AE4981F80A040420486002E06FF061
:1044B000010070BDA94949680819ABA2ABA100F081
:1044C000C0FBA649086008460068002857D04FF492
:1044D0008071A74800F0AFFCA049086800F0C8FC54
:1044E00005469E482A460168A14800F08BFCA0487A
:1044F00000F0BEFC99494968C91C084497494860C6
:1045000000F096FB9549496808199AA296A100F017
:1045100098FB924908600846006838B3086800F0C4
:10452000A7FC062823D28D49086800F0D7FCF0B11B
:104530008A49086800F0D2FC8849A1F80C0508688F
:1045400000F096FC85494968491C08448349486045
:1045500000F06EFB81484068C0F57B727F48406880
:104560000119854800F04EFC52E04EE002E06FF089
:1045700003009EE700F05CFB6FF0040099E700F099
:1045800057FB764890F80A0428B140F2BB107349F3
:10459000A1F80C0503E050207049A1F80C056F4903
:1045A0004968081973A271A100F04BFB6B490860C0
:1045B00008460068C8B14FF480716D4800F03BFCBC
:1045C0006649086800F054FC054664482A460168BC
:1045D000674800F017FC664800F04AFC5F494968EC
:1045E000C91C08445D49486002E06FF0050060E7BF
:1045F00000F01EFB59484068C0F57B725748406880
:1046000001195D4800F0FEFB02E04FF0FF3050E77B
:1046100000204EE710B559A0DFF708FE5E48FFF70F
:1046200023FF4E4890F80A145CA0DFF7FFFD5049C5
:104630005EA0DFF7FBFD4948B0F80C155FA0DFF77F
:10464000F5FD4D4961A0DFF7F1FD10BD10B500F09B
:104650001AFA4249A1F808040846B0F80844B0F82C
:104660000804A8B1002000F0F6F93C48B0F80804AE
:10467000FE2803D159A0DFF7D9FD05E03748B0F88F
:1046800008145AA0DFF7D2FD00203449A1F808042D
:10469000204610BD10B55A48808F012809D100204E
:1046A0005749888700F098F90A2000F0EDF800F0EB
:1046B000D9F810BD2DE9F04106460D4651A252A190
:1046C000304600F0BEFA0446002C41D0204600F0EF
:1046D000CFFB0546142D3BDA4EA0DFF7A7FD2A4697
:1046E00051480168204600F0CAFB00282DD0214621
:1046F0004EA0DFF79BFD00F09BFA42A24FA130468F
:1047000000F09FFA04464FF480611448083000F02E
:1047100092FB22464BA11148083001F0BFF90F4827
:104720000830FFF7A1FE98B90C48083000F0A0FB54
:10473000074639460948083000F0B2F900F078FA27
:1047400000F04AF900F08EF802E03FA0DFF76EFDBE
:10475000BDE8F0816874747073000000806A002006
:1047600068747470000000003A0000003A2F2F00B7
:104770008B6E00202F000000906F0020BDE2CEF66F
:10478000D4C6B6CBB9CCBCFED0C5CFA2B5C4B5D8C3
:10479000D6B755524C0D0A003804002053534CC173
:1047A000ACBDD3203A25640D0A0000004950B5D8AD
:1047B000D6B720203A25730D0A000000B6CBBFDA29
:1047C000BAC520203A25640D0A000000CEC4BCFE04
:1047D000C2B7BEB63A25730D0A0D0A00D4CBD0D0AD
:1047E000B5C4D0C2B3CCD0F20D0A0000B8FCD0C220
:1047F000D7B4CCAC3A3078253032780D0A000000BE
:104800001E160020222C22002276657273696F6EBC
:10481000223A22000D0ABBF1C8A1B5BDB0E6B1BE77
:10482000BAC50D0A0000000034040020D3D0D0C265
:10483000B0E6B1BE3A25730D0A00000075726C2215
:104840003A220000257300000D0AB0E6B1BED2D1B5
:10485000CAC7D7EED0C22CCEDED0E8B8FCD0C22179
:104860000D0A000071B600BFBFF34F8FB448006857
:1048700000F4E060B3490843001DB1490860BFF38C
:104880004F8F00BF00BFFEE710B50446A0B2D4F7BB
:10489000F1FE10BD10B50446A0B2D4F7C6FE10BD9F
:1048A0002DE9F04100270A20FFF7EEFF0325AD02B6
:1048B000ED0A4FF4FD24E40AD2F749FF00260BE08D
:1048C0004FF0006101EBC420D2F786FF0746042FAA
:1048D00000D003E0641C761CAE42F1D300BFD2F7D7
:1048E00042FF042F05D098A001F0C8F80120BDE8D0
:1048F000F0810020FBE770B59F4D0A20FFF7C4FF51
:10490000002409E02E689D4806609D4820449B498C
:10491000096801602D1D241DB4F5806FF2DB70BDA8
:1049200070B5954D00260A20FFF7AEFFD2F70FFFB6
:1049300000241DE09248005D904908709049601C79
:10494000085C8E4948708E49A01C085C8B498870B1
:104950008B49E01C085C8949C870084601682846F4
:10496000D3F70AF80646042E00D004E02D1D241DBE
:10497000B4F5806FDEDB00BFD2F7F5FE042E04D065
:1049800080A001F07BF8022070BD0020FCE710B58C
:104990000446FFF7B0FF7948048000787849087032
:1049A000764840784870FFF77BFF30B9FFF7B8FFD3
:1049B00008B9002010BD0220FCE70120FAE710B57D
:1049C000FFF799FF6E4800786C4908706C48407892
:1049D00048700846008810BD10B5FFF78CFF012015
:1049E00066490880084600786549887063484078C1
:1049F000C870FFF755FF30B9FFF792FF08B90020E4
:104A000010BD0220FCE70120FAE710B5FFF773FFA5
:104A10005B488078594908705948C0784870084602
:104A2000008810BD10B5FFF766FF002053490880CD
:104A3000084600785249887050484078C870FFF79F
:104A40002FFF30B9FFF76CFF08B9002010BD02201E
:104A5000FCE70120FAE710B50446FFF74CFF474892
:104A60000480007846490871444840784871FFF74F
:104A700017FF30B9FFF754FF08B9002010BD02201E
:104A8000FCE70120FAE710B5FFF735FF3C48007955
:104A90003A4908703A48407948700846007810BD95
:104AA00070B504460D46FFF726FF4FF47B7134487E
:104AB000143000F0C0F92A4621463148143000F085
:104AC000A1F9FFF7EDFE30B9FFF72AFF08B9002082
:104AD00070BD0220FCE70120FAE710B50446FFF79D
:104AE0000AFF4FF47B7226491431204600F08AF900
:104AF00010BD10B5FFF7FFFE4FF47B712048143056
:104B000000F099F9FFF7CCFE30B9FFF709FF08B9BB
:104B1000002010BD0220FCE70120FAE710B5044692
:104B2000206823490840B0F1005F08D1606821493E
:104B300008602068D1F706FF1E480068804710BD56
:104B40000CED00E00000FA056961705F696E746544
:104B500072666163655F65726173655F75706461DC
:104B600074615F646174615F666C61736820455253
:104B7000523A310D0A00000000E807083008002012
:104B8000987B00206961705F696E7465726661630D
:104B9000655F77726974655F616C6C5F7570646185
:104BA00074615F64617461204552523A320D0A00AB
:104BB0000000FE2F3808002010B58C48006801F076
:104BC00077FD10BD2DE9F04781460F469046002441
:104BD00000260025384600F04BF9C5B23946484654
:104BE00000F034F904460CB36119481C414600F04A
:104BF0002DF90646C6B16119711A481C01F080FDF5
:104C00007A4908606019301A411C7848006800F041
:104C100012F96019321A61197448006800F0F2F84C
:104C200072480068BDE8F0870020FBE70020F9E744
:104C30006F48006820B16F4800786D4909680870B6
:104C400070472DE9F04180460D46164600240027A6
:104C5000284600F00DF9C7B22946404600F0F6F8A4
:104C60000446BCB1E119481C314600F0EFF8604938
:104C700008600846006858B10846006800785D4939
:104C8000087000205A4909680870E019BDE8F081F1
:104C90000020FBE70020F9E72DE9F04780460E46AB
:104CA000144699460027B8F1000F03D0404600F0A3
:104CB000DFF810B90020BDE8F0871EB1304600F0E3
:104CC000D7F808B90020F6E73146404600F0E4F88E
:104CD00005460AE004B120C47F1C3146002000F0E4
:104CE000DBF805464F4500DB01E0002DF2D100BFA7
:104CF0003846E0E7F0B5034600201EE01E5CF717DB
:104D000006EB17773F1107F130051E5CF71706EB2E
:104D100017773F11A6EB07173037FCB2392D01DDAD
:104D2000EE1DF5B2392C01DDE61DF4B201F810508C
:104D3000012606EB40068C55401C9042DEDB002627
:104D400001F81260F0BD2DE9F05F064688469146F5
:104D500000241CE016F814A06000401C16F800B0F7
:104D6000504600F049F83038C5B2092D01DDE81F82
:104D7000C5B2584600F040F83038C7B2092F01DDFF
:104D8000F81FC7B207EB051008F80400641C4C4577
:104D9000E0DBBDE8F09F70B504460D4626460021D5
:104DA0001FE0002315E03278761C302A08DB392A10
:104DB00006DC03EB83004300A2F13000034408E06B
:104DC000032901DA2E2A01D0032900D102E00020B4
:104DD00070BDE8E700BFFF2B01DD0020F8E76B5452
:104DE000491C0429DDDB0120F2E700003C0800201B
:104DF0004008002044080020A0F16101192900D8D2
:104E00002038704740EA01039B0703D009E008C936
:104E1000121F08C0042AFAD203E011F8013B00F87F
:104E2000013B521EF9D27047D2B201E000F8012BCB
:104E3000491EFBD270470022F6E710B513460A461A
:104E400004461946FFF7F0FF204610BD30B5054671
:104E50002A460B4612F8010B13F8014B08B1A04289
:104E6000F8D01CB1002802D06D1CF1E7284630BDF7
:104E7000421C10F8011B0029FBD1801A704730B585
:104E800004460020034600E05B1C934203D2E05C32
:104E9000CD5C401BF8D030BD70B50F4D00B928680F
:104EA000002412E00A4602E09E4203D0521C13780E
:104EB000002BF9D1DAB2224305D02BB124B1002165
:104EC00000F8011B04E00446401C0678002EE9D1DE
:104ED0002860204670BD00004808002070B50646D6
:104EE00000F016FE046805460A220021304600F054
:104EF00095FB2C6070BDF0B480EA0102D40F420033
:104F0000B2EB410F02D20246084611464A0042D097
:104F1000C30DDDB2C1F3C752AD1A202D35DAC1F38E
:104F2000160141F4000204B15242C5F1200602FA12
:104F300006F12A411044B3EBD05F23D0C4B1012D58
:104F4000A0EBC35009DCF0BC4FF0004202EAC352B0
:104F5000DBB200F5000000F0A2BB400000F1807061
:104F600000EBC350A0F1807040EAD170490009E025
:104F7000490841EAC071A0EBC35000F500004008A9
:104F800000EBC350F0BC00F081BB6142012202EB98
:104F90004101001BF6E7F0BC704781F00041AAE731
:104FA00080F00040A7E780EA010210B502F000435C
:104FB000400022D04A001FD0010E01EB1261C0F365
:104FC0005600C2F3560240F4000042F40002A0FB77
:104FD000022000047F39140400D0401C50EA124023
:104FE00001D44000491EC2B20C0604EBD010401C94
:104FF0004008802A02D003E0002010BD20F001000C
:10500000002900DA0020184310BD30B480EA010204
:1050100002F0004530F0004221F0004013D090B182
:10502000C30DD40DC2F31601C0F31600E41A41F407
:10503000000140F400027D34914201D3641C00E081
:105040004900002C02DA30BC002070474FF4000009
:105050000023914201D3891A034340084FEA4101DA
:10506000F7D151B1914202D14FF0004105E002D297
:105070004FF0010101E06FF0010103EBC45028443F
:1050800030BC00F003BB2DE9FE4F804681EA0300EF
:10509000C00F0C46009021F0004123F00045B8EB12
:1050A0000200A94105D24046214690461C460B46C7
:1050B000024623F00040104347D0270DC7F30A00F3
:1050C000C3F30A510290401A019040286BDAC3F3EF
:1050D000130040F4801B0098924620B10023D2EBCD
:1050E000030A63EB0B0B01985946C0F1400250468E
:1050F00000F063FA06460D4650465946019A00F004
:105100007BFA10EB08006141002487EA115284EA1F
:10511000E7731A4340D0009A62B3019A012A4FEA1A
:10512000075215DC001B61EB02014FF0004202EA5E
:105130000752CDE90042001C41F5801132462B4652
:1051400000F0EAFA03B0BDE8F08F40462146F9E7E7
:10515000001B61EB0201001C41F5801300185B414C
:105160002018A2F5001747EB030140EAD570B619E5
:105170006D4111E06D084FEA360645EAC0754FEA09
:105180000752001B61EB0201001C41F58011490828
:105190004FEA30000019514132462B4603B0BDE8BA
:1051A000F04F00F0AABA0098012240000023D0EB93
:1051B000020263EBE073009821464FEAE074B8EB1B
:1051C000000061EB0401E9E783F000435BE781F055
:1051D000004158E72DE9FE4F81EA030404F0004442
:1051E00021F0004100944FF0000B23F0004350EAFF
:1051F00001045ED052EA03045BD0C3F30A54C1F346
:105200000A552C44A4F2F3340194A0FB0254C1F3D8
:10521000130141F48011C3F3130343F4801301FB22
:10522000024400FB034E840A970A44EA815447EA89
:105230008357A4FB076802958D0A05FB07854FEA93
:10524000932C04FB0C542705029D4FEA065847EAAD
:105250001637B5EB08056EEB070C870E920E47EA82
:10526000811742EA8312A7FB0201B6EB0B0164EB44
:1052700000042B0D43EA0C335E1844EB1C50DA4655
:105280005146E7FB0201C5F313044FEA0B3343EA2F
:1052900014534FEA0432019C43EA0603A4F10C04C0
:1052A0000294009CCDE900B400F036FA03B0BDE8EA
:1052B000F08F00200146F9E72DE9F04D81EA030463
:1052C00004F0004B21F0004514464FF0000A23F093
:1052D000004150EA050220D054EA01021DD0C5F376
:1052E0000A570246C5F31303C1F31300C1F30A566C
:1052F00040F4801543F48013A7EB0608101BD64634
:1053000008F2FD3873EB050002D308F1010801E053
:1053100092185B41B8F1000F03DA00200146BDE8A6
:10532000F08D00204FF48011064684460EE0171BD6
:1053300073EB050705D3121B63EB050306434CEA29
:10534000010C49084FEA300092185B4150EA01070E
:10535000EDD152EA030012D082EA040083EA05018B
:10536000084305D0101BAB4106D20122002306E002
:1053700000224FF0004302E06FF0010253101AEBDD
:1053800006004CEB085110EB0A0041EB0B01BDE8A5
:10539000F04D00F0B2B996230022114600F07FB91B
:1053A0000EB5C10F80EAE0700844CA07002140F240
:1053B00033438DE80E000A460B4600F0ADF903B00A
:1053C00000BD0EB540F2334102910021CDE900113C
:1053D0000A460B4600F0A0F903B000BD00F0004201
:1053E00020F00040C10DC0F3160040F400007F29FA
:1053F00001DA00207047962903DCC1F19601C8400C
:1054000001E096398840002AF4D04042704720F0ED
:105410000040C10DC0F3160040F400007F2901DAFE
:1054200000207047962903DCC1F19601C8407047FF
:1054300096398840704770B5C1F30A5201F00045B3
:105440000024C1F3130140F2FF3341F480119A426A
:1054500001DA002070BD40F233439A42A2F2334297
:1054600003DC524200F0B8F800E090402C43F1D049
:10547000404270BDC1F30A5210B5C1F3130140F2AE
:10548000FF3341F480119A4201DA002010BD40F24E
:1054900033439A42A2F2334203DC524200F09CF8BA
:1054A00010BD904010BD00F0004230F000400AD026
:1054B000C10D01F56071C0F3160042EA0151C20846
:1054C00040071143704700200146704730B5041E65
:1054D00071F1000404DB4FF00044404264EB010131
:1054E000141E73F1000405DB1C464FF000435242CA
:1054F00063EB04038B4208BF824230BD30B5041E0B
:1055000071F1000404DB4FF00044404264EB010100
:10551000141E73F1000405DB1C464FF00043524299
:1055200063EB0403994208BF904230BD30B50B468F
:10553000014600202022012409E021FA02F59D42C3
:1055400005D303FA02F5491B04FA02F52844151E97
:10555000A2F10102F1DC30BD2DE9F05F054600202B
:1055600092469B4688460646814640241BE02846D4
:1055700041464746224600F02FF853465A46C01A85
:10558000914110D311461846224600F016F82D1A04
:1055900067EB01084F4622460120002100F00DF87C
:1055A00017EB00094E41201EA4F10104DFDC484640
:1055B00031462A464346BDE8F09F202A04DB203AC4
:1055C00000FA02F1002070479140C2F1200320FA56
:1055D00003F3194390407047202A04DB203A21FA54
:1055E00002F00021704721FA02F3D040C2F12002FC
:1055F0009140084319467047202A06DBCB17203A12
:1056000041FA02F043EAE07306E041FA02F3D040C7
:10561000C2F1200291400843194670472DE9F04736
:1056200091460F4680460446002614F8015B2DB1D2
:1056300000F046F90068405DC007F6D12B2D02D07E
:105640002D2D18D0641E4A463946204600F03CF9FC
:1056500027B13968A14201D1C7F8008071054FF028
:1056600002040BD54042002803DD00F051FA04602B
:10567000A007BDE8F08746F48066E4E70028F8DA82
:1056800000F046FA04606FF00040F2E70029A8BF7E
:105690007047401C490008BF20F00100704710B45B
:1056A000B0FA80FC00FA0CF050EA010404BF10BC10
:1056B000704749B1CCF1200421FA04F411FA0CF13D
:1056C00018BF012121430843A3EB0C01CB1D4FEA76
:1056D00000614FEA102042BF002010BC704700EB71
:1056E000C35010440029A4BF10BC7047401C49009F
:1056F00008BF20F0010010BC704710B5141E73F1F4
:10570000000408DA401C41F1000192185B411A4381
:1057100001D120F0010010BD2DE9F04D92469B46CD
:1057200011B1B1FA81F202E0B0FA80F22032904673
:10573000FFF743FF04460F4640EA0A0041EA0B0127
:1057400053465A46084313D0114653EA010019D074
:10575000C8F140025046FFF73FFF05460E4650464F
:1057600059464246FFF729FF084305D0012004E0CF
:1057700020463946BDE8F08D0020054346EAE07634
:105780002C4337430A986305E40AA0EB0800002283
:10579000FD0A44EA47540A3002D500200146E9E7F1
:1057A000010510196941DDE9084500196941BDE8A5
:1057B000F04DA2E770B521F0004303430CD0C1F3D4
:1057C0000A550024D5EB040564EB0403D617AD1A83
:1057D000B34102DB0020014670BD201841EB0251AD
:1057E00070BD00002DE9F041054621F000400C4657
:1057F000284309D0C4F30A5040F23341884205DD02
:1058000028462146BDE8F0812846FBE740F2FE31FC
:10581000884210DC0CDB4FEA043040EA155050EAB5
:10582000053105D0104804F0004101430020E9E7AC
:1058300000200146E6E7A0F233404642C6F14002AE
:1058400028462146FFF7B9FE0746884628462146E6
:105850003246FFF7C1FE43463A46FFF74EFF324657
:10586000BDE8F041FFF7A9BE0000F03FC1F30A52C6
:10587000C1F3130140F2FF3341F480119A4202DA7E
:1058800000200146704740F233439A42A2F233426D
:1058900002DC5242FFF7A0BEFFF78FBE064C074D59
:1058A00006E0E06840F0010394E8070098471034F0
:1058B000AC42F6D3D1F740F8D87D0308187E030830
:1058C00000487047CC7D03082DE9F05F82460078E0
:1058D000002715468B460AF10104B946302801D04D
:1058E0009DB113E014F8010B0127782803D0582844
:1058F00001D045B10AE00DB1102D07D100271025C8
:1059000014F8010B02E0082500E00A250026B04645
:105910000EE005FB080005FB06F1012701EB104630
:105920001FFA80F8B6F5803F00D3B94614F8010B92
:10593000294600F069F80028EBDABBF1000F05D02A
:105940000FB1641E00E05446CBF80040B9F1000FDF
:1059500006D000F0DDF802210160C81EBDE8F09F0E
:1059600048EA0640FAE72DE9F04D00231A461B1AD3
:105970008A4103DB00200146BDE8F08DC1F30A52E5
:10598000C1F3130141F480154FF0000BD10702D190
:1059900000186D41521E0027044640F2FF113846A0
:1059A00001EB620A3E468046024600204FF4801119
:1059B000FFF712FEC2197141BB1846EB0100B4EBB0
:1059C000030C75EB000C04D3E41A65EB00051746D5
:1059D0000E46241908F101006D4180463428E3DDAC
:1059E000F91946EB0600091BA84103D24FF0FF321C
:1059F000134601E0002213461BEB070046EB0A5159
:105A0000BDE8F04DFFF779BE3A2800D2303820F0DB
:105A10002002412A01D3A2F13700884201D34FF07E
:105A2000FF30704770B58C1810F8015B15F0070354
:105A300001D110F8013B2A1106D110F8012B03E027
:105A400010F8016B01F8016B5B1EF9D12B0705D42F
:105A50000023521E0DD401F8013BFAE710F8013B78
:105A6000CB1A921C03E013F8015B01F8015B521E94
:105A7000F9D5A142D8D3002070BD00000FB4054B6A
:105A800010B503A9044A029800F094F910BC5DF81F
:105A900014FB0000ABE90008F40000200FB4084B31
:105AA00010B504A902AA039800F084F9044602A9DB
:105AB000002000F0F2FD204610BC5DF814FB000051
:105AC0009B66030837B514460846064B6A462146CE
:105AD00000F04CFA04466946002000F0E3FD204641
:105AE0003EBD0000A5660308490050EAC12018BF6A
:105AF00004204A0D18BF40F0010040F2FF72B2EBE3
:105B0000515F08BF40F00200012808BF0520704720
:105B100000487047540800202DE9F0414F1E00EB6B
:105B2000C7010446D1E9000115461E4637F00602BA
:105B30000DD02A463346FFF74DFB7F1E04EBC7030B
:105B4000D3E90023FFF79FFA37F00602F1D1022FC5
:105B500025D0042F13D0062F18BFBDE8F0812A46A8
:105B60003346FFF737FBD4E90A23FFF78CFA2A46BE
:105B70003346FFF72FFBD4E90823FFF784FA2A46C0
:105B80003346FFF727FBD4E90623FFF77CFA2A46C2
:105B90003346FFF71FFBD4E90423FFF774FA2A46C4
:105BA0003346FFF717FBD4E90223FFF76CFA2A46C6
:105BB0003346FFF70FFBD4E90023BDE8F041FFF7C0
:105BC00062BA00000022134610460149FFF774BB79
:105BD0000000F03FFFF757BA002213461046114667
:105BE000FFF76ABB40F2013200204FF0E041FFF7BF
:105BF000E1BD0000024A00201107FFF7DBBD0000F5
:105C000001FDFFFF02E008C8121F08C1002AFAD1F7
:105C100070477047002001E001C1121F002AFBD12C
:105C200070470000014908607047000054080020D8
:105C30002DE9FF5F82B00021DDE90430020DDDF8BF
:105C400040B0034318D044F61050A2F2FF32424352
:105C50001514119801281FD0A5EB0B00401C5FEA1A
:105C6000000A4FF000064E4FDFF83891B04650461C
:105C700015D5CAF1000413E0119801244AA30128A4
:105C800001D16FEA0B010298119AC0E90031C0E915
:105C9000024206B0BDE8F09FCBF10000DFE704460A
:105CA0000021404A491842EB0450CDE9001012E0AF
:105CB000E00707D032463B4640464946FFF78AFA9E
:105CC0008046894632463B4610461946FFF782FA1F
:105CD00006460F466410002CEAD1DDE90401DDE937
:105CE0000023BAF1000F06DAFFF774FA42464B467A
:105CF000FFF770FA05E0FFF7DFFA42464B46FFF781
:105D0000DBFA04460E460022284BFFF7F7FB03D8C8
:105D10004FF0FF30014607E00022254B2046314678
:105D2000FFF7B1F9FFF7A2FD102409E0002C0ADB10
:105D30000A220023FFF710FC039B30321A55641E21
:105D400050EA0102F2D1641C039AC4F11103144415
:105D5000119A012A03D0012208430DD10AE0084319
:105D600004D000204FF0110B119072E7A3EB0B054C
:105D70006D1E0DE05B4504DD4FF0000205F10105ED
:105D800004E003DA4FF00002A5F10105002AECD08F
:105D900002981199C0E90231C0E9004579E7000095
:105DA000000014400000F03F300000000000F0430D
:105DB0000000E03F2DE9FF4F8BB09A460F460546A5
:105DC000002606E025280BD052460D9990476D1C01
:105DD000761C28780028F5D10FB03046BDE8F08F4A
:105DE0000024A0460122604900E0044315F8013F69
:105DF000203B02FA03F00842F7D128782E2817D169
:105E000015F8010F44F004042A280ED06FF02F0279
:105E10002878A0F1300109290AD808EB880102EBA3
:105E2000410100EB01086D1CF2E757F8048B6D1C73
:105E3000287869283ED006DC0028CDD063280BD016
:105E4000642804D136E0732810D075284BD0524610
:105E50000D999047761C85E017F8040B8DF800002B
:105E600000208DF80100E946012003E057F8049B6B
:105E70004FF0FF3061074FF0000401D40AE0641CCA
:105E800044450DDA8442FADB19F804100029F6D1F2
:105E900006E0641C8442FCDB19F804100029F8D1E8
:105EA000264404E019F8010B52460D999047641EF0
:105EB000F8D257E001CF4FF00A0B002802DA404237
:105EC0002D2102E0210504D52B218DF8241001217C
:105ED00003E0E10705D02021F7E70DF12009089143
:105EE0000CE00021F9E701CF4FF00A0BF9E7594622
:105EF000FFF71CFB01F1300209F8012D0028F6D153
:105F0000ADEB090000F1200B600701D44FF0010850
:105F1000D84502DDA8EB0B0000E0002080460024FD
:105F200006E009A85246005D0D999047641C761C56
:105F300008988442F5DB04E0302052460D999047E2
:105F4000761CB8F10001A8F10108F5DC05E019F8AC
:105F5000010B52460D999047761CBBF10001ABF145
:105F6000010BF4DC6D1C34E7092801002DE9FF4F1B
:105F700095B09B468946064600250FE2252877D135
:105F800000242746F84A0121059400E0044316F84E
:105F9000013F203B01FA03F01042F7D130782A2864
:105FA00011D06FF02F033078A0F13002092A16D8F3
:105FB000059A44F0020402EB820203EB4202104411
:105FC000761C0590EFE759F8042B0592002A03DAB6
:105FD000504244F40054059044F00204761C30789A
:105FE0002E2816D116F8010F44F004042A280DD0EB
:105FF0006FF02F023078A0F13003092B09D807EB9E
:10600000870302EB4303C718761CF3E759F8047BB8
:10601000761C30786C280FD006DC4C2817D0682806
:106020000DD06A2814D104E0742810D07A280FD13A
:106030000DE044F400140AE044F4801401E044F458
:1060400040147278824202D104F58014761C761CCA
:10605000307866280BD013DC582877D009DC00286C
:1060600075D04528F6D04628F4D047281AD19DE1AE
:1060700018E0632835D0642879D0652812D195E1DD
:10608000702873D008DC6728F1D069286FD06E289B
:106090000DD06F2806D1B5E073282CD0752875D0A7
:1060A000782874D05A46179990476D1C75E1C4F34F
:1060B0000250022809D003280DD0D9F80010042876
:1060C0000DD00D6009F1040967E1D9F80010EA1755
:1060D000C1E90052F6E7D9F800100D80F2E70D7023
:1060E000F0E719F8041B8DF8001000208DF801006E
:1060F000EA46012003E059F804AB4FF0FF30610796
:106100004FF0000102D40DE008F101018846B942C8
:106110000FDA8045F8DB1AF808100029F4D108E0FE
:1061200008F1010188468142FADB1AF808100029BB
:10613000F6D105985B46A0EB080721463846179A2A
:1061400000F094FA284400EB080507E04DE029E14F
:106150000DE01AF8010B5A4617999047B8F101085B
:10616000F7D25B4621463846179A13E142E00A22ED
:106170000092C4F302524FF0000A022A08D059F8E4
:1061800004CB032A4FEAEC710AD00DE029E02AE0A3
:1061900009F1070121F00702F2E802C1914609E086
:1061A0000FFA8CFC4FEAEC71042A03D14FFA8CFCF5
:1061B0004FEAEC71002907DA0A460021DCF1000CF5
:1061C00061EB02012D2202E0220504D52B228DF87D
:1061D0000420012203E0E20701D02022F7E79046E5
:1061E00059E00A2102E010220DE010214FF0000AD0
:1061F00000910BE010224FF0000A44F0040408273D
:10620000009203E008224FF0000A0092C4F3025209
:10621000022A05D059F804CB0021032A08D009E04E
:1062200009F1070121F00702F2E802C1914605E0F9
:106230001FFA8CFC042A01D10CF0FF0C4FF000086F
:10624000220728D5702806D0009B83F0100353EA5C
:106250000A0305D00EE040228DF80420012208E058
:106260005CEA010206D030228DF804208DF805008A
:1062700002229046009B83F0080353EA0A030AD1E6
:106280005CEA010201D1620705D530228DF80420B5
:106290004FF001087F1E582804D034A003900EA8A8
:1062A00002900DE036A0F9E753466046009AFFF7EA
:1062B00053F984460398825C0298401E0290027053
:1062C0005CEA0100F0D1029806A9081A00F1200A40
:1062D000600702D524F4803400E00127574502DD31
:1062E000A7EB0A0000E0002000EB0A0100900598EF
:1062F0004144401A0590E00306D45B462146179AB4
:10630000059800F0B3F90544002706E001A85A46B5
:10631000C05D179990476D1C7F1C4745F6DBE00375
:106320000CD55B462146179A059800F09FF9054465
:1063300004E030205A46179990476D1C0099481E7A
:1063400000900029F5DC08E0029802995A4600788E
:10635000491C0291179990476D1CBAF10001AAF1EE
:10636000010AF1DC65E10000092801003031323317
:106370003435363738396162636465660000000081
:10638000303132333435363738394142434445466B
:106390000000000000F058F90544761C3078002811
:1063A0007FF4ECAD19B02846BDE8F08F620700D449
:1063B000062709F1070222F0070CFCE80223E14658
:1063C00003F000485FEA080C02D00FF2702C0DE0D9
:1063D0005FEA045C02D50FF2682C07E05FEAC47C38
:1063E00002D00FF2602C01E0AFF2700C4FF0FF38DA
:1063F00023F00043CDF850C065280CD006DC4528BA
:1064000009D046281DD047283DD13DE0662818D048
:1064100067287ED138E00021112F01DB112000E038
:10642000781CCDE9000106A90EA8FFF701FCDDE903
:106430000F010E9A03910021009207F1010A0491C5
:106440004DE04FF000400097CDE9011006A90EA8DD
:10645000FFF7EEFBDDE90F0203920E9B119900227C
:10646000DDF80CA00093049211B9791C00EB010A2D
:10647000B7EB0A0004D4C0F1FF3007F1010A049021
:10648000AAEB0700019044E0012F00DA0127002168
:10649000112F01DD112000E03846CDE9000106A9E9
:1064A0000EA8FFF7C5FBDDE90F010E9A039100214D
:1064B00004910092BA4621070CD40399514500DAA1
:1064C0008A46BAF1010F05DD009AAAF10101515C7B
:1064D000302908D0B84202DA10F1040F06DA01219F
:1064E000CDE9011015E0AAF10101E9E7002805DC7A
:1064F000049901440491AAEB000102E0411C5145BA
:1065000000DD8A460499401A401C01904FF000407B
:106510000290200704D40198504501DBCDF8048097
:1065200000208DF84F0002980DF14F07B0F1004F99
:1065300025D02B200E9002984FF0020800280CDA8C
:10654000404202902D200E9007E00A210298FEF7AB
:10655000EDFF3031029007F8011DB8F10001A8F1FC
:106560000108F2DC02980028EFD1791E0E9808701D
:10657000307800F0200040F0450007F8020D12A826
:10658000C01B00F107081498007800B1012000EB4F
:106590000A01019801EBE07105984144401A401E40
:1065A0000590E00306D45B462146179A059800F053
:1065B0005DF805441498007818B15A461799904729
:1065C0006D1CE00324D55B462146179A059800F020
:1065D0004DF805441CE00498002807DBDDE90301C1
:1065E000884203DD0098405C179901E0179930203C
:1065F0005A469047049805F10105401C0490019803
:10660000401E019004D12E205A46179990476D1CC8
:10661000BAF10001AAF1010ADDDC05E017F8010B6F
:106620005A46179990476D1CB8F10001A8F101086E
:10663000F4DC5B462146179A0598ABE62D00000076
:106640002B000000200000002DE9F0410446002549
:106650001E461746880404D405E039462020B0477A
:106660006D1C641EF9D52846BDE8F0812DE9F04186
:10667000044600251E469046C80301D5302700E099
:106680002027880404D505E041463846B0476D1CF4
:10669000641EF9D52846BDE8F0810A68531C0B60DA
:1066A000107070470A68531C0B6010707047000030
:1066B00010B5002821D0114B0022001F196803E0FB
:1066C000814203D80A4649680029F9D152B11368BA
:1066D000841A9C4204D1006818441060104602E0FD
:1066E000506000E0186039B102680B1A934203D180
:1066F0000B681A4402604968416010BD4C080020D4
:10670000F0B50B30154D20F007010024144A0FE0BE
:1067100003688B420BD38B4205D95E1A4318476836
:10672000C3E9006700E04368136002C004E0021D93
:1067300010680028ECD12046002802D1286808B152
:106740000020F0BD064A07481060074A121A22F0DE
:106750000702C0E9002401202860D7E75008002084
:106760004C0800209C7F0020988100202DE9F04DEE
:106770001D460C4698B0174621F0004123F0004317
:10678000002814BF4FF0010C4FF0000C0CEB440C30
:10679000FE4A0CEB02064FEA620C66452BD33E0024
:1067A00018BF012606EB45061644F94A964222D345
:1067B000F84A53EA070C02D0944205D148B918B000
:1067C00000201146BDE8F08D002808BF4FF0000CF6
:1067D00001D04FF0010C0CEB440212F5001F0AD857
:1067E000002F14BF4FF0010C4FF0000C0CEB4502D2
:1067F00012F5001F07D918B03A462B462146BDE8CE
:10680000F04DFFF7E7B90022DFF88CA3002CB8BFEA
:10681000534526DADFF884C36345A8BF022220DA95
:10682000DFF870C39C451CDCDFF874C30CEB235C01
:10683000BCF1140F08DDCCF1340627FA06FC0CFA83
:1068400006F6BE420DD108E05FB9CCF1140623FA7A
:1068500006FC0CFA06F69E4203D10CF00102C2F1CE
:10686000020251EA000C19D1002D17DA002C18BFD2
:10687000022A01D0012A07D00220FFF7D3F918B06D
:10688000BDE8F04DFFF79EB90220FFF7CBF9FFF707
:1068900099F918B081F00041BDE8F08DB7F1000C16
:1068A0006CD1534525D104F1804212F5801201BF0D
:1068B00000280020B74918B008BFBDE8F08DB548E2
:1068C000884207DC002DA1BF6046294618B0BDE80C
:1068D000F08D07E0281E05DA80F0004118B0604610
:1068E000BDE8F08DAF497944D1E9000118B0BDE8A9
:1068F000F08DDFF8A0C2634525D1002D1FDA19B154
:10690000514512D1D8B909E0002840F0EC82A24AE2
:10691000214618B062F31E01BDE8F08D002021462B
:1069200018B060F31E01BDE8F08D08DA18B02346F8
:10693000BDE8F04D024600206146FEF7BDBC18B030
:106940002146BDE8F08D514518DAB5F1804F0DD0E4
:10695000A5F1005CBCF1FF5C10D1B4F1000C0DDBC3
:1069600018B06146BDE8F04D00F036BC234618B0C3
:106970000246BDE8F04D1946FEF72CBC060024F097
:10698000004C3BD1D9B1514533D1002C06DD002D4F
:10699000A1BF0020514618B0BDE8F08D002C01DDEC
:1069A000002D1BDB002C13DA002D11DB012A4FF028
:1069B000000014BF78497C4918B0BDE8F08D022A68
:1069C00018BF002C0AD0012A08D1002C06DA0AE0F0
:1069D000002CB8BF002D11DA012A04D0002018B015
:1069E0000146BDE8F08D18B000204FF00041BDE831
:1069F000F08DA1F14050B0F17F601AD0012000EB82
:106A0000E47050EA020421D0624C521E4FF0000B99
:106A1000104304BF4FF0000B644C654883427CDD9B
:106A2000644A654893421FDD884217DB002D25DB51
:106A300037E0002C00DA4AB1022A0CBF01204FF0E7
:106A4000FF3018B0BDE8F04DFEF7AABC0120FFF7FB
:106A5000E9F818B0BDE8F04DFFF7BEB84D4A8A42DC
:106A600002DC002D0ADC1CE0814202DA002D18DA7B
:106A700004E0484B994220DD002D12DD0220FFF793
:106A8000D1F8FFF7AFF805460E46002253465846A8
:106A90002146FEF79FFB18B066F31E012846BDE8AD
:106AA000F08D0220FFF7BEF8FFF7A4F80A46214652
:106AB00018B062F31E01BDE8F08D00223046614639
:106AC000FEF782FB80460E466FF00102FEF772FE73
:106AD0004FF05532394BFEF77AFB42463346FEF70C
:106AE00079FB0022364BFEF772FB82464246334664
:106AF000049110461946FEF76DFB5246049BFEF7C3
:106B000069FB8A4600904FF0C0422E4B404631460A
:106B1000FEF760FB2C4A2B4B00E027E0CDE9060195
:106B200051460098FEF756FB82460191274A284BB2
:106B300040463146FEF74EFB5246019BFEF744FBB2
:106B400082460B4602460591DDE90601FEF79BFAF7
:106B5000DDE90623002688463046FEF735FB52461F
:106B6000059BFEF734FB024600F07EB90020B1F52C
:106B7000801F07DA352230466146FEF71BFE0646C7
:106B80006FF0340000EB215024E00000FFFF1F00F5
:106B9000FFFF0F000000F03F0000F07F00004043C7
:106BA00001FCFFFF561400000000F0FF0000F0BFE2
:106BB0000000E0410000F043FFFFEF3F5555D53F97
:106BC0000000E03F4715F73FFE822B6544DF5DF88C
:106BD0000BAE543EA0F2FF300190C1F3130040F021
:106BE0007F6141F040510291FE498842D8BF0020A8
:106BF00004DDFD498142C8BF012001DD0D9008E0A0
:106C000000200D900198401C01900298A0F5801082
:106C100002900299F54878440B910D9900EBC10060
:106C2000D0E900230F9330460A920B99FEF7CCFA75
:106C3000CDE90601DDE90A2130460F9BFEF723FA74
:106C400002460B460020EA49FEF736FB0591024654
:106C50000B460090DDE90601FEF7BCFA1490E5480A
:106C60008A464FF0000878440299006812904FF06D
:106C7000005040EA61010D980F9B01EB804000F548
:106C8000002109910A9A1298FEF79EFA32460B9B50
:106C9000FEF79DFA42465346FEF79CFA06460291DD
:106CA00040465146099B129AFEF794FADDE9062305
:106CB000FEF78DFA3246029BFEF786FA059B009A94
:106CC000FEF788FA0091149A04905346104619462C
:106CD000FEF780FA06460246C7480B460291062197
:106CE0007844FEF719FFCDE90510029B32461046A5
:106CF0001946FEF76FFADDE90532FEF76BFA0591EA
:106D00000646534640461946149AFEF7BCF9009BC6
:106D1000049AFEF75FFA3246059BFEF7B4F9CDE917
:106D200005104246534610461946FEF753FA002214
:106D3000B24B02910A90FEF7A6F9DDE90532FEF7A3
:106D4000A2F90E464246AD4B4046FEF73DFA029B85
:106D50000A9AFEF739FADDE90532FEF738FA4246BB
:106D600002910A90334610465146FEF733FACDE9B8
:106D700006015346149A02990A98FEF72BFA8A469E
:106D800002903346424600990498FEF723FA534690
:106D9000029AFEF778F982460B4602460591DDE934
:106DA0000601FEF770F9DDE9062300208846064655
:106DB000FEF70AFA5246059BFEF709FA8246099148
:106DC0004FF060428E4B30464146FEF703FA049086
:106DD00006918C4A8A4B50460999FEF7FBF9824688
:106DE0000291894A894B30464146FEF7F3F95246F3
:106DF000029BFEF748F9864B7B440D9A03EBC203D6
:106E0000D3E90023FEF73FF90E9007910198FEF7B2
:106E1000C7FA0591DDE9061382460E9A0498FEF73B
:106E200032F97C4A7A440D9B02EBC303D3E9002379
:106E300000930292FEF727F95246059BFEF723F9CD
:106E40000026884652463046059BFEF7BDF9009B5A
:106E5000029AFEF7B9F9069B049AFEF7B5F9079B6B
:106E60000E9AFEF7B4F9024600200B46029038460F
:106E70002946FEF7AFF9824601912B46384619465E
:106E8000029AFEF7A1F932464346FEF7A3F95246AD
:106E9000019BFEF7F8F807468A46324643462946E4
:106EA0000298FEF797F905460E463A465346FEF716
:106EB000EAF8594A8846914221DBA8EB020353EADB
:106EC000000210D12A463346FEF77EF9CDE90401CF
:106ED000524A534B38465146FEF7D5F8DDE90423B4
:106EE000FEF70CFB21D20220FEF79CFEFEF77AFE95
:106EF0000A46214618B062F31E01BDE8F08D494BE9
:106F000028F000429A4210D3474A08EB020353EAA2
:106F100000027FF4C6AD2A463346FEF755F93A46DD
:106F20005346FEF7EBFA7FF6BCAD0022019228F043
:106F300000403E493E4A01EB2051824223DA481C80
:106F40004FF4801121FA00F040443A4AC0F30A514C
:106F50007A44394BA1F2FF31CB4020EA0303C0F35E
:106F6000130040F48010C1F11401C8401268019070
:106F7000B8F1000FBCBF4042019028463146FEF7F1
:106F800023F905460E462A46334638465146FEF753
:106F90007AF84FF000084246284B40460591FEF72C
:106FA00019F9CDE90601264A264B40460599FEF718
:106FB00011F9009102902A46334640460599FEF7A2
:106FC00003F93A465346FEF702F91F4A1F4BFEF7F4
:106FD00001F9009B029AFEF756F8074688460246DA
:106FE0000B4635E08E9803007AB60B009E10000029
:106FF0000000F03FD6100000041000000000084020
:1070000009C7EE3FFD033ADCF5015B14E02F3EBEFD
:10701000DC0E0000A00E000000009040FE822B65F8
:107020004715973C00CC904000346F3F01FCFFFFB8
:107030000000E03FEC0D0000FFFF0F00432EE63F95
:10704000396CA80C615C20BEEF39FAFE422EE63F97
:10705000DDE90601FEF717F8DDE9062305460E46D1
:10706000FEF7B2F83A464346FEF7B1F80F462A4615
:107070003346009010461946FEF7ACF882460246A9
:107080002E4888460B4605217844FEF745FD5246BA
:107090004346FEF79FF82A463346FEF798F88046A7
:1070A0008A463B4628463146009AFEF793F83B460F
:1070B000009AFDF7E8FF0691009000224FF0804310
:1070C00040465146FEF780F80F460C904246534624
:1070D00028463146FEF77EF83B460C9AFEF7ECF860
:1070E000069B009AFEF770F82A463346FEF76CF8C6
:1070F0000022134BFEF76BF8054601980E4601EB94
:1071000000510815002810DC28463146019AFEF788
:1071100051FBFEF7E9FC042808BFFEF76BFD28468B
:107120003146019AFEF746FB05460B4618B02A4643
:1071300058462146BDE8F04DFEF74CB88C0C0000D7
:107140000000F03F2DE9F04D07460E46FEF74AFBE2
:1071500004460D463A463346FEF739F8DFF86CA090
:10716000DFF86CB01B4B0746884616F0004F4FF017
:1071700000020AD0FEF7AAF90AD900225B46384677
:107180004146FEF7BBF91BD212E0FEF79FF908D289
:107190000022534620462946FEF716F804460D46BF
:1071A0000EE000225B4638464146FEF7A7F907D8B5
:1071B0000022534620462946FDF765FF04460D464A
:1071C0003146204665F31E01BDE8F08D0000F03F1A
:1071D0000000E03F0000E0BF2DE9F04106460F4609
:1071E000FEF7C1FB041E0D4618BF0120284320F006
:1071F0000040C0F17F6000F1E040C00F0ED0301CB5
:1072000018BF0120384320F00040C0F17F6000F13A
:10721000E040C00F04BF0120FEF704FD20462946D0
:10722000BDE8F08160EA00000200010003000400F4
:10723000000000000000000000000200000000004C
:10724000000000000100090000000000060000002E
:10725000000000000000000000000000000000002E
:1072600000E180250300000000000300B3011400CA
:1072700009000700020001000000000000000400F7
:107280008000E803E803000000C1814001C08041A4
:1072900001C0804100C1814001C0804100C18140E6
:1072A00000C1814001C0804101C0804100C18140D6
:1072B00000C1814001C0804100C1814001C08041C6
:1072C00001C0804100C1814001C0804100C18140B6
:1072D00000C1814001C0804100C1814001C08041A6
:1072E00001C0804100C1814000C1814001C0804196
:1072F00001C0804100C1814001C0804100C1814086
:1073000000C1814001C0804101C0804100C1814075
:1073100000C1814001C0804100C1814001C0804165
:1073200001C0804100C1814000C1814001C0804155
:1073300001C0804100C1814001C0804100C1814045
:1073400000C1814001C0804100C1814001C0804135
:1073500001C0804100C1814001C0804100C1814025
:1073600000C1814001C0804101C0804100C1814015
:1073700000C1814001C0804100C1814001C0804105
:1073800001C0804100C1814000C0C101C30302C2ED
:10739000C60607C705C5C404CC0C0DCD0FCFCE0E55
:1073A0000ACACB0BC90908C8D81819D91BDBDA1AC5
:1073B0001EDEDF1FDD1D1CDC14D4D515D71716D635
:1073C000D21213D311D1D010F03031F133F3F232A5
:1073D00036F6F737F53534F43CFCFD3DFF3F3EFE15
:1073E000FA3A3BFB39F9F83828E8E929EB2B2AEA85
:1073F000EE2E2FEF2DEDEC2CE42425E527E7E626F5
:1074000022E2E323E12120E0A06061A163A3A26264
:1074100066A6A767A56564A46CACAD6DAF6F6EAED4
:10742000AA6A6BAB69A9A86878B8B979BB7B7ABA44
:10743000BE7E7FBF7DBDBC7CB47475B577B7B676B4
:1074400072B2B373B17170B0509091519353529224
:1074500096565797559594549C5C5D9D5F9F9E5E94
:107460005A9A9B5B99595898884849894B8B8A4A04
:107470004E8E8F4F8D4D4C8C448485458747468674
:1074800082424383418180402A39392A2A2A312382
:1074900000434D4E45540000000000000000000075
:1074A00000000000000000000000313339313233A9
:1074B000343536373800010001900100001E00000D
:1074C000002580030000030A000002003C000007C2
:1074D0002F5D06FA276A4027000000000000000028
:1074E00013902748000000001389138A138B138C14
:1074F0000000000001010101001800180018001828
:107500000014001400140014050505050505050503
:1075100007070707000C000C000C000C020005CA4E
:1075200060868500000000000000000000000000F0
:10753000000000000000000000000000000000004B
:10754000000000000000000000000000000000003B
:10755000000000000000000000000000000000002B
:10756000000000000000000000000000000000001B
:10757000000000000000000000000000000000000B
:1075800000000000000000000000000000000000FB
:1075900000000000000000000000000000000000EB
:1075A00000000000000000000105060708090A0BA2
:1075B0000C0D0E0F101112131420304050223242C5
:1075C00052233343532434445425354555263646F7
:1075D000562737475728384858293949592B3B4BA4
:1075E0005B2C3C4C5C606162632131415170717372
:1075F00074750008180B0202010102010801010163
:107600000102020104040404020202020202020254
:107610000101010101010101020202020202020252
:107620000101010101010101010101010202020246
:10763000010204021F1F1F1F070813060500000098
:10764000090022002E0030003200330034003600E2
:1076500037003F0040004100420043004500470022
:1076600048004C005000540058005A005C005E0076
:107670006000620064006600680069006A006B00D8
:107680006C006D006E006F00700072007400760078
:1076900078007A007C007E008000810082008300F8
:1076A0008400850086008700880089008A008B009E
:1076B0008C008E00900092009400950097009B0033
:1076C0009D00BC00DB00FA0000000000000000008C
:1076D0000000000007080B121322324252233343EA
:1076E0005326364656273747572C3C4C5C6163007F
:1076F0007B01001631333931323334353637380AAD
:10770000669A000FA27B7B0B016C31333931323327
:107710003435363738010A2A39392A2A2A312302E0
:1077200002030204027B0D0010313339313233344D
:10773000353637387B7B09001031333931323334F9
:10774000353637387B352E33310000003230323554
:107750003032323156352E332D463130332D3447C9
:10776000202053414E4C45595A4750333331205312
:107770006574204F4B212020536574204661696C4D
:10778000212020506172616D6574657220457272AE
:107790006F72212020436F6D6D616E64204572729F
:1077A0006F7221202050617373776F72642045726D
:1077B000726F7221202052656164204F4B2120207E
:1077C000506172616D657465723A2020447475521F
:1077D0006573746172742C204474754861726452CC
:1077E0006573746172742C20536D73436F6E747281
:1077F0006F6C53746F702C20536D73436F6E747283
:107800006F6C52756E2C20536D735761746368648E
:107810006F67526573746172742C20426175645293
:1078200061746520506172204572726F7221202050
:10783000446174614269744C656E6774682050617C
:1078400072204572726F7221202053746F704269EA
:10785000744C656E67746820506172204572726F57
:10786000722120205061726974794269744C656E8E
:1078700067746820506172204572726F72212020F7
:10788000466C6F77436F6E74726F6C20506172201C
:107890004572726F7221202053657269616C2050AD
:1078A0006F7274204974656D204C61636B20457262
:1078B000726F72212020537472696E67204C656E5E
:1078C000677468204F7665726C6F6E6720457272C0
:1078D0006F722120205468697320697320612074BD
:1078E00065737420534D532120000000D47D03089C
:1078F000D07D030800002110422063308440A55051
:10790000C660E770088129914AA16BB18CC1ADD1E5
:10791000CEE1EFF13112100273325222B55294428D
:10792000F772D662399318837BB35AA3BDD39CC335
:10793000FFF3DEE36224433420040114E664C774D9
:10794000A44485546AA54BB528850995EEE5CFF585
:10795000ACC58DD55336722611163006D776F6662D
:107960009556B4465BB77AA719973887DFF7FEE7D5
:107970009DD7BCC7C448E5588668A77840086118F9
:1079800002282338CCC9EDD98EE9AFF94889699925
:107990000AA92BB9F55AD44AB77A966A711A500ACD
:1079A000333A122AFDDBDCCBBFFB9EEB799B588B75
:1079B0003BBB1AABA66C877CE44CC55C222C033C19
:1079C000600C411CAEED8FFDECCDCDDD2AAD0BBDC5
:1079D000688D499D977EB66ED55EF44E133E322E6D
:1079E000511E700E9FFFBEEFDDDFFCCF1BBF3AAF15
:1079F000599F788F8891A981CAB1EBA10CD12DC173
:107A00004EF16FE18010A100C230E3200450254008
:107A100046706760B9839893FBA3DAB33DC31CD368
:107A20007FE35EF3B1029012F322D2323542145258
:107A300077625672EAB5CBA5A89589856EF54FE5B4
:107A40002CD50DC5E234C324A014810466744764A8
:107A500024540544DBA7FAB79987B8975FE77EF708
:107A60001DC73CD7D326F2369106B01657667676F8
:107A7000154634564CD96DC90EF92FE9C899E989D4
:107A80008AB9ABA94458654806782768C018E10848
:107A90008238A3287DCB5CDB3FEB1EFBF98BD89BA8
:107AA000BBAB9ABB754A545A376A167AF10AD01A98
:107AB000B32A923A2EFD0FED6CDD4DCDAABD8BADF4
:107AC000E89DC98D267C076C645C454CA23C832CE8
:107AD000E01CC10C1FEF3EFF5DCF7CDF9BAFBABF48
:107AE000D98FF89F176E367E554E745E932EB23E38
:107AF000D10EF01E00000000417574196F240F4074
:107B00002EBAACDA271210404032C4C178C61040F9
:107B1000661330AC68461140E029CEF6B9FA114040
:107B20000101CEFEA97A12408021D82BFB2E1340F2
:107B30002019E2603C631440C010EC957D9715401D
:107B40006008F6CABECB164000000000006063C0AB
:107B500000000000006063C000000000006063C01F
:107B600000000000006063C000000000006063C00F
:107B700000000000006063C000000000006063C0FF
:107B800000000000006063C000000000006063C0EF
:107B900000000000006063C00000000000C062C080
:107BA0000000000000C062C00000000000C062C011
:107BB0000000000000C062C00000000000C062C001
:107BC0000000000000C062C00000000000C062C0F1
:107BD0000000000000C062C00000000000C062C0E1
:107BE0000000000000C062C020AEA036E07D0B3770
:107BF000A017083660F0AF3660F0AF36403D2E3645
:107C0000C0AFD235000D993620A5633680A3313739
:107C10004061223760DE353640466B36A032BF36D3
:107C2000A032BF36A00ECB35E0625436A0443937BF
:107C3000A00ECB35809AF436001F1337E050DA35AA
:107C400040466B36809AF43680A33137807F3D36CC
:107C50000016D636A03BFC36C0C14C36809AF436AE
:107C600060DE353680A33137809AF4368091B7369E
:107C700060022A3700FB1E3660F0AF36A044393769
:107C8000209C2636000D993660D5F835000D9936C2
:107C9000C0AFD2354034F135C0CA893640466B3664
:107CA000C0B80F36807F3D36A044393760022A378E
:107CB000C0C14C3600000000000000000000F03F92
:107CC000000000000000F83F00000000000000007D
:107CD0000000004003B8E23F000000000000000088
:107CE00006D0CF43EBFD4C3E033333333333E33F16
:107CF000FFAB6FDBB66DDB3F4D268F515555D53F42
:107D000001411DA96074D13F65DBC9934A86CD3F0F
:107D1000EF4E454A287ECA3F3E5555555555C53FFD
:107D200093BDBE166CC166BF2CDE25AF6A56113FEF
:107D3000F16BD2C541BDBBBED0A4BE726937663EF1
:107D40000000000000000000004040404040404073
:107D5000404041414141414040404040404040401E
:107D600040404040404040404005020202020202C2
:107D70000202020202020202022020202020202011
:107D80002020200202020202020290909090909025
:107D900010101010101010101010101010101010E3
:107DA0001010101002020202020288888888888857
:107DB0000808080808080808080808080808080843
:107DC000080808080202020240000000497D03087A
:107DD00054435000554450000068000800680008F3
:107DE0002C240300125C03080068000800680008E7
:107DF0002C240300125C03082C8C030800000020D4
:107E000058080000245A0308D08C030858080020A2
:107E1000407D0000145C030800000000000000002A
:107E20000000000000000000000000000000000052
:107E30000000000000000000000000000000000042
:107E40000000000000000000000000000000000032
:107E50000000000000000000000000000000000022
:107E60000000000000000000000000000000000012
:107E70000000000000000000000000000000000002
:107E800000000000000000000000000000000000F2
:107E900000000000000000000000000000000000E2
:107EA00000000000000000000000000000000000D2
:107EB00000000000000000000000000000000000C2
:107EC00000000000000000000000000000000000B2
:107ED00000000000000000000000000000000000A2
:107EE0000000000000000000000000000000000092
:107EF0000000000000000000000000000000000082
:107F00000000000000000000000000000000000071
:107F10000000000000000000000000000000000061
:107F20000000000000000000000000000000000051
:107F30000000000000000000000000000000000041
:107F40000000000000000000000000000000000031
:107F50000000000000000000000000000000000021
:107F60000000000000000000000000000000000011
:107F70000000000000000000000000000000000001
:107F800000000000000000000000000000000000F1
:107F900000000000000000000000000000000000E1
:107FA00000000000000000000000000000000000D1
:107FB00000000000000000000000000000000000C1
:107FC00000000000000000000000000000000000B1
:107FD00000000000000000000000000000000000A1
:107FE0000000000000000000000000000000000091
:107FF0000000000000000000000000000000000081
:108000000000000000000000000000000000000070
:108010000000000000000000000000000000000060
:108020000000000000000000000000000000000050
:108030000000000000000000000000000000000040
:108040000000000000000000000000000000000030
:108050000000000000000000000000000000000020
:108060000000000000000000000000000000000010
:108070000000000000000000000000000000000000
:1080800000000000000000000000000000000000F0
:1080900000000000000000000000000000000000E0
:1080A00000000000000000000000000000000000D0
:1080B00000000000000000000000000000000000C0
:1080C00000000000000000000000000000000000B0
:1080D00000000000000000000000000000000000A0
:1080E0000000000000000000000000000000000090
:1080F0000000000000000000000000000000000080
:10810000000000000000000000000000000000006F
:10811000000000000000000000000000000000005F
:10812000000000000000000000000000000000004F
:10813000000000000000000000000000000000003F
:10814000000000000000000000000000000000002F
:10815000000000000000000000000000000000001F
:10816000000000000000000000000000000000000F
:1081700000000000000000000000000000000000FF
:1081800000000000000000000000000000000000EF
:1081900000000000000000000000000000000000DF
:1081A00000000000000000000000000000000000CF
:1081B00000000000000000000000000000000000BF
:1081C00000000000000000000000000000000000AF
:1081D000000000000000000000000000000000009F
:1081E000000000000000000000000000000000008F
:1081F000000000000000000000000000000000007F
:10820000000000000000000000000000000000006E
:10821000000000000000000000000000000000005E
:10822000000000000000000000000000000000004E
:10823000000000000000000000000000000000003E
:10824000000000000000000000000000000000002E
:10825000000000000000000000000000000000001E
:10826000000000000000000000000000000000000E
:1082700000000000000000000000000000000000FE
:1082800000000000000000000000000000000000EE
:1082900000000000000000000000000000000000DE
:1082A00000000000000000000000000000000000CE
:1082B00000000000000000000000000000000000BE
:1082C00000000000000000000000000000000000AE
:1082D000000000000000000000000000000000009E
:1082E000000000000000000000000000000000008E
:1082F000000000000000000000000000000000007E
:10830000000000000000000000000000000000006D
:10831000000000000000000000000000000000005D
:10832000000000000000000000000000000000004D
:10833000000000000000000000000000000000003D
:10834000000000000000000000000000000000002D
:10835000000000000000000000000000000000001D
:10836000000000000000000000000000000000000D
:1083700000000000000000000000000000000000FD
:1083800000000000000000000000000000000000ED
:1083900000000000000000000000000000000000DD
:1083A00000000000000000000000000000000000CD
:1083B00000000000000000000000000000000000BD
:1083C00000000000000000000000000000000000AD
:1083D000000000000000000000000000000000009D
:1083E000000000000000000000000000000000008D
:1083F000000000000000000000000000000000007D
:10840000000000000000000000000000000000006C
:10841000000000000000000000000000000000005C
:10842000000000000000000000000000000000004C
:10843000000000000000000000000000000000003C
:10844000000000000000000000000000000000002C
:10845000000000000000000000000000000000001C
:10846000000000000000000000000000000000000C
:1084700000000000000000000000000000000000FC
:1084800000000000000000000000000000000000EC
:1084900000000000000000000000000000000000DC
:1084A00000000000000000000000000000000000CC
:1084B00000000000000000000000000000000000BC
:1084C00000000000000000000000000000000000AC
:1084D000000000000000000000000000000000009C
:1084E000000000000000000000000000000000008C
:1084F000000000000000000000000000000000007C
:10850000000000000000000000000000000000006B
:10851000000000000000000000000000000000005B
:10852000000000000000000000000000000000004B
:10853000000000000000000000000000000000003B
:10854000000000000000000000000000000000002B
:10855000000000000000000000000000000000001B
:10856000000000000000000000000000000000000B
:1085700000000000000000000000000000000000FB
:1085800000000000000000000000000000000000EB
:1085900000000000000000000000000000000000DB
:1085A00000000000000000000000000000000000CB
:1085B00000000000000000000000000000000000BB
:1085C00000000000000000000000000000000000AB
:1085D000000000000000000000000000000000009B
:1085E000000000000000000000000000000000008B
:1085F000000000000000000000000000000000007B
:10860000000000000000000000000000000000006A
:10861000000000000000000000000000000000005A
:10862000000000000000000000000000000000004A
:10863000000000000000000000000000000000003A
:10864000000000000000000000000000000000002A
:10865000000000000000000000000000000000001A
:10866000000000000000000000000000000000000A
:1086700000000000000000000000000000000000FA
:1086800000000000000000000000000000000000EA
:1086900000000000000000000000000000000000DA
:1086A00000000000000000000000000000000000CA
:1086B00000000000000000000000000000000000BA
:1086C00000000000000000000000000000000000AA
:1086D000000000000000000000000000000000009A
:1086E000000000000000000000000000000000008A
:1086F000000000000000000000000000000000007A
:108700000000000000000000000000000000000069
:108710000000000000000000000000000000000059
:108720000000000000000000000000000000000049
:108730000000000000000000000000000000000039
:108740000000000000000000000000000000000029
:108750000000000000000000000000000000000019
:108760000000000000000000000000000000000009
:1087700000000000000000000000000000000000F9
:1087800000000000000000000000000000000000E9
:1087900000000000000000000000000000000000D9
:1087A00000000000000000000000000000000000C9
:1087B00000000000000000000000000000000000B9
:1087C00000000000000000000000000000000000A9
:1087D0000000000000000000000000000000000099
:1087E0000000000000000000000000000000000089
:1087F0000000000000000000000000000000000079
:108800005A475033333100000000000000000000E0
:108810000000000000000000000000000000000058
:108820000000000000000000000000000000000048
:108830000000000000000000000000000000000038
:108840000000000000000000000000000000000028
:108850000000000000000000000000000000000018
:108860000000000000000000000000000000000008
:1088700000000000000000000000000000000000F8
:1088800000000000000000000000000000000000E8
:1088900000000000000000000000000000000000D8
:1088A00000000000000000000000000000000000C8
:1088B00000000000000000000000000000000000B8
:1088C00000000000000000000000000000000000A8
:1088D0000000000000000000000000000000000098
:1088E0000000000000000000000000000000000088
:1088F0000000000000000000000000000000000078
:108900000000000000000000000000000000000067
:108910000000000000000000000000000000000057
:108920000000000000000000000000000000000047
:108930000000000000000000000000000000000037
:108940000000000000000000000000000000000027
:108950000000000000000000000000000000000017
:108960000000000000000000000000000000000007
:1089700000000000000000000000000000000000F7
:1089800000000000000000000000000000000000E7
:1089900000000000000000000000000000000000D7
:1089A00000000000000000000000000000000000C7
:1089B00000000000000000000000000000000000B7
:1089C00000000000000000000000000000000000A7
:1089D0000000000000000000000000000000000097
:1089E0000000000000000000000000000000000087
:1089F0000000000000000000000000000000000077
:108A00000000000000000000000000000000000066
:108A10000000000000000000000000000000000056
:108A20000000000000000000000000000000000046
:108A30000000000000000000000000000000000036
:108A40000000000000000000000000000000000026
:108A50000000000000000000000000000000000016
:108A60000000000000000000000000000000000006
:108A700000000000000000000000000000000000F6
:108A800000000000000000000000000000000000E6
:108A900000000000000000000000000000000000D6
:108AA00000000000000000000000000000000000C6
:108AB00000000000000000000000000000000000B6
:108AC00000000000000000000000000000000000A6
:108AD0000000000000000000000000000000000096
:108AE0000000000000000000000000000000000086
:108AF0000000000000000000000000000000000076
:108B00000000000000000000000000000000000065
:108B10000000000000000000000000000000000055
:108B20000000000000000000000000000000000045
:108B30000000000000000000000000000000000035
:108B40000000000000000000000000000000000025
:108B50000000000000000000000000000000000015
:108B60000000000000000000000000000000000005
:108B700000000000000000000000000000000000F5
:108B800000000000000000000000000000000000E5
:108B900000000000000000000000000000000000D5
:108BA00000000000000000000000000000000000C5
:108BB00000000000000000000000000000000000B5
:108BC00000000000000000000000000000000000A5
:108BD0000000000000000000000000000000000095
:108BE0000000000000000000000000000000000085
:108BF0000000000000000000000000000000000075
:108C000073697A653A4141414141414141414141A4
:108C1000414141413A302E302E3200000000000028
:108C20000000000000000000000000001184A24AC3
:108C300004680901020304060708090C691005FF0E
:108C4000020406085115E8F7FF1F84E001081334F9
:108C50000102FF20019902B764278025DB338025BC
:108C60002350C3321414A0860114F04902540101A8
:108C7000FF0223200A12011459152809C092ED1988
:108C8000140707020F32044BE803040A23804C49FF
:108C9000462818158C0308687474703A2F2F6F7467
:108CA000612E73616E6C692E636E0D001AFF2F6862
:108CB000617264776172652F5A47503333312F697F
:108CC0006E666F2E74787401FF01FF01F3000000DF
:040000050800693155
:00000001FF
