:020000040800F2
:10C800009885002011EF000821AB010823AB010837
:10C8100027AB01082BAB01082FAB0108000000007B
:10C8200000000000000000000000000033AB010821
:10C8300035AB01080000000037AB010839AB010837
:10C840002BEF00082BEF00082BEF00082BEF000860
:10C850002BEF00082BEF00082BEF00082BEF000850
:10C86000A1B001082BEF00082BEF00082BEF000808
:10C870002BEF00082BEF00082BEF00082BEF000830
:10C880002BEF00082BEF00082BEF00082BEF000820
:10C890002BEF00082BEF00082BEF0008BDB00108BC
:10C8A0002BEF00082BEF00082BEF00082BEF000800
:10C8B000DDB001082BEF00082BEF00082BEF00087C
:10C8C0002BEF00082BEF00082BEF00082BEF0008E0
:10C8D0002BEF0008D5AC0108BBAD010859AE01082B
:10C8E0002BEF00082BEF00082BEF00082BEF0008C0
:10C8F0002BEF00082BEF00082BEF00082BEF0008B0
:10C900002BEF00082BEF00082BEF00082BEF00089F
:10C91000FDAF01082BEF00082BEF00082BEF0008FC
:10C920002BEF00082BEF00082BEF00082BEF00087F
:10C93000DFF80CD031F00EFD0048004745F3000849
:10C940009885002080F30888704700000CB500200F
:10C95000019000906C48006840F480306A4908609B
:10C9600000BF6948006800F4003000900198401C46
:10C970000190009818B90198B0F5A06FF1D1624804
:10C98000006800F4003010B10120009001E00020A8
:10C9900000900098012843D15C48006840F01000E6
:10C9A0005A4908600846006820F0030008600846FD
:10C9B000006840F0020008605348406852494860EF
:10C9C0000846406848600846406840F48060486017
:10C9D0000846406820F47C1048600846406840F4EF
:10C9E000E81048600846006840F08070086000BFAA
:10C9F0004548006800F000700028F9D042484068BF
:10CA000020F00300404948600846406840F00200BA
:10CA1000486000BF3C48406800F00C000828F9D18D
:10CA20000CBD10B5FFF792FF10BD10B53648006879
:10CA300040F0010034490860084640683449084025
:10CA40003149486008460068324908402E4908606C
:10CA50000846006820F4802008600846406820F4FA
:10CA6000FE0048604FF41F008860FFF7DAFF4FF0C8
:10CA700000602949086010BD10B500210020002287
:10CA8000214B5B6803F00C0121B1042906D0082971
:10CA900028D107E0214B224C236027E01F4B204C7C
:10CAA000236023E0184B5B6803F47010164B5B683F
:10CAB00003F48032022303EB904022B9194B434325
:10CAC000174C23600DE0104B5B6803F4003323B177
:10CAD000144B4343124C236003E0104B4343104C70
:10CAE000236003E00D4B0E4C236000BF00BF064BDC
:10CAF0005B68C3F303130C4CE15C094B1B68CB4030
:10CB0000074C236010BD00000010024000200240CE
:10CB10000000FFF8FFFFF6FE08ED00E000127A00CB
:10CB20000000002000093D0004000020DF480068EC
:10CB300040F00100DD49086008464068DC490840D3
:10CB4000DA49486008460068DA490840D749086071
:10CB50000846006820F4802008600846406820F4F9
:10CB6000FE0048604FF41F0088607047CF49096895
:10CB700021F48031CD4A11601146096821F48021E9
:10CB80001160B0F5803F03D0B0F5802F0ED106E0E4
:10CB9000C649096841F48031C44A116007E0C349BD
:10CBA000096841F4A021C14A116000E000BF00BF44
:10CBB000704710B501460022002300204A11012AC7
:10CBC00002D1BA4C236806E0022A02D1B74C236A8C
:10CBD00001E0B64C636A01F01F02012494401C403E
:10CBE0000CB1012000E0002010BD38B500200090FD
:10CBF0000024002500BF3120FFF7DBFF0546009829
:10CC0000401C00900098B0F5A06F01D0002DF2D02C
:10CC10003120FFF7CEFF08B1012400E000242046B8
:10CC200038BD01460020A14A106820F0F80040EA13
:10CC3000C10010607047A04908607047024600209C
:10CC40009A4B586820F47C1042EA01031843974B32
:10CC50005860704798490866704701460020934A1B
:10CC6000506820F003000843506070478F484068C8
:10CC700000F00C007047014600208C4A506820F0FC
:10CC8000F00008435060704701460020874A506812
:10CC900020F4E06008435060704701460020834A5A
:10CCA000506820F4605040EAC1005060704729B1DC
:10CCB0007E4A527A02437D4B5A7204E07B4A527A92
:10CCC00082437A4B5A7270477B49D831086070476B
:10CCD00001460020754A506820F4404008435060E7
:10CCE00070470021714A20321170704A82F820107A
:10CCF000012802D004280AD104E001216B4A203225
:10CD0000117005E00521694A2032117000E000BF72
:10CD100000BF70476949086070476449096A014368
:10CD2000624A11627047654944390860704730B5FE
:10CD300000210022002400235C4D6D6805F00C01E9
:10CD400021B1042905D0082923D105E05C4D0560F7
:10CD500022E05B4D05601FE0544D6D6805F47012D4
:10CD6000524D6D6805F48034022505EB92421CB9E2
:10CD7000544D554305600BE04C4D6D6805F400358E
:10CD80001DB1504D5543056002E04D4D55430560C2
:10CD900002E04B4D056000BF00BF444D6D6805F0DB
:10CDA000F0010909484D6B5C0568DD4045603F4D69
:10CDB0006D6805F4E061090A434D6B5C4568DD4030
:10CDC00085603A4D6D6805F46051C90A3E4D6B5C53
:10CDD0004568DD40C560354D6D6805F44041890BFF
:10CDE0003A4D6B5CC568B5FBF3F5056130BD29B103
:10CDF0002E4A526902432D4B5A6104E02B4A526974
:10CE000082432A4B5A61704729B1284A92690243EA
:10CE1000264B9A6104E0254A92698243234B9A612A
:10CE2000704729B1214AD2690243204BDA6104E0FC
:10CE30001E4AD26982431D4BDA61704729B11B4AF1
:10CE4000D2680243194BDA6004E0184AD268824380
:10CE5000164BDA60704729B1144A12690243134B2A
:10CE60001A6104E0114A12698243104B1A6170473B
:10CE700012494039086070470F49C86470470B4930
:10CE8000C87170470948406A40F08070074948629D
:10CE9000704701460020054A92680A400AB1012005
:10CEA00000E000207047014988727047001002407E
:10CEB0000000FFF8FFFFF6FE0000424280044242FD
:10CEC00000127A0000093D00140000202400002018
:10CED00031490143314A1160704770B50021002388
:10CEE0000F22C47804B32D4C246804F4E064C4F524
:10CEF000E064210AC1F10403CA40447804FA03F152
:10CF00008478144021430901254C0678A155047802
:10CF100004F01F050124AC4005786D11AD0005F14A
:10CF2000E025C5F8004109E0047804F01F0501245C
:10CF3000AC401C4D0678761145F8264070BD1A4A63
:10CF40000A400243154B1B1F1A60704739B1134A40
:10CF5000121D12680243114B1B1D1A6006E00F4A96
:10CF6000121D126882430D4B1B1D1A607047042866
:10CF700008D14FF0E021096941F004014FF0E022AF
:10CF8000116107E04FF0E021096921F004014FF041
:10CF9000E0221161704700000000FA050CED00E08E
:10CFA00000E400E080E100E080FFFF1F10B50446D0
:10CFB000CC48844208D101210420FFF73FFF002123
:10CFC0000420FFF73BFF46E0C748844208D1012117
:10CFD0000820FFF733FF00210820FFF72FFF3AE07A
:10CFE000C248844208D101211020FFF727FF002109
:10CFF0001020FFF723FF2EE0BD48844208D1012115
:10D000002020FFF71BFF00212020FFF717FF22E061
:10D01000B848844208D101214020FFF70FFF0021CA
:10D020004020FFF70BFF16E0B348844208D10121EE
:10D030008020FFF703FF00218020FFF7FFFE0AE0BA
:10D04000AE48844207D101218015FFF7F7FE002189
:10D05000A015FFF7F3FE10BD10B501210846FFF73C
:10D06000EDFE00210120FFF7E9FE10BD2DE9F041A2
:10D07000024600250026002000230024002791F806
:10D0800003C00CF00F0591F803C00CF0100CBCF1BC
:10D09000000F03D091F802C04CEA050591F800C0DA
:10D0A000BCF1000F31D0146800202BE04FF0010CD0
:10D0B0000CFA00F3B1F800C00CEA03069E4220D13E
:10D0C00083004FF00F0C0CFA03F7BC4305FA03FC86
:10D0D0004CEA040491F803C0BCF1280F06D14FF0CC
:10D0E000010C0CFA00FCC2F814C00AE091F803C06D
:10D0F000BCF1480F05D14FF0010C0CFA00FCC2F84E
:10D1000010C0401C0828D1D31460B1F800C0BCF195
:10D11000FF0F34DD546800202EE000F1080C4FF0C2
:10D12000010808FA0CF3B1F800C00CEA03069E42AD
:10D1300021D183004FF00F0C0CFA03F7BC4305FA22
:10D1400003FC4CEA040491F803C0BCF1280F05D19C
:10D1500000F1080C08FA0CF8C2F8148091F803C02A
:10D16000BCF1480F07D100F1080C4FF0010808FA94
:10D170000CF8C2F81080401C0828CED35460BDE8DB
:10D18000F0814FF6FF710180022181700421C1708E
:10D1900070470246002093680B400BB1012000E06D
:10D1A000002070470146886880B270470246002020
:10D1B000D3680B400BB1012000E00020704701460E
:10D1C000C86880B2704701617047416170470AB119
:10D1D000016100E041617047C16070474FF48032E7
:10D1E0000A43826181618261826982697047024675
:10D1F0000020434B18684FF68073184040EA021035
:10D2000008433F4B186070473E49C8617047F0B50E
:10D210000A46002300240021002500F00046B6F154
:10D22000004F02D1364EF16901E0354E7168C0F30E
:10D23000034583B200F44016B6F5401F08D121F033
:10D2400070612F4E766826F070662D4F7E6012E07A
:10D2500000F48016B6F5801F06D1032606FA05F401
:10D26000A14341F0706106E0460D360103FA06F66F
:10D27000B14341F0706122B1460D360103FA06F662
:10D28000314300F00046B6F1004F02D11C4EF1616F
:10D2900001E01B4E7160F0BD30B500228B071C0F02
:10D2A0000F2303FA04F2164B08338C1053F8243082
:10D2B0009343134C08348D1044F8253023468C10CA
:10D2C00053F824308C07240F00FA04F423430C4C49
:10D2D00008348D1044F8253030BD0A49DC3108602F
:10D2E0007047000000080140000C014000100140A0
:10D2F0000014014000180140001C014000200140C2
:10D30000000001400000204210B50446FB48844262
:10D3100009D101218803FFF791FD00214FF48040DE
:10D32000FFF78CFD32E0F648844209D10121480420
:10D33000FFF791FD00214FF40030FFF78CFD25E051
:10D34000F048844209D101218804FFF784FD0021BF
:10D350004FF48020FFF77FFD18E0EB48844209D1AD
:10D360000121C804FFF777FD00214FF40020FFF7EB
:10D3700072FD0BE0E548844208D101210805FFF762
:10D380006AFD00214FF48010FFF765FD10BD2DE907
:10D39000F04786B005460E460024A24600BFA146CF
:10D3A0000027B08900B100BF2F462C8A4CF6FF70D1
:10D3B0000440F08804432C82AC894EF6F3100440FC
:10D3C000B08831890843718908430443AC81AC8A31
:10D3D0004FF6FF400440B0890443AC8201A8FFF738
:10D3E000A6FCC648874202D1DDF810A001E0DDF8B6
:10D3F0000CA0A88900F4004040B10AEBCA0000EB81
:10D400000A1031684900B0FBF1F807E00AEBCA00E6
:10D4100000EB0A1031688900B0FBF1F86420B8FB1A
:10D42000F0F004012009642101FB1089A88900F4AF
:10D43000004040B1322000EBC900B0FBF1F000F039
:10D440000700044308E0322000EB09106421B0FB20
:10D45000F1F000F00F0004432C8106B0BDE8F08726
:10D460004FF41651016000218180C18001810C219F
:10D47000418100218181704710B502460020108A49
:10D480004FF2FF0318400B884C8823438C882343BA
:10D49000CC8823431843108210BD002101804180B5
:10D4A0008180C180704721B1828942F4005282811B
:10D4B00004E082894DF6FF731A4082817047F0B50F
:10D4C0000346002400260025002040F66A17B942D2
:10D4D00000D100BF1846C1F3421401F01F06012716
:10D4E00007FA06F5012C01D10C3004E0022C01D121
:10D4F000103000E014301AB107682F43076002E0D3
:10D500000768AF430760F0BD1AB1838A0B4383827B
:10D5100002E0838A8B4383827047028A4FF6F0735E
:10D520001A400282028A0A430282704782894FF2BD
:10D53000FF731A40828182890A438281704721B138
:10D54000828942F00202828104E082894FF6FD73F3
:10D550001A4082817047028A4FF6DF731A400282B6
:10D56000028A0A430282704721B1028A42F4804251
:10D57000028204E0028A4BF6FF731A40028270476F
:10D58000C1F308028280704701468888C0F3080012
:10D590007047818941F0010181817047028BD2B2CD
:10D5A0000283028B42EA012202837047028B02F45B
:10D5B0007F420283028B0A430283704721B1828A31
:10D5C00042F02002828204E0828A4FF6DF731A4022
:10D5D0008282704721B1828A42F01002828204E086
:10D5E000828A4FF6EF731A408282704721B1828A95
:10D5F00042F00802828204E0828A4FF6F7731A40F2
:10D600008282704721B1828942F40042828103E024
:10D610008289C2F30E028281704721B1828A42F46C
:10D620000062828204E0828A4FF2FF731A40828293
:10D630007047828A4FF6FB731A408282828A0A43BD
:10D640008282704721B1828A42F00202828204E023
:10D65000828A4FF6FD731A4082827047024600208C
:10D66000B1F5007F00D100BF13880B400BB1012042
:10D6700000E00020704701F40072B2F5007F00D195
:10D6800000BFCA430280704770B5024600240023E1
:10D690000025002040F66A16B14200D100BFC1F358
:10D6A000421501F01F03012606FA03F3012D02D1F2
:10D6B0009689334006E0022D02D1168A334001E0FC
:10D6C000968A33400C12012606FA04F41688344078
:10D6D00013B10CB1012000E0002070BD10B5002294
:10D6E000002340F66A14A14200D100BF0A120124AF
:10D6F0009440A3B2DC43048010BD00000038014018
:10D700000044004000480040004C004000500040F1
:10D7100001460020FE4A106800F0380008431060FF
:10D720007047FB49096821F00801F94A1160114668
:10D730000968014311607047F549096821F010013B
:10D74000F34A116011460968014311607047F148BE
:10D75000EF494860F04848607047EE48EC4948603F
:10D76000ED4848607047EA48006940F08000E849A9
:10D7700008617047E648006940F08000E4490861AC
:10D7800070470420E249C96801F0010109B1012094
:10D790000EE0DF49C96801F0040109B1022007E089
:10D7A000DB49C96801F0100109B1032000E0042041
:10D7B000704700B502460423FFF7E3FF034603E08A
:10D7C000FFF7DFFF0346521E012B01D1002AF7D1DC
:10D7D00002B90523184600BD30B5044604254FF4B0
:10D7E0003020FFF7E6FF0546042D17D1C848006931
:10D7F00040F00200C649086108464461006940F0F3
:10D80000400008614FF43020FFF7D3FF0546C048C1
:10D81000006941F6FD710840BD490861284630BDE8
:10D8200010B504244FF43020FFF7C3FF0446042C46
:10D8300016D1B748006940F00400B54908610846B0
:10D84000006940F0400008614FF43020FFF7B1FF5D
:10D850000446AF48006941F6FB710840AC490861D5
:10D86000204610BD00B502460423FFF78AFF034699
:10D8700003E0FFF786FF0346521E012B01D1002A69
:10D88000F7D102B90523184600BD10B504244FF4A2
:10D890003020FFF7E7FF0446042C16D19C480069AE
:10D8A00040F004009A4908610846006940F04000D1
:10D8B00008614FF43020FFF7D5FF04469448006913
:10D8C00041F6FB71084092490861204610BD0020D6
:10D8D0008F49C96901F0020109B1012000E000206F
:10D8E000704730B5A5250424FFF7F1FF00B10025EE
:10D8F0004FF43020FFF75DFF0446042C3AD18548F1
:10D9000083498860844888600846006940F02000A8
:10D9100008610846006940F0400008614FF430207B
:10D92000FFF747FF0446042C1BD17948006941F6F4
:10D93000DF710840764908610846006940F0100030
:10D94000086176480580E002FFF733FF0446052CA6
:10D9500010D06F48006941F6EF7108406C490861CA
:10D9600008E0052C06D06A48006941F6EF710840CE
:10D9700067490861204630BD78B506460C46042547
:10D9800000200090E802FFF714FF0546042D24D183
:10D990005F48006940F001005D4908613480E80299
:10D9A000FFF707FF0546042D10D1B01C0090200C96
:10D9B00000990880E802FFF7FCFE0546544800691C
:10D9C00041F6FE7108405249086106E0504800697E
:10D9D00041F6FE7108404E490861284678BD70B591
:10D9E00004460D460426F002FFF7E3FE0646042E29
:10D9F00011D14748006940F0010045490861258080
:10DA0000F002FFF7D6FE06464148006941F6FE7176
:10DA100008403F490861304670BD70B505460E4666
:10DA20000424E002FFF7C5FE0446042C17D1394850
:10DA300037498860384888600846006940F010001F
:10DA400008612E80E002FFF7B4FE0446052C06D0E4
:10DA50002F48006941F6EF7108402D4908612046C2
:10DA600070BD2DE9F04304464FF6FF763746B046C9
:10DA7000B1460425E443E6B2C4F30727C4F30748DC
:10DA80004FEA1469E802FFF794FE0546042D49D1D8
:10DA900020481F498860204888600846006940F097
:10DAA00010000861FF2E06D01C4808300680E802EE
:10DAB000FFF77FFE0546042D08D1FF2F06D017483B
:10DAC0000A300780E802FFF774FE0546042D0AD1EC
:10DAD000B8F1FF0F07D011480C30A0F80080E80221
:10DAE000FFF767FE0546042D0AD1B9F1FF0F07D0F5
:10DAF0000A480E30A0F80090E802FFF75AFE0546EB
:10DB0000052D0FD00248006941F6EF71084007E08B
:10DB10000020024023016745AB89EFCD00F8FF1FCD
:10DB2000664908612846BDE8F08330B505460424FF
:10DB30004FF43020FFF73DFE0446042C41D16048ED
:10DB40005E4988605F4888600846006940F02000B0
:10DB500008610846006940F0400008614FF4302039
:10DB6000FFF727FE0446042C22D15448006941F6F1
:10DB7000DF710840514908610846006940F0100013
:10DB800008611DB100205049088002E0A5204E49DF
:10DB900008804FF43020FFF70CFE0446052C10D00F
:10DBA0004648006941F6EF7108404449086108E0C1
:10DBB000052C06D04148006941F6DF7108403F4915
:10DBC0000861204630BDF0B505460E4617460424D0
:10DBD0003B483A4988603B488860E002FFF7E9FD2E
:10DBE0000446042C19D13548006940F0100033492F
:10DBF000086147F0F800304328433349891C088006
:10DC0000E002FFF7D6FD0446052C06D02B4800693C
:10DC100041F6EF710840294908612046F0BD2748C8
:10DC2000C069800870472548006A70470020234972
:10DC3000096801F0200109B1012000E000207047CF
:10DC400029B11E4A126902431C4B1A6104E01B4AA7
:10DC500012698243194B1A6170470146002001295D
:10DC600008D1164AD26902F001020AB1012008E087
:10DC7000002006E0114AD2680A400AB1012000E003
:10DC8000002070470D49C860704704200B49C968DF
:10DC900001F0010109B101200EE00849C96801F055
:10DCA000040109B1022007E00449C96801F010012C
:10DCB00009B1032000E0042070470000002002406A
:10DCC00023016745AB89EFCD00F8FF1F10B504466F
:10DCD000BE48844208D101218014FFF7AFF800212B
:10DCE000A014FFF7ABF816E0B948844208D101212F
:10DCF0000014FFF7B0F800212014FFF7ACF80AE099
:10DD0000B448844207D10121C013FFF7A4F80021D1
:10DD1000E013FFF7A0F810BD10B50022028802F44E
:10DD200041520B884C8823438C882343CC8823435F
:10DD30000C8923434C8923438C892343CC89234377
:10DD40001A430280838B4FF2FF74234083830B8A34
:10DD5000038210BD2DE9F04F85B005460C464FF00B
:10DD6000000902274FF000084FF0010B0026B246D1
:10DD7000A88B4FF240010840A88302202884B5F800
:10DD80001C90A068022801D100BF38E0A08810B91B
:10DD90004FF0010B01E04FF0020B8D48854200D19E
:10DDA00000E000BF6846FEF7C2FFDDF800A0E08893
:10DDB000B0F5007F0AD14FEA1A2000EB8000400046
:10DDC000A168B0FBF1F0401D86B20BE04FEA4B10AA
:10DDD000BAFBF0F000EB80004000A168B0FBF1F06E
:10DDE000401D86B20A20B6FBF0F606F00108A6EB4D
:10DDF0000800C0F34F074FF6FF7000EA0828022F13
:10DE000001DBFF2F02DD02274FF00008E08840EA27
:10DE1000080038432884A088A18908436188084302
:10DE20002188084340F4006040EA0909A5F81C90E5
:10DE300005B0BDE8F08F0021018041808180C18064
:10DE4000018141818181C1810721018270470021C7
:10DE5000018041808180C180022181600021818117
:10DE6000704721B1028842F04002028004E002883B
:10DE70004FF6BF731A400280704721B1828B42F483
:10DE80008062828304E0828B4FF6FF331A408283E4
:10DE9000704730B5002400230C110125A540ABB21A
:10DEA0001AB185881D43858002E085889D43858061
:10DEB00030BD1AB183880B43838002E083888B4393
:10DEC00083807047818170470146888970474FF68B
:10DED000FF62914204D0028842F48072028004E022
:10DEE00002884FF6FF631A400280704721B1828892
:10DEF00042F00402828004E082884FF6FB731A40ED
:10DF00008280704702884FF2FF731A4002800288B5
:10DF10000A4302807047018841F4805101807047B4
:10DF200021B1028842F40052028004E002884DF6DA
:10DF3000FF731A400280704702460020012901D079
:10DF4000108B00E0908A70470146088A7047B1F54F
:10DF5000804F04D1028842F48042028004E00288AB
:10DF60004BF6FF731A400280704702460020138967
:10DF70000B400BB1012000E000207047CA43028132
:10DF80007047F0B50246002000240023002501F070
:10DF90000F070126BE40B4B20B1101269E40B3B25A
:10DFA000968806EA03051689264016B10DB10120B0
:10DFB00000E00020F0BD10B5002201F00F040123A5
:10DFC000A3409AB2D343038110BD0000003001404A
:10DFD00000380040003C004010B50446FE48844232
:10DFE00008D10121C014FEF729FF0021E014FEF73B
:10DFF00025FFC4E0B4F1804F08D101210846FEF7A7
:10E000002AFF00210120FEF726FFB8E0F3488442F2
:10E0100008D101210220FEF71EFF00210220FEF799
:10E020001AFFACE0EE48844208D101210420FEF73B
:10E0300012FF00210420FEF70EFFA0E0E948844211
:10E0400008D101210820FEF706FF00210820FEF775
:10E0500002FF94E0E448844208D101211020FEF739
:10E06000FAFE00211020FEF7F6FE88E0DF48844229
:10E0700008D101212020FEF7EEFE00212020FEF72E
:10E08000EAFE7CE0DA48844208D101214014FEF720
:10E09000D5FE00216014FEF7D1FE70E0D548844221
:10E0A00009D10121C804FEF7C9FE00214FF4002068
:10E0B000FEF7C4FE63E0D048844209D1012108057F
:10E0C000FEF7BCFE00214FF48010FEF7B7FE56E0CD
:10E0D000CA48844209D101214805FEF7AFFE00215C
:10E0E0004FF40010FEF7AAFE49E0C548844208D16B
:10E0F00001214020FEF7AFFE00214020FEF7ABFEDD
:10E100003DE0C048844208D101218020FEF7A3FEF3
:10E1100000218020FEF79FFE31E0BB48844208D1F9
:10E1200001218015FEF797FE0021A015FEF793FE52
:10E1300025E0B648844209D101210804FEF77EFE9D
:10E1400000214FF48030FEF779FE18E0B048844299
:10E1500009D101214804FEF771FE00214FF400307F
:10E16000FEF76CFE0BE0AB48844208D10121880425
:10E17000FEF764FE00214FF48020FEF75FFE10BD25
:10E1800000220288944B98420ED0994B98420BD0B3
:10E19000B0F1804F08D0914B984205D0904B9842F7
:10E1A00002D0904B984204D14FF68F731A404B889F
:10E1B0001A438D4B984207D08C4B984204D04FF6AF
:10E1C000FF431A40CB881A4302808B8883850B88D3
:10E1D0000385814B98420BD0854B984208D08B4BDE
:10E1E000984205D08A4B984202D08A4B984201D17E
:10E1F0000B7A038601238382704770B500240022C6
:10E200000023058C4FF6FE7635400584028C83880A
:10E21000048B4FF68F752C40B51E2C400D882C4377
:10E22000751E2A400D892A434D882A436A4DA8420B
:10E230000BD06F4DA84208D0744DA84205D0744D44
:10E24000A84202D0734DA84213D14FF6F7752A4069
:10E250004D892A434FF6FB752A408D882A434FF695
:10E26000FF652B404FF6FF552B408D892B43CD8901
:10E270002B4383800483CD888586028470BD70B56E
:10E28000002400220023058C4FF6EF7635400584EC
:10E29000028C8388048B48F6FF752C404FF6FF45AF
:10E2A0002C400D884FF6FF7606EA05252C434FF6E5
:10E2B000DF752A400D8906EA05152A434D8806EACE
:10E2C00005152A43444DA84202D0494DA8421DD10C
:10E2D0004FF67F752A404D894FF6FF7606EA051501
:10E2E0002A434FF6BF752A408D8806EA05152A4352
:10E2F0004FF6FF352B404FF2FF752B408D8906EA14
:10E3000085052B43CD8906EA85052B43838004834D
:10E31000CD880587028470BD70B5002400220023DB
:10E32000058C4FF6FF6635400584028C8388848B0C
:10E330004FF68F752C404FF6FC752C400D882C4302
:10E340004FF6FF552A400D894FF6FF7606EA052560
:10E350002A434D8806EA05252A431F4DA84202D0CC
:10E36000234DA8421DD14FF2FF752A404D894FF62B
:10E37000FF7606EA05252A434FF6FF352A408D88A9
:10E3800006EA05252A434EF6FF752B404DF6FF752C
:10E390002B408D8906EA05152B43CD8906EA051524
:10E3A0002B4383808483CD888587028470BD70B5BC
:10E3B000002200230024058C4EF6FF7635400584AC
:10E3C000038C8488828B48F6FF752A404FF6FF4500
:10E3D0002A400D8820E00000002C0140000400408D
:10E3E00000080040000C00400010004000140040F5
:10E3F00000340140004C01400050014000540140F5
:10E4000000180040001C0040002000400040014077
:10E4100000440140004801404FF6FF7606EA05251A
:10E420002A434DF6FF752B400D8906EA05352B432F
:10E430004D8806EA05352B43FA4DA84202D0FA4D25
:10E44000A84208D14BF6FF752C408D894FF6FF7618
:10E4500006EA85152C4384808283CD88A0F840503D
:10E46000038470BD828B4FF2FF331A408283828B0C
:10E470004FF6FF7303EA01231A4382837047F0B516
:10E480000C461546002200210026078C4EF6FF7C24
:10E4900007EA0C070784828B018C4FF6FF7707EAA7
:10E4A000043640F6FF473A404FF6FF7707EA052764
:10E4B0003A434FF6FF7707EA03373A43D94FB8425A
:10E4C0000ED0D94FB8420BD0B0F1804F08D0D74F03
:10E4D000B84205D0D64FB84202D0D64FB84206D186
:10E4E0004DF6FF77394046F48057394305E047F64B
:10E4F000FF57394044F48057394382830184F0BD8B
:10E50000828B4FF6F3731A408283828B0A43828395
:10E510007047F0B50C461546002200210026078CF6
:10E520004FF6FF6C07EA0C070784828B018C4FF6CD
:10E53000FF7707EA04264FF60C773A404FF6FF774D
:10E5400007EA03172F433A43B64FB8420ED0B64FEF
:10E55000B8420BD0B0F1804F08D0B44FB84205D0CC
:10E56000B34FB84202D0B34FB84206D14FF6FF576F
:10E57000394046F48077394305E04FF2FF57394080
:10E5800044F48077394382830184F0BD028B4FF2DB
:10E59000FF331A400283028B4FF6FF7303EA012315
:10E5A0001A4302837047F0B50C461546002200213D
:10E5B0000026078C4FF6EF7C07EA0C070784028BD6
:10E5C000018C4FF6FF7707EA041640F6FF473A4002
:10E5D0004FF6FF7707EA03373A434FF6FF7707EA2C
:10E5E00005273A438F4FB8420ED08F4FB8420BD019
:10E5F000B0F1804F08D08D4FB84205D08C4FB84253
:10E6000002D08C4FB84206D14FF6DF77394046F042
:10E610001007394305E04FF65F77394044F01007A3
:10E62000394302830184F0BD028B4FF6F3731A4025
:10E630000283028B0A4302837047F0B50C461546ED
:10E6400000220021068C4FF6FE773E400684028BA6
:10E65000018C4FF60C7632407E1C06EA03162E43E0
:10E660003243704EB0420ED06F4EB0420BD0B0F17C
:10E67000804F08D06D4EB04205D06D4EB04202D0F2
:10E680006C4EB04206D14FF6FD76314044F00106A3
:10E69000314305E04FF6F576314044F00106314351
:10E6A00002830184F0BD70B505460C465D48854285
:10E6B0000ED05D4885420BD0B5F1804F08D05B4845
:10E6C000854205D05A48854202D05A48854200D139
:10E6D00000E000BF208850B92389A28861882846BD
:10E6E000FFF7ABFFE1882846FFF79EFF25E0208873
:10E6F00004280AD12389A28861882846FFF753FF9E
:10E70000E1882846FFF742FF17E0208808280AD151
:10E710002389A28861882846FFF7FBFEE188284606
:10E72000FFF7EEFE09E02389A28861882846FFF7FB
:10E73000A6FEE1882846FFF795FE70BD2DE9F04161
:10E7400005460C4600260127608808B9022600E02D
:10E750000026A088012801D1022700E00127208897
:10E76000A0B92389A28861882846FFF766FFE1885F
:10E770002846FFF759FF23893A4631462846FFF7D6
:10E7800012FFE1882846FFF701FF13E02389A288E2
:10E7900061882846FFF707FFE1882846FFF7F6FE65
:10E7A00023893A4631462846FFF747FFE188284645
:10E7B000FFF73AFFBDE8F0810A884B881A438B883F
:10E7C0001A43CB881A430B891A434B891A438B8906
:10E7D0001A43A0F8442070474FF6FF718180002152
:10E7E0000180C18041800172704700210180418019
:10E7F0008180C180018141818181C1817047002177
:10E8000001804180012181800021C1800181704708
:10E810000021018041808180C1800181418181810D
:10E8200070470000002C014000340140000400400B
:10E8300000080040000C004021B1028842F00102B3
:10E84000028004E002884FF6FE731A40028070478F
:10E8500031B1B0F8442042F40042A0F8442005E071
:10E86000B0F84420C2F30E02A0F8442070471AB159
:10E8700083890B43838102E083898B4383817047C3
:10E880008182704741EA0203A0F8483070471AB10C
:10E8900083890B43838102E083898B4383817047A3
:10E8A00001894FF6F8721140018170470A46002134
:10E8B00001894FF68F73194011430181704730B5BC
:10E8C00004460D4629462046FFF7F0FF208940F018
:10E8D0000700208130BD2DE9F04104460D46164663
:10E8E0001F46602D06D13B46012231462046FFF7E8
:10E8F0005AFE05E03B46012231462046FFF79DFEC9
:10E9000029462046FFF7D2FF208940F007002081EA
:10E91000BDE8F08130B50C4600210189C9B24FF63F
:10E92000FF7505EA0325154325432943018130BDC1
:10E930002DE9F04105460E46174698460024434609
:10E940003A4631462846FFF7E5FF2C894FF6F87026
:10E95000044044F007044FF68F70044044F0700404
:10E960002C81BDE8F081F0B504460D4616461F46E1
:10E970003B46324629462046FFF7CCFF208940F42B
:10E9800080402081F0BD0185828270470A460021C7
:10E9900001884FF68F731940114301807047F0B51D
:10E9A0000C4615461E460021002200230189028BD9
:10E9B000038C4FF6F877394021434FF6FC473A4035
:10E9C00040F201173A434FF6DD773B404FF6FF77B1
:10E9D00007EA06172F433B43018102830384F0BDFE
:10E9E0000A460021018B4FF68F73194011430183B2
:10E9F00070470A460021018B48F6FF7319404FF615
:10EA0000FF7303EA02231943018370470A4600217A
:10EA1000818B4FF68F7319401143818370470A46EB
:10EA20000021818B48F6FF7319404FF6FF7303EA0C
:10EA3000022319438183704721B1028842F080028A
:10EA4000028004E002884FF67F731A40028070470C
:10EA500021B1828842F00402828004E082884FF66D
:10EA6000FB731A408280704721B1828842F008020D
:10EA7000828004E082884FF6F7731A4082807047E4
:10EA800021B1828842F00102828004E082884FF640
:10EA9000FE731A40828070470A460021018B4FF6B0
:10EAA000F77319401143018370470A460021018B17
:10EAB0004FF2FF7319404FF6FF7303EA0223194325
:10EAC000018370470A460021818B4FF6F773194086
:10EAD0001143818370470A460021818B4FF2FF73F7
:10EAE00019404FF6FF7303EA0223194381837047ED
:10EAF0000A460021018B4FF6FB7319401143018335
:10EB000070470A460021018B4FF6FF3319404FF63C
:10EB1000FF7303EA02231943018370470A46002169
:10EB2000818B4FF6FB7319401143818370470A466E
:10EB30000021818B4FF6FF3319404FF6FF7303EA34
:10EB400002231943818370470A460021018B4FF647
:10EB50007F7319401143018370470A460021018BDE
:10EB6000C1F30E014FF6FF7303EA02231943018339
:10EB700070470A460021818B4FF67F73194011437D
:10EB8000818370470A460021818BC1F30E014FF645
:10EB9000FF7303EA02231943818370470A46002169
:10EBA000018C4FF6FD7319401143018470470A46EA
:10EBB0000021018C4FF6F77319401143018470470F
:10EBC0000A460021018C4FF6DF7319404FF6FF73A0
:10EBD00003EA02131943018470470A460021018C9D
:10EBE0004FF67F7319404FF6FF7303EA0213194380
:10EBF000018470470A460021018C4FF6FF531940EB
:10EC00004FF6FF7303EA02231943018470470A4653
:10EC10000021018C4FF2FF7319404FF6FF7303EA96
:10EC200002231943018470470A460021018C4DF6E6
:10EC3000FF7319404FF6FF7303EA0233194301844F
:10EC4000704730B5002301248C40A3B2048C9C4350
:10EC50000484048C02FA01F5ADB22C43048430BD67
:10EC600030B5002304248C40A3B2048C9C4304845C
:10EC7000048C02FA01F5ADB22C43048430BD70B5AA
:10EC80000346002000241846183001258D40ACB200
:10EC90001D8CA5431D8409B1082909D100EB610031
:10ECA000056825F0700505600568154305600EE0F0
:10ECB0000D1FC5F34E052844056825F4E0450560A1
:10ECC00005684FF6FF7606EA02263543056070BDFB
:10ECD00021B1028842F00202028004E002884FF66D
:10ECE000FD731A400280704721B1028842F004028D
:10ECF000028004E002884FF6FB731A4002807047DE
:10ED000021B1828842F08002828004E082884FF63E
:10ED10007F731A408280704702884FF6F7731A405B
:10ED2000028002880A430280704782884FF68F7300
:10ED30001A40828082880A438280704702894FF697
:10ED4000F8731A40028102890A43028170470289DE
:10ED50004FF67F731A40028102890A43028170478D
:10ED6000818470478185704781867047018770472D
:10ED700081877047A0F84010704702884FF6FF4324
:10ED80001A40028002880A43028070470146888E3A
:10ED900070470146088F70470146888F70470146CB
:10EDA000B1F8400070470146888C70470146088DD5
:10EDB000704702460020138A0B400BB1012000E08F
:10EDC00000207047CA430282704730B502460020D7
:10EDD00000230024158A05EA0103958905EA010448
:10EDE00013B10CB1012000E0002030BDCA43028203
:10EDF00070470000002044490860091D0860091D93
:10EE00000860091D086041483F4914310860704797
:10EE100000213D498279002A3AD00A4612680368E7
:10EE20009A430B461A600A1D126803689A430B1D29
:10EE30001A60027911440A6803681A430A60324A68
:10EE40000832126803689A432F4B08331A601A1D60
:10EE5000126803689A432C4B0C331A604279102ACB
:10EE60000ED11A1F126803681A43274B08331A6021
:10EE70001A1D126803681A43234B0C331A600DE005
:10EE80002149427911440A6803681A430A6005E07F
:10EE9000027911440A6803689A430A6070470021A6
:10EEA000016001710C214171002181717047164987
:10EEB000103109680143144A10321160704701464D
:10EEC0000020114A143212680A400AB1012000E001
:10EED000002070470C49143108607047014600203B
:10EEE0000022094B1B6803EA0102074B14331B681D
:10EEF0000B4013B10AB1012000E000207047024925
:10EF0000143108607047000000040140FFFF0F004B
:10EF10000648804706480047FEE7FEE7FEE7FEE7B3
:10EF2000FEE7FEE7FEE7FEE7FEE7FEE72BCA000886
:10EF300031C90008014600BF70474AF6AA20F649C9
:10EF40000860704710B54FF4C060FDF7C1FF27207F
:10EF5000F24908700020487001208870C870084687
:10EF6000FDF7BBFF2620ED49087000204870022005
:10EF700088700120C8700846FDF7AFFF2520E749DB
:10EF8000087000204870032088700120C87008466F
:10EF9000FDF7A3FF3420E149087000204870887015
:10EFA0000120C8700846FDF798FF0320DB49087070
:10EFB00001204870002088700120C8700846FDF7C5
:10EFC0008CFF10BD704710B54FF08040FFF704F87C
:10EFD00040F6FF70D249888000200880C8800872FF
:10EFE00048804FF08040FFF7CBF87020CD49088073
:10EFF0000120488000208880C880022008810020ED
:10F0000048814FF4807088810020C8814FF0804093
:10F01000FFF735F901218807FFF70EFC0120C049F1
:10F020008880472008800020C88010204880BE4883
:10F03000FFF7A6F810BD08B50121BC48FEF7E7F8B8
:10F040004FF44240ADF8000003208DF80200142078
:10F050008DF803006946B648FEF708F84FF474705F
:10F06000ADF8000003208DF8020014208DF8030095
:10F070006946B048FDF7FAFF49F28010ADF800008C
:10F0800003208DF8020014208DF803006946AA4879
:10F09000FDF7ECFF02208DF802000420ADF800001F
:10F0A00014208DF803006946A248FDF7DFFF012018
:10F0B000ADF8000002208DF8020010208DF803004A
:10F0C00069469B48FDF7D2FF01209C49086030202B
:10F0D000ADF8000002208DF8020004208DF8030036
:10F0E00069469548FDF7C2FF8220ADF80000022076
:10F0F0008DF8020004208DF8030069468C48FDF766
:10F10000B5FF2020ADF8000002208DF80200042099
:10F110008DF8030069468748FDF7A8FF46F208000E
:10F12000ADF8000002208DF8020004208DF80300E5
:10F1300069468048FDF79AFF0320ADF800008DF87E
:10F14000020010208DF8030069467B48FDF78EFF12
:10F150000420ADF800008DF8030003208DF80200B4
:10F1600069467748FDF782FF4020ADF80000042093
:10F170008DF8030003208DF8020069466E48FDF704
:10F1800075FF4FF44050ADF8000010208DF80300DB
:10F1900003208DF8020069466548FDF767FF4FF4CC
:10F1A00080516348FEF70FF84FF400516048FEF7B6
:10F1B0000CF84FF41040ADF8000010208DF803005B
:10F1C00002208DF8020069465A48FDF74FFF4FF4C0
:10F1D0000060ADF8000010208DF8030003208DF8CA
:10F1E000020069465448FDF741FF4FF40041514881
:10F1F000FDF7E9FF4FF480514E48FDF7E4FF4FF46F
:10F2000000614D48FDF7DFFF4FF48070ADF800005E
:10F2100004208DF8030003208DF80200694644485D
:10F22000FDF724FF0120ADF8000002208DF8020058
:10F2300010208DF8030069463E48FDF717FF0121B5
:10F240003C48FDF7C2FF0220ADF800008DF8020037
:10F2500010208DF8030069463648FDF707FF0221AC
:10F260003448FDF7B2FF3820ADF8000003208DF8D8
:10F27000020018208DF8030069462D48FDF7F6FEC0
:10F280004020ADF8000003208DF8020010208DF81A
:10F29000030069462648FDF7E9FE40212448FDF7B2
:10F2A00092FF08BD10B501213D20FDF7ADFD012104
:10F2B0008803FDF7A9FD01214804FDF7B2FD0121F6
:10F2C0008804FDF7AEFD0121C804FDF7AAFD012168
:10F2D0000846FDF7A6FD01210220FDF7A2FD012150
:10F2E0000846FDF784FD01214802FDF78DFD01214F
:10F2F000C803FDF796FD10BD014648F6A04005E0A5
:10F3000000E0401E0028FCD148F6A0400A1EA1F1F2
:10F31000010399B2F4D1704700300040EC000020A6
:10F320006A290020742900200004004000023000F7
:10F33000000C014000100140000801408081214282
:10F3400000140140D148D24908604FF42F70FFF7F4
:10F35000D3FFFFF7A7FFFFF76EFE4FF49670FFF79E
:10F36000CBFFFFF79FFFFFF766FECA49481EB0F1CB
:10F37000807F00D31CE0481E4FF0E0225061501700
:10F380000122002808DA13071D0EC14B103300F0CC
:10F390000F04241F1D5503E013071C0EBE4B1C5405
:10F3A00000BF00204FF0E02290610720106100BFF5
:10F3B000FFF709FE0BF0AAFE2DF012FC00F0D0F9C9
:10F3C00000F00CFA00F039FBFFF7FCFD02F0DFFD66
:10F3D00004F0D9FA05F0D9F80AF08BFC2AF023FFE3
:10F3E0002AF086F9FFF7AEFD2DF0FAFB4FF400612D
:10F3F000AA48FDF7E8FE2BF06FF8A94908600968F4
:10F4000008688047A6490968886880470CF064F856
:10F4100002F0E4FC0120A34908704FF4487029F081
:10F42000CEF828F0F1FE00F097F900209E4988847C
:10F430004FF47A709D4908809B48C088012804D108
:10F440004FF4FA709A49088010E09748C08868B96C
:10F450009548408D012803D1C8209549088005E0D2
:10F460009148408D10B900209149088002219148AF
:10F47000FDF7A9FE01209049087090A00AF07FFBDB
:10F480002DF0F9FF0446214697A00AF078FB9A492F
:10F490009AA00AF074FB9D4801689DA00AF06FFBDA
:10F4A0002DF014FE2DF02EFE9DA02FF043F8A5E0C8
:10F4B00000F0C3FA02F002FB00F01FFC00F039FA82
:10F4C00000F0DBFB02F014FC7748623000F0704083
:10F4D00000F1007074496231C1F3130100EB411077
:10F4E000406A08B103F037FB02F075FD03F07CF8C9
:10F4F00004F0CFFF04F052FA04F0E2FC08F043FFFE
:10F5000007F050F808F072F90BF09DFA0AF009FCC8
:10F510000AF0E4FF0BF098FA0BF0B5FA6248808C21
:10F52000E0B96148203000F0704000F100705E49A1
:10F530002031C1F3130100EB4110006870B15A484B
:10F54000C088012806D10EF012F85748008A08B981
:10F550000FF05EFA0CF002F80DF019FE5248808CA4
:10F56000012801D10FF098F90FF077F8FFF7E5FCCB
:10F570006F48008C012802DB02F0AEFC00E000BF07
:10F580006C48007820B910F08AFB012069490870A6
:10F5900068480078012831D124F085F928F0DAF89C
:10F5A0004148223000F0704000F100703E492231A5
:10F5B000C1F3130100EB41100068F8B15E48007818
:10F5C000032803DB5C4800781B2802DB0AF005F8FF
:10F5D0000EE05A48007848B95948007830B959487F
:10F5E000007818B958480088642801DB09F0F5FF55
:10F5F00056480078022801D105F096F858E745F200
:10F600005552534B1A601A46506091604AF6AA222E
:10F610001A604CF6CC421A6070477047704731B59B
:10F62000BDF8004001214B48FFF706F92146494843
:10F63000FFF796FB03E04748FFF7B5FB0446012CB4
:10F64000F9DC00214348FFF7F7F838BD31B5002455
:10F6500005E04FF47A70FFF7E2FF601C84B2BDF85A
:10F6600000008442F5DB38BD31B5002405E04FF4DD
:10F670007A70FFF7D4FF601C84B2BDF800008442AA
:10F68000F5DB38BDC2684A40C260704700C8000858
:10F6900008ED00E04019010000E400E0000801402E
:10F6A000D4020020420100201E1600204403002046
:10F6B00042030020001001402F0300200D0A0D0A14
:10F6C0002A2A2A2A2A2A2A2A2ABFAACABCD4CBD062
:10F6D000D0D3C3BBA7B3CCD0F22A2A2A2A2A2A2AFB
:10F6E0002A2A0D0A00000000D3B2BCFEB0E6B1BE6B
:10F6F0003A25640D0A00000000E80308C9E8B1B823
:10F70000D0CDBAC53A25730D0A000000340400209C
:10F71000B9CCBCFEB0E6B1BE3A25730D0A000000BC
:10F72000757365722073746172740D0A00000000B5
:10F730005A0C0020F0000020B9010020BA0100207E
:10F74000BD01002089020020B60100209F01002099
:10F750000030004000040040704701467047704789
:10F7600040F21320F649A1F8900040F2E970A1F8A8
:10F770009200DD20A1F894006D20A1F88200002005
:10F78000F04908804FF47A70EF49A1F85A01EF4927
:10F790000880EF490880EF490880EF490880012080
:10F7A000EE4908800020EE49C884A1F87600A1F84F
:10F7B000C600A1F81601EB490870EB490870EB4947
:10F7C0000870EB490870EB490870EB490870EB4989
:10F7D0000870EB490870EB490870704710B50BF0E2
:10F7E000B9FC64220021D6480BF053FE0BF0B2FCAA
:10F7F0004FF490724FF48071E3480BF04AFED0480A
:10F80000C08FCF49A1F866000846B0F84800DF492C
:10F810004843DF490860CA4890F84A0040B208717E
:10F82000C74890F84C004871C54890F84E00887160
:10F83000C34890F85000C871C148B0F8520008B1F0
:10F84000012000E00020D2490872BD48B0F8540001
:10F8500008B1012000E00020CD494872B848B0F856
:10F86000560008B1012000E00020C9498872B44860
:10F87000B0F8580008B1012000E00020C449C87267
:10F88000AF4890F85A000873AD48B0F85E000861C0
:10F89000AB48B0F860004861A94890F85C00087671
:10F8A000A748808ABB49A1F85002A548C08AA1F8A0
:10F8B0005202A348008BA1F85402A148408BA1F842
:10F8C000560210BD2DE9F04105460C461646FDF7DF
:10F8D0003EFF3520FEF7D6F92846FDF77DFF0027CD
:10F8E00008E034F8028B2846AD1C4146FEF777F855
:10F8F000781C87B2B742F4DBFDF735FFBDE8F08135
:10F9000010B5002305E031F8024B20F8024B5C1CD7
:10F91000A3B29342F7DB10BD30B51346002405E0D7
:10F9200011F8012B00F8012B651CACB29C42F7DBEF
:10F9300030BD10B59848007801281ED1974800784E
:10F94000D8B900207E49A1F870000BF003FC6422B6
:10F9500000217B480BF07DFD4FF490724FF48071D5
:10F9600089480BF076FD11207549A1F8700001203F
:10F970008A4908700020884908707148B0F8700002
:10F9800041F28831884203D08248408A88421CD1A3
:10F9900082480078C8B900206949A1F870000BF0CE
:10F9A000D9FB6422002166480BF053FD4FF490729E
:10F9B0004FF4807174480BF04CFD41F2883060497F
:10F9C000A1F87000012075490870754840787549A4
:10F9D0000978884230D07148007868B37048407820
:10F9E0007049087070480088401C6F4908800846BC
:10F9F000008896280CDD69480078012808D102208B
:10FA00006649087041F270704D49A1F8700013E02A
:10FA100065480088B0F5967F0EDD604800780228C2
:10FA20000AD164205F49087000205F4908805B4963
:10FA300008704349A1F8700010BD2DE9FF4700256B
:10FA40003F48B0F87000B0F5FA6F0BD13C48B0F801
:10FA5000720041F2E101884204D15448007808B9AB
:10FA6000012533E03648C088B0F5FA6F0CDD344824
:10FA70008088B0F5FA6F07DD4C48007820B9022580
:10FA800001204549087021E02D48C08890B92C48D4
:10FA9000808878B92A48B0F84E0058B92848B0F89C
:10FAA000500038B94148007820B9032501203A496F
:10FAB00008700BE02248C08FB0F5614F06DD3B486F
:10FAC000007818B90425012033490870002D36DD6F
:10FAD000002407E004F122002B49085C0DF8040023
:10FAE000601CC4B20B2CF5DB4FF4907230492648F1
:10FAF000FFF712FF002407E01DF8041004F12200B4
:10FB0000214A1154601CC4B20B2CF5DB0C48068D45
:10FB1000478DB0F82C80B0F8129032222549FFF7BB
:10FB2000EFFE074806854785A0F82C80A0F81290C4
:10FB3000012D41D140F2DF300149488749E064E0BE
:10FB40001E1600200601002072080020520000202E
:10FB50005400002056000020580000201E01002004
:10FB60006E19002092000020BC000020BD00002083
:10FB7000BE000020BF000020C0000020C100002007
:10FB8000C2000020C30000204E18002040420F0099
:10FB9000F00300205A0C0020020100200001002088
:10FBA00058080020FD000020FE000020FC0000207E
:10FBB000D8FF030874FD0308022D04D14FF47870B8
:10FBC000FD49488705E0032D03D140F2E130FA49B1
:10FBD00048870025F948007860B94FF4FA60F64983
:10FBE000A1F8700041F2E100A1F872000120F4498F
:10FBF000087009E00020F34908704FF47A70EE496C
:10FC0000A1F87200FFF795FE00BFEF488078EF493A
:10FC1000097888422FD0EA48007860B3EA488078B3
:10FC2000EA490870EA480088401CE949088008460B
:10FC3000008802280CDDE2480078012808D1022063
:10FC4000DF49087041F27070DB49A1F8720012E0E0
:10FC5000DF48008804280EDDD948007802280AD140
:10FC60006420DA4908700020D9490880D449087016
:10FC7000D149A1F87200BDE8FF87CF48B0F8700005
:10FC8000B0F5FA6F1CD1D0488078D2490978884203
:10FC900016D0CD488078CF490870CF480088401CE6
:10FCA000CD49088008460088B0F5617F08DD6420F2
:10FCB000C84908700020C84908800120BF49087061
:10FCC00070472DE9F047044689462012C349C870A1
:10FCD0008C704FEA2920487081F8009008682EF057
:10FCE0003EF907460022BE4B2DF0D0FF05462EF010
:10FCF0001DF982465046BDE8F08700B58BB0AE488E
:10FD0000B0F84C000A2824D2DFE800F005080B0EFA
:10FD10001114171A1D20B34804901DE0B248049036
:10FD20001AE0B248049017E0B148049014E0B148DA
:10FD3000049011E0B04804900EE0B04804900BE04D
:10FD4000AF48049008E0AF48049005E0AE48049046
:10FD500002E0AB48049000BF00BF9748B0F85000E5
:10FD6000052815D2DFE800F003070A0D10004FF058
:10FD70007E5003900FE0A54803900CE0A448039048
:10FD800009E0A448039006E04FF07C50039002E0A5
:10FD90009F48039000BF00BF8748B0F84E00019015
:10FDA0002EF055F80290049902982DF058FE01901B
:10FDB00003992DF054FE02907F4890F84E100120D8
:10FDC000884080B20A900A982EF041F801460090CF
:10FDD00002982DF076FE904901902DF040FE0290A1
:10FDE00002982EF070F87449A1F8840001F1200007
:10FDF00000F0704000F100702031C1F3130100EBFE
:10FE00004110406868B100226B48223000F0704019
:10FE100000F1007068492231C1F3130100EB411079
:10FE200042606548223000F0704000F10070624985
:10FE30002231C1F3130100EB4110806868B1002248
:10FE40005D48223000F0704000F100705A492231C4
:10FE5000C1F3130100EB4110C2605748C088E8BBF2
:10FE60006E4800885449A1F8B0006C48408DA1F854
:10FE7000B2006A48008CA1F8B4006848008EA1F86E
:10FE8000B6006648C08DA1F8B8006448408FA1F85C
:10FE9000C2006248808FA1F8BA006048B0F8400004
:10FEA000A1F8BC005D48B0F86A00A1F8BE005B484C
:10FEB000B0F86C00A1F8C0005948B0F8B400A1F83F
:10FEC00000015748B0F8B600A1F802015448B0F854
:10FED000B000A1F804015248808D00E009E0A1F8CB
:10FEE00006014F48008EA1F808010846408AA1F893
:10FEF0000A014C48008800281CDD01204A4908609E
:10FF00003148407849490978884213D02E484078D2
:10FF10004649087043480088401C4249088008460A
:10FF2000008842F6E061884204DD00203D490880F7
:10FF30003D490860002008900A9012E00A9880303D
:10FF40003B49085C09903B490A98095C0998814241
:10FF500003DB0898401C80B208900A98401C80B2CD
:10FF60000A900A980428E9DB002007900A900CE028
:10FF700031490A98085C0A2803DB0798401C80B2C4
:10FF800007900A98401C80B20A900A980428EFDB78
:10FF90000948223000F0704000F10070064922311B
:10FFA000C1F3130100EB4110406820B90248223030
:10FFB00000F0704042E04BE01E16002002010020DD
:10FFC000FC0000200001002058080020F80000205C
:10FFD000FA00002001010020040100202801002077
:10FFE000000024409A99F940666626419A99794121
:10FFF0006666A6419A99F9416666264200007A42F1
:020000040801F1
:100000000000FA4200007A430000FA43CDCC4C3F96
:10001000ABAA2A3F2549123F0000C842F214002033
:100020005A0C00201E010020808121421C0100206A
:100030004E180020E40100200602002000F10070AC
:10004000FE49C1F3130100EB4110C06800287DD0C8
:10005000FB48008800F00400F8B1FA480078FA493B
:1000600009780144F94800780844F94909780844B6
:10007000F84909780844F849097801440898014486
:1000800007980844F54909780844F549097808446F
:10009000F4490978084400285CDDF3488078F34986
:1000A0000978884259D0F0488078F0490870F048C3
:1000B0000088401CEE4908800846008850284CDD26
:1000C0006420EA4908700020E9490880012240F2D2
:1000D0002551DB480C38FDF7F2F9D948008840F08B
:1000E0000400D74908800021D6480170D648017025
:1000F0000020D64908700A9007E00021DD4A0A98DE
:1001000011540A98401C80B20A900A980428F4DB23
:1001100000200A9007E00021D74A0A9811540A9853
:10012000401C80B20A900A980428F4DB0020D349CE
:1001300008700121D2480170D248FDF744F840F61A
:10014000B83028F03CFA0121CE4800E005E0FDF788
:100150003CF802E00020C6490880B84800F0704032
:1001600000F10070B549C1F3130100EB41100068C4
:1001700028B3BD488078C449097888421FD0BA485E
:100180008078C1490870C1480088401CBF49088078
:1001900008460088B0F5966F11DD00200880B74949
:1001A00008700121B6480170B648FDF70CF840F61A
:1001B000B83028F004FA0121B248FDF706F89F484C
:1001C000223800884EF6602188422AD0A648C0789E
:1001D000AF490988884224D0A348C078AC49088038
:1001E000AC480088401CAB490880944822380188FC
:1001F000A8480088814214DC0020A649088000211C
:100200009E48017001209E49087001219D48FCF71D
:10021000DAFF40F6B83028F0D2F901219948FCF70E
:10022000D4FF9D4890F8390009909B4890F83A1007
:10023000099801EB002081492239C887964890F837
:100240003B00A1F84000944890F83C00A1F842001F
:10025000914890F83D00A1F844008F4890F83E0086
:10026000A1F846000846C08FB1F86610884223D135
:1002700072482238B0F84010B0F8680081421BD1B3
:100280006E482238B0F84210B0F86A00814213D1AB
:100290006A482238B0F8440068492239B1F86C1035
:1002A000884209D165482238B0F8460063492239AE
:1002B000B1F86E1088421CD060482238C08F5F4968
:1002C0002239A1F866000846B0F84010A0F868107E
:1002D000B0F84210A0F86A10B0F84400574922392B
:1002E000A1F86C000846B0F84600A1F86E0003F0D3
:1002F000B1FA6A480088B0F5967F1ADD4F48223877
:10030000B0F88000082805DB4C482238B0F880009F
:1003100063280ED10020614908806148006820B13F
:1003200000205F498031086003E001205C49803192
:10033000086053480078112819DA012059490860EB
:1003400059480088B0F5967F21DD0021564801808C
:1003500054488C380068012804D1002051490C39D8
:10036000086014E001204F490C3908600FE0444850
:10037000007811280BDB424800781B2807DA0020A0
:1003800047498031086001204849C1F8B0013C4824
:1003900000781B2850DB46480078454949780844D6
:1003A0004349897808444249C978084490B93E488D
:1003B0000088322809DD00203B4908803948803810
:1003C000006818B100203749086097E001213548DE
:1003D000016093E0002005900A9015E048210A98FA
:1003E00001EB80002C49095C0A98C0EB40109D305D
:1003F000294A105C084418B10598401CC0B2059009
:100400000A98401C80B20A900A980428E6DB294822
:100410000178407808442749897808442549C978F3
:1004200001440598814255D11F480088B0F57A7F74
:1004300064DD00211C483FE071E000004016002010
:100440000C440040C5010020C601002068020020C5
:1004500084020020C7010020C80100205A020020A9
:100460005E020020620200205808002010010020D7
:1004700012010020E4010020060200206A02002090
:10048000B901002000100140180100201A010020CD
:1004900024010020260100204E1800200E0100201B
:1004A0002C012142BC01224208010020000022420E
:1004B0002F020020410200200180F748006820B18F
:1004C0000020F5498031086018E00120F2498031B0
:1004D000086013E0F1480088B0F5967F0EDD00213A
:1004E000EE480180EC48006820B10020EA498031E4
:1004F000086003E00120E84980310860E84801888D
:10050000E84800880844002805DD4FF48051E6489B
:10051000FFF7B8F803E00120DF4974310860E348D1
:100520000088E34909880844002804DD2021E148C7
:10053000FFF7A8F802E00121DF480160DF484078BA
:10054000DF490978884226D0D3480C380068C0B902
:10055000DA484078DA490870DA480088401CD949FE
:10056000088008460088B0F5FA6F14DD0021D548F0
:1005700001800121D448017040F6B83028F01FF8FE
:1005800009E0D0480088002805DDCE480088401EDC
:1005900081B2CC480180CD48008A00287ED1CC4869
:1005A000808F00B20690069800280EDA0698404226
:1005B000C749A1F83C050846B0F83C0542F2107165
:1005C0000844C349A1F83C0504E0C148808FC049F4
:1005D000A1F83C05BE48C08F00B2069006980028DE
:1005E0000EDA06984042BA49A1F83E050846B0F82E
:1005F0003E0542F210710844B549A1F83E0504E0F9
:10060000B348C08FB249A1F83E05B148B0F88C009C
:1006100000B20690069800280EDA06984042AC49CF
:10062000A1F840050846B0F8400542F210710844B0
:10063000A749A1F8400505E0A548B0F88C00A449F9
:10064000A1F84005A248B0F88E0000B206900698C6
:1006500000280EDA069840429D49A1F84205084656
:10066000B0F8420542F2107108449949A1F84205D8
:1006700005E09748B0F88E009549A1F842059448E6
:10068000B0F8DC0000B206900698002810DA069850
:1006900040428F49A1F84405084600E0A2E0B0F8C6
:1006A000440542F2107108448949A1F8440505E067
:1006B0008748B0F8DC008649A1F844058448B0F8C2
:1006C000DE0000B20690069800280EDA0698404236
:1006D0007F49A1F846050846B0F8460542F2107178
:1006E00008447B49A1F8460505E07948B0F8DE00EA
:1006F0007749A1F846057648B0F82C0100B206907B
:10070000069800280EDA069840427149A1F848057B
:100710000846B0F8480542F2107108446C49A1F847
:10072000480505E06A48B0F82C016949A1F8480578
:100730006748B0F82E0100B20690069800280EDA3D
:10074000069840426249A1F84A050846B0F84A05B1
:1007500042F2107108445E49A1F84A0505E05C4880
:10076000B0F82E015A49A1F84A055948B0F87C0161
:1007700000B20690069800280FDA069840425449C5
:10078000A1F84C050846B0F84C0542F21071084437
:1007900081B24F48A0F84C1505E04D48B0F87C01F7
:1007A0004B49A1F84C054A48B0F87E0100B20690CA
:1007B000069800280FDA069840424549A1F84E05F0
:1007C0000846B0F84E0542F2107108444049A1F8BD
:1007D0004E0501F070B93E48B0F87E013C49A1F8E1
:1007E0004E05F6E73948008A012803D03748008AC9
:1007F0000228EED13748B0F85C0200B206900698A5
:1008000000280FDA069840423249A1F8DC03084676
:10081000B0F8DC0342F21071084481B22D48A0F810
:10082000DC1305E02B48B0F85C022A49A1F8DC0390
:100830002848B0F85E0200B20690069800280EDA4A
:100840000698404281B22348A0F8DE13B0F8DE03D8
:1008500042F2107108441F49A1F8DE0305E01D486B
:10086000B0F85E021B49A1F8DE031A48B0F8600236
:1008700000B20690069800282EDA069840421549E4
:10088000A1F8E0030846B0F8E00342F21071084412
:100890001049A1F8E00324E03C01224208010020B5
:1008A0008A0100208C01002000100140A2010020DC
:1008B000A401002000140140948122425808002025
:1008C0000A0100200C010020B90100201E160020A2
:1008D0006E1900205A0C0020FE48B0F86012A0F8F3
:1008E000E013FC48B0F8620200B2069006980028B7
:1008F0000EDA06984042F749A1F8E2030846B0F83C
:10090000E21342F210700844F249A1F8E20304E055
:10091000F048B0F86212A0F8E213EE48B0F86402B2
:1009200000B20690069800280EDA0698404281B27E
:10093000E848A0F8E413B0F8E40342F21071084468
:10094000E449A1F8E40305E0E248B0F86402E149B3
:10095000A1F8E403DF48B0F8660200B206900698FA
:1009600000280FDA06984042DA49A1F8E603084663
:10097000B0F8E60342F21071084481B2D548A0F8FD
:10098000E61304E0D348B0F86612A0F8E613D148A5
:10099000B0F88C0200B20690069800280EDA06988D
:1009A000404281B2CB48A0F80C14B0F80C0442F2DB
:1009B00010710844C749A1F80C0405E0C548B0F817
:1009C0008C02C449A1F80C04C248B0F88E0200B2EF
:1009D0000690069800280EDA06984042BD49A1F814
:1009E0000E040846B0F80E1442F210700844B949DB
:1009F000A1F80E0405E0B748B0F88E02B549A1F899
:100A00000E04B448B0F8900200B206900698002890
:100A10000EDA0698404281B2AE48A0F81014B0F841
:100A2000100442F210710844AA49A1F8100405E02C
:100A3000A848B0F89002A749A1F81004A548B0F85A
:100A4000920200B20690069800280FDA06984042FB
:100A5000A049A1F812040846B0F8120442F210713D
:100A6000084481B29B48A0F8121404E09948B0F8F9
:100A70009212A0F812149748B0F8940200B20690AF
:100A8000069800280EDA0698404281B29148A0F8F4
:100A90001414B0F8141442F2107008448D49A1F8EF
:100AA000140405E08B48B0F894028A49A1F81404B4
:100AB0008848B0F8960200B20690069800280EDA30
:100AC000069840428349A1F816040846B0F8160477
:100AD00042F2107108447F49A1F8160405E07D48F0
:100AE000B0F896027B49A1F816047A48B0F8BC0227
:100AF00000B20690069800280FDA06984042754921
:100B0000A1F83C040846B0F83C0442F210710844D5
:100B100081B27048A0F83C1405E06E48B0F8BC0201
:100B20006C49A1F83C046B48B0F8BE0200B20690D4
:100B3000069800280EDA0698404281B26548A0F86F
:100B40003E14B0F83E0442F2107108446149A1F825
:100B50003E0404E05F48B0F8BE12A0F83E145D48C1
:100B6000B0F8C00200B20690069800280FDA069886
:100B7000404281B25748A0F84014B0F8400442F215
:100B80001071084481B25348A0F8401405E0514860
:100B9000B0F8C0024F49A1F840044E48B0F8C20274
:100BA00000B20690069800280EDA0698404249499D
:100BB000A1F842040846B0F8420442F21071084419
:100BC0004449A1F8420405E04248B0F8C202414954
:100BD000A1F842043F48B0F8C40200B2069006985B
:100BE00000280FDA069840423A49A1F84404084622
:100BF000B0F8440442F21071084481B23548A0F8BC
:100C0000441405E03348B0F8C4023249A1F8440462
:100C10003048B0F8C60200B20690069800280EDAF6
:100C20000698404281B22B48A0F84614B0F846041A
:100C300042F2107108442749A1F8460405E025480E
:100C4000B0F8C6022349A1F846042248B0F8EC02E5
:100C500000B20690069800280FDA069840421D4917
:100C6000A1F86C040846B0F86C0442F21071084414
:100C700081B21848A0F86C1404E01648B0F8EC12E1
:100C8000A0F86C141348B0F8EE0200B20690069873
:100C900000280EDA069840420E49A1F86E04084674
:100CA000B0F86E0442F2107108440A49A1F86E04CB
:100CB00004E00848B0F8EE12A0F86E140548B0F849
:100CC000F00200B206900698002811DA0698404219
:100CD000004901E05A0C0020A1F870040846B0F861
:100CE000700442F210710844F849A1F8700405E05C
:100CF000F648B0F8F002F549A1F87004F348B0F8EE
:100D0000F20200B20690069800280EDA06984042D9
:100D1000EE49A1F872040846B0F8721442F210705D
:100D20000844EA49A1F8720405E0E848B0F8F20284
:100D3000E649A1F87204E548B0F8F40200B2069062
:100D4000069800280FDA0698404281B2DF48A0F8E2
:100D50007414B0F8740442F21071084481B2DB4894
:100D6000A0F8741405E0D948B0F8F402D749A1F806
:100D70007404D648B0F8F60200B20690069800282F
:100D80000EDA06984042D149A1F876040846B0F838
:100D9000761442F210700844CC49A1F8760404E0BD
:100DA000CA48B0F8F612A0F87614C848B0F81C0388
:100DB00000B20690069800280FDA06984042C34910
:100DC000A1F89C040846B0F89C0442F21071084453
:100DD00081B2BE48A0F89C1405E0BC48B0F81C03E2
:100DE000BA49A1F89C04B948B0F81E0300B20690B5
:100DF000069800280EDA06984042B449A1F89E04ED
:100E00000846B0F89E0442F210710844AF49A1F8B8
:100E10009E0405E0AD48B0F81E03AC49A1F89E045D
:100E2000AA48B0F8200300B20690069800280EDA0F
:100E30000698404281B2A548A0F8A014B0F8A004DA
:100E400042F210710844A149A1F8A00405E09F48AE
:100E5000B0F820039D49A1F8A0049C48B0F82203F3
:100E600000B20690069800280EDA0698404297498C
:100E7000A1F8A2040846B0F8A21442F21070084487
:100E80009249A1F8A20404E09048B0F82213A0F817
:100E9000A2148E48B0F8240300B2069006980028E9
:100EA0000FDA069840428949A1F8A4040846B0F830
:100EB000A40442F21071084481B28448A0F8A4143A
:100EC00005E08248B0F824038049A1F8A4047F48D3
:100ED000B0F8260300B20690069800280EDA0698AD
:100EE00040427A49A1F8A6040846B0F8A60442F2A6
:100EF000107108447549A1F8A60404E07348B0F8DD
:100F00002613A0F8A6147148B0F84C0300B206905E
:100F1000069800280FDA0698404281B26B48A0F884
:100F2000CC14B0F8CC0442F21071084481B2674886
:100F3000A0F8CC1405E06548B0F84C036349A1F86B
:100F4000CC046248B0F84E0300B206900698002820
:100F50000EDA069840425D49A1F8CE040846B0F882
:100F6000CE1442F2107008445849A1F8CE0404E0AF
:100F70005648B0F84E13A0F8CE145448B0F85003B9
:100F800000B20690069800280FDA0698404281B217
:100F90004E48A0F8D014B0F8D00442F210710844C2
:100FA00081B24A48A0F8D01405E04848B0F8500390
:100FB0004649A1F8D0044548B0F8520300B2069063
:100FC000069800280EDA069840424049A1F8D2045B
:100FD0000846B0F8D20442F2107108443B49A1F827
:100FE000D20404E03948B0F85213A0F8D2143748BC
:100FF000B0F8540300B20690069800280EDA06985E
:10100000404281B23148A0F8D414B0F8D40442F27E
:10101000107108442D49A1F8D40405E02B48B0F81C
:1010200054032A49A1F8D4042848B0F8560300B262
:101030000690069800280EDA069840422349A1F847
:10104000D6040846B0F8D60442F2107108441F498D
:10105000A1F8D60404E01D48B0F85613A0F8D61441
:101060001A48B0F87C0300B20690069800280FDA00
:101070000698404281B21548A0F8FC14B0F8FC1460
:1010800042F21070084481B21048A0F8FC1405E048
:101090000E48B0F87C030D49A1F8FC040B48B0F8E9
:1010A0007E0300B206900698002811DA06984042A6
:1010B0000649A1F8FE040846B0F8FE0442F2107199
:1010C00008440249A1F8FE0407E000005A0C002081
:1010D000FE48B0F87E13A0F8FE14FC48B0F8800378
:1010E00000B20690069800280EDA0698404281B2B7
:1010F000F648A0F80015B0F8000542F21071084457
:10110000F249A1F8000505E0F048B0F88003EF4986
:10111000A1F80005ED48B0F8820300B206900698E9
:1011200000280EDA06984042E849A1F80205084670
:10113000B0F8021542F210700844E449A1F8020523
:1011400004E0E248B0F88213A0F80215DF48B0F8D6
:10115000840300B20690069800280EDA06984042F2
:1011600081B2DA48A0F80415B0F8040542F2107113
:101170000844D649A1F8040505E0D448B0F8840332
:10118000D249A1F80405D148B0F8860300B2069010
:10119000069800280EDA06984042CC49A1F80605C8
:1011A0000846B0F8060542F210710844C749A1F894
:1011B000060504E0C548B0F88613A0F80615C34834
:1011C000B0F8AC0300B20690069800280EDA069834
:1011D0004042BE49A1F82C050846B0F82C0542F261
:1011E00010710844B949A1F82C0505E0B748B0F8DA
:1011F000AC03B649A1F82C05B448B0F8AE0300B270
:101200000690069800280EDA0698404281B2AF4850
:10121000A0F82E15B0F82E1542F210700844AB4914
:10122000A1F82E0504E0A948B0F8AE13A0F82E15D9
:10123000A648B0F8B00300B20690069800280FDA6E
:101240000698404281B2A148A0F83015B0F8301598
:1012500042F21070084481B29C48A0F8301505E0B5
:101260009A48B0F8B0039949A1F830059748B0F80A
:10127000B20300B20690069800280EDA06984042A3
:101280009249A1F832050846B0F8320542F21071D1
:1012900008448E49A1F8320504E08C48B0F8B21336
:1012A000A0F832158948B0F8B40300B20690069849
:1012B00000280EDA069840428449A1F83405084611
:1012C000B0F8340542F2107108448049A1F83405A1
:1012D00005E07E48B0F8B4037C49A1F834057B48AA
:1012E000B0F8B60300B20690069800280EDA069809
:1012F00040427649A1F836050846B0F8361542F264
:10130000107008447149A1F8360505E06F48B0F83F
:10131000B6036E49A1F836056C48B0F86A02019030
:101320006A48B0F8680200900199FEF7CAFC0A21E9
:10133000B0FBF1F081B26548A0F8E813B0F86E0296
:1013400001906248B0F86C0200900199FEF7B9FC78
:101350000A21B0FBF1F081B25C48A0F8EA13B0F8C2
:10136000720201905948B0F8700200900199FEF79E
:10137000A8FC0A21B0FBF1F081B25448A0F8EC13AC
:10138000B0F8760201905148B0F8740200900199CB
:10139000FEF797FC4D49A1F8EE030846B0F87A0233
:1013A00001900846B0F8780200900199FEF789FC98
:1013B00081B24648A0F8F013B0F87E02019043488D
:1013C000B0F87C0200900199FEF77BFC81B23F48A7
:1013D000A0F8F213B0F8820201903C48B0F8800205
:1013E00000900199FEF76DFC3849A1F8F403084616
:1013F000B0F8860201900846B0F884020090019986
:10140000FEF75FFC3149A1F8F6030846B0F89A02EE
:1014100001900846B0F8980200900199FEF751FC3F
:101420000A21B0FBF1F081B22848A0F81814B0F8F6
:101430009E0201902548B0F89C0200900199FEF7A9
:1014400040FC0A21B0FBF1F081B22048A0F81A1448
:10145000B0F8A20201901D48B0F8A00200900199D6
:10146000FEF72FFC0A21B0FBF1F01849A1F81C048B
:101470000846B0F8A60201900846B0F8A402009011
:101480000199FEF71EFC81B21048A0F81E14B0F8B6
:10149000AA0201900D48B0F8A80200900199FEF749
:1014A00010FC0A49A1F820040846B0F8AE020190E9
:1014B0000846B0F8AC0200900199FEF702FC03491F
:1014C000A1F822040846B0F8B20201E05A0C00204C
:1014D00001900846B0F8B00200900199FEF7F1FBC8
:1014E00081B2FE48A0F82414B0F8B6020190FB487F
:1014F000B0F8B40200900199FEF7E3FBF749A1F8B8
:1015000026040846B0F8CA0201900846B0F8C8029E
:1015100000900199FEF7D5FB0A21B0FBF1F0EF49ED
:10152000A1F848040846B0F8CE0201900846B0F889
:10153000CC0200900199FEF7C4FB0A21B0FBF1F048
:10154000E649A1F84A040846B0F8D20201900846DC
:10155000B0F8D00200900199FEF7B3FB0A21B0FB6E
:10156000F1F0DE49A1F84C040846B0F8D60201902B
:101570000846B0F8D40200900199FEF7A2FBD749C3
:10158000A1F84E040846B0F8DA0201900846B0F817
:10159000D80200900199FEF794FBD049A1F85004BD
:1015A0000846B0F8DE0201900846B0F8DC02009070
:1015B0000199FEF786FBC949A1F852040846B0F824
:1015C000E20201900846B0F8E00200900199FEF7AF
:1015D00078FBC249A1F854040846B0F8E60201902D
:1015E0000846B0F8E40200900199FEF76AFBBB4997
:1015F000A1F856040846B0F8FA0201900846B0F87F
:10160000F80200900199FEF75CFB0A21B0FBF1F0B3
:10161000B249A1F878040846B0F8FE0201900846E5
:10162000B0F8FC0200900199FEF74BFB0A21B0FBD9
:10163000F1F0AA49A1F87A040846B0F80203019033
:101640000846B0F8000300900199FEF73AFB0A2122
:10165000B0FBF1F0A149A1F87C040846B0F80603FC
:1016600001900846B0F8040300900199FEF729FBA9
:101670009A49A1F87E040846B0F80A03019008468A
:10168000B0F8080300900199FEF71BFB9349A1F8FD
:1016900080040846B0F80E0301900846B0F80C0329
:1016A00000900199FEF70DFB8C49A1F882040846D1
:1016B000B0F8120301900846B0F8100300900199A9
:1016C000FEF7FFFA8549A1F884040846B0F816032E
:1016D00001900846B0F8140300900199FEF7F1FA62
:1016E0007E49A1F886040846B0F82A03019008460E
:1016F000B0F8280300900199FEF7E3FA0A21B0FB45
:10170000F1F081B27548A0F8A814B0F82E0301904A
:101710007248B0F82C0300900199FEF7D2FA0A2122
:10172000B0FBF1F081B26D48A0F8AA14B0F8320312
:1017300001906A48B0F8300300900199FEF7C1FAB1
:101740000A21B0FBF1F081B26448A0F8AC14B0F803
:10175000360301906148B0F8340300900199FEF718
:10176000B0FA5E49A1F8AE040846B0F83A03019019
:101770000846B0F8380300900199FEF7A2FA5749DD
:10178000A1F8B0040846B0F83E0301900846B0F84E
:101790003C0300900199FEF794FA81B24F48A0F8FB
:1017A000B214B0F8420301904C48B0F840030090E6
:1017B0000199FEF786FA4949A1F8B4040846B0F841
:1017C000460301900846B0F8440300900199FEF7E3
:1017D00078FA4249A1F8B6040846B0F85A030190D5
:1017E0000846B0F8580300900199FEF76AFA0A21FA
:1017F000B0FBF1F081B23948A0F8D814B0F85E031C
:1018000001903648B0F85C0300900199FEF759FA50
:101810000A21B0FBF1F081B23048A0F8DA14B0F838
:10182000620301902D48B0F8600300900199FEF723
:1018300048FA0A21B0FBF1F02849A1F8DC04084677
:10184000B0F8660301900846B0F86403009001996F
:10185000FEF737FA2149A1F8DE040846B0F86A031A
:1018600001900846B0F8680300900199FEF729FA44
:101870001A49A1F8E0040846B0F86E030190084642
:10188000B0F86C0300900199FEF71BFA1349A1F818
:10189000E2040846B0F8720301900846B0F87003FD
:1018A00000900199FEF70DFA0C49A1F8E4040846EE
:1018B000B0F8760301900846B0F8740300900199DF
:1018C000FEF7FFF981B20548A0F8E614B0F88A03E4
:1018D00001900248B0F88803009001E05A0C002003
:1018E0000199FEF7EEF90A21B0FBF1F0FE49A1F8EB
:1018F00008050846B0F88E0301900846B0F88C033E
:1019000000900199FEF7DDF90A21B0FBF1F0F649EC
:10191000A1F80A050846B0F8920301900846B0F80D
:10192000900300900199FEF7CCF90A21B0FBF1F089
:10193000ED49A1F80C050846B0F896030190084659
:10194000B0F8940300900199FEF7BBF9E649A1F8BD
:101950000E050846B0F89A0301900846B0F89803BF
:1019600000900199FEF7ADF9DF49A1F8100508468E
:10197000B0F89E0301900846B0F89C0300900199CE
:10198000FEF79FF9D849A1F812050846B0F8A2035E
:1019900001900846B0F8A00300900199FEF791F974
:1019A000D149A1F814050846B0F8A60301900846ED
:1019B000B0F8A40300900199FEF783F981B2CA48F8
:1019C000A0F81615B0F8BA030190C748B0F8B803EC
:1019D00000900199FEF775F90A21B0FBF1F0C249B8
:1019E000A1F838050846B0F8BE0301900846B0F8E3
:1019F000BC0300900199FEF764F90A21B0FBF1F0F5
:101A000081B2B948A0F83A15B0F8C2030190B648BF
:101A1000B0F8C00300900199FEF753F90A21B0FB1A
:101A2000F1F081B2B048A0F83C15B0F8C6030190BF
:101A3000AD48B0F8C40300900199FEF742F981B2B5
:101A4000A948A0F83E15B0F8CA030190A648B0F81E
:101A5000C80300900199FEF734F981B2A248A0F8BA
:101A60004015B0F8CE0301909F48B0F8CC03009029
:101A70000199FEF726F99C49A1F842050846B0F8FD
:101A8000D20301900846B0F8D00300900199FEF708
:101A900018F99549A1F844050846B0F8D603019015
:101AA0000846B0F8D40300900199FEF70AF981B214
:101AB0008D48A0F846150BB000BD70478B48C08F0D
:101AC000B0F5166F1CD08948C08FB0F5965F17D05F
:101AD0008648C08FB0F5165F12D08448C08FB0F52D
:101AE000964F0DD08148C08FB0F5164F08D07F4873
:101AF000C08FB0F5614F03D04FF416507B49C887B3
:101B00007A48008D032802DB002078490885774851
:101B1000408D50B17548408D012806D07348408DE6
:101B2000022802D00020714948857048808D032822
:101B300003DA6E48808D012802DA02206B4988851D
:101B40006A480089B0F57A7F02DB00206749088186
:101B500066484089B0F57A7F02DB002063494881FE
:101B600062488089B0F57A7F02DB00205F49888176
:101B70005E48C089B0F57A7F02DB00205B49C881EE
:101B80005A48B0F84800892805DB5848B0F84800A2
:101B9000B0F57F7F04DD4FF4D9705449A1F84800B7
:101BA0005248B0F84A0014280DD05048B0F84A0006
:101BB000072804DB4D48B0F84A000E2803DD142046
:101BC0004A49A1F84A004948B0F84C00092803DD09
:101BD00007204649A1F84C004448B0F84E000628BA
:101BE00004DB4248B0F84E000C2803DD07203F49D3
:101BF000A1F84E003D48B0F85000012804DB3B48F6
:101C0000B0F85000042803DD02203849A1F8500044
:101C10003648B0F85200012803DD01203349A1F80D
:101C200052003248B0F85400012803DD00202F494B
:101C3000A1F854002D48B0F85600012803DD00201B
:101C40002A49A1F856002948B0F85800012803DDB8
:101C500000202649A1F858002448B0F85E000A2860
:101C600006DB2248B0F85E0041F27071884204DD64
:101C70004FF47A701D49A1F85E001C48B0F860006E
:101C80000A2806DB1948B0F8600041F270718842FA
:101C900004DD4FF47A701549A1F860001348C0883C
:101CA000012802DD00201149C8801048C0880128A1
:101CB00009D00E48C08830B90C488088032802DA61
:101CC00003200A49888009480088052803DA4FF470
:101CD000F070064908800548008A022802DD0020CD
:101CE00002490882704700005A0C00201E1600208E
:101CF0007A4880783C283DDB002078498870084687
:101D0000C078401CC8700846C078754988867348FA
:101D1000C0783C282EDB00207049C8700846007946
:101D2000401C0871084600796D49C8866B480079E7
:101D300018281FDB00206949087108464079401CBB
:101D400048710846407966490887644840791E28EA
:101D500010DD01206149487108468079401C887176
:101D6000084680790C2805DD012088710846C07975
:101D7000401CC87159488078594948865748C078EE
:101D8000888656480079C8867047564A1268127885
:101D900003781A440379D21A037A1A440A70514A12
:101DA0001268527843781A4043795A40437A1A436A
:101DB0004A70827883795A40837A5A40494B1B682B
:101DC0009B781A438A70474A1268D278C378D21A2D
:101DD000C3791A44C37A1A40CA70704700B54248A2
:101DE000424908604248006880784249087040488B
:101DF0000068C07848703E480068807988703C4828
:101E00000068C079C8703A4800680079087138489D
:101E100000684079487136480068807A8871344893
:101E20000068C07AC871324800680078087230488B
:101E30000068407848722E480068007A88722C4802
:101E40000068407AC8722C492A48FFF79EFF2A484A
:101E500000782A4909680978884218D126484078CC
:101E6000264909684978884211D123488078234956
:101E70000968897888420AD11F48C0781F490968D3
:101E8000C978884203D101201D49087002E0002072
:101E90001B49087000BDF8B504460D466E4600208B
:101EA000184908800C21204600F07CF8009030781A
:101EB0002870707868700B4800688078A178484076
:101EC00061784840A87007480068C078E1784840C9
:101ED00021784840E870F8BD70470000580800209D
:101EE0001E1600203C010020FF00110034010020DC
:101EF0002C0100208429002038010020300100201E
:101F0000420100204001002008B54FF40070ADF8F8
:101F1000000003208DF8020018208DF803006946A8
:101F2000FE48FBF7A3F84FF48060ADF800000320F3
:101F30008DF8020004208DF803006946F748FBF78E
:101F400095F808BD1FB5F648FBF7DEF96846FBF7C4
:101F500087FAF448C08F00900020ADF80400ADF877
:101F60000600ADF80800ADF80C000C20ADF80A0032
:101F70006946EB48FBF70BFA012240F22551E8488D
:101F8000FBF79DFA0121E648FBF78DFA1FBD10B55E
:101F9000FFF7BAFFFFF7D6FF0020E3490880E349C7
:101FA000088010BDF0B50246FF23FF240025002065
:101FB00009E012F8016B86EA0305DD4E765D86EADC
:101FC0000403DC4E745D0E1EA1F10107F9B2F0D1DD
:101FD00044EA0320F0BD2DE9F0414FF00008D1485C
:101FE000008A18B1CF48008A022873D1CF480088F0
:101FF000002870DDD0480078D049097888426AD03E
:10200000CD480078CD490870CD480088401CCC49A7
:102010000880084600880528EBDD002240F22551A3
:10202000BF48FBF74CFAC1480088C6490880002029
:10203000C3490880C3480088B0F5006F6FDCC24810
:102040000078B8498988884203D0C04800780128C0
:102050006FD1BC480078801EC1B2BB48FFF7A2FF19
:1020600004462512E6B2B7480088801EB649085CCF
:10207000A84271D1B3480088401E085CB042F8D134
:1020800008464078032868D1B1488478C07800EBCE
:102090000420B0490880AD480078012870D1AE4FC7
:1020A00008460088092803D14FF48270088017E1A0
:1020B000A8480088172804D140F20510A5490880D7
:1020C0000EE1A44800880B2806D14FF48370A14983
:1020D000088005E1A0E114E29E4800889C2804D114
:1020E00040F207109B490880FAE09A4800889D2832
:1020F00004D14FF4847097490880F1E09548008836
:102100008E2804D140F2091092490880E8E09148F5
:102110000088012804D100028E490880E0E06FE1C8
:102120008C480088022805D140F2011089490880B6
:10213000D6E062E187480088032804D14FF481701B
:1021400084490880CCE083480088042806D140F206
:10215000031080490880C3E04CE124E17D480088F9
:10216000362804D14FF485707A490880B8E0794860
:1021700000883C2805D140F20B1076490880AFE07A
:10218000B6E074480088D42804D14FF486707149B1
:102190000880A5E06F480088D52804D140F20D10D2
:1021A0006C4908809CE06B480088DA2804D14FF421
:1021B00087706849088093E066480088E22804D167
:1021C00040F20F10634908808AE062480088E328E3
:1021D00004D14FF488705F49088081E05D48008831
:1021E000E42804D140F211105A49088078E0594897
:1021F0000088E52804D14FF48970564908806FE0C3
:1022000054480088E62804D140F213105149088050
:1022100066E050480088E72804D14FF48A704D49A1
:1022200008805DE04B480088E82804D140F2151092
:102230004849088054E047480088E92804D14FF411
:102240008B70444908804BE042480088EA2804D15A
:1022500040F217103F49088042E03E480088EB28D2
:1022600004D14FF48C703B49088039E0394800882C
:10227000EC2804D140F219103649088030E0354886
:102280000088ED2804D14FF48D703249088027E092
:1022900030480088EE2804D140F21B102D490880F8
:1022A0001EE02C48008840F2F511884204D14FF41A
:1022B0008F702849088013E02648008840F2812169
:1022C000884204D140F21F102249088008E02148CA
:1022D0000088B0F5207F03D14FF490701D4908802D
:1022E0001C48008807EB400700201849087089E067
:1022F0000C48623000F0704000F100700949623112
:10230000C1F3130100EB4110406A58B30120134997
:102310000870642012490870002024E00008014081
:10232000003801401E160020460100204401002014
:10233000D8FD0308D8FE0308580800205F010020DC
:102340006001002048010020902F00206D01002036
:10235000902900204C0000205A0C0020840100200D
:102360007601002014E0FE4908806420FD490870D1
:102370000020FD4908806420FC4908700020FC49C9
:102380000880FC490870FC490870FC49087039E075
:102390000120FB490870FB488478C07800EB0420DA
:1023A000F94908802EE0F748407806280DD1002032
:1023B000F64908800120F6490870F2488478C07810
:1023C00000EB0420F04908801CE0EE48407810281B
:1023D0000DD10020ED4908800120EE490870E94840
:1023E0008478C07800EB0420E74908800AE04FF0C9
:1023F000010807E04FF0020804E04FF0030801E095
:102400004FF00408012240F22551E348FBF757F84A
:102410000020E249088086E0E148008A012870D166
:10242000DE48008800287EDDDE480078DE49097835
:10243000884278D0DB480078DB490870DB480088A8
:10244000401CDA4908800846008805286BDD002218
:1024500040F22551D048FBF732F8D0480088D449E3
:1024600008800020D1490880D1480088B0F5006F6D
:102470004EDCC4480078CA498988884245D1CC4896
:102480000078801EC1B2BF48FFF78CFD04462512BC
:10249000E6B2C7480088801EBA49085CA84231D11C
:1024A000C3480088401E085CB0422BD108464078E3
:1024B00003280DD10120B2490870B2488478C07851
:1024C00000EB0420BB4908800A20BB49087021E0CA
:1024D000AC484078062806D10120AD4908700B2091
:1024E000B549087016E0A7484078102806D10120A9
:1024F000A84908700C20B04908700BE04FF00108A3
:1025000008E010E04FF0020804E04FF0030801E09B
:102510004FF00408012240F225519F48FAF7CFFFFF
:1025200000209E490880B8F1000F0EDD002404E071
:10253000002094490855601C84B2142CF8DB012259
:1025400040F225519448FAF7BAFFBDE8F081014600
:1025500042F21072914204DA98480A4600EB4200B7
:1025600041E042F21072914208DB5200914205DADA
:102570009348A1EB620200EB420034E044F6206293
:1025800091420ADB47F23052914206DA8D48A1F5BA
:102590009C42203A00EB420025E047F23052914243
:1025A0000ADB49F64042914206DA8748A1F5EA4241
:1025B000303A00EB420016E049F6404291420ADB15
:1025C0004CF25032914206DA7548A1F51C42403A6D
:1025D00000EB420007E04CF25032914203DB7B48B3
:1025E0008A1A00EB420070472DE9F84F6C48008AC8
:1025F00000287DD16248007800285DD068480079C5
:10260000734908705F48407848705E4840794006DA
:10261000000E88705B488678C07800EB06201FFAB1
:1026200080FA5046FFF793FF0746DFF8A491002495
:102630000BE037F81450291209F1030000F81410C8
:1026400000EB44004570601CC4B24E484079A04283
:10265000EFDC5F488078C01CC1B25D48FFF7A2FC88
:102660005C49088008460088011259488078C01CDF
:10267000574A11545748017810468078001D11546C
:1026800010468078401D5449088000203C4908705D
:1026900052490880084602880088401C0B46188072
:1026A0004B48815C3C48FAF76BFF012240F22661FF
:1026B0003948FAF704FF4CE23648007818B9344834
:1026C00000780028F7D03248007858B32D48867833
:1026D000C07800EB06201FFA80FA42F210708245A3
:1026E00010DB5046FFF733FF80462648057900E0AF
:1026F000C3E0407900EB0520A8F80000012038492C
:10270000087076E02D48A0F866A51E480579407946
:1027100000EB052085B22948A0F868550120314911
:10272000087066E01B480078C0B11648807902281E
:102730005CD114488578C07800EB052085B21F482D
:10274000A0F866550F48C579007A00EB052085B2E0
:102750001A48A0F868550120224945E049E00000E8
:10276000780100207A0100207C0100206F01002008
:10277000700100208F0000207E01002080010020D9
:102780005A010020902F00204E010020040100205B
:102790005D0100205B010020003801404401002061
:1027A0001E160020580800205F0100206001002054
:1027B000480100204C000020640100206E19002018
:1027C0005A0C00202A140020F21400207208002065
:1027D000902900204C0100204A01002046010020E1
:1027E0000201002061000020087002E00020F7498B
:1027F0000870F748007818B9F648007800283BD0F0
:10280000F5480079F5490870F54840784870F44873
:1028100080788870F248C078C870F14800790871F3
:10282000EF48407948710621EC48FFF7BBFBED49C2
:102830000880084600880012E8498871E948007855
:10284000C8710820E84908800020E1490870E14982
:102850000870E6490880084602880088401C0B463C
:102860001880DE48815CE248FAF78AFE012240F2D5
:102870002661DF48FAF723FE6BE1D748008A01287A
:1028800003D0D548008A0228F6D1DA48007800281B
:102890007ED0D1480079D1490870D148407848703D
:1028A000CF4840794006000E8870CD488678C078C1
:1028B00000EB0620D04908800846008842F21071DB
:1028C000884205DACD4FCC480088CB49088033E0F8
:1028D000C948008844F62061884207DAC84FC648D4
:1028E0000088A0EB6100C449088025E0C248008848
:1028F00047F23051884208DAC24FBF480088A0F53D
:102900009C402038BC49088016E0BB48008849F646
:102910004041884208DABC4FB7480088A0F5EA4039
:102920003038B549088007E0AB4FB3480088A0F5C0
:102930001C404038B0490880DFF8A09200240FE026
:10294000AD48008807EB400030F81450291209F117
:10295000030000F8141000EB44004570601CC4B282
:102960009F484079A042EBDC9C488078C01CC1B2F3
:102970009A48FFF717FB9B49088008460088011218
:1029800096488078C01C954A11549648017800E01A
:102990001FE010468078001D115410468078401DBD
:1029A00091490880002093490870904908800846A2
:1029B00002880088401C0B4618808848815C8C483F
:1029C000FAF7DEFD012240F226618948FAF777FD29
:1029D000BFE07F48007818B97E4800780028F7D01B
:1029E0007F488678C07800EB062083490880084637
:1029F000008842F21071884206DADFF800827E48D1
:102A000000887D4908802BE07B48008844F62061DF
:102A1000884208DADFF8E88177480088A0EB610097
:102A2000754908801CE07448008847F2305188429C
:102A300009DADFF8D08170480088A0F59C40203882
:102A40006D4908800CE06C48008849F64041884296
:102A500006DBDFF8848168480088401A66490880F0
:102A60005C48007850B15E480579407900EB05205C
:102A700085B26148008828F8105022E05448007858
:102A8000F8B1574840795A281BDADFF854B10024CE
:102A900013E00BF1070010F8145000EB44004078ED
:102AA0000090009800EB052085B25348008808EBA1
:102AB000400020F81450601CC4B249484079A0423C
:102AC000E7DC4348007810B942480078F0B3424848
:102AD0000079424908704248407848704048807800
:102AE00088703F48C078C8703D48407848703C487E
:102AF0004079487116B9FF2048704871062137485F
:102B0000FFF750FA37490880084600880012334919
:102B1000887134480078C871082033490880002043
:102B20002B4908702B4908703049088008460288F4
:102B30000088401C0B4618802848815C2C48FAF716
:102B40001FFD012240F22661294800E001E0FAF76A
:102B5000B6FCBDE8F88F70B50024002502202B4993
:102B6000088003202A49088028480088002801DDC1
:102B7000601CC4B226480088002801DD601CC4B275
:102B8000002C7DDD2348007800287AD02248007888
:102B9000401C2149087008460078022801DD012008
:102BA00008701A48008800283ADD1B480078012880
:102BB00036D10020174908700120184908701348C1
:102BC00000780649087001253DE000006100002002
:102BD0005B0100205D0100201E16002090290020CE
:102BE000902F00204C0100204A01002046010020C7
:102BF000003801405A0100204E01002072080020D8
:102C00005A0C00202A140020F21400208601002013
:102C10008801002083010020820100207E01002025
:102C2000FA48008800280EDDF948007802280AD109
:102C30000020F84908700120F7490870F34800782F
:102C4000F64908700225012D35D10320F34948705B
:102C5000012088705320C87000200871202048711E
:102C60000621EE48FFF79EF9ED49088008460088E6
:102C70000012EA498871EA480078C871082001E02A
:102C8000BAE018E0E74908800020E7490880012001
:102C9000E6490870E44802880088401CE24B18802E
:102CA000DE48815CE248FAF76BFC012240F22661C3
:102CB000DF48FAF704FCDD48007858B9DD480078B1
:102CC000012801D1DC490870D3480078012801D1DE
:102CD000DA490870DA48007820B3DA480078DA492F
:102CE000097888421ED0D7480078D7490870D7485D
:102CF0000088401CD549088008460088082811DD56
:102D00000020CF4908706420CF4908700020CF49C7
:102D100008806420CE4908700020CE490880012038
:102D2000BC490870C1480078F0B9BA480078D8B9F1
:102D3000C4480078C6490978884215D0C14800784F
:102D4000C3490870C3480088401CC249088008462F
:102D50000088FA2808DD6420BD4908700020BD49BC
:102D600008800120AB490870B348007801281FD1C2
:102D7000B9480078E0B9B3480078B8490978884282
:102D800016D0B0480078B5490870B5480088401C96
:102D9000B349088008460088B0F57A6F08DD6420E2
:102DA000AE4908700020AE4908800120AA49087089
:102DB000A248007801281FD1AA480078E0B9A148AC
:102DC0000078A9490978884216D09E480078A6491B
:102DD0000870A6480088401CA4490880084600885E
:102DE000B0F57A6F08DD64209F49087000209F4984
:102DF000088001209B4908709D48008830B9002058
:102E00008D49087094490870954908807F4800886A
:102E100030B90020894908709249087093490880A8
:102E200070BD70B504460D4692480078C0B985481B
:102E3000407891490978884212D0824840788E497A
:102E400008708E480088401C8C490880084600881D
:102E50000A2805DD0120874908700020874908807D
:102E600084480078012835D10220824908706B49D6
:102E700008700320487020128870CC7028120871E6
:102E80004D7106216548FFF78DF87D490880084699
:102E9000008800126149887179480078C87108205B
:102EA0006049088000206049088001207549087049
:102EB000012240F226615E48FAF701FB5A48028877
:102EC0000088401C584B18805448815C5848FAF7D9
:102ED00057FB4AE067480078022846D169480078E5
:102EE0000A2819D1002067490870624908706649AC
:102EF0000880664908706648007828B965480078F7
:102F0000401C6449087030E06148007801282CD1E9
:102F100064206149087028E04A4840785F49097890
:102F2000884222D0474840785C490870564800885B
:102F3000401C5549088008460088502815DD0020AF
:102F400008805348007840B901204A4908704F482A
:102F50000078401C4D49087007E000204549087082
:102F60004A49087064204C49087048480078032892
:102F700006DB00203F490870434908804349087038
:102F800070BD70B504460D463A48007810B965200A
:102F90003849087037480078652836D166203549A9
:102FA000087002201D4908700620487020128870A1
:102FB000CC70281208714D7106211848FEF7F2FFF7
:102FC0002F490880084600880012144988712C484F
:102FD0000078C87108201349088000201249088031
:102FE000012028490870012240F226611048FAF7B2
:102FF00066FA0D4802880088401C0B4B1880074871
:10300000815C0B48FAF7BCFA97E049E088010020A0
:1030100082010020830100207F01002090290020F0
:10302000500100204A010020460100206E010020CE
:10303000003801407E010020800100208101002035
:10304000840100205808002076010020780100202B
:103050007A0100207C0100208F0000206F010020F9
:1030600070010020900000207201002074010020F7
:103070008601002063010020680100206A01002011
:103080004C01002064010020660100206201002044
:103090005A0300206C0100204A0000206501002036
:1030A000F9480078662848D1F84800780B2826D1DE
:1030B0000020F6490870F4490870F5490880F54980
:1030C0000870F5480078012803D0F34800780228FA
:1030D0000AD10120F1490870F1480078401CF049FC
:1030E00008700020EF490870EB480078642802D18E
:1030F0000020ED4908700020E74908701DE0EB480A
:103100000078EB490978884217D0E8480078E84908
:103110000870DF480088401CDD49088008460088A8
:10312000B0F5487F09DD002008806520D649087089
:10313000D8480078401CD7490870D6480078032842
:1031400010DB0020D0490870D1490880D1490870AF
:10315000D1480078642802D10020D34908700020AB
:10316000CD49087070BD2DE9F04106460D46174661
:10317000C548007810B9C920C3490870C248007812
:10318000C9285BD1CA20C04908700220C94908700B
:103190001020487030128870CE70281208714D715E
:1031A0006806000E8871002410E037F81400001241
:1031B000072101EB4401BF4A505417F814100720AF
:1031C00000EB4400401C1154601C84B2AC42ECDBA8
:1031D000072000EB4400C1B2B648FEF7E3FEB64953
:1031E0000880084600880012072101EB4401B14A1B
:1031F0005054B1480178072000EB4400401C1154A2
:10320000072000EB4400801CAC4908800020AC493A
:10321000088001209D490870012240F22661A948DA
:10322000FAF74DF9A64802880088401CA44B188084
:10323000A048815CA348FAF7A3F931E092480078EE
:10324000CA282DD1914800780C280BD100208F4935
:1032500008708D4908708E4908808E4908708E4923
:1032600008701DE09148007891490978884217D08C
:103270008E4800788E49087085480088401C844933
:10328000088008460088B0F5487F09DD00200880E6
:10329000C9207D4908707F480078401C7D4908702E
:1032A0007C480078032808DB0020774908707849BB
:1032B00008807849087078490870BDE8F0810246B6
:1032C000881AC0F34F00704710B504460B46002023
:1032D0007D4908707D48008A18B17C48008A022820
:1032E00071D133B921467A48FFF7E9FF794908805F
:1032F000CAE1012B09D121467748FFF7E0FF42F2EE
:103300001071084473490880BEE1022B09D121469F
:103310007248FFF7D4FF44F6206108446D490880E5
:10332000B2E1032B09D121466D48FFF7C8FF47F2F0
:103330003051084467490880A6E1042B09D1214691
:103340006248FFF7BCFF49F64041084461490880E4
:103350009AE1082BCCD121465F48FFF7B0FF5D49C9
:1033600008800120584908705A480088B0F5827FCB
:1033700003D109205749088086E15648008840F269
:103380000511884203D11720524908807CE1514839
:103390000088B0F5837F03D10B204E49088073E18C
:1033A0004C48008840F20711884203D19C204949CB
:1033B000088069E147480088B0F5847F04D19D20EA
:1033C0004449088060E128E14248008840F2091140
:1033D000884203D18E203F49088055E13D4800884E
:1033E000B0F5807F03D101203A4908804CE139488B
:1033F000008840F20111884203D10220354908803B
:1034000042E134480088B0F5817F03D1032031497F
:10341000088039E12F48008840F20311884203D127
:1034200004202C4908802FE12A480088B0F5857FC8
:1034300003D136202749088026E12648008840F23B
:103440000B11884203D13C20224908801CE121480D
:103450000088B0F5867F03D1D4201E49088013E18F
:103460001C48008840F20D11884203D1D52019492B
:10347000088009E117480088B0F5877F32D1DA204B
:103480001449088000E1000063010020640100206D
:1034900066010020620100204A000020470300204E
:1034A00048030020500300205A0300205808002041
:1034B00065010020902900204C0100204A010020D5
:1034C00046010020003801406D0100201E1600203A
:1034D000720800204C0000205A0C00202A14002002
:1034E000F2140020C748008840F20F11884203D12F
:1034F000E220C4490880C7E0C2480088B0F5887F50
:1035000003D1E320BF490880BEE0BE48008840F2F6
:103510001111884203D1E420BA490880B4E0B948C7
:103520000088B0F5897F03D1E520B6490880ABE07B
:10353000B448008840F21311884203D1E620B14913
:103540000880A1E0AF480088B0F58A7F03D1E7206A
:10355000AC49088098E0AB48008840F215118842D9
:1035600003D1E820A74908808EE0A6480088B0F57E
:103570008B7F03D1E920A349088085E0A14800881A
:1035800040F21711884203D1EA209E4908807BE06F
:103590009C480088B0F58C7F03D1EB2099490880C6
:1035A00072E09848008840F21911884203D1EC205B
:1035B0009449088068E093480088B0F58D7F03D176
:1035C000ED20904908805FE08E48008840F21B1192
:1035D000884203D1EE208B49088055E08948008855
:1035E000B0F58F7F04D140F2F510864908804BE09A
:1035F0008448008840F21F11884204D140F28120A3
:103600008049088040E07F480088B0F5907F3BD13A
:103610004FF420707B49088036E033B921467A4860
:10362000FFF74DFE774908802EE0012B09D1214696
:103630007648FFF744FE42F2107108447149088051
:1036400022E0022B09D121467148FFF738FE44F6EB
:10365000206108446B49088016E0032B09D12146FC
:103660006C48FFF72CFE47F230510844654908804A
:103670000AE0042B08D121466748FFF720FE49F6EF
:10368000404108445F4908805E48008810BD5D499C
:10369000098842F21072914215DA5B485E49098A44
:1036A00021B95849098800EB410055E05A49098A77
:1036B000012903D05849098A02294DD15149098865
:1036C00000EB410048E04F49098842F210729142F4
:1036D0000CDB4C4909885200914207DA4B484949B2
:1036E0000988A1EB620100EB410035E045490988FA
:1036F00044F6206291420EDB4249098847F230527B
:10370000914208DA42483F490988A1F59C41203995
:1037100000EB410020E03B49098847F230529142DA
:103720000EDB3849098849F64042914208DA3948A7
:1037300034490988A1F5EA41303900EB41000BE03A
:103740003049098849F64042914205DB32482D490B
:103750000988891A00EB41007047014642F2107255
:10376000914204DA28480A4600EB420032E042F275
:103770001072914208DB5200914205DA2348A1EB16
:10378000620200EB420025E044F6206291420ADB2F
:1037900047F23052914206DA1D48A1F59C42203A88
:1037A00000EB420016E047F2305291420ADB49F644
:1037B0004042914206DA1748A1F5EA42303A00EB5E
:1037C000420007E049F64042914203DB12488A1A60
:1037D00000EB4200704770B504460D46294620466E
:1037E000F9F7CEFE00BF80212046F9F737FF002809
:1037F000F9D000BF40212046F9F730FF0028F9D06A
:1038000070BD00004C000020720800205A0C0020FF
:103810002A140020F21400201E16002008B50820EB
:10382000ADF8000003208DF8020004208DF803009D
:103830006946FE48F9F71AFC0420ADF800000320A1
:103840008DF8020018208DF803006946F748F9F753
:103850000DFC08BD1FB5F648F9F756FD6846F9F7A7
:10386000FFFDF448C08F0090F248B0F8440038B92A
:103870000020ADF804000320EE49A1F8400011E05B
:10388000EC48B0F84400082804D0EA48B0F84400F6
:10389000182807D10320E749A1F840004FF48050D1
:1038A000ADF80400E348B0F8420018B90020ADF8C4
:1038B00006000EE0DF48B0F84200042803D1C00241
:1038C000ADF8060005E00020DA49A1F84200ADF8A5
:1038D0000600D848B0F8440018B90020ADF8080038
:1038E00019E0D448B0F84400082804D14FF4C0606F
:1038F000ADF808000FE0CF48B0F84400182804D114
:103900004FF48060ADF8080005E00020C949A1F837
:103910004400ADF80800C748B0F84600032803D1BA
:103920000020ADF80C0010E0C248B0F846000228B4
:1039300004D14FF44070ADF80C0006E00320BD49FF
:10394000A1F846000020ADF80C000C20ADF80A00EC
:103950000020ADF80400ADF80600ADF80800ADF8A1
:103960000C000C20ADF80A006946B148F9F70FFDCC
:10397000012240F22551AE48F9F7A1FD0121AC48E2
:10398000F9F791FD1FBD10B5FFF748FFFFF762FF84
:103990000020A9490880A949088010BD2DE9F041FF
:1039A0000027A648008800287DDDA5480078A549A5
:1039B0000978884277D0A2480078A2490870A248C6
:1039C0000088401CA0490880084600880528EBDDD7
:1039D000002240F225519648F9F771FD974800887A
:1039E0009A49088000209849088098480088B0F5D6
:1039F000006F72DC8F48203000F0704000F10070E2
:103A00008C492031C1F3130100EB411040680028BC
:103A10007DD18848223000F0704000F10070854967
:103A20002231C1F3130100EB4110406800286ED130
:103A30008048223000F0704000F100707D49223152
:103A4000C1F3130100EB4110006900285FD18048E9
:103A5000007878498988884257D17C480078801E50
:103A6000C1B27B48FEF79EFA04462512E6B27748BB
:103A70000088801E7649085CA84244D173480088BB
:103A8000401E085CB0423ED10846407803280BD166
:103A90000120704908706E488478C07800EB0420DB
:103AA0006D490880F0E1F8E16948407810280DD1AF
:103AB00000206A49088001206949087064488478B8
:103AC000C07800EB042064490880DDE1604840785C
:103AD000012803D163490870D6E1D4E15C484078FD
:103AE00006280ED100205D49088001205E4908703B
:103AF00057488478C07800EB042057490880C3E118
:103B000005E00127C0E10227BEE10327BCE14948E7
:103B1000203000F0704000F1007046492031C1F3C0
:103B2000130100EB4110406878B1002408E04848D8
:103B3000005D4E49085502204D490870601C84B252
:103B4000424800888442F2DB9EE13A48223000F08D
:103B5000704000F1007037492231C1F3130100EBCE
:103B60004110406800285FD038480088B0F5006FE9
:103B70005BDC37480078402818D135484078392830
:103B800014D133488078392810D13148C07823289F
:103B90000CD12E480088042808D13648017836A078
:103BA00005F0EDFF40F6B830FBF750FD28480078EF
:103BB000402813D12648407831280FD124488078F6
:103BC00031280BD12248C078232807D11F4800880C
:103BD000042803D101202D49087016E01C48007804
:103BE000402812D11A48407832280ED118488078DF
:103BF00032280AD11648C078232806D113480088F5
:103C0000042802D102202149087011480078402878
:103C10004BD10F484078332847D10D48807833285E
:103C200043D10B48C07833E0FAE0CFE00008014010
:103C3000004400401E1600208C0100208A01002054
:103C4000580800209B0100209C0100208E010020CC
:103C500090430020960100209401002004010020E0
:103C6000970100209801002099010020666600203D
:103C7000DA020020A7020020546573742052657395
:103C8000746172744E6F3D25640D0A008402002039
:103C900023280AD1F9480088042806D10120F849D0
:103CA0000870F8A005F06BFF4EE0FE480078402851
:103CB00019D1FC484078342815D1FA488078342846
:103CC00011D1F848C07823280DD1EC480088042889
:103CD00009D10020EA4908700120F3490870F3A0D7
:103CE00005F04DFF30E0E6480078012803D10220BE
:103CF000E349087028E0F7480078F6494978084415
:103D0000F44989780844F349C9780844E0B1F24895
:103D10000078C8B9F1480078022803D0EF4800784D
:103D200003280BD1DF48807801280DD1DD48C07809
:103D30003D2809D10320E949087005E00120E84940
:103D400008700020E7490880E3480078F0B30025B8
:103D500005E0D448405DE4494855681CC5B2C748F1
:103D600000888542F5DBC5480088E04908800020CE
:103D7000DF4908800120DF490860012240F2266106
:103D8000DD48F9F79CFBDA4802880088401CD84BD4
:103D90001880D548815CD848F9F7F2FB002505E08A
:103DA000C048405DD5494855681CC5B2B348008835
:103DB0008542F5DBB1480088D14908800020D1490F
:103DC00008800120CB490860012200E016E040F2A3
:103DD0002661CD48F9F773FBCA4802880088401C69
:103DE000C84B1880C548815CC748F9F7C9FBBA4879
:103DF0000078022802D10020B7490870B84800783E
:103E0000E8BB012240F22551BF48F9F758FBBE48F4
:103E10000C30008840F00400BB490C31088033E0CE
:103E2000BA4800F0704000F10070B849C1F31301C6
:103E300000EB4110006910B3002405E09948005DD3
:103E4000B3490855601C84B28C4800888442F5DB75
:103E50008A480088AF4908800020AF49088008469A
:103E600002880088401C0B461880A948815CAB483A
:103E7000F9F786FB012240F22661A84800E003E042
:103E8000F9F71DFB00E00427012240F225519E486E
:103E9000F9F715FB0020A2490880002F0EDD002451
:103EA00004E000207F490855601C84B2142CF8DB24
:103EB000012240F225519448F9F701FBBDE8F08159
:103EC0002DE9F84F4FF0000A90482238008A002868
:103ED0007ED194480078002858D08C482238007948
:103EE000864908706F48407848706E4840794006AF
:103EF000000E88708C480088FEF729FB0646DFF824
:103F0000FC8100240BE036F81450291208F103005C
:103F100000F8141000EB44004570601CC4B2614806
:103F20004079A042EFDC75488078C01CC1B273486C
:103F3000FEF738F87D4908800846008801126F486E
:103F40008078C01C6D4A11547848017810468078FA
:103F5000001D115410468078401D694908800020DA
:103F60007049087067490880084602880088401C2C
:103F70000B4618806148815C6348F9F701FB012218
:103F800040F226616048F9F79AFA80E268480078C2
:103F900018B9684800780028F7D06648007858B308
:103FA000404890F802A0C07800EB0A201FFA80F980
:103FB00042F2107081450FDB4846FEF7C8FA07460B
:103FC00038480579407900EB05203880012000E071
:103FD000DAE0354908702FE05748A0F86695314877
:103FE0000579407900EB052085B25348A0F8685563
:103FF0000120524908701FE04D480078E0B129487F
:104000008079022815D127488578C07800EB0520F3
:1040100085B24948A0F866552248C579007A00EB78
:10402000052085B24448A0F868550120434908702E
:1040300002E00020414908703D48007818B93D4829
:1040400000780028A1D03148223800792B49087027
:104050001448407848701348807888701148C078B8
:10406000C8701048007908710E48407948710621DF
:104070002248FDF797FF2D49088061E08E0100205E
:104080009F0100200D0A456E746572205043207315
:104090006574206770727320706172206D6F646543
:1040A0000D0A000090430020020100200D0A517506
:1040B0006974205043207365742067707273207098
:1040C0006172206D6F64652C2053657420656E6489
:1040D000210D0A002F020020840200206C02002023
:1040E000680200205002002090510020A80100200A
:1040F000A40100208C81224200480040903D002015
:10410000900100208C010020004400404016002057
:10411000CA640020B6020020B2020020004C004019
:104120008A010020960100209401002092010020C5
:1041300097010020990100206E19002061000020E5
:10414000084600880012DE498871DE480078C87190
:104150000820DD4908800020DC490870DC4908702F
:10416000DC490880084602880088401C0B461880FD
:10417000D348815CD848F9F703FA012240F226615E
:10418000D548F9F79CF982E1D448008A012803D088
:10419000D248008A0228F6D1D148007800287DD084
:1041A000CE480079C6490870CE4840784870CD485E
:1041B00040794006000E8870CB48008842F21071AA
:1041C000884205DAC94EC8480088C749088033E0EC
:1041D000C548008844F62061884207DAC44EC248C8
:1041E0000088A0EB6100C049088025E0BE48008837
:1041F00047F23051884208DABE4EBB480088A0F52D
:104200009C402038B849088016E0B748008849F635
:104210004041884208DAB84EB3480088A0F5EA4029
:104220003038B149088007E0AC4EAF480088A0F5AF
:104230001C404038AC490880DFF8848200240FE03D
:10424000A948008806EB400030F81450291208F104
:10425000030000F8141000EB44004570601CC4B269
:10426000A0484079A042EBDC95488078C01CC1B2E0
:104270009348FDF797FE934908800846008801128D
:104280008F488078C01C8E4A11548E4801781046A1
:104290008078001D11541046807800E019E0401D20
:1042A0008949088000208E4908708A49088008469C
:1042B00002880088401C0B4618808148815C864833
:1042C000F9F75EF9012240F226618348F9F7F7F821
:1042D000DDE07E48007818B97D4800780028F7D0E6
:1042E0004FF0010ABAF1000F58D07F48008842F21F
:1042F0001071884205DA7D4F7B4800887A49088032
:1043000034E07948008844F62061884207DA784F23
:1043100075480088A0EB61007349088026E0724868
:10432000008847F23051884214DA724F6E48008894
:10433000A0F59C4020386C4908807048007818B976
:1043400001206E49087011E0002060490870604942
:1043500008700BE06448008849F64041884205DB5C
:104360005E4F61480088401A5F49088058480078CD
:10437000A8B15C480579407900EB052085B25A4820
:10438000008827F810505D48007838B156480088FA
:104390005749A1F8D8010846A0F8DA512DE04B485A
:1043A000007850B34F4840795A2826DADFF834B104
:1043B000002413E00BF1070010F8145000EB440048
:1043C00040780090009800EB052085B246480088B0
:1043D00007EB400020F81450601CC4B241484079FB
:1043E000A042E7DC4548007838B13F4800884049A2
:1043F000A1F8D8010846A0F8DA513448007810B97D
:1044000033480078E8B3354800792D4908703548BD
:10441000407848703348807888703248C078C870D7
:104420003048007908712F4840794871BAF1000F7F
:1044300002D1FF200871487106212148FDF7B2FD25
:10444000204908800846008800121D4988711D48CF
:104450000078C87108201C49088000201B4908709A
:104460001B4908701B490880084602880088401CC8
:104470000B4618801248815C1748F9F781F8012231
:1044800000E004E040F226611348F9F718F8BDE8AF
:10449000F88F704770B504460D4601201849086032
:1044A000E1B20D48F9F76CF800BF40210A48F9F76E
:1044B000D5F80028F9D0002011490860204670BDC9
:1044C000903D0020920100209001002097010020E3
:1044D000990100208C010020004400401E1600209D
:1044E00096010020904300209401002072080020D3
:1044F0005A0C00202A140020F21400209E010020F3
:104500008C81224208B54FF40060ADF80000032012
:104510008DF8020004208DF803006946FB48F8F787
:10452000A5FD4FF48060ADF8000003208DF8020077
:1045300018208DF803006946F448F8F797FD08BD88
:104540001FB5F348F8F7E0FE6846F8F789FF4FF427
:10455000E13000900020ADF80400ADF80600ADF8A1
:104560000800ADF80C000C20ADF80A006946E848D8
:10457000F8F70DFF012240F22551E548F8F79FFFBB
:104580000121E348F8F78FFF1FBD10B5FFF7BAFF11
:10459000FFF7D6FF0020DF490880DF49088023208D
:1045A000FBF754F810BD10B50146002042F210721E
:1045B000914200DB0AE0B1F57A7F00DB12E064296A
:1045C00000DB21E00A2900DB2FE03EE042F210721E
:1045D00091FBF2F23032D4B20246431CD8B2CF4B38
:1045E0009C5400BF42F2107291FBF2F302FB1312D3
:1045F0004FF47A7392FBF3F23032D4B20246431C8A
:10460000D8B2C64B9C5400BF4FF47A7291FBF2F3C0
:1046100002FB1312642392FBF3F23032D4B202464F
:10462000431CD8B2BD4B9C5400BF642291FBF2F3F3
:1046300002FB13120A2392FBF3F23032D4B2024689
:10464000431CD8B2B54B9C5400BF0A2291FBF2F335
:1046500002FB13123032D4B20246431CD8B2AF4B25
:104660009C5410BD30B503460C46002019460AE0A4
:104670000D78954205D0451CE8B2491CFF2802D1AF
:1046800004E0FF2002E00D78A542F1D100BF30BD6B
:1046900030B5034600200024194612E00A78412A6A
:1046A00003DBA2F13705EAB202E0A2F13005EAB27B
:1046B0000CB9104602E002EB0015A8B2491C651CBB
:1046C000ECB20D780D2D0BD00D782C2D08D00D7877
:1046D0002E2D05D00D783B2D02D00D78292DDDD162
:1046E00030BD70B503460020002419460FE00A785B
:1046F0001CB9A2F13005A8B206E0A2F1300500EB2A
:10470000800605EB4605A8B2491C651CECB20D7885
:104710000D2D08D00D782C2D05D00D782E2D02D022
:104720000D783B2DE3D170BD2DE9FF5F0020039094
:1047300000267B480078022806D17AA17A4829F021
:10474000E1F87A49086005E076A1794829F0DAF8BD
:10475000764908603120764908707448006800285E
:1047600074D074480078002870D170480068001D2B
:10477000FFF78EFF7049087008460078632806DC52
:104780000022084601786D48FFF76CFF06460022BC
:104790002C2166480068FFF765FF804600223B2118
:1047A00062480068FFF75EFF8146CDF80890FF2E53
:1047B00009D0B8F1FF0F06D00298FF2803D05E4859
:1047C0000078A02812DD0120039000240BE05C4853
:1047D000015D584802780078401C564B18705948C3
:1047E0008154601CC4B2102CF1DB17E0B9F1960FB4
:1047F00001DB4FF09509002406E04C480068005D9D
:1048000050490855601CC4B24C45F6DB2C204D497C
:1048100001F8090009F101004649087043480068A1
:104820004044401C414908600846006890F800B0C8
:104830000398002809D140480078822807D1BBF1AD
:10484000310FF7D10120404908702FE3ECE33A48DB
:104850000078912806D1BBF1310FF6D101203B49F8
:10486000087023E33448007892280DD1BBF1310F52
:1048700002D0BBF1300FE8D1ABF130003449087001
:1048800001203449087011E32B480078952806D19F
:10489000BBF1310FD9D101202F49087006E326481A
:1048A0000078892806D1BBF1310FCED101202B49E8
:1048B0000870FBE22048007820280FD01E480078BE
:1048C00030280BD01C480078402807D01A480078C0
:1048D000502803D018480078622873D100245FE084
:1048E00012480068FFF7FDFE2DF8140054B93DF89A
:1048F000140038B90020ADF80200ADF80400ADF89E
:1049000006000324032C3CD1002737E0000C0140B3
:1049100000480040A4010020A20100209B6100206B
:104920009F01002047505700904300207402002050
:10493000905300205902002058020020F80004087B
:10494000E4020408A7610020690200206A02002036
:104950006D0200206C0200206B020020B9010020D3
:10496000FE48C05D40B138012030FD4909788842D9
:1049700002D10120FB49C855781CC7B2042FEFDBD8
:1049800010E000222E21F8480068FFF76BFE8046F9
:10499000F54800684044401CF3490860601CC4B2FC
:1049A000042C9DDB00BF002422E03DF81400FF280A
:1049B00009DC1DF81400ED4931F816102144EC4AC9
:1049C000505413E017E00220039000240BE0E94864
:1049D000015DE94802780078401CE74B1870E74811
:1049E0008154601CC4B2122CF1DB03E0601CC4B221
:1049F000042CDADB5AE2DA480078012817D0D848CC
:104A00000078052813D0D648007806280FD0D4485F
:104A1000007821280BD0D2480078312807D0D04820
:104A20000078412803D0CE48007851287ED1CC4868
:104A30000078012806D1A9EB0800401E082801DDF6
:104A400003200390C6480078052806D1A9EB08008A
:104A5000401E182801DD03200390C1480078062875
:104A600006D1A9EB0800401E0B2801DD03200390AE
:104A7000BB480078212806D1A9EB0800401E1E285B
:104A800001DD03200390B6480078312806D1A9EB58
:104A90000800401E1E2801DD03200390B048007866
:104AA000412806D1A9EB0800401E1E2801DD032085
:104AB0000390AB480078512806D1A9EB0800401EAE
:104AC0001E2801DD0320039008F10100814501DA71
:104AD000032003900398032810D100240BE0A8487A
:104AE000025DA54801780078401CA34B1870A348CC
:104AF0004254601CC4B21F2CF1DBD7E100240AE051
:104B000099480068005D994931F816102144984A87
:104B10005054601CC4B2A9EB0800401EA042EFDC58
:104B20000020924931F81610214400E012E0904A2A
:104B300050548B4800780628DFD1002707E08748CB
:104B4000C05D10B101208749C855781CC7B2042F39
:104B5000F5DBABE1824800780D287AD18248006805
:104B6000FFF7BFFD0546B5F5966F11D0B5F5166F89
:104B70000ED0B5F5965F0BD0B5F5165F08D0B5F53C
:104B8000964F05D0B5F5164F02D0B5F5614F0CD153
:104B90002912764830F81600801C754A1154734863
:104BA00030F81600C01C155412E08DB1042003909B
:104BB00000240BE07348015D6F4802780078401CC8
:104BC0006D4B18706D488154601CC4B2152CF1DB1C
:104BD00000222C2164480068FFF744FD8046B8F1AC
:104BE000FF0F01D1FF2505E15F4800684044401CEC
:104BF0005D49086008460068FFF773FD0546082D0B
:104C000008D1681FC1B2594830F81600001D584A33
:104C1000115412E08DB10520039000240BE05A4896
:104C2000015D554802780078401C534B187053487A
:104C30008154601CC4B21A2CF1DB00222C214A489A
:104C40000068FFF70FFD8046B8F1FF0F02D1FF2586
:104C5000D0E0E6E0444800684044401C4249086017
:104C600008460068FFF73DFD0546012D01D0022DE5
:104C700009D1681E8006010E3C4830F81600401D20
:104C80003B4A115412E08DB10620039000240BE042
:104C90003E48015D384802780078401C364B187059
:104CA00036488154601CC4B21A2CF1DB00222C213E
:104CB0002D480068FFF7D6FC8046B8F1FF0F01D100
:104CC000FF2597E0284800684044401C26490860BA
:104CD0000846006800782C2805D008460068FFF7D1
:104CE00000FD054600E06425022D1CDC3DB90021D5
:104CF0001E4830F81600801D1D4A115427E0012D72
:104D000007D10821194830F81600801D184A11549F
:104D10001DE0022D1BD11821144830F81600801D0B
:104D2000134A115413E0642D11D00720039000247E
:104D30000BE01748025D104801780078401C0E4BCC
:104D400018700E484254601CC4B21C2CF1DB0022C7
:104D50002C2105480068FFF785FC1BE02F0200208E
:104D60005802002070020020740200208E01040806
:104D70004E180020D202040859020020A76100202A
:104D8000050404086A0304087F030408990304085F
:104D9000B30304088046B8F1FF0F01D1FF2529E0D5
:104DA000FD4800684044401CFB4908600846006814
:104DB000FFF797FC0546022D01D0032D06D1F748D9
:104DC00030F81600C01DF64A155412E08DB10820C7
:104DD000039000240BE0F348025DF348017800786B
:104DE000401CF14B1870F1484254601CC4B2182C9E
:104DF000F1DB00BFFF2D59D10398E8BB09200390D8
:104E000000240BE0EA48015DE74802780078401C86
:104E1000E54B1870E5488154601CC4B21E2CF1DBD0
:104E200044E00022E3480178E348FFF71BFC044616
:104E3000D9480068FFF755FC0546FF2C1FD0291202
:104E4000D64830F81600D64A1154D44830F8160027
:104E5000401C155400270DE0D848C05D40B1380112
:104E60002230D4490978884202D10120D449C8555A
:104E7000781CC7B2042F00E018E0EDDB16E0C7484D
:104E800030F81600C64A155400270DE0CB48C05D27
:104E900040B138012430C7490978884202D1102036
:104EA000C8490870781CC7B2042FEFDB03980028AC
:104EB0007ED1C548007880B100240BE0C348015D75
:104EC000B94802780078401CB74B1870B748815435
:104ED000601CC4B20C2CF1DB68E0BA4800780128F1
:104EE00017D0B84800780B2813D0B64800780C28A3
:104EF0000FD0B44800780D280BD0B24800780E28A7
:104F000007D0B04800780F2803D0AE4800781028AA
:104F100010D100240BE0AE48015DA3480278007870
:104F2000401CA14B1870A1488154601CC4B2102CC5
:104F3000F1DB3BE0A7480078012810D100240BE00A
:104F4000A548025D984801780078401C964B18707F
:104F500096484254601CC4B2142CF1DB26E09F48F2
:104F6000007818B39E48007880B100240BE09D487B
:104F7000015D8D4802780078401C8B4B18708B487F
:104F80008154601CC4B2102CF1DB0FE000240BE054
:104F90009548015D844802780078401C824B187067
:104FA00082488154601CC4B20F2CF1DB00240CE059
:104FB00021E08E48015D7C4802780078401C7A4BE5
:104FC00018707A488154601CC4B2092CF1DB7E4809
:104FD00000787C49097808448049097808447D496B
:104FE00009780844002803DD00208149087002E0A8
:104FF00001207F4908703B216B4802780078401CF3
:10500000694B1870694881541A2118460278007853
:10501000401C1870654881540D21184602780078AC
:10502000401C18706148815472480078022806D1EB
:1050300071A1724828F066FC5749086005E06EA12E
:105040006F4828F05FFC5449086031206C490870B3
:1050500051480068002877D053480078002873D161
:105060004D480068001DFFF713FB524908700022ED
:10507000084601786348FFF7F5FA064600223B210F
:1050800045480068FFF7EEFA8146CDF80890FF2EFC
:1050900006D00298FF2803D046480078A02812DDE9
:1050A0000B20039000240BE05748025D3E48017836
:1050B0000078401C3C4B18703C484254601CC4B201
:1050C000102CF1DB27E0B9F1960F01DB4FF09509C9
:1050D000002406E030480068005D34490855601C33
:1050E000C4B24C45F6DB2C20304901F8090009F127
:1050F00001002D49087000240BE04448015D2A4856
:1051000002780078401C284B187028488154601C95
:10511000C4B20C2CF1DB039800287BD12548007821
:1051200020280FD02348007830280BD02148007861
:10513000402807D01F480078502803D01D48007829
:10514000622870D100246BE097E2144931F8161000
:105150002144134A505CFFF726FA07464FF0000A35
:105160000EE02B4810F80A100F4802780078401C17
:105170000D4B18700D4881540AF1010000F0FF0A30
:10518000BA45EEDB032C49DA2E2107480278007875
:10519000401C054B18703FE0740200208E0104088B
:1051A0004E180020CF03040859020020A7610020F8
:1051B000E703040858020020240204082F020020FC
:1051C000700200206A020020690200201B0304080C
:1051D000270304086B020020560304086C02002019
:1051E0006D0200203703040847030408BE020408C8
:1051F000670200209F01002047505200904300208A
:1052000090530020F8000408E40204080F03040887
:105210009B610020E4E106E0F8488154601CC4B2C0
:10522000042C92DBDCE1F6480078012817D0F44822
:105230000078052813D0F248007806280FD0F048EF
:10524000007821280BD0EE480078312807D0EC48B0
:105250000078412803D0EA48007851281BD1002467
:1052600010E0E84830F816202046611CCCB210440B
:10527000E5490A5CE54801780078401CE34B18706A
:10528000DE484254DF4830F816002044DE49085C0E
:105290000028E6D1A4E1DA480078702813D1002470
:1052A0000CE02046611CCCB2D9490A5CD748017891
:1052B0000078401CD54B1870D0484254D448005D4B
:1052C0000028EED18CE1CE480078712813D100245B
:1052D0000CE02046611CCCB2CE490A5CCB48017878
:1052E0000078401CC94B1870C4484254C948005D3E
:1052F0000028EED174E1C2480078732813D100244D
:105300000CE02046611CCCB2C349095CBF4802785E
:105310000078401CBD4B1870B8488154BE48005DF1
:105320000028EED15CE1B6480078742813D100243F
:105330000CE02046611CCCB2B849095CB348027845
:105340000078401CB14B1870AC488154B348005DE4
:105350000028EED144E1AA480078752813D1002432
:105360000CE02046611CCCB2AD490A5CA74801782C
:105370000078401CA54B1870A0484254A848005D16
:105380000028EED12CE19E4800780D286FD19D4871
:1053900030F81600C01C9C49095C9A4830F8160089
:1053A000801C994A105C01EB002085B22846FFF76B
:1053B000FAF807464FF0000A0EE09A4810F80A1073
:1053C000924802780078401C904B18708B488154AA
:1053D0000AF1010000F0FF0ABA45EEDB2C218B48F0
:1053E00002780078401C894B1870844881548548A5
:1053F00030F81600001D84490D5C032D0ADC05F110
:105400003500C2B2184601780078401C18707B48FD
:10541000425408E021217D4802780078401C7B4BF3
:105420001870764881542C21784802780078401C06
:10543000764B187071488154724830F81600401D40
:1054400071490D5C0DB1042D12D12846E91705EB09
:10545000917189103131CAB26C490B780978491CB5
:10546000DFF8A8C18CF800106449CA5409E06AE06A
:105470002121664802780078401C644B18705F4810
:1054800081542C22614801780078401C5F4B1870D1
:105490005A4842545B4830F81600801D5A490D5C4A
:1054A00045B93022184601780078401C18705348DE
:1054B000425420E0082D09D1312254480178007867
:1054C000401C524B18704D48425414E0182D09D11D
:1054D00032224E4801780078401C4C4B18704748E7
:1054E000425408E02122494801780078401C474B8B
:1054F0001870424842542C22444801780078401CDD
:10550000424B18703D4842543E4830F81600C01DCA
:105510003D490D5C012D0CDB052D0ADC05F1300049
:10552000C1B2184602780078401C18703348815484
:1055300056E02122354801780078401C334B187022
:105540002E4842544CE000222D4801783648FFF79F
:1055500089F80446FF2C26D02A4830F81600401C53
:105560002949085C274931F81610274A515C00EB9D
:10557000012085B22846FFF716F807464FF0000ACB
:105580000EE0284810F80A20204801780078401CD6
:105590001E4B1870194842540AF1010000F0FF0A2E
:1055A000BA45EEDB1CE0174830F8160016490D5CD2
:1055B0002846FEF7F8FF07464FF0000A0EE01948AC
:1055C00010F80A10114802780078401C0F4B187030
:1055D0000A4881540AF1010000F0FF0ABA45EEDBE7
:1055E000039850B92C21094802780078401C074BD9
:1055F000187002488154002424E025E0A7610020AF
:10560000580200208E0104084E1800205902002084
:10561000950204089C020408A4020408B2020408CB
:10562000B80204089B61002024020408FE48015DC2
:10563000FE4802780078401CFC4B1870FC488154EE
:10564000601CC4B20A2CF1DB3B22F84801780078D8
:10565000401CF64B1870F64842541A22184601783E
:105660000078401C1870F24842540D211846027808
:105670000078401C1870EE488154EE4800780228EB
:1056800034D1EA480078002830DD0120E94908706B
:105690000020E949088000240BE0E548015DE64868
:1056A00002880088401CE44B1880E4488154601C48
:1056B000C4B2DE4800788442EFDB0020DB4908708A
:1056C000DF4908800120DF490860012240F226619D
:1056D000DD48F7F7F4FEDA4802880088401CD84B12
:1056E0001880D648815CD848F7F74AFFBDE8FF9F8D
:1056F0002DE9F0410024002500BF07E004F19D00E2
:10570000D249085CD2490855601CC4B21F2CF5DB95
:10571000CF49D04828F0F6F80646002E76D0CEA124
:10572000304628F0EFF80746BA1CCCA1CC4828F048
:1057300011FF002413E0CA48005D2E280DD1214638
:10574000C74828F027F9C749088008460078BF49AC
:1057500081F84800601CC5B203E0601CC4B2032C91
:10576000E9DD00BF2C4615E0BD48005D2E280FD1B5
:10577000621BD1B2BA4A501928F00CF9B9494880D5
:1057800008468078B14981F84900601CC5B204E040
:10579000601CC4B2E81CA042E6DA00BF2C4615E04B
:1057A000AF48005D2E280FD1621BD1B2AC4A501910
:1057B00028F0F0F8AB49888008460079A34981F8C1
:1057C0004A00601CC5B204E0601CC4B2E81CA042E0
:1057D000E6DA00BF2C4615E0A148005D22280FD173
:1057E000621BD1B29E4A501928F0D4F89D49C88056
:1057F00008468079954981F84B00002505E005E0D1
:10580000601CC4B2E81CA042E6DA00BF002407E036
:1058100004F1BC008D49085C8D490855601CC4B278
:105820001F2CF5DB8A498B4828F06CF80646002EC1
:1058300076D089A1304628F065F80746BA1C87A1C2
:10584000874828F087FE002413E08548005D2E2855
:105850000DD12146824828F09DF8824908810846EA
:10586000007A7A4981F84C00601CC5B203E0601CE4
:10587000C4B2032CE9DD00BF2C4615E07848005D7A
:105880002E280FD1621BD1B2754A501928F082F828
:10589000744948810846807A6C4981F84D00601C43
:1058A000C5B204E0601CC4B2E81CA042E6DA00BF46
:1058B0002C4615E06A48005D2E280FD1621BD1B23C
:1058C000674A501928F066F8664988810846007BC7
:1058D0005E4981F84E00601CC5B204E0601CC4B291
:1058E000E81CA042E6DA00BF2C4615E05C48005DEB
:1058F00022280FD1621BD1B2594A501928F04AF818
:105900005849C8810846807B504981F84F000025DE
:1059100005E005E0601CC4B2E81CA042E6DA00BF66
:10592000002407E004F1DB004849085C48490855B9
:10593000601CC4B21F2CF5DB4549464827F0E2FF46
:105940000646002E6ED044A1304627F0DBFF074606
:10595000BA1C42A1424828F0FDFD002413E0404853
:10596000005D2E280DD121463D4828F013F83D4911
:1059700008820846007C354981F85000601CC5B299
:1059800003E0601CC4B2032CE9DD00BF2C4615E027
:105990003348005D2E280FD1621BD1B2304A501916
:1059A00027F0F8FF2F4948820846807C274981F874
:1059B0005100601CC5B204E0601CC4B2E81CA042E7
:1059C000E6DA00BF2C4615E02548005D2E280FD1F1
:1059D000621BD1B2224A501927F0DCFF214988828C
:1059E0000846007D194981F85200601CC5B204E0E8
:1059F000601CC4B2E81CA042E6DA00BF2C4637E0C7
:105A00001748005D222831D1621BD1B2144A5019C7
:105A100027F0C0FF1349C8820846807D0B4981F8F2
:105A2000530021E028E0000005030408590200208B
:105A3000A76100209F01002090010020903D0020E0
:105A40008C0100208C812242004400404E1800202E
:105A5000AB640020905300202C0000002573000050
:105A6000AB6200205E210020002504E0601CC4B26F
:105A7000E81CA042C4DA00BF002407E004F1FA00E9
:105A8000FD49085CFD490855601CC4B21F2CF5DBBC
:105A9000FA49FB4827F036FF0646002E78D0AFF2D1
:105AA0004801304627F02EFF0746BA1CAFF25401DA
:105AB000F44828F04FFD002413E0F248005D2E2842
:105AC0000DD12146EF4827F065FFEF4908830846CE
:105AD000007EE94981F85400601CC5B203E0601CF7
:105AE000C4B2032CE9DD00BF2C4615E0E548005D9B
:105AF0002E280FD1621BD1B2E24A501927F04AFF7B
:105B0000E14948830846807EDB4981F85500601CE6
:105B1000C5B204E0601CC4B2E81CA042E6DA00BFD3
:105B20002C4615E0D748005D2E280FD1621BD1B25C
:105B3000D44A501927F02EFFD34988830846007FA6
:105B4000CD4981F85600601CC5B204E0601CC4B2A7
:105B5000E81CA042E6DA00BF2C4615E0C948005D0B
:105B600022280FD1621BD1B2C64A501927F012FF6A
:105B7000C549C8830846807FBF4981F85700002582
:105B800005E005E0601CC4B2E81CA042E6DA00BFF4
:105B9000BDE8F081B84890F84800BB490880B64895
:105BA00090F849004880B44890F84A008880B2488C
:105BB00090F84B00C880B04890F84C000881AE487F
:105BC00090F84D004881AC4890F84E008881AA4872
:105BD00090F84F00C881A84890F850000882A64865
:105BE00090F851004882A44890F852008882A24858
:105BF00090F85300C882A04890F8540008839E484B
:105C000090F8550048839C4890F8560088839A483D
:105C100090F85700C883984890F85900964991F831
:105C2000581000EB012098490885934890F85B00D4
:105C3000914991F85A1000EB0120934948858E480C
:105C400090F85D008C4991F85C1000EB01208E49C2
:105C50008885894890F85F00874991F85E1000EBCD
:105C600001208949C885844890F87100824991F8DB
:105C7000701000EB01208449A1F848007E4890F89C
:105C800073007D4991F8721000EB01207E49A1F864
:105C90004A00794890F87500774991F8741000EB44
:105CA00001207949A1F84C00734890F877007249B7
:105CB00091F8761000EB01207349A1F84E006E4870
:105CC00090F879006C4991F8781000EB01206E494A
:105CD0000887694890F87B00674991F87A1000EBD3
:105CE000012069494887644890F87D00624991F82D
:105CF0007C1000EB0120644988875F4890F87F00A2
:105D00005D4991F87E1000EB01205F49C8875A4831
:105D100090F86100584991F8601000EB01205A4951
:105D20000884554890F86300534991F8621000EBDD
:105D3000012055494884504890F865004E4991F833
:105D4000641000EB0120504988844B4890F86700AC
:105D5000494991F8661000EB01204B49C884464838
:105D600090F868000886444890F8690048864248E0
:105D700090F86A008886404890F86B00C8863E48D4
:105D800090F835003C4991F8341000EB01203E4971
:105D9000A1F85000384890F83200A1F85600364873
:105DA00090F83000A1F8540070472DE9F04F97B0FB
:105DB000002600200D900E90282103A827F097FDC3
:105DC000FFF7E8FE31A12E4827F09CFD13901398B1
:105DD00000287DD00120304908602B4800882A49DE
:105DE000498808442849898808442749C9880844BB
:105DF00000286ED02448C08823498988CDE9001046
:105E000021484388028825A10FA828F0A3FB1E483B
:105E1000028D25A10DA828F09DFB0DAB0FAA23A193
:105E200003A828F097FB03A9139827F06BFD00281F
:105E3000DFD020A1139827F065FD0746002405E078
:105E400038791E4908557F1C601C84B20F2CF7DB83
:105E5000002441E01948005D0D283BD1E1B217480C
:105E600027F098FD16490880002016490880164939
:105E700008801649088031E04E180020AB640020ED
:105E800090530020AB6200205E2100205245435613
:105E90002046524F4D3A0000B001224225642E2583
:105EA000642E25642E2564002564000025733A25A0
:105EB000730000002B49504400000000476200209E
:105EC000720000207400002076000020780000207E
:105ED00005E394E0601C84B2052CBBDD00BF002408
:105EE00004E00020F8490855601C84B2052CF8DD58
:105EF0004FF4C061F54827F0FAFCF54805884FF0EB
:105F0000000807E00A2095FBF0F085B208F10100D7
:105F100000F0FF08002DF5D1EE4805884FF000098C
:105F200007E00A2095FBF0F085B209F1010000F0CE
:105F3000FF09002DF5D1E74845884FF0000A07E03A
:105F40000A2095FBF0F085B20AF1010000F0FF0A8B
:105F5000002DF5D1DF4885884FF0000B07E00A20BF
:105F600095FBF0F085B20BF1010000F0FF0B002D66
:105F7000F5D1D848C5880020169007E00A2095FB87
:105F8000F0F085B21698401CC0B21690002DF5D1E5
:105F9000D048058D0020159007E00A2095FBF0F011
:105FA00085B21598401CC0B21590002DF5D108EBB4
:105FB0000900504400EB0B01169801441598084461
:105FC00014901498183084B207E0C348005DBF49AC
:105FD0008855701C86B2601C84B2BD480088183099
:105FE00014990844A042F0DAB9480088864200DBE0
:105FF00000260020B94908700120B9490870B54849
:106000000089B44949890844B24989890844B14999
:10601000C989084400287BD0AE48C089AD49898928
:10602000CDE90010AB4843890289AFF290110FA867
:1060300028F090FAA748428DAFF294110DA828F0ED
:1060400089FA0DAB0FAAAFF29C1103A828F082FACF
:1060500003A9139827F056FC0028DCD0AFF2AC114E
:10606000139827F04FFC0746002405E0387996493D
:1060700008557F1C601C84B20F2CF7DB002413E052
:106080009148005D0D280DD1E1B28F4827F082FCC8
:106090009449088000208E490880934908809349DC
:1060A000088003E0601C84B2052CE9DD00BF0024F9
:1060B00004E0002084490855601C84B2052CF8DDFA
:1060C0004FF4C061814827F012FC864805884FF0E4
:1060D000000807E00A2095FBF0F085B208F1010006
:1060E00000F0FF08002DF5D17A4805894FF000092E
:1060F00007E00A2095FBF0F085B209F1010000F0FD
:10610000FF09002DF5D1734845894FF0000A08E0DA
:106110005EE00A2095FBF0F085B20AF1010000F084
:10612000FF0A002DF5D16B4885894FF0000B07E081
:106130000A2095FBF0F085B20BF1010000F0FF0B97
:10614000002DF5D16348C5890020169007E00A208C
:1061500095FBF0F085B21698401CC0B21690002D49
:10616000F5D15C48458D0020159007E00A2095FB8D
:10617000F0F085B21598401CC0B21590002DF5D1F5
:1061800008EB0900504400EB0B01169801441598E8
:10619000084414901498183084B207E04E48005D0B
:1061A0004A498855701C86B2601C84B24D480088EC
:1061B000183014990844A042F0DA4A480088864210
:1061C00000DB002601204549087002204449087080
:1061D0004048008A3F49498A08443E49898A084420
:1061E0003C49C98A084400286CD03A48C08A3949D9
:1061F000898ACDE900103748438A028AAFF26431B8
:106200000FA828F0A7F93348828DAFF264310DA8AA
:1062100028F0A0F90DAB0FAAAFF2703103A828F057
:1062200099F903A9139827F06DFB0028DCD0AFF291
:106230007C31139827F066FB0746002405E0387987
:10624000214908557F1C601C84B20F2CF7DB002409
:1062500013E01D48005D0D280DD1E1B21A4827F06A
:1062600099FB214908800020194908801D490880B0
:106270001E49088003E0601C84B2052CE9DD00BFE4
:10628000002404E0002010490855601C84B2052C4D
:10629000F8DD4FF4C0610D4827F029FB124805884E
:1062A0004FF0000807E00A2095FBF0F085B208F1F6
:1062B000010000F0FF08002DF5D10648058A4FF0D7
:1062C00000091DE082E00000476200205E230020FC
:1062D000720000205E21002090530020C4010020A5
:1062E0007D0000207400002076000020780000204F
:1062F0000A2095FBF0F085B209F1010000F0FF09DA
:10630000002DF5D1FE48458A4FF0000A07E00A202B
:1063100095FBF0F085B20AF1010000F0FF0A002DB4
:10632000F5D1F748858A4FF0000B07E00A2095FB6E
:10633000F0F085B20BF1010000F0FF0B002DF5D15C
:10634000EF48C58A0020169007E00A2095FBF0F080
:1063500085B21698401CC0B21690002DF5D1E848C1
:10636000858D0020159007E00A2095FBF0F085B29E
:106370001598401CC0B21590002DF5D108EB09000E
:10638000504400EB0B0116980144159808441490F2
:106390001498183084B207E0DA48005DDA4988556D
:1063A000701C86B2601C84B2D848008818301499DA
:1063B0000844A042F0DAD5480088864200DB002677
:1063C0000220D34908700320D2490870CC48008BC2
:1063D000CB49498B0844CA49898B0844C849C98BB1
:1063E000084400287BD0C648C08BC549898BCDE9BD
:1063F0000010C348438B028BAFF260510FA828F006
:10640000A9F8BF48C28DAFF260510DA828F0A2F8DC
:106410000DAB0FAAAFF26C5103A828F09BF803A9AB
:10642000139827F06FFA0028DCD0AFF27851139858
:1064300027F068FA0746002405E03879B649085580
:106440007F1C601C84B20F2CF7DB002413E0B248E1
:10645000005D0D280DD1E1B2AF4827F09BFAAF499E
:1064600008800020AE490880AE490880A74908800E
:1064700003E0601C84B2052CE9DD00BF002404E0C9
:106480000020A5490855601C84B2052CF8DD4FF4A6
:10649000C0619D4827F02BFAA04805884FF00008FE
:1064A00007E00A2095FBF0F085B208F1010000F04A
:1064B000FF08002DF5D19248058B4FF0000907E049
:1064C0000A2095FBF0F085B209F1010000F0FF0908
:1064D000002DF5D18A48458B4FF0000A08E05EE0B8
:1064E0000A2095FBF0F085B20AF1010000F0FF0AE6
:1064F000002DF5D18248858B4FF0000B07E00A2074
:1065000095FBF0F085B20BF1010000F0FF0B002DC0
:10651000F5D17B48C58B0020169007E00A2095FB3B
:10652000F0F085B21698401CC0B21690002DF5D13F
:106530007348C58D0020159007E00A2095FBF0F008
:1065400085B21598401CC0B21590002DF5D108EB0E
:106550000900504400EB0B011698014415980844BB
:1065600014901498183084B207E06648005D6649BC
:106570008855701C86B2601C84B268480088183048
:1065800014990844A042F0DA64480088864200DB8F
:10659000002603205E49087004205E49087017B089
:1065A000BDE8F08F2DE9FC5F002001905E48008877
:1065B000002800F0ED875D4800785D490978884241
:1065C000F7D05A4800785A4908705A480088401C49
:1065D0005849088008460088052840F3D9870022DA
:1065E00040F225515448F6F76AFF012053490870DC
:1065F000002044494C4A128888544B48008850492E
:1066000008800020484908804A4908804C48008892
:10661000B0F5C06F6EDC4B480078062807DA4AA157
:10662000384827F06FF910B10120494908704548F2
:10663000007811285FD00CDC11285DD2DFE800F073
:106640005C255C26272833E3FEFDFCFBFAF9F8F70E
:10665000F600192852D009DCA0F112000728ECD26C
:10666000DFE800F0F3F2F1F0EFEEED00312846D074
:1066700006DC1A287CD01B287BD030283CD120E3B4
:10668000322877D04128F9D11EE329E300BF2FE15A
:1066900030A11C4827F036F920B101202C490870A0
:1066A0002D4908701CE32DA1164827F02BF92D4920
:1066B0000860002879D0AFF66041124827F022F92F
:1066C0002949086008460068B8B1002001900DE033
:1066D0002448006802780198411CC9B201912349FD
:1066E0000A5420480068401C1E4908601D48006884
:1066F000007840E0FEE3F1E0F0E272E0F6E0E1E293
:106700005E210020905300205E23002076000020B0
:10671000C40100207D000020476200207800002096
:106720007200002074000020A20100205808002000
:10673000B3010020B4010020004800408E0000207A
:10674000A6010020B9010020504220444F4E4500D0
:10675000BE0100204F4B0000BA0100202B435351D3
:106760000000000078020020740200203D6200203A
:10677000BDE0C7E0A7E22C28AAD1FC48006810F8C9
:10678000020C202812D1F948006810F8010C3038AA
:10679000F749A1F880000020F64981F84500F44847
:1067A00090F8800081F846001FE02BE0EF48006879
:1067B00010F8011CED48006810F8020C303800EBAE
:1067C000800001EB40003038E949A1F8800000204A
:1067D000E84981F84500E64890F8800081F84600D5
:1067E00003E00020E249A1F88000E148B0F8800011
:1067F000082807DBDE48B0F88000632802D00120BB
:10680000DD49087000BFDDA1DE4827F07BF8D749DD
:10681000086008460068E8B108460068407A3128F8
:1068200015D008460068407A35280FE055E019E099
:1068300017E015E013E011E00FE00DE00BE054E08D
:1068400052E050E04EE04CE04AE048E002D1012046
:10685000C949087044E200BF00BF00BF00BF00BFCD
:1068600000BF45E0C8A1C74827F04CF8A0B30120FD
:10687000C1490870AFF62061C24827F043F8BB4910
:10688000086008460068C8B108460068401CFDF76B
:1068900028FFBF490880AFF64061B4480068401C3B
:1068A00027F030F8BB4908600846006830B1084658
:1068B0000068401CFDF715FFB7490880B6480088FE
:1068C000401FB3490988884206DCB34800880A287B
:1068D00002DB0120B149087002E200BF00BF00BF27
:1068E00000BF00BF00BF00BF00BF00BF00BF00BFB0
:1068F000AFF2A011A34827F005F810B101209E497E
:106900000870EDE1AFF67C219E4826F0FBFF974929
:1069100008600846006800287CD0FFF746FAA048C7
:106920000088A049098808449F49098808449F496C
:10693000098808441FFA80F9B9F5007F20DB4FF47D
:10694000FA799B489B490978405C01280FDA9848FE
:1069500098490978405C401CC1B29548954A127824
:10696000815401219448934A127881540DE000210A
:106970008F48904A127881540B209049087004E0A7
:1069800000208B498B4A127888548DA17D4826F0CF
:10699000B9FF8049086008460068002839D00846D9
:1069A00000684078812807D1012170480068807A0A
:1069B0003038844A115429E07648006840788B28A2
:1069C00003D101208049087020E0724800684078B7
:1069D0008D2803D101207D49087017E06D480068BB
:1069E0004078822805D101207949087079490870DA
:1069F0000CE0684800684078892804D10120764975
:106A0000087003E006E00120744908700020744912
:106A1000088055E173A15B4826F074FF5D4908606A
:106A200050B108460068867A302EF2DB0121A6F1CB
:106A300030006F4A115443E16EA1524826F062FFC4
:106A400018B101206C4908703AE16CA14D4826F05C
:106A500059FF5049086068B108460068867A302EB0
:106A600004DB0121A6F13000564A11540120664989
:106A7000087025E165A1434826F044FF45490860B8
:106A800008B365A13F4826F03DFF42490860002851
:106A9000BFD00846006810F8010C3038C6B2042E8A
:106AA000B7DC002052498855464988555B48805DCF
:106AB0000328AEDA5948805D401C584988550120AA
:106AC0003D498855FCE056A12E4826F01BFF10B129
:106AD000FEF70EFEF4E055A12A4826F013FF18B188
:106AE000012055490870EBE0AFF29831254826F0B7
:106AF00009FF18B1012020490870E1E04FA12148A9
:106B000026F000FFD0B144A11E4826F0FBFE174935
:106B100008600846006830B108460068401CFDF770
:106B2000E0FD484908801C480088401F4549098805
:106B3000884202DC012019490870C1E042A11148D5
:106B400026F0E0FE78B10020414908703D490880F8
:106B500040A10C4826F0D6FE0E49086008460068A1
:106B600010B1002680E084E080E000007402002084
:106B70001E1600204E180020BA0100202B4352455B
:106B8000473A0000905300202B43504D533A2000C9
:106B9000560200207C0200205402002066020020E1
:106BA0007200002074000020760000207800002091
:106BB0008B020020C4010020700200206A02002025
:106BC0007B00000041020020C5010020C60100201A
:106BD000B9010020A7020020C7010020C801002041
:106BE0001A0100202B4349504F50454E3A000000F7
:106BF0002F0200203E000000BD0100202B43495021
:106C000053454E443A000000BB0100202B4950433D
:106C10004C4F53453A0000002C0000008502002034
:106C20002B43444E534749503A2031002B4349509F
:106C30004552524F523A0000BC0100202B434D54A4
:106C400049000000520200202B434D475200000033
:106C50005E0200202B383600FE480068C01C805DB4
:106C6000FD498855701CC6B20B2EF5DBFDF75CFDA7
:106C700026E0FAA1FB4826F045FE18B10120FA49AA
:106C800008701DE0F74880784F280ED1F548C0788D
:106C90004B280AD1F5480078022811D1F448007831
:106CA00070B90120F04908700AE0F2A1ED4826F021
:106CB00029FE28B1F148007810B90D20F04908707C
:106CC0000EE000BF00BF0BE0AFF27851E54826F0C0
:106CD00019FE10B10120E449087001E0BDE8FC9FF5
:106CE00000BFE84800786C30E749085C01280ED105
:106CF000E648007810B9E648007840B10020E34942
:106D00000870E34908700120E24908700CE0DD4892
:106D100000786C30DC49085C30B9DF480078022824
:106D200002D10120DB490870DA48007800287DD0C4
:106D30000020D8490870D9480088D94909880844F2
:106D4000D84909880844D849098808441FFA80F9B5
:106D5000CC4800786C30CC49085C50B1B9F1100FC8
:106D600004DBA9F110001FFA80F803E04FF00008DF
:106D700000E0C84600241EE0C24800786C30C249DA
:106D8000085C90B1BF4800786830085C30B9B14801
:106D900000681030005DC54908550AE0AD4800683C
:106DA0000F30005DC149085503E0BB48005DBF4995
:106DB0000855601C84B24445DEDB4946B64826F0DF
:106DC00096FDBB48008A002872D1B948223000F0F5
:106DD000704000F10070B6492231C1F3130100EB9D
:106DE0004110806870B9B248223000F0704000F164
:106DF0000070AF492231C1F3130100EB4110C068AC
:106E0000002878D0A9480078A9498988884272D199
:106E1000A8F10200C1B2A548FBF7C4F805462C1240
:106E2000EEB2A8F10200A149085C00E0F3E2A04242
:106E3000EDD1A8F10100085CB042E8D108464078E5
:106E400003287DD101209B49087098488578C07837
:106E500000EB0520984908800846008842F210712E
:106E6000884205DB944800884EF6602188426CDB3E
:106E70008F480079914908708C48407848708B4859
:106E800040794006000E8870884840797D2802DDF0
:106E90007D20864948718848008842F210718842F6
:106EA00007DADFF81CA2844800880AEB400A0DE0EC
:106EB00038E1814800884EF66021884206DBDFF821
:106EC00004A27D480088401A0AEB400ADFF8ECB1C2
:106ED00000240BE03AF8147039120BF1030000F8AB
:106EE000141000EB44004770601C84B26F48407976
:106EF000A04201E02FE304E2ECDC70488078C01C83
:106F0000C1B26E48FBF74EF86F490880084600880A
:106F100001126A488078C01C684A11546A48017896
:106F200010468078001D115410468078401D674936
:106F3000088000205F49087065490880012001E051
:106F400024E002E0634908703FE25B48008842F2B7
:106F500010718842F8DB584800884EF6602188425C
:106F6000F2DA554800885649A1F866054F48077976
:106F7000407900EB072087B20846A0F86875022028
:106F80005549087000204B4908701EE24748407878
:106F90000628D9D101205149087044488578C07825
:106FA00000EB052044490880084600884EF6602121
:106FB00088422ADA404800884149A1F866053B48E2
:106FC0000779407900EB072087B20846A0F868757A
:106FD0003948008842F21071884203DA01203E49A4
:106FE00008700EE03448008842F21071884208DBD5
:106FF000314800884EF66021884202DA0320364983
:107000000870002035490870DFE12B4800884EF6F3
:107010006021884298DB2B48009027490988A1F518
:107020006A416039009800EB410000901F480779E1
:10703000407900EB072081B2009801801C4800795C
:107040001E49087019484078487018488078887040
:10705000164845E07C020020906100202B434D47FC
:107060005300000090530020BA010020620200206B
:107070005A0200204552524F520000008A0200205E
:107080006A020020C40100204E180020C701002021
:10709000C8010020C90100205E23002072000020EA
:1070A000740000207600002078000020903D002031
:1070B0001E160020AE010020AC010020905F0020D1
:1070C0006E1900205A0C0020AA010020A001002007
:1070D000A40100206802002061000020B10100200E
:1070E000C078C870FE4800790871FD484079487141
:1070F0000621FC48FAF756FFFB490880084600883D
:107100000012F8498871F8480078C8710820F749DA
:1071100008800020F6490870F64908800120F649E9
:10712000087052E1F548008A012803D0F348008A2C
:107130000228F6D1F148223000F0704000F10070D2
:10714000EE492231C1F3130100EB4110806868B9A8
:10715000EA48223000F0704000F10070E749223127
:10716000C1F3130100EB4110C06838B3DC4800786C
:10717000E2498988884264D1A8F10200C1B2D848A6
:10718000FAF710FF05462C12EEB2A8F10200D4491E
:10719000085CA04255D1A8F10100085CB04250D172
:1071A0000846407803280AD10120D5490870CC4808
:1071B0008578C07800EB0520D249088041E0C848B6
:1071C0004078012802D1D04908703AE0C44840789C
:1071D000062816D10120C6490870C1488578C078B4
:1071E00000EB0520C74908800120C8490870BC4849
:1071F0000779407900EB072087B20120C449087065
:107200001FE0B748407810281BD10120C149087001
:10721000B3488578C07800EB0520BA490880012082
:10722000BA490870BC4981F80080002505E0AC48E7
:10723000405DBA494855681C85B2B7480078854218
:10724000F5DBAF480078E0B30220A6490870A448F7
:1072500040784870A24840794006000E8870A048E7
:1072600040797D2802DD7D209D494871A348008A30
:10727000012802D1DFF884A205E0A048008A022894
:1072800001D1DFF89CA2DFF85CB200240FE09D483A
:1072900000880AEB400030F8147039120BF103003B
:1072A00000F8141000EB44004770601C84B28C4856
:1072B0004079A042EBDC8B488078C01CC1B2894881
:1072C00000E01FE0FAF76EFE874908800846008854
:1072D000011284488078C01C824A11548248017887
:1072E00010468078001D115410468078401D7F495B
:1072F00008800020824908707E49088001207E496C
:10730000087062E07A48007870B30020784908700D
:10731000022074490870724840784870704880783C
:1073200088706F48C078C8706D48007908716C48E3
:107330004079487106216B48FAF734FE6A490880A3
:107340000846008800126749887167480078C8714C
:107350000820664908800020654908706549088052
:1073600001206549087030E06A48007868B3002061
:107370006849087002205B49087059484078487095
:107380005748807888705648C078C870544800794B
:10739000087153484079487106215248FAF702FEB5
:1073A000514908800846008800124E4988714E48AD
:1073B0000078C87108204D490880002055490870A0
:1073C0004C49088001204C4908704C48223000F09C
:1073D000704000F1007049492231C1F3130100EB04
:1073E00041104068F0B34F48A0F8008000204E499B
:1073F0000880012240F226614C48F6F760F84A48BE
:1074000002880088401C484B18803548815C4748FA
:10741000F6F7B6F835E0464890F8360010B3454820
:107420000088B0F5007F03DB4FF4FA704149088013
:10743000002405E04048005D29490855601C84B2DD
:107440003C4800888442F5DB3A480088354908808A
:10745000002035490880012038490860012240F2A7
:10746000266100E00DE03148F6F729F82E48028841
:107470000088401C2C4B18801948815C2B48F6F77B
:107480007FF81E484088002865DD2A480088B0F54E
:10749000007F03DB4FF4FA7026490880002405E0E2
:1074A0002548005D26490855601C84B221480088A3
:1074B0008442F5DB1F4800882249088000202249C9
:1074C0000880012240F226612048F5F7F8FF1E48A7
:1074D00002880088401C1C4B18801948815C37E0EA
:1074E000903D0020905F0020AA010020A001002014
:1074F000B1010020A4010020680200201E16002017
:10750000AE010020AC010020B001002038030020B3
:1075100061000020AF010020390300202E67002009
:107520005A0C0020900100208C01002000440040F3
:107530004E180020A6010020905300208C8122428A
:10754000902900204A010020460100200038014017
:10755000F748F6F715F8002505E0F648405DF649CE
:107560004855681C85B2F54800888542F5DB002542
:1075700004E00020EF494855681C85B2EF480088B8
:107580008542F6DB012240F22551ED48F5F797FFE1
:1075900000BFFFF7A3BB10B50020EA4908800846EA
:1075A00002880088401C0B461880E748815CE4484C
:1075B000F5F7E6FF012240F22661E148F5F77FFF8B
:1075C00010BD70B5024609E01478E04B1D881B8899
:1075D0005B1CDE4E3380DC4B5C55521C0B1EA1F154
:1075E0000104E1B2F0D170BDD8490A880988491C6C
:1075F000D64B1980D449885470470146002001E0D9
:10760000421CD0B211F8013B002BF9D1704730B5C4
:10761000CF48FFF7F2FFCF490870CD481930FFF788
:10762000ECFFCD490870CA489430FFF7E6FFCB491C
:107630000870C748B330FFF7E0FFC9490870C44875
:10764000D230FFF7DAFFC7490870C148F130FFF7C1
:10765000D4FFC54908701F20BC490880012448E0B8
:10766000C248055DC248005D052802D1B9480578C9
:1076700021E0BF48005D062802D1B74805781AE02E
:10768000BB48005D212802D1B448057813E0B84812
:10769000005D312802D1B24805780CE0B448005DA5
:1076A000412802D1AF48057805E0B148005D512876
:1076B00001D1AD480578AE48015DA4480288008834
:1076C000401CA24B1880A0488154A81CC1B2184687
:1076D00002880088401C18809B488154A54931F8D5
:1076E00014109B4A093A88182946FFF76AFF601C64
:1076F000C4B2452CB4DB7021944802880088401C39
:10770000924B1880904881540921184602880088BD
:10771000401C18808C48815407219748FFF751FF7F
:1077200071218A4802880088401C884B188086484E
:1077300081540A22184601880088401C188082481B
:10774000425408218D48FFF73CFF73217F4802888F
:107750000088401C7D4B18807B48815418211846B6
:1077600002880088401C1880774881540E21844884
:10777000FFF727FF08218348FFF723FF7421734891
:1077800002880088401C714B18806F488154082281
:10779000184601880088401C18806B484254062116
:1077A0007948FFF70EFF7521684802880088401C61
:1077B000664B188064488154082118460288008866
:1077C000401C18806048815406217048FFF7F9FE7C
:1077D0007B215E4802880088401C5C4B18805A4818
:1077E0008154184600886A49088030BD2DE9F84F59
:1077F000002468480078684909780844674909788E
:10780000084467490978084466490978084400280B
:107810007EDC6548007800287BD0644800786449A5
:1078200009780844002874D16248007858B947485C
:10783000008840B901205F49087000205E49088037
:107840005E49088031E15B480078012818D13F4843
:107850000088A8B959480088032811DD022055493D
:107860000870002055490880FFF7D1FE00203749F5
:107870000880474801885248007808F08DF814E1E4
:107880004C48007802280BD14C480088B0F5967F10
:1078900006DD01204749087000204849088004E1BE
:1078A00044480078022842D14648007800283ED05B
:1078B000032040490870002042490870234908808D
:1078C0001F214148FFF77DFE3148008800121E4904
:1078D00088702F480078C870002509E005F1220063
:1078E0001B490939095C281D174A1154681CC5B287
:1078F0000B2DF3DBFFF78BFE002012490880FA20E6
:10790000124908800F4802880088401C0D4B01E096
:10791000D4E0D4E018800C48815C0948F5F730FECB
:10792000012240F226610648F5F7C9FDBDE04DE0B1
:10793000003801409053002090590020A6010020FB
:1079400000480040A401002090510020A801002020
:1079500057180020D0010020D1010020D2010020C2
:10796000D3010020D4010020D501002043010408E8
:10797000F80004088E010408950204089C0204081B
:10798000A40204083D620020B2020408B802040800
:10799000CE010020F4010020220200205A02002023
:1079A0005E02002062020020C5010020CB01002001
:1079B000CC010020CA0100204C0200209C020020C3
:1079C000C4010020BD01002056020408FE480078D2
:1079D000032846D1FD480088F0BB0420FA4908700E
:1079E0000020FB490880FB480088FA2805DBF9489D
:1079F0000088FA38F549088002E00020F349088041
:107A0000F2480088B0F5007F03DB4FF4FA70EF49CD
:107A100008804FF0000909E009F1FA00EE49085C1E
:107A200001F8090009F1010000F0FF09E7480088AA
:107A30008145F1DBE64802880088401CE44B188051
:107A4000E548815CE548F5F79BFD012240F226619F
:107A5000E248F5F734FD00E003E00020E04908804B
:107A600023E0D948007804280BD1DD480088B0F520
:107A70007A7F06DD0120D44908700020D8490880AB
:107A800013E0D148007804280FD10020D5490870B0
:107A9000CD490870D4490870D449D54A127821F8E4
:107AA0001200D449D24A12788854D3480088142846
:107AB00004DD0020C4490870CB49087072E2CF4849
:107AC000007800287ED0C0480078CD490978084465
:107AD000002877D1CB480078002874D10120C9490B
:107AE00008700020C8490880C8490880AFF6307186
:107AF000C74825F007FFC749086008460068002806
:107B00007ED04FF0000A08460068C0780090084612
:107B100000680F300860A5E1BE4800680078BE49E3
:107B20000870BC480068401CBA490860BA48007830
:107B30007B28F0D00022B8480178B848FCF792FDC5
:107B40000746FF2F00D193E1B24800680578B1489D
:107B50000068401CAF490860022D06D10020B049E2
:107B600031F81710AF4A505478E1022DFCDD0024A3
:107B700011E0A848006890F800B0A6480068401CD2
:107B8000A4490860A64830F817002044A54901F828
:107B900000B0601CC4B2A81EA042EADCA248007873
:107BA00020B90120A1490870F7F7C3FE9A48007870
:107BB00001281AD098480078052816D096480078F1
:107BC000062801E0EFE154E10FD093480078212826
:107BD0000BD091480078312807D08F480078412891
:107BE00003D08D480078512835D100208C4931F8D8
:107BF000171021448B4A50548B48007830B900E06C
:107C0000C7E1012089490870F7F793FE82480078A0
:107C100006280CD1002407E08548005D10B1012042
:107C200084490855601CC4B2042CF5DB16E17A487F
:107C30000078512898D17B4890F8FA00402893D1D9
:107C4000A81E0C2890D10020764981F8FA00012066
:107C50007549087002E17048007820280BD06E4802
:107C60000078302807D06C480078402803D06A4854
:107C70000078502812D100240DE06D48005D40B11D
:107C80002001203064490978884202D101206949E5
:107C90000855601CC4B2042CEFDBDFE05E480078BE
:107CA00022280BD05C480078322807D05A48007848
:107CB000422803D058480078522812D100240DE001
:107CC0005B48005D40B12001223053490978884269
:107CD00002D1012057490855601CC4B2042CEFDBC7
:107CE000BCE04D48007824280BD04B48007834285D
:107CF00007D049480078442803D0474800785428E2
:107D000012D100240DE04A48005D40B1200124302A
:107D100041490978884202D10E2047490870601C09
:107D2000C4B2042CEFDB99E03B4800780D2849D120
:107D30003C4890F8390006023A4890F83A0030443E
:107D400086B2B6F5166F15D0B6F5965F12D0B6F5B9
:107D5000165F0FD0B6F5964F0CD0B6F5164F09D07A
:107D6000B6F5614F06D025202E4981F839008020D4
:107D700081F83A002B4890F83B00032803D00320F9
:107D8000284981F83B00274890F83C0040B125483D
:107D900090F83C00042803D00020224981F83C00E0
:107DA000204890F83D0060B11E4890F83D0008283A
:107DB00046D01C4890F83D00182841D000201949B1
:107DC0003CE03DE04AE00000CA010020A80100209C
:107DD000A4010020CE010020905100200048004066
:107DE0009C020020BA010020C5010020D80100201B
:107DF000C4010020E00100204C020020C601002048
:107E0000CC010020CB0100204E0200209E02002069
:107E1000905900207402002058020020F800040845
:107E20008E0104084E1800209B0200200201002051
:107E30002F020020700200206A02002081F83D001D
:107E4000F74890F83E00032808D0F54890F83E0027
:107E5000022803D00320F24981F83E000AEB050016
:107E600000F0FF0A00981038B0EB0A007FF454AE1F
:107E70008FE0EC480078012812D1EB48008878B9EF
:107E8000EA48008803280BDD0220E649087000203C
:107E9000E64908801021E648007807F07DFD78E08B
:107EA000E048007802280BD1E0480088B0F5967FC2
:107EB00006DD0120DB4908700020DC49088068E00D
:107EC000D8480078022821D1DA480078F0B10320A0
:107ED000D44908700020D7490870D3490880102180
:107EE000D548FFF76EFB002508E005F12200CC49DC
:107EF000095C281DD14A1154681CC5B20B2DF4DB56
:107F0000FFF749FB0020C949088042E0C5480078D6
:107F100003280BD1C5480088B0F57A7F06DD012023
:107F2000C04908700020C149088032E0BD4800788F
:107F300003281ED1C2480078D8B10420B94908707E
:107F40000020BF490870B9490880BE48007820B9B0
:107F50000120BD490870F7F7ECFC0020BB49B44A8A
:107F6000127821F812000021B948B14A12788154E0
:107F70000FE0AC48007804280BD1AC480088B0F57D
:107F8000967F06DD0020A7490870B2490870A7490E
:107F90000880B1480088142804DD0020A149087039
:107FA000AC490870EDE1AD4800780028FAD0AC4843
:107FB00000789C49097808440028F3D1A948007842
:107FC00003281BDDA84800880528EBDD0020A54913
:107FD0000870A2490870A5490880A54908700122C7
:107FE00040F22551A348F5F76AFAA2480C30008800
:107FF00040F004009F490C310880C2E19E48994935
:108000000978405C00287CD09948007858B98648A7
:10801000008840B9012096490870002093490880E3
:10802000914908808EE192480078012822D17E484B
:108030000088F8B98C48008803281BDD02208C4991
:108040000870002088490880864800786C307449A0
:10805000085C40B189480088103081B281480078BE
:1080600007F09AFC6EE1854801887E48007807F0A9
:1080700093FC67E17E48007802280BD17A4800889B
:10808000B0F5967F06DD0120794908700020764919
:10809000088057E176480078022868D16548007862
:1080A000002864D0032072490870002061490870DC
:1080B0005D4908806B4800786C305949085CD8B33A
:1080C00010216F48FFF77DFA002508E005F1220036
:1080D0005349095C281D594A1154681CC5B20B2D1F
:1080E000F4DB6048007868304D49085CF0B30F203D
:1080F0004D490880634800F0704000F1007061490C
:1081000000E031E1C1F3130100EB41104068A0B180
:108110005D4801785D48FFF754FA7B20FFF764FA69
:108120005948008810301FFA80F84FEA2820434948
:10813000887081F80380CAE05EE0524800F0704029
:1081400000F100704F49C1F3130100EB411080684A
:1081500058B94C4800F0704000F100704949C1F333
:10816000130100EB4110C06838B301E014E0B4E043
:10817000424801784648FFF724FA7B20FFF734FA9B
:108180003E48008810301FFA80F84FEA28202B491B
:10819000887081F803809AE03A4800F0704000F15E
:1081A00000703849C1F3130100EB4110406828B159
:1081B000354801783548FFF704FA88E0314800F087
:1081C000704000F100702F49C1F3130100EB411022
:1081D000806858B92B4800F0704000F100702949C0
:1081E000C1F3130100EB4110C068B8B12348017816
:1081F0002748FFF7E6F96AE0224800F0704000F1F6
:1082000000702049C1F3130100EB4110406830B108
:108210001D4801781D48FFF7D4F958E057E039E0D0
:108220004E180020CB010020A80100209E02002053
:10823000C4010020BD0100207502040890510020F7
:10824000BA0100209B02002002010020D80100207A
:10825000E0010020C60100204E020020680200203C
:10826000CA0100204A020020A00200205002002083
:10827000CC010020004400402F020020A00100207B
:1082800085020408401600208E0100209043002043
:10829000905F0020F64800F0704000F10070F44953
:1082A000C1F3130100EB4110806858B9F04800F0A9
:1082B000704000F10070EE49C1F3130100EB411072
:1082C000C06820B1EB480178EB48FFF77AF9FFF777
:1082D00062F90020E949088034E0E9480078032881
:1082E0000BD1E6480088B0F57A7F06DD0120E4492D
:1082F00008700020E149088024E0E1480078032864
:1083000020D1E0480078E8B1DC480088642819DD15
:108310000020DC490870DA490870DB490880002138
:10832000DA48DB4A127820F812100020D949D84ADE
:1083300012788854D6480078401CD549087000202F
:10834000CE490880D048008801281ADD0020CC4999
:108350000870CD490880CE480078401CCC49087090
:108360000020C64908800CE00020C5490870C649B5
:108370000880C7480078401CC54908700020BF49E4
:108380000880BDE8F88F704730B50146084609E01F
:108390000378C14A14881288521CBF4D2A80BF4AF4
:1083A0001355401C0278002AF2D130BD70B5002070
:1083B000BB490870002412E0482000EB8400B94952
:1083C000095CC4EB44109D30B64A105C084420B1EF
:1083D000B3480078401CB2490870601CC4B2042C39
:1083E000EADBB1480078B14909780844B049097816
:1083F0000844A34909780844AE4909780844AE49BD
:1084000009780844AD4909780844AD490978084419
:10841000A8B9002511E0AB48405D01280BD1E8B2B6
:1084200007F0C0FB0020A84948550220A54948553F
:108430005020F7F70BF9681C85B2042DEBDB002404
:108440002EE0C4EB44109D309649085C30280CD0D7
:10845000C4EB44109E30085C38B1032C07D1C4EB48
:1084600044109D30085C402801D1002604E0C4EB94
:1084700044109D308B490E5C482000EB84008949F4
:10848000085C40B19148005D40B901209049085511
:108490008E49085502E000208C490855601CC4B282
:1084A000042CCEDB00243DE08948005D98BB864863
:1084B000005D30B9482000EB84007A49085C304404
:1084C00020B90020834921F8140029E08C2000EB1A
:1084D000440074490D5C8D2000EB4400085C00EB07
:1084E000052085B27748005D02280BD1794830F825
:1084F0001400032814DD0120754908550020714936
:1085000008550DE0734830F81400A84208DD01203A
:108510006F49085504E0FFE700206E4921F8140078
:10852000601CC4B2042CBFDB6B480078032802DD5A
:10853000002069490870684804786548005D28B9DA
:1085400065480078401C64490870EAE06348005DB3
:1085500060B9504800784F49497808444D498978B6
:1085600008444C49C97808440028EEDC514800789A
:108570004E49097808444E49097808444049097829
:1085800008444D49097808444C49097808444C4945
:108590000978084490BB5148005D30B901204F492B
:1085A000085500204E4921F814004C48005D012870
:1085B0000DD102204949085500203749088020463E
:1085C00007F087F80020464921F8140016E04348D8
:1085D000005D022812D13C48005D78B100203D4981
:1085E00021F814003E4921F814003C490855384947
:1085F00008553C4908550120264908553748005D73
:10860000002834DD364830F8140005282FDD00201E
:10861000304921F814003348005D03286CDA204803
:108620000078012803DC01202949085567E0002073
:10863000274908558C2000EB44001A49085C2A4958
:1086400008808D2000EB44001649085C2649097813
:1086500000EB01202449088008460088082845DDF1
:108660000846008808381B4921F8140047E051E00B
:1086700040160020A0010020905F0020A0020020F2
:10868000CC010020BB01002050020020D8010020B6
:108690004A020020E0010020A801002090510020A3
:1086A0002D0200204E18002022020020CA010020C6
:1086B000CB010020F40100205A0200205E020020BD
:1086C00062020020700200202F02002024020020FD
:1086D000FE010020F6010020470200200A020020CF
:1086E00012020020060200207A030020F9480088C8
:1086F000F94921F8140002E00020F849085500204B
:10870000F74921F81400F7490855F748005D401C67
:10871000F5490855F448005D0A2802DB0F20F349AB
:108720000870F0480078EF4949780844ED498978A5
:108730000844EC49C9780844ED49087070BD10B58B
:10874000002405E0EB48005DEB490855601CC4B20D
:10875000162CF7DB002408E004F12200E749095C4D
:10876000201DE54A1154601CC4B20B2CF4DB16200A
:10877000E34908800D21E24802880088401CE04B54
:108780001880DD488154FEF706FF10BD70B5002447
:1087900030E0DC48005D38BBDB48005D20B90020DC
:1087A000DA4921F8140023E0702000EB4400D3499B
:1087B000085CC8490880712000EB4400CF49085C80
:1087C000C449097800EB0120C2490880CF4830F83D
:1087D0001400098888420BDD0120CA490855002091
:1087E000CA4921F8140003E00020C84921F8140008
:1087F000601CC4B2042CCCDBC5480078032802DD21
:108800000020C3490870C2480478BE48005D28B9FA
:10881000BF480078401CBE490870F9E0B4480078B1
:10882000BC4909780844BC4909780844BB4909781F
:108830000844BB4909780844BA4909780844BA4948
:1088400009780844002821D1B848005D50B90120BA
:10885000B64908550020B64921F81400B549085515
:10886000B5490880B148005D012810D1B2480088A0
:1088700003280CDD0220AD4908550020AE490880D0
:108880009F4908801621204607F086F860E0A74837
:10889000005D02280CD1A848008840F6B831884213
:1088A00006DD0120A14908550020A34908804FE0BA
:1088B0009E48005D02280ED1A048007858B10320E0
:1088C0009A49085500209D490870FFF738FF00209D
:1088D000994908803CE09548005D03280BD19648F3
:1088E0000088B0F57A7F06DD012090490855002008
:1088F000914908802CE08D48005D03280DD19048F7
:10890000007850B18C480088642806DD042087492F
:10891000085500208A4908701AE08448005D042840
:1089200016D18448005D98B10020784921F81400E0
:108930007F4921F814007D4908557249085581493D
:1089400008558149085572480078401C70490870E4
:108950007648005D002850DD754830F81400012885
:108960004BDD0020694921F814007648005D02289B
:108970002DDA76480078012803DC0120614908558A
:1089800028E000205F490855702000EB44005B4957
:10899000085C50490880712000EB44005749085C8E
:1089A0004C49097800EB01204A49088008460088B4
:1089B000032806DD08460088C01E544921F814002B
:1089C00008E044480088514921F8140002E00020E2
:1089D0004C4908550020564921F8140053490855C0
:1089E0005848005D401C574908550020514908551A
:1089F00047480078401C4649087004F180003F4910
:108A00000D5C5048005DA84202DB00203E4908553D
:108A100046480078454949780844444989780844DB
:108A20004249C97808444A49087042480078414997
:108A3000497808443F49897808443E49C978084440
:108A40004449087070BD70B543480078012809D1C9
:108A50000220414908700120404908700220404925
:108A600008700AE03C480078022806D13B480078AC
:108A70001B2802D10020384908701C4800780128C2
:108A800009D10220194908700120344908700320D7
:108A9000334908700AE015480078032806D12F48AA
:108AA00000781B2802D10020104908700F48007878
:108AB0000B2857DB0D480078102853DC012027498C
:108AC00008700A480078264908701620074908707F
:108AD00053E000007A030020F6010020FE01002090
:108AE000120200200A020020060200206A02002072
:108AF0002202002040020408905100204E1800205D
:108B0000A8010020E00100202F020020D801002051
:108B10002C020020CA010020CB010020CC01002043
:108B20005A0200205E02002062020020E8010020BC
:108B3000EC01002041020020A2020020BD01002023
:108B4000BB010020E4010020850200202D0200204E
:108B5000F40100208A02002069020020B9010020EF
:108B6000A7020020FE480078172806D1FD480078AB
:108B70001B2802D10020FA490870FB480078012820
:108B800009D10220F84908700120F6490870052033
:108B9000F64908700AE0F4480078022806D1F14846
:108BA00000781B2802D10020EF490870F0480078B7
:108BB000F04909780844F04909780844EF490978F0
:108BC0000844EF490978084400286ED1ED48007840
:108BD000012847D10220EB4908700020EA490880AB
:108BE000EA480079EA490870062048700120887038
:108BF0003D20C87000200871E648007848710621C1
:108C0000E348F9F7CFF905462812E1498871CD719B
:108C1000002505E0DE48405DDF494855681C85B207
:108C2000082DF7DB0020DD490870D74908800820AF
:108C3000DB4908800020DB4908800120DA49086010
:108C4000012240F22661D948F4F739FCD548028860
:108C50000088401CD34B1880CD48815CD348F4F782
:108C60008FFC50E0C7480078022845D1C6480088EC
:108C7000FA2841DDCE480078CE4909780844CE492B
:108C800009780844A0BBC5480078401CC349087057
:108C9000084600780A2806DD00200870B9490870E7
:108CA000C649087024E0002506E036E1BA48405D78
:108CB000B7494855681C85B2082DF7DB0820B8492C
:108CC00008800020B74908800120B74908600122C8
:108CD00040F22661B548F4F7F2FBB24802880088FA
:108CE000401CB04B1880AA48815CB048F4F748FC9F
:108CF0000020A549088006E0A2480078032802D198
:108D00000020A0490870AD480078002803DCAC487A
:108D1000007800287ED0A7480078A7490978084441
:108D2000002877D1A74800788D49097808449549EB
:108D3000097808448C49097808440028F1D1A248F0
:108D400000780028EDD1A148008841F294118842B2
:108D500060DD9748007838B90120954908700020F7
:108D60009B4908809B49088091480078012841D19F
:108D70009848008803283DDD02208D4908700020B6
:108D80009549088095A0FFF7FFFA2220FEF72CFCFA
:108D90008B48007890B100240DE004F1FB0092496B
:108DA000095C8D4802880088401C8B4B18808F48D6
:108DB0008154601CC4B20B2CEFDB0FE000240BE0ED
:108DC0008B48015D844802880088401C824B1880D3
:108DD00086488154601CC4B20B2CF1DB2220FEF7C4
:108DE00003FC0D20FEF700FCFEF7D5FB00207949BF
:108DF000088083E06E48007802280CD1754800880E
:108E0000B0F5FA7F07DD012069490870002071493B
:108E1000088073E082E066480078022851D17548E6
:108E20000078A0B3032062490870002071490870DF
:108E3000694908806248007850B300240BE06E480E
:108E4000015D654802880088401C634B18806748B4
:108E50008154601CC4B2152CF1DB3B215E480288B2
:108E60000088401C5C4B1880604881541A211846C9
:108E700002880088401C18805C4881540D221846E6
:108E800001880088401C18805848425413E018E0BC
:108E9000FFE700240BE05948025D4F480188008835
:108EA000401C4D4B188051484254601CC4B243488A
:108EB00000788442EFDBFEF76EFB00204549088016
:108EC0001CE03B480078032818D14D480078A8B131
:108ED00000204B49087039490870394908703C49ED
:108EE0000880334908704748007838B10120464966
:108EF0000870F6F71EFD00204249087034480088CB
:108F00000A280ADD00203E4908702C4908702C49C7
:108F100008702F49088026490870DFE03B48008828
:108F200000281BDD22480078234909780844A8B9A5
:108F30002048007828B901201E49087000203449D3
:108F400008801C480078012867D131480088022831
:108F500063D1184908702D4800885BE079E05CE037
:108F60006A020020B90100206B020020A702002045
:108F7000F401002022020020CA010020CB010020C1
:108F8000CC0100206C020020900200201E16002060
:108F9000903D00206D020020920200209A020020E5
:108FA000900100208C0100208C812242004400406E
:108FB0005A0200205E0200206202002059020020B6
:108FC0009B02002069020020C6010020060100204B
:108FD0005C020020A4020020A801002041542B4381
:108FE0004D47533D000000004E18002090510020D6
:108FF00090610020BD01002024040408A761002026
:10900000BA01002067020020020100205202002065
:109010006002002006F0D6F960E0FE4800780228E1
:109020005CD1FD480088042803D0FB48008808284C
:1090300003D10120F749087050E0F74800880A285A
:109040004CDD0020F5490880F2490870F24908809B
:1090500044E0F348007898B3F2480078ED49097885
:10906000084468BBF048007828B90120EE49087030
:109070000020EE490880EC480078012806D1022043
:10908000E9490870342006F0BFF90FE0E64800789F
:1090900002280BD1E648007840B10020E44908706E
:1090A000DF490870E0490870E0490880DF4800881F
:1090B000052806D10020DE4908700120DA49087031
:1090C0000CE0DA4800880A2808DD0020D84908703A
:1090D000D3490870D4490870D449088070BD10B5D0
:1090E0000120D44908700020D1490870D249087085
:1090F000D2490870D2490880D2490880D2490880F4
:10910000D2490880D2490880C3490880D1490880E3
:10911000C6490880C3490870BE490870C249087032
:10912000CD490870CD490870CD490870CD49087007
:10913000CD490870CD490870CD490870CD490870F7
:10914000B6490880B6490870CB490870CB49087009
:10915000CB490870CB490870CB490870CB490870DF
:10916000CB490870CB490870CB490870CB490870CF
:10917000CB490870CB490870CB490870002429E01E
:109180000020CA4921F81400C9490855C9490855A1
:10919000C9490855C94921F81400C94921F81400E2
:1091A000C8490855C8490855C8490855C84921F84B
:1091B0001400C8490855C8490855C8490855C84940
:1091C0000855C8490855C84921F81400C749085529
:1091D000601CC4B2042CD3DB002408E00020C44986
:1091E0000855C4490855C4490855601CC4B2062C2A
:1091F000F4DB0020C1490870C1490870012240F227
:109200002551C048F4F75BF9BE480C30008840F0A7
:109210000400BC490C31088010BD10B5BA48007874
:10922000022803D0B848007816283AD1B748007809
:1092300040B90120B6490860B4490870002080494F
:1092400008809DE0B148007801280DD17C48008855
:10925000142809DD0020AE4908600220AB490870DF
:109260000020774908808BE0A84800780228E8D1E0
:1092700073480088D228E4DD0020A44908707049B2
:109280000880A1480078022803D103209E49087075
:1092900076E09D480078162872D117209A49087008
:1092A0006EE09A480078D0B999489438006858B967
:1092B00001209749091F08609449087000206049FF
:1092C0000880FFF70CFF5BE001209149091F08604F
:1092D0000B208E49087000205949088050E08B48C7
:1092E0000078012811D18A489438006868B1544840
:1092F00000881E2844DD022084490870002050495F
:1093000008808349091F08603AE0804800780B28EC
:109310000ED14B480088B0F5967F31DD0C207B499B
:1093200008700020464908807949091F086027E035
:10933000764800780C2816D175489438006830B902
:109340000D207249087000203D49088018E03C4813
:10935000008841F27071884212DD00206B4908706C
:10936000374908800CE0694800780D2808D1344856
:109370000088642804DD00206449087030490880B2
:1093800010BD10B5002063490870002418E0482083
:1093900000EB84006049085C68B9C4EB44109D3060
:1093A000085C40B101205D4908555A480078401CCE
:1093B0005849087002E0002058490855601CC4B2A2
:1093C000042CE4DB002418E0482000EB8400524920
:1093D000085C68B9C4EB44109D30085C40B1434858
:1093E000005D40B901203E4908554049085502E05A
:1093F00000203E490855601CC4B2042CE4DB4848F8
:109400000078032802DD00204549087044480478AC
:10941000334887E05E0200206002002052020020F4
:10942000660200205A02002062020020640200202E
:10943000BA010020B9010020BD010020BB010020BD
:10944000C0010020C20100204C0200204E0200207A
:10945000500200205C02002022020020F4010020C3
:10946000CA010020CB010020CC01002047020020CF
:10947000490200204A0200202C020020C4010020E2
:10948000C5010020C6010020C7010020C90100203D
:109490008402002067020020680200208902002068
:1094A0008A0200205E0000209B020020D8010020DC
:1094B000E0010020E4010020E8010020EC01002090
:1094C000F6010020FE010020060200200A02002012
:1094D0001202002024020020850200208B020020BE
:1094E000020200200E0200201A02002028020020A2
:1094F0002F0200203B02002041020020A602002093
:10950000A7020020004400406A020020B8010020A9
:10951000B48121422E0200204E1800203502002086
:1095200048020020005D28B9F8480078401CF7493F
:10953000087051E0F648005D60B9F6480078F549DA
:1095400049780844F34989780844F249C9780844BD
:10955000002841DCF0480078F04909780844F049D7
:1095600009780844EF4909780844EF490978084424
:10957000EE4909780844EE4909780844F8B9E44806
:10958000005D30B90120E24908550020E94921F881
:109590001400DF48005D012812D1E64830F81400BD
:1095A00002280DDD0220DA4908550020E249088032
:1095B000204606F0C2F90020DE4921F814000BE035
:1095C000D348005D022807D10020DA4921F81400B1
:1095D000CF490855D949085510BD10B50020D849C4
:1095E0000880D8490870D8480068D848007830B951
:1095F000D7480088042802DD0120D4490870D548E6
:109600000078002832DDD448007801282ED1D348D4
:10961000008858BBD2484078D2490978884225D082
:10962000CF484078CF490870CF48008820B9C94852
:109630000178CEA024F07EFFCB480088401CCA49A8
:10964000088008460088C82810DD00200880C1482E
:109650000078052803D0BF480078062803D140F6DB
:10966000B830F5F7F3FF0020BA490870B748007822
:1096700000286FD0C148007800286BD1C04800781E
:109680000028FAD1B3480078002863DCB24800789B
:10969000102873D00BDC102871D2DFE800F02627E9
:1096A00070515C75818F99A3ADB8C2CCD6E01828F3
:1096B00074D009DCA0F111000728EDD2DFE800F03A
:1096C000E3F3FDF0EFEEED00302868D006DC19285A
:1096D00070D01A286FD01B2851D18BE131286BD064
:1096E00041286AD0FF28F7D10BE200BFFFF795FDB4
:1096F000A448007802281ED193480068D8B1002001
:10970000A0490870A04908800320934908700122ED
:1097100040F225519D48F3F7D2FE012240F2255137
:109720009B48F3F7CCFE9A480C30008840F00400C8
:1097300097490C31088000209649A1F88000FAE191
:109740009548007828B990480088022801DD05F086
:1097500003FD71E1F0E190480078A0B98F4890F8DE
:10976000664090F8670000EB042084B242F60330B4
:10977000844205D1312005F0FCFC04E079E0D9E118
:10978000302005F0F6FC57E18348007828B97E4880
:109790000088032801DD05F0DFFC4DE10AE137E137
:1097A0007D48007828B978480088012801DB05F059
:1097B000F1FC41E109E112E131E136E1764800785E
:1097C00028B971480088012801DB05F0F0FC33E17D
:1097D0007148007828B96C480088012801DB05F041
:1097E000BBFC29E16C48007828B96748008801284B
:1097F00001DB05F05EFD1FE16748007830B9624883
:109800000088012802DB312005F081FD14E1624867
:10981000007828B95C480088012801DB05F088FD44
:109820000AE15D48007828B957480088012801DB23
:1098300005F094FD00E15848007828B952480088A6
:10984000012801DB05F097FDF6E05348007828B9C0
:109850004D480088012801DB05F09AFDECE04E48F8
:10986000007828B948480088012801DB05F09DFDF3
:10987000E2E04948007828B943480088012801DB24
:1098800005F0FBFDD8E04448007828B93E48008840
:10989000012801DB05F060FCCEE081E02BE020E058
:1098A00015E00AE0FFE73C48007828B93648008810
:1098B000012801DB05F050FCBEE03748007828B9EC
:1098C00031480088012801DB05F046FCB4E032484D
:1098D000007828B92C480088012801DB05F03CFC01
:1098E000AAE02D48007828B927480088012801DB24
:1098F00005F032FCA0E02848007828B9224800880A
:10990000012801DB05F028FC96E000004802002059
:109910000E020020E0010020F4010020CA01002016
:10992000CB010020CC0100205A0200205E02002062
:10993000620200201A020020A8010020020200207A
:10994000B601002089020020208121425E00002013
:109950006E020020A7020020B90100209001002023
:1099600058080020A8020020AA0200205265737443
:109970006172744E6F3D25640D0A00008402002060
:109980009F010020B8010020C201002000480040D3
:10999000004400401E160020BA0100204E1800208E
:1099A000A548007828B9A5480088012801DB05F002
:1099B000D3FB41E0A048007830B9A04800880128D6
:1099C00002DB302005F06AFE36E09B48007828B9BB
:1099D0009A480088012801DB06F0F7F82CE0964849
:1099E000007830B995480088012802DB302005F066
:1099F000C0FB21E09248007848B1FFF7C2FCFEF7B7
:109A0000D5FCFEF7C3FEFFF71EF823F09FFB92E0A4
:109A10008948007810B9002006F0C4F80CE08648A8
:109A2000007808B906F0EBF806E08348007810B932
:109A3000312005F0FAFC00BF7F48007808B3814868
:109A400000780F2803D110207E4908700FE07D4870
:109A50000078412803D100207A49087007E079484E
:109A60000078401C77490870002077490880002062
:109A70007149087001207549087000206F490880FD
:109A80003EE06D48007810B97148007880B16D48AB
:109A9000007805280CD106206A4908700020664924
:109AA00008706B4908706B4908606449088027E0BA
:109AB0006448007805280AD1604800885F281FDDC7
:109AC00001206049087006206349087018E05D486D
:109AD000007807280AD1594800885F2810DD012046
:109AE0005849087007205C49087009E0534800880D
:109AF000412805DD012053490870082056490870A7
:109B000019E005F061FB05F06CFB05F091FB05F039
:109B10009CFB05F0A7FB05F096FC05F0A1FC05F009
:109B2000E8FC06F035F806F074F805F067FB05F080
:109B300072FB00E010BD00BF00BFFBE770B505463B
:109B40000E46002240F226614448F3F7B8FC002498
:109B50000CE0295D4148F3F713FD00BF40213F4869
:109B6000F3F77CFD0128F9D1601CC4B2B442F0DBEC
:109B7000012240F226613948F3F7A1FC70BD0FB411
:109B800038B505A800903648009A049924F0F6FCF0
:109B900000200090324823F0C7FE84B2E1B2304882
:109BA000FFF7CCFF38BC5DF814FB70B505460E46D8
:109BB000002240F226612B48F3F781FC00240CE0E0
:109BC000295D2848F3F7DCFC00BF40212548F3F766
:109BD00045FD0128F9D1601CC4B2B442F0DB01227A
:109BE00040F226611F48F3F76AFC70BD0FB438B528
:109BF00005A800901C48009A049924F0BFFC00209E
:109C00000090194823F090FE84B2E1B21648FFF7A5
:109C1000CCFF38BC5DF814FB70B506460C4624B981
:109C2000304623F081FE85B200E02546E9B2304699
:109C3000FFF7BBFF70BD0000BA010020C201002089
:109C40005E000020B90100200601002089020020EA
:109C5000BE010020B0812142A70200200044004044
:109C6000904B0020003801409037002008B54FF499
:109C70000060ADF8000003208DF8020004208DF88C
:109C800003006946F948F3F7F1F94FF48060ADF845
:109C9000000003208DF8020018208DF803006946AB
:109CA000F248F3F7E3F908BD1FB5F148F3F72CFBD1
:109CB0006846F3F7D5FB4FF4165000900020ADF83E
:109CC0000400ADF80600ADF80800ADF80C000C205B
:109CD000ADF80A006946E648F3F759FB012240F265
:109CE0002551E348F3F7EBFB0121E148F3F7DBFBF8
:109CF0001FBD10B5FFF7BAFFFFF7D6FF0020DD4903
:109D00000880DD49088010BD10B502460B4650782A
:109D1000022103E0545C60404C1CA1B29942F9DB83
:109D200010BD2DE9FF5F4FF0000A00200390D248DC
:109D3000008800287EDDD1480078D1490978884222
:109D400078D0CE480078CE490870CE480088401CB4
:109D5000CC490880084600880528EBDD002240F247
:109D60002551C348F3F7ABFBC3480088C6490880B8
:109D70000020C4490880C44800880A287EDDC34802
:109D8000007824287BD1C0480088401FBF49085C68
:109D90002A28F7D1BC480088801E085C0D28F1D124
:109DA000B9480088401E085C0A28EBD1B6480088F4
:109DB000401F81B2B548FFF7A7FF04462046E217CF
:109DC00004EB12621212A4EB0221CA1701EB127209
:109DD000C2F307160A2E03DB06F13700C6B202E013
:109DE00006F13000C6B22046E11704EB11710911EB
:109DF000A4EB011101F0FF09B9F10A0F04DB09F12D
:109E0000370000F0FF0903E009F1300000F0FF091E
:109E10009D480088001F9D49085CB0427ED19A4849
:109E20000088C01E085C4845F8D199A1974823F0E6
:109E300069FD00E017E3002871D196A1934823F053
:109E400061FD00286CD093A1904823F05BFD9249FE
:109E500008600846006810F8050C2E2849D108460D
:109E6000006810F8080C3038096811F8091C3039FE
:109E700001EB810100EB4100884901E097E293E2A8
:109E8000A1F89C008448006810F8060C303882491C
:109E9000096811F8071C303901EB810100EB410022
:109EA0007E49A1F89E007C48006810F8040C303808
:109EB0004FF47A7148437849096811F8031C303926
:109EC00001EBC10202EB011100EB81017248006855
:109ED00010F8020C303800EB800001EB40016E48B6
:109EE000006810F8010C303808446C49A1F8A00053
:109EF00059E06948006810F8060C2E2853D16648CE
:109F0000006810F8090C30386349096811F80A1C18
:109F1000303901EB810100EB410002E041E23DE21A
:109F200039E05E49A1F89C005B48006810F8070C16
:109F300030385949096811F8081C303901EB8101A2
:109F400000EB41005549A1F89E005348006810F805
:109F5000050C30384FF47A7148434F49096811F8BD
:109F6000041C303901EBC10202EB011100EB81014D
:109F70004948006810F8030C303800EB800001EB12
:109F800040014548006810F8020C30380844434945
:109F9000A1F8A00007E000204049A1F89C00A1F82A
:109FA0009E00A1F8A0003EA1384823F0ABFC002899
:109FB0005BD03BA1354823F0A5FC37490860084633
:109FC000006810F8050C2E286DD10846006810F8BE
:109FD0000A0C3038642148432F49096811F8091CDC
:109FE000303901EB810100EB41012B48006810F88A
:109FF000080C303808442949A1F8A2002648006816
:10A0000010F8060C30382449096811F8071C30395B
:10A0100001EB810100EB41002049A1F8A4001E489A
:10A02000006810F8040C30384FF47A7148431A492C
:10A03000096811F8031C303901EBC10202EB011170
:10A0400000EB81011448006810F8020C303800EB76
:10A05000800001EB40011048006810F8010C303816
:10A0600008440E49A1F8A6007BE072E00010014010
:10A07000004C0040B2020020B0020020580800202E
:10A08000C1020020C2020020B4020020926500201C
:10A090002C2C2C002C4E2C00C80200201E16002058
:10A0A0002C452C00FFE7FB48006810F8060C2E2812
:10A0B00057D1F848006810F80B0C30386421484339
:10A0C000F449096811F80A1C303901EB810100EBF1
:10A0D0004101F048006810F8090C30380844EE4996
:10A0E000A1F8A200EB48006810F8070C3038E949E5
:10A0F000096811F8081C303901EB810100EB4100BF
:10A10000E549A1F8A400E348006810F8050C3038D0
:10A110004FF47A714843DF49096811F8041C30395B
:10A1200001EBC10202EB011100EB8101D94800688B
:10A1300010F8030C303800EB800001EB4001D548EB
:10A14000006810F8020C30380844D349A1F8A60082
:10A1500007E00020D049A1F8A200A1F8A400A1F8CE
:10A16000A6004FF0010A00200390CB49B1F8A000EF
:10A1700023F06DFE8046C94923F0A3FC0746C6497B
:10A18000B1F89E0023F063FEC549009023F099FCCE
:10A190008046C149B1F89C0023F059FE4146019028
:10A1A00023F005FC3946029023F001FC8346584613
:10A1B00023F0D5FE0746BB4ABB4B23F0FBFE3AD249
:10A1C000BA49584623F04BFC074623F063FEB849D2
:10A1D000A1F85002B1F8500223F039FEB3490290C1
:10A1E000584623F03CFC0190029923F032FC804653
:10A1F000B04923F034FC074623F04CFEAC49A1F8EB
:10A2000052020846B0F85002A349898A88420FD109
:10A21000A748B0F85202642190FBF1F09E49C98A28
:10A22000642291FBF2F188420ED0012003900BE0F2
:10A230000220039008E09848808A9D49A1F85002C6
:10A240009548C08AA1F852029349B1F8A60023F0BC
:10A25000FEFD8046914923F034FC07468E49B1F853
:10A26000A40023F0F4FD8E49009023F02AFC8046E0
:10A270008949B1F8A20023F0EAFD4146019023F09C
:10A2800096FB3946029023F092FB8346584623F012
:10A2900066FE0746834A844B23F08CFE3AD28349FC
:10A2A000584623F0DCFB074623F0F4FD8049A1F873
:10A2B0005402B1F8540223F0CAFD7C49029058467A
:10A2C00023F0CDFB0190029923F0C3FB804679492E
:10A2D00023F0C5FB074623F0DDFD7549A1F85602C2
:10A2E0000846B0F854026C49098B88420FD1704877
:10A2F000B0F85602642190FBF1F06749498B642263
:10A3000091FBF2F188420ED0032003900BE0042071
:10A31000039008E06048008B6549A1F854025E484C
:10A32000008BA1F854020398002821DD6048B0F8A2
:10A330005002594988825E48B0F85202C8825C488F
:10A34000B0F8540208835A48B0F85602488300F027
:10A3500001FF514914315048F8F7B1FF4FF6FF7132
:10A3600001EA4007082239464B48143001F071F8E1
:10A370004F48B0F850025049A1F828054C48B0F8B1
:10A380005202A1F82A054A48B0F85402A1F82C0557
:10A390004748B0F85602A1F82E050AE04FF0020A2D
:10A3A00007E04FF0030A04E04FF0040A01E04FF029
:10A3B000050ABAF1000F4DDD3748223000F0704039
:10A3C00000F1007034492231C1F3130100EB411058
:10A3D000006980B3002505E03848405D384948559C
:10A3E000681CC5B2374800888542F5DBBAF1020F18
:10A3F00008D1002504E0002030494855681CC5B24A
:10A40000C82DF8DB2F4800882F49088000202F49ED
:10A410000880084602880088401C0B46188028489F
:10A42000815C2B48F3F7ACF8012240F22661284802
:10A43000F3F745F80EE0FFE7BAF1020F0AD1002565
:10A4400004E000201D494855681CC5B2C82DF8DB42
:10A450004FF0000A012240F225511E48F3F72FF871
:10A4600000201D490880BAF1000F11DD002404E02E
:10A47000002012490855601C84B2142CF8DB01221C
:10A4800040F225511348F3F71AF8002012490880CA
:10A49000BDE8FF9FC80200201E160020007C124964
:10A4A000000070429A9999999999B93F0000C84261
:10A4B0005A0C002000401C466E19002092650020B6
:10A4C000903D0020B4020020900100208C0100206B
:10A4D00000440040004C0040B00200202DE9F05F35
:10A4E0004FF0000BFC48008A002873D1FB4800782D
:10A4F000002857D0F8480079F9490870F9484078A1
:10A500004870F84840794006000E8870F648008888
:10A51000F9F723F90746DFF8C88300240BE037F882
:10A520001450291208F1030000F8141000EB440045
:10A530004570601CC4B2EB484079A042EFDCE848AB
:10A540008078C01CC1B2E648F7F72CFDE7490880C7
:10A55000084600880112E2488078C01CE04A115485
:10A56000E248017810468078001D1154104680782A
:10A57000401DDF4908800020D8490870DD49088067
:10A58000084602880088401C0B461880D448815C2D
:10A59000D948F2F7F5FF012240F22661D648F2F7DA
:10A5A0008EFF4EE2D548007818B9D54800780028CB
:10A5B000F7D04FF0010BBBF1000F7AD0CA480088EA
:10A5C00042F21071884206DACE4EC7480088C6496A
:10A5D000088028E0B7E0C448008844F6206188423B
:10A5E00007DAC94EC0480088A0EB6100BE49088068
:10A5F00019E0BD48008847F23051884213DAC34E53
:10A60000B9480088A0F59C402038B7490880C04868
:10A61000007818B90120BE49087004E00020B7494D
:10A620000870B7490870B6480078A8B1AD480579F8
:10A63000407900EB052085B2AB48008826F8105021
:10A64000B348007838B1A8480088AF49A1F8D801CC
:10A650000846A0F8DA512CE0A848007848B3A14891
:10A6600040795A2825DADFF87C92002412E009F1BB
:10A67000070010F8145000EB440090F801A00AEB1A
:10A68000052085B29848008806EB400020F8145059
:10A69000601CC4B293484079A042E8DC9C48007832
:10A6A00038B1914800889849A1F8D8010846A0F827
:10A6B000DA519248007818B991480078002841D0C2
:10A6C00085480079864908708648407848708548F2
:10A6D000807888708348C078C87082480079087193
:10A6E000804840794871BBF1000F02D1FF2008710A
:10A6F000487106217A48F7F755FC7C4908800846DE
:10A70000008800127649887178480078C87108205E
:10A71000774908800020794908707949087075499F
:10A720000880084602880088401C0B4618806C4848
:10A73000815C7148F2F724FF012240F226616E48E5
:10A74000F2F7BDFE7DE16548007800287ED06248C2
:10A7500000796349087063484078487061484079DF
:10A760004006000E88706048008842F210718842EE
:10A7700005DA644F5C4800885B49088024E05A4849
:10A78000008844F62061884207DA5F4F5648008807
:10A79000A0EB61005449088016E05348008847F256
:10A7A0003051884208DA594F4F480088A0F59C4044
:10A7B00020384D49088007E0564F4B480088A0F5E7
:10A7C000EA40303848490880DFF8148100240FE05F
:10A7D0004548008807EB400030F81450291208F172
:10A7E000030000F8141000EB44004570601CC4B274
:10A7F0003C484079A042EBDC39488078C01CC1B2AB
:10A800003748F7F7CFFB394908800846008801121E
:10A8100033488078C01C324A1154344801781046BD
:10A820008078001D115410468078401D3049088002
:10A8300000202A4908702F490880084602880088AD
:10A84000401C0B4618802648815C00E009E02A483D
:10A85000F2F796FE012240F226612748F2F72FFE1A
:10A86000EFE02648007818B9254800780028F7D08E
:10A870004FF0010BBBF1000F6BD01B48008842F278
:10A880001071884205DA1F4E174800881649088063
:10A8900047E01548008844F62061884207DA1A4EDE
:10A8A00011480088A0EB61000F49088039E00E488C
:10A8B000008847F23051884233DA144E0A48008843
:10A8C000A0F59C402038084908801148007818BB42
:10A8D00001200F49087024E01E160020BC02002051
:10A8E000CA64002092650020BA020020B80200204D
:10A8F000B6020020B2020020004C0040BD02002041
:10A90000BF020020720800205A0C00202A140020E8
:10A910009E010020F214002000206E4908706E494C
:10A9200008706D480078A8B16C480579407900EB53
:10A93000052085B26A48008826F8105069480078DA
:10A9400038B1674800886849A1F8D8010846A0F8DE
:10A95000DA512CE05F48007848B3604840795A28C3
:10A9600025DADFF87891002412E009F1070010F8E9
:10A97000145000EB440090F801A00AEB052085B2CA
:10A980005748008806EB400020F81450601CC4B201
:10A9900052484079A042E8DC5248007838B150482B
:10A9A00000885149A1F8D8010846A0F8DA51494871
:10A9B000007810B948480078E8B34C4800794C4911
:10A9C000087046484078487044488078887043480A
:10A9D000C078C87041480079087140484079487192
:10A9E000BBF1000F02D1FF200871487106214048D9
:10A9F000F7F7D8FA3F4908800846008800123C491A
:10AA000088713C480078C87108203B4908800020C4
:10AA10003049087030490870384908800846028873
:10AA20000088401C0B4618803148815C3448F2F79E
:10AA3000A7FD012200E004E040F226613048F2F771
:10AA40003EFDBDE8F09F70472E480078D0B92E48F3
:10AA500080782E490988884214D02B4880782B4969
:10AA600008802B480088401C294908800846008837
:10AA70001E2807DB002008800120224908700020E2
:10AA800024490880704710B51E48007800B31E485E
:10AA900080782149098888421AD01B4880781E494D
:10AAA00008801C480088401C1A4908800846008815
:10AAB000032804DA02211948F2F787FB08E0002096
:10AAC000144908800F49087002211448F2F77BFBF3
:10AAD00010BD0000BD020020BF02002092650020D2
:10AAE000BA0200209E0100205A0C00201E160020F1
:10AAF000CA640020B8020020B6020020B202002082
:10AB0000004C0040920000205808002094000020D3
:10AB1000960000209A0000209800002000100140BC
:10AB2000704700BFFEE700BFFEE700BFFEE700BFC3
:10AB3000FEE770477047704710B5F7480078401C33
:10AB4000F5490870F5480068401CF4490860F4486D
:10AB50000088401CF2490880F2480088401CF149F6
:10AB60000880F1480088401CEF490880EF480088C1
:10AB7000401CEE490880EE480088401CEC490880E3
:10AB8000EC480088401CEB490880EB480088401CDA
:10AB9000E9490880E9480088401CE8490880E848FD
:10ABA0000088401CE6490880E6480088401CE549CA
:10ABB0000880D94800780A281ADB0020D649087096
:10ABC00008464078401C4870DF48007808B9F4F720
:10ABD000B4F9DE480088401CDC490880DC48008865
:10ABE000401CDB490880DB480088401CD9490880AC
:10ABF000C948407864285CDB0020C7494870084693
:10AC00008078401C8870D4480068401CD249086095
:10AC1000D2480088401CD1490880D1480088401C97
:10AC2000CF490880CF480088401CCE490880CE48D4
:10AC30000088401CCC490880CC480088401CCB4987
:10AC40000880CB480088401CC9490880C948008852
:10AC5000401CC8490880C8480088401CC649088074
:10AC6000002424E0C54830F81400401CC34921F8F2
:10AC70001400C34830F81400401CC14921F81400E6
:10AC8000C04830F81400401CBE4921F81400BE48EA
:10AC900030F81400401CBC4921F81400BB4830F8BF
:10ACA0001400401CB94921F81400601CC4B2042CE3
:10ACB000D8DBB748008842F21071884204DAB44801
:10ACC0000088401CB2490880B2480068401CB14965
:10ACD000086010BD10B50821AF48F2F7BFFC30B1D5
:10ACE0000821AD48F2F7C7FCAB48F2F74DFC40F243
:10ACF0002551A948F2F7C8FCF0B1A748F2F744FC87
:10AD0000C1B2A64802880088401CA44B1880A44801
:10AD1000815440F22551A048F2F7E0FC9F4800889A
:10AD200040F60201884204DB9C480088401E9B4993
:10AD3000088000209B49088040F226619648F2F77F
:10AD4000A3FC68B340F226619348F2F7C7FC96482B
:10AD5000008896490988884223DB002092490880B0
:10AD600092490880924800F0704000F100709049CC
:10AD7000C1F3130100EB4110406A10B100208D496E
:10AD80000870002240F226618348F2F798FB884859
:10AD90006238B0F85001401C85496239A1F8500171
:10ADA0000AE0814802880088401C7F4B1880824856
:10ADB000815C7948F2F7E4FB10BD10B540F22551F3
:10ADC0007E48F2F761FCF0B17C48F2F7DDFBC1B2DE
:10ADD0007B4802880088401C794B18807948815450
:10ADE00040F225517548F2F779FC7548008840F625
:10ADF0000201884204DB72480088401E70490880C6
:10AE000000207149088040F226616C48F2F73CFC52
:10AE100008B340F226616948F2F760FC6B4800888D
:10AE20006B49098888420BDB002068490880684923
:10AE30000880002240F226616048F2F740FB0AE0F9
:10AE4000624802880088401C604B18806148815C21
:10AE50005A48F2F795FB10BD10B508215E48F2F78D
:10AE6000FDFB30B108215C48F2F705FC5A48F2F7C7
:10AE70008BFB40F225515848F2F706FC10B35648B8
:10AE8000F2F782FBC1B2554802880088401C534B40
:10AE900018805348815440F225514F48F2F71EFC68
:10AEA0004E480088B0F5C06F04DB4C480088401E57
:10AEB0004A49088001204B49087000204A4908701F
:10AEC0004A49088040F226614348F2F7DDFB08B3A7
:10AED00040F226614048F2F701FC454800884549A8
:10AEE000098888420BDB00204149088041490880DD
:10AEF000002240F226613848F2F7E1FA0AE03C48C5
:10AF000002880088401C3A4B18803B48815C3248DC
:10AF1000F2F736FB10BD0000580800206C0300203B
:10AF20004800002076030020800300200801002054
:10AF30009C0200209E020020A0020020A20200200D
:10AF4000A40200200E010020F0000020B601002025
:10AF5000C00100209002002020010020C20100203A
:10AF60004C0200204E02002050020020600200200F
:10AF70005C020020640200206E020020EC01002030
:10AF8000D8010020F6010020120200201A02002041
:10AF90000601002030040020003801404401002058
:10AFA000902F002060010020460100204A0100206F
:10AFB000801600206E0100209029002000440040EF
:10AFC0008A010020904300209C0100208C01002079
:10AFD00090010020903D002000480040A201002088
:10AFE000905300208D0000208C000020B401002030
:10AFF000A4010020A80100209051002010B540F2CB
:10B0000025513748F2F740FB08B33548F2F7BCFA50
:10B01000C1B2344802880088401C324B1880324844
:10B0200081540020314908703149088040F225518F
:10B030002B48F2F753FB2B480088CA2804DB294829
:10B040000088401E2749088000202A49088040F2D5
:10B0500026612348F2F718FB08B340F22661204826
:10B06000F2F73CFB244800882449098888420BDB1E
:10B0700000202149088021490880002240F22661F1
:10B080001748F2F71CFA0AE01B4802880088401CA7
:10B09000194B18801A48815C1148F2F771FA10BDFB
:10B0A00010B50420F3F71AFF38B14FF400611548CA
:10B0B000F4F7E8FA0420F3F722FF10BD10B54020A2
:10B0C000F3F70CFF30B140210F48F4F7DBFA4020D2
:10B0D000F3F715FF8020F3F701FF10BD7047000064
:10B0E000004C0040B0020020926500209200002039
:10B0F00096000020C2020020B2020020B60200200A
:10B10000CA6400200008014000140140704710B5D7
:10B110004021EE48F2F757F80121ED48F2F753F8D5
:10B1200010BD10B5044600BF0221EA48F2F71DFF2A
:10B130000028F9D02146E748F2F7C4FE00BF0121FC
:10B14000E448F2F712FF0028F9D0E248F2F7BCFE1B
:10B15000C0B210BD10B54021DC48F2F736F801212D
:10B16000DB48F2F730F810BD10B50024FFF7F2FF0E
:10B170000520FFF7D6FF00BFA520FFF7D2FF04464A
:10B1800004F001000028F7D1FFF7C1FF10BD10B592
:10B19000FFF7E0FF0620FFF7C4FFFFF7B8FF10BD81
:10B1A00010B50446FFF7F3FFFFF7D4FFD820FFF7F1
:10B1B000B8FFC4F30740FFF7B4FFC4F30720FFF75D
:10B1C000B0FFE0B2FFF7ADFFFFF7A1FFFFF7CCFF45
:10B1D00010BD10B5FFF7DBFFFFF7BCFFC720FFF77F
:10B1E000A0FFFFF794FFFFF7BFFF10BD70B5054646
:10B1F0000C461646FFF7CBFFFFF7ACFF0220FFF728
:10B2000090FFC4F30740FFF78CFFC4F30720FFF75C
:10B2100088FFE0B2FFF785FF03E02878FFF781FFA2
:10B220006D1C301EA6F101018EB2F6D1FFF76FFF43
:10B23000FFF79AFF70BD2DE9F05F07460E461446F2
:10B240004FF00008C146C2460025AB4606F0FF0A93
:10B25000CAF10000C5B22046E11704EB1161C1F349
:10B260000728E11704EB11610912A4EB012101F099
:10B27000FF09BAF1000F20D1B8F1000F05D1224625
:10B2800031463846FFF7B2FF64E009E04FF48072C0
:10B2900031463846FFF7AAFF06F5807607F5807736
:10B2A000B8F10000A8F1010101F0FF08EED14A4613
:10B2B00031463846FFF79AFF4CE0B8F1000F18D13D
:10B2C000A94510DDA9EB050000F0FF0B2A46314629
:10B2D0003846FFF78BFF2E442F445A4631463846F6
:10B2E000FFF784FF36E0224631463846FFF77EFFFF
:10B2F00030E0601B84B22046E11704EB1161C1F31A
:10B300000728E11704EB11610912A4EB012101F0F8
:10B31000FF092A4631463846FFF768FF2E442F447E
:10B3200009E04FF4807231463846FFF75FFF06F5BB
:10B33000807607F58077B8F10000A8F1010101F0EF
:10B34000FF08EED1B9F1000F04D04A463146384625
:10B35000FFF74CFFBDE8F09F70B505460C4616465A
:10B36000FFF7F8FE0320FFF7DCFEC4F30740FFF70A
:10B37000D8FEC4F30720FFF7D4FEE0B2FFF7D1FEFA
:10B3800004E0A520FFF7CDFE28706D1C301EA6F14D
:10B3900001018EB2F5D1FFF7BAFE70BD2DE9F04183
:10B3A0000024002500260027FFF7D4FE9F20FFF78A
:10B3B000B8FEA520FFF7B5FE0546A520FFF7B1FEB4
:10B3C0000646A520FFF7ADFE0746FFF7A0FE2804BE
:10B3D00040EA062040EA07042046BDE8F08110B5A7
:10B3E0000446FFF7B7FE0320FFF79BFEC4F30740B8
:10B3F000FFF797FEC4F30720FFF793FEE0B2FFF7D5
:10B4000090FE10BD10B5A520FFF78BFE10BD10B546
:10B41000044600BF02212F48F2F7A7FD0028F9D00B
:10B4200021462C48F2F74EFD00BF01212948F2F7D2
:10B430009CFD0028F9D02748F2F746FD10BD10B555
:10B4400001212348F1F7C1FE40212048F1F7BBFE5E
:10B4500010BD70B504460D461646FFF798FEFFF77F
:10B4600079FE0220FFF75DFE280AFFF75AFEE8B2D8
:10B47000FFF757FE03E02078FFF753FE641C301EF1
:10B48000A6F101018EB2F6D1FFF741FEFFF76CFE87
:10B4900070BD70B504460D461646FFF75BFE0320EF
:10B4A000FFF73FFE280AFFF73CFEE8B2FFF739FE40
:10B4B00004E0A520FFF735FE2070641C301EA6F1C5
:10B4C00001018EB2F5D1FFF722FE70BD000C0140E4
:10B4D00000080140003C00400120FE4908700020A7
:10B4E000FD4908705A20FD490870432048704C20DF
:10B4F00088705420C870452008715320487154202A
:10B5000088713220C871302008723120487238208A
:10B5100088723120C8720873487332208873002003
:10B52000C873012008740220487403208874042022
:10B53000C8740520087506204875072088750820FE
:10B54000C875092008760A2048760B2088760C20DA
:10B55000C8760D2008770E20487770472DE9F04116
:10B560000024DC480078042803D0DA480078012859
:10B570005AD153E0DA480068DA49C268DA4890479D
:10B58000D8480088D9490880D6480088D84908801A
:10B59000D84800F0704000F10070D649C1F31301A3
:10B5A00000EB4110806A20B1D1480188CE48FEF7F7
:10B5B00033FBD048423800F0704000F10070CD49B4
:10B5C0004239C1F3130100EB4110406818B3002465
:10B5D00005E0C548005DC8490855601CC4B2C148B3
:10B5E00000888442F5DBBF480088C44908800020F9
:10B5F000C3490880084602880088401C0B46188012
:10B60000BD48815CBF48F1F7BBFF012240F22661D3
:10B61000BC48F1F754FF0120AF490870B0490968F0
:10B62000486980470228A5D0B2486238008A0028BD
:10B630007ED1A9480078012841F0A7850220A649BB
:10B640000870AC486238C088002858D1A6480078F5
:10B65000A849623989888842EED1A5480078801EC1
:10B66000C1B2A148F6F79EFC05462F1205F0FF086F
:10B670009F480088801E9C49085CB8423DD19C4888
:10B680000088401E085C404537D1084640780328B2
:10B6900004D101209C49087001F077BD92484078A0
:10B6A000102806D100209949088001209849087087
:10B6B000F2E78D484078012802D196490870EBE7FF
:10B6C00089484078062806D100209049088001204A
:10B6D00091490870E0E78448407849280BD101205F
:10B6E0008E49087064208E49087000208D490880BA
:10B6F0008D490870D0E70124CEE70224CCE77A48D0
:10B7000000787C4962390989884275D17848007887
:10B71000801EC1B27448F6F745FC05462F1205F0AD
:10B72000FF0873480088801E6F49085CB84200E03B
:10B73000FDE3B1D16E480088401E085C4045ABD1A6
:10B740000846407849284CD1784E084680785028E1
:10B750003DD100240EE0032000EB440062490D5C63
:10B76000042000EB4400085C00EB052026F81400E0
:10B77000601CC4B2282CEEDB5B4890F828005A49C4
:10B7800091F8271000EB012069490880694800788A
:10B7900001280ED101226548463000F0704000F1CA
:10B7A000007062494631C1F3130100EB4110426061
:10B7B0000DE000225D48463000F0704000F100705E
:10B7C0005A494631C1F3130100EB41104260494828
:10B7D0006238B0F85401401C46496239A1F854015E
:10B7E00012E041484078032807D1012052490870EF
:10B7F00000205249087007E020E03B4840780628C6
:10B8000002D101204E49087001204E490870642081
:10B810004D49087000204D4908804D4908700022AC
:10B820004248463000F0704000F100703F49463118
:10B83000C1F3130100EB411002602DE72A480078A4
:10B840002C4962394989884242D129480078801EB2
:10B85000C1B22548F6F7A6FB05462F1205F0FF08F2
:10B8600023480088801E2049085CB842E5D1204862
:10B870000088401E085C4045DFD1084640784928D2
:10B8800027D12A4E503608468078502866D10024A9
:10B890000EE0032000EB440013490D5C042000EB94
:10B8A0004400085C00EB052026F81400601CC4B2BC
:10B8B000282CEEDB0C4890F828000B4991F8271053
:10B8C00000EB01202349088023480078012846E046
:10B8D00091E066E0DA020020E202002066660020C5
:10B8E000D4020020D8020020CA660020E402002012
:10B8F000E802002080160020903D002090010020EA
:10B900008C01002000440040EE02002004010020D1
:10B91000EF020020F0020020F1020020F2020020DD
:10B920003003002032030020340300206E19002071
:10B93000C4000020BC000020F302002061000020B1
:10B94000F40200202F030020020300200403002043
:10B9500027030020C8000020BD00002019E00CD102
:10B960000122F74800F0704000F10070F449C1F383
:10B97000130100EB411042600BE00022F04800F0A0
:10B98000704000F10070EE49C1F3130100EB41106B
:10B990004260EC48B0F85601401CEA49A1F8560153
:10B9A00011E0E9484078032806D10120E7490870F2
:10B9B0000020E749087006E0E3484078062802D1F5
:10B9C0000120E44908700120E34908706420E3493C
:10B9D00008700020E2490880E24908700022D84837
:10B9E00000F0704000F10070D549C1F3130100EB85
:10B9F0004110026050E6D4480078D24989898842D3
:10BA000072D1D9480078801EC1B2CF48F6F7CAFA81
:10BA100005462F1205F0FF08D3480088801ECA494A
:10BA2000085CB842E6D1D0480088401E085C40451A
:10BA3000E0D10846407849284BD1C14E0A36084625
:10BA4000807850283DD100240EE0032000EB440014
:10BA5000BD490D5C042000EB4400085C00EB0520B0
:10BA600026F81400601CC4B2282CEEDBB64890F80F
:10BA70002800B54991F8271000EB0120BB49088048
:10BA8000BB48007801280ED10122AD48503000F0AB
:10BA9000704000F10070AA495031C1F3130100EB6E
:10BAA000411042600DE00022A548503000F0704087
:10BAB00000F10070A2495031C1F3130100EB4110B5
:10BAC0004260A048B0F85801401C9E49A1F85801B6
:10BAD00012E09D484078032807D101209B49087057
:10BAE00000209B49087007E020E09748407806282E
:10BAF00002D10120974908700120974908706420FD
:10BB00009C49087000209C4908809C4908700022CC
:10BB10008B48503000F0704000F10070884950317F
:10BB2000C1F3130100EB41100260B5E586480078CF
:10BB30008449C989884272D18B480078801EC1B27D
:10BB40008148F6F72FFA05462F1205F0FF088648C0
:10BB50000088801E7C49085CB842E6D18248008893
:10BB6000401E085C4045E0D10846407849284BD14A
:10BB7000734E5A360846807850283DD100240EE096
:10BB8000032000EB440070490D5C042000EB4400EE
:10BB9000085C00EB052026F81400601CC4B2282CB9
:10BBA000EEDB694890F82800674991F8271000EB10
:10BBB0000120734908807348007801280ED10122C2
:10BBC0005F48A03000F0704000F100705C49A03187
:10BBD000C1F3130100EB411042600DE00022584810
:10BBE000A03000F0704000F100705549A031C1F361
:10BBF000130100EB411042605248B0F85A01401C5A
:10BC00005049A1F85A0112E04F484078032807D163
:10BC100001204E49087000204D49087007E020E0DF
:10BC200049484078062802D101204A49087001207D
:10BC3000494908706420544908700020534908801D
:10BC40005349087000223E48A03000F0704000F1D7
:10BC500000703B49A031C1F3130100EB41100260B9
:10BC60001AE5394800783749898B884267D13E48C0
:10BC70000078801EC1B23448F6F794F905462F12B9
:10BC800005F0FF0838480088801E2F49085CB8423C
:10BC9000E6D135480088401E085C4045E0D10846A2
:10BCA000407849287BD1264EAA360846807850280D
:10BCB0003DD100240EE0032000EB440022490D5C3E
:10BCC000042000EB4400085C00EB052026F814007B
:10BCD000601CC4B2282CEEDB1B4890F828001A49DF
:10BCE00091F8271000EB01202A4908802A480078A3
:10BCF00001280ED101221248F03000F0704000F10E
:10BD000000700F49F031C1F3130100EB41104260A4
:10BD10000DE000220A48F03000F0704000F10070A1
:10BD20000749F031C1F3130100EB411042600548AF
:10BD3000B0F85C01401C0349A1F85C0141E058E007
:10BD4000041A00201E160020CA660020F3020020FC
:10BD500061000020F40200202F03002006030020D1
:10BD60000803002028030020E8020020CC00002067
:10BD7000BE0000200A0300200C030020290300203D
:10BD8000D0000020BF0000200E0300201003002080
:10BD90002A030020D4000020C0000020FFE7FE4856
:10BDA0004078032806D10120FC4908700020FC4996
:10BDB000087006E0F8484078062802D10120F949C9
:10BDC00008700120F84908706420F84908700020C4
:10BDD000F7490880F74908700022F74800F07040E2
:10BDE00000F10070F449C1F3130100EB411002604F
:10BDF00052E4E9480078F149C98B884275D1F0488E
:10BE00000078801EC1B2E448F6F7CCF805462F1240
:10BE100005F0FF08EA480088801EDF49085CB84248
:10BE2000E6D1E7480088401E085C4045E0D108465E
:10BE3000407849284ED1E04E0A360846807850288E
:10BE400040D1002411E0032000EB4400D2490D5CF6
:10BE5000042000EB4400085C00EB052081B206F5ED
:10BE60002D7020F81410601CC4B22D2CEBDBCA48D6
:10BE700090F82800C84991F8271000EB0120D1491B
:10BE80000880D148007801280ED10122CA485030DC
:10BE900000F0704000F10070C7495031C1F3130148
:10BEA00000EB411042600DE00022C348503000F02A
:10BEB000704000F10070C0495031C1F3130100EB34
:10BEC00041104260BD48B0F85C01401CBB49A1F87C
:10BED0005C0112E0B0484078032807D10120AF4947
:10BEE00008700020AE49087007E021E0AA484078B9
:10BEF000062802D10120AB4908700120AA49087028
:10BF00006420B24908700020B1490880B149087026
:10BF10000022A948503000F0704000F10070A6499E
:10BF20005031C1F3130100EB4110026085E46FE171
:10BF300099480078A149C98D884275D1A0480078F8
:10BF4000801EC1B29448F6F72DF805462F1205F071
:10BF5000FF089B480088801E8F49085CB842E5D1E5
:10BF600097480088401E085C4045DFD1084640786D
:10BF700049284ED1904E5A3608468078502840D1F4
:10BF8000002411E0032000EB440083490D5C0420F1
:10BF900000EB4400085C00EB052081B206F20E3095
:10BFA00020F81410601CC4B22D2CEBDB7A4890F8FA
:10BFB0002800794991F8271000EB01208649088074
:10BFC0008648007801280ED101227B48A03000F07D
:10BFD000704000F100707849A031C1F3130100EB0B
:10BFE000411042600DE000227348A03000F0704024
:10BFF00000F100707049A031C1F3130100EB411052
:10C0000042606E48B0F85C01401C6C49A1F85C01CC
:10C0100012E061484078032807D101205F49087089
:10C0200000205F49087007E020E05B484078062860
:10C0300002D101205B49087001205B49087064202F
:10C040006749087000206749088067490870002226
:10C050005948A03000F0704000F100705649A031FE
:10C06000C1F3130100EB41100260C3E44A480078B9
:10C070005249098E884272D151480078801EC1B25F
:10C080004548F5F78FFF05462F1205F0FF084C488D
:10C090000088801E4049085CB842E6D148480088C4
:10C0A000401E085C4045E0D10846407849284ED102
:10C0B000414EAA3608468078502840D1002411E02D
:10C0C000032000EB440034490D5C042000EB4400E5
:10C0D000085C00EB052081B206F20E3020F8141047
:10C0E000601CC4B22D2CEBDB2B4890F828002A49A9
:10C0F00091F8271000EB01203C4908803C4800786B
:10C1000001280ED101222C48F03000F0704000F1DF
:10C1100000702949F031C1F3130100EB4110426076
:10C120000DE000222448F03000F0704000F1007073
:10C130002149F031C1F3130100EB411042601F4867
:10C14000B0F85C01401C1D49A1F85C010FE01248E9
:10C150004078032804D101201049087007E055E019
:10C160000D484078062802D101200E4908700120B0
:10C170000D49087064201F49087000201E4908807E
:10C180001E49087000220C48F03000F0704000F1A9
:10C1900000700949F03133E0CA660020F302002044
:10C1A00061000020F40200202F0300201203002071
:10C1B000140300202B030020F41A00201E16002078
:10C1C000E8020020D8000020C10000201603002053
:10C1D000180300202C030020DC000020C2000020F7
:10C1E0001A0300201C0300202D030020E000002083
:10C1F000C30000201E030020200300202E03002087
:10C20000C1F3130100EB411002608EE403248CE4BF
:10C21000F648008A01287DD1F54800780128F4D13C
:10C220000220F3490870F3480078F0498988884271
:10C2300050D1F1480078801EC1B2EE48F5F7B2FE49
:10C2400005462F1205F0FF08EB480088801EE949DB
:10C25000085CB8423CD1E8480088401E085C404574
:10C2600036D108464078032803D10120E3490870FD
:10C270005BE4E0484078102806D10020E0490880BF
:10C280000120E049087050E4DA484078012802D1E2
:10C29000DD49087049E4D7484078062806D10020D7
:10C2A000D74908800120D94908703EE4D148407838
:10C2B00049280BD10120D64908706420D54908705F
:10C2C0000020D5490880D54908702EE401242CE4CB
:10C2D00002242AE4C7480078C449098988427DD1EC
:10C2E000C5480078801EC1B2C248F5F75BFE05461E
:10C2F0002F1205F0FF08C0480088801EBD49085C69
:10C30000B84284D1BC480088401E085C4045AFD18B
:10C31000084600E055E240784928A9D1C048857810
:10C32000C07800EB0520BF490880B04EB036B14858
:10C330008078322817D1002412E0032000EB44005B
:10C34000AC490D5C042000EB4400085C00EB0520C8
:10C35000B449098806EB410121F81400601CC4B2FD
:10C36000192CEADB34E0A3488078202830D100245F
:10C3700012E0032000EB44009E490D5C042000EB1A
:10C380004400085C00EB0520A649098806EB410142
:10C3900021F81400601CC4B20A2CEADBA24E0A2465
:10C3A00014E0032000EB440092490D5C042000EBF4
:10C3B0004400085C00EB05209A49098806EB41011E
:10C3C00001EB440121F8140C601CC4B2102CE8DB12
:10C3D0000120964908706420954900E00DE008703E
:10C3E000002094490880944908708048B0F85401AE
:10C3F000401C7E49A1F8540132E47E4800787B4914
:10C40000498988427ED17C480078801EC1B2794833
:10C41000F5F7C8FD05462F1205F0FF08764800889D
:10C42000801E7449085CB842E6D173480088401EFB
:10C43000085C4045E0D1084640784928DCD178487E
:10C440008578C07800EB052076490880764E3C3E22
:10C4500068488078322817D1002412E0032000EBCE
:10C46000440064490D5C042000EB4400085C00EBD0
:10C4700005206C49098806EB410121F81400601C75
:10C48000C4B2192CEADB35E05A488078202831D133
:10C49000002412E0032000EB440056490D5C042008
:10C4A00000EB4400085C00EB05205E49098806EBC0
:10C4B000410121F81400601CC4B20A2CEADB5A4E78
:10C4C00014360A2414E0032000EB440049490D5CB3
:10C4D000042000EB4400085C00EB0520514909886A
:10C4E00006EB410101EB440121F8140C601CC4B2BD
:10C4F000102CE8DB01204D49087064204F4908707A
:10C50000002000E00BE04E4908804E490870374893
:10C51000B0F85401401C3549A1F8540168E435488D
:10C5200000783249898988425FD133480078801E7B
:10C53000C1B23048F5F736FD05462F1205F0FF0869
:10C540002D480088801E2B49085CB842E6D12A4855
:10C550000088401E085C4045E0D1084640784928E4
:10C56000DCD12F488578C07800EB05202D49088064
:10C570002D4E283E1F488078322817D1002412E023
:10C58000032000EB44001B490D5C042000EB440039
:10C59000085C00EB05202349098806EB410121F8DE
:10C5A0001400601CC4B2192CEADB64E011488078E6
:10C5B000202860D1002412E0032000EB44000D4944
:10C5C0000D5C042000EB4400085C00EB05201549DD
:10C5D000098806EB410121F81400601CC4B20A2C42
:10C5E000EADB114E28360A2443E057E01E160020ED
:10C5F000E2020020CA660020E8020020EE020020CD
:10C6000004010020EF020020F0020020F1020020CF
:10C61000F202002030030020320300203403002007
:10C62000666600204C0000201E1700202F0300200B
:10C63000020300200403002027030020060300203B
:10C640000803002028030020032000EB4400FE49DB
:10C650000D5C042000EB4400085C00EB0520FB4966
:10C66000098806EB410101EB440121F8140C601C20
:10C67000C4B2102CE8DB0120F54908706420F549AC
:10C6800008700020F4490880F4490870F448B0F8B4
:10C690005401401CF249A1F8540147E4EA480078EB
:10C6A000EF49C98988427DD1EE480078801EC1B229
:10C6B000E548F5F777FC05462F1205F0FF08E94835
:10C6C0000088801EE049085CB842E6D1E548008851
:10C6D000401E085C4045E0D1084640784928DCD13E
:10C6E000E1488578C07800EB0520D8490880DC4E09
:10C6F000EC36D5488078322817D1002412E0032088
:10C7000000EB4400D0490D5C042000EB4400085CC1
:10C7100000EB0520CD49098806EB410121F8140002
:10C72000601CC4B2192CEADB34E0C74880782028AA
:10C7300030D1002412E0032000EB4400C2490D5C1C
:10C74000042000EB4400085C00EB0520BF49098889
:10C7500006EB410121F81400601CC4B20A2CEADB8C
:10C76000C24E0A2414E0032000EB4400B6490D5CDD
:10C77000042000EB4400085C00EB0520B349098865
:10C7800006EB410101EB440121F8140C601CC4B21A
:10C79000102CE8DB0120AE4908706420B449087011
:10C7A000002000E00BE0B3490880B3490870AC48B2
:10C7B000B0F85401401CAA49A1F8540155E40324DF
:10C7C00053E4A748008A0228F8D1AC480078012831
:10C7D0002AD10220A9490870A148C08880BB9A4884
:10C7E00000789F4989888842F2D19E480078801E4F
:10C7F000C1B29548F5F7D6FB05462F1205F0FF08A4
:10C8000098480088801E9049085CB8423DD1954800
:10C810000088401E085C404537D108464078032810
:10C8200003D101209649087039E2874840781028E2
:10C8300007D1002093490880012093490870F3E74D
:10C8400025E081484078012802D190490870EBE743
:10C850007D484078062806D100208A4908800120BA
:10C860008B490870E0E77848407849280BD10120CF
:10C87000884908706420884908700020874908802A
:10C88000874908700BE2012409E2022407E26E489E
:10C8900000787349098988426BD172480078801EFC
:10C8A000C1B26948F5F77EFB05462F1205F0FF0877
:10C8B0006C480088801E6449085CB842B4D169485D
:10C8C0000088401E085C4045AED1084640784928A3
:10C8D000AAD165488578C07800EB05205B490880BF
:10C8E000704E594880783C2830D1002412E0032053
:10C8F00000EB440054490D5C042000EB4400085C4C
:10C9000000EB05205149098806EB410121F814008C
:10C91000601CC4B2182CEADB634E182414E0032018
:10C9200000EB440048490D5C042000EB4400085C27
:10C9300000EB05204549098806EB410101EB440164
:10C9400021F8300C601CC4B21E2CE8DB01204049E9
:10C9500008706420554908700020554908805549E1
:10C9600008703F48B0F85401401C3D49A1F85401FB
:10C97000B7E3354800783A494989884262D1394855
:10C980000078801EC1B23048F5F70CFB05462F1227
:10C9900005F0FF0833480088801E2B49085CB84228
:10C9A000E6D130480088401E085C4045E0D108468A
:10C9B00040784928DCD12C488578C07800EB0520E8
:10C9C00022490880374E30361F4880783C2831D1C4
:10C9D000002412E0032000EB44001B490D5C0420FE
:10C9E00000EB4400085C00EB05201849098806EBC1
:10C9F000410121F81400601CC4B2182CEADB2A4E55
:10CA00001436182414E0032000EB44000E490D5C9A
:10CA1000042000EB4400085C00EB05200B4909886A
:10CA200006EB410101EB440121F8300C601CC4B25B
:10CA30001E2CE8DB01200649087064201E4908709E
:10CA400000203BE046E00000CA6600204C000020C9
:10CA50002F0300200A0300200C03002029030020DC
:10CA60001E160020E8020020666600205A170020EB
:10CA70000E030020100300202A030020E202002001
:10CA8000EE02002004010020EF020020F00200204E
:10CA9000F1020020F20200203003002032030020C7
:10CAA00034030020B20E0020B21100200203002047
:10CAB000040300202703002006030020FE4908800D
:10CAC000FE490870FE48B0F85401401CFC49A1F82A
:10CAD000540106E3FB480078F949898988426BD103
:10CAE000F9480078801EC1B2F648F5F75BFA0546B2
:10CAF0002F1205F0FF08F4480088801EF149085CF9
:10CB0000B842E6D1F0480088401E085C4045E0D1BC
:10CB1000084640784928DCD1EC488578C07800EB9D
:10CB20000520EB490880EB4EE64880783C2830D160
:10CB3000002412E0032000EB4400E2490D5C0420D5
:10CB400000EB4400085C00EB0520E149098806EB96
:10CB5000410121F81400601CC4B2182CEADBDE4E3F
:10CB6000182414E0032000EB4400D6490D5C042097
:10CB700000EB4400085C00EB0520D549098806EB72
:10CB8000410101EB440121F8300C601CC4B21E2CA1
:10CB9000E8DB0120D14908706420D14908700020E9
:10CBA000D0490880D0490870C548B0F85401401CED
:10CBB000C349A1F8540194E2C2480078C049C98928
:10CBC00088426DD1C0480078801EC1B2BD48F5F7DB
:10CBD000E9F905462F1205F0FF08BB480088801EC2
:10CBE000B849085CB842E6D1B7480088401E085CE6
:10CBF0004045E0D1084640784928DCD1B3488578E3
:10CC0000C07800EB0520B2490880B24E3036AD48FE
:10CC100080783C2831D1002412E0032000EB44004E
:10CC2000A8490D5C042000EB4400085C00EB0520E3
:10CC3000A749098806EB410121F81400601CC4B221
:10CC4000182CEADBA44E1436182414E0032000EB61
:10CC500044009C490D5C042000EB4400085C00EBA0
:10CC600005209B49098806EB410101EB440121F8AD
:10CC7000300C601CC4B21E2CE8DB01209749087000
:10CC800064209A49087000209949088099490870E1
:10CC90008B48B0F85401401C8949A1F8540120E2A6
:10CCA000884800788649898B884266D18648007812
:10CCB000801EC1B28348F5F775F905462F1205F0BD
:10CCC000FF0881480088801E7E49085CB842E6D192
:10CCD0007D480088401E085C4045E0D10846407809
:10CCE0004928DCD179488578C07800EB052078495F
:10CCF0000880784E6036734880783C2831D1002413
:10CD000012E0032000EB44006E490D5C042000EBB0
:10CD10004400085C00EB05206D49098806EB4101E1
:10CD200021F81400601CC4B2182CEADB6A4E2836C5
:10CD3000182414E0032000EB440062490D5C042039
:10CD400000EB4400085C00EB05206149098806EB14
:10CD5000410101EB440121F8300C601CC4B21E2CCF
:10CD6000E8DB01205D4908706420634908700020F9
:10CD70006249088062490870B3E15248007850491E
:10CD8000C98B884266D150480078801EC1B24D4898
:10CD9000F5F708F905462F1205F0FF084A48008804
:10CDA000801E4849085CB842E6D147480088401ECA
:10CDB000085C4045E0D1084640784928DCD143482A
:10CDC0008578C07800EB052041490880414E9036B7
:10CDD0003C4880783C2831D1002412E0032000EB4D
:10CDE000440038490D5C042000EB4400085C00EB73
:10CDF00005203749098806EB410121F81400601C21
:10CE0000C4B2182CEADB344E3C36182414E003205C
:10CE100000EB44002B490D5C042000EB4400085C4F
:10CE200000EB05202A49098806EB410101EB44018A
:10CE300021F8300C601CC4B21E2CE8DB012027490D
:10CE4000087064202F49087000202F4908802F495E
:10CE5000087046E11B4800781949C98D88426FD196
:10CE600019480078801EC1B21648F5F79BF80546B0
:10CE70002F1205F0FF0814480088801E1149085C35
:10CE8000B8427DD110480088401E085C404577D1EB
:10CE900008464078492873D10C488578C07800EB63
:10CEA00005200B4908800B4EC036064880783C2888
:10CEB0005ED100243FE0000008030020280300208A
:10CEC0001E160020CA660020E802002066660020C8
:10CED0004C000020120F0020DA1100202F03002048
:10CEE0000A0300200C030020290300200E03002069
:10CEF000100300202A030020120300201403002046
:10CF00002B03002016030020180300202C03002010
:10CF1000032000EB4400F9490D5C042000EB4400C1
:10CF2000085C00EB0520F649098806EB410121F871
:10CF30001400601CC4B2182CEADBF24E182415E071
:10CF400024E0032000EB4400EC490D5C042000EBDE
:10CF50004400085C00EB0520E949098806EB410123
:10CF600001EB440121F8300C601CC4B21E2CE8DB3C
:10CF70000120E54908706420E4490870002000E0C1
:10CF80006FE0E3490880E3490870AAE0DB480078D5
:10CF9000E149098E884265D1E0480078801EC1B21F
:10CFA000D648F4F7FFFF05462F1205F0FF08DB48CF
:10CFB0000088801ED149085CB84252D1D748008809
:10CFC000401E085C40454CD108464078492848D16D
:10CFD000D3488578C07800EB0520C9490880D14E38
:10CFE000C64880783C2831D1002412E0032000EBB1
:10CFF0004400C2490D5C042000EB4400085C00EBD7
:10D000000520BF49098806EB410121F81400601C86
:10D01000C4B2182CEADBBB4E1436182414E00320EB
:10D0200000EB4400B5490D5C042000EB4400085CB3
:10D0300000EB0520B249098806EB410101EB4401F0
:10D0400021F8300C601CC4B21E2CE8DB0120AE4974
:10D0500008706420B44908700020B4490880B449BD
:10D0600008703EE0A5480078AB49B1F886108842C8
:10D0700036D1AA480078801EC1B2A048F4F792FFCA
:10D0800005462F1205F0FF08A4480088801E9B4922
:10D09000085CB84225D1A1480088401E085C404584
:10D0A0001FD10846407849281BD19D488578C07813
:10D0B00000EB0520924908809048C578007900EB84
:10D0C00005209549A1F8880001208F490870642047
:10D0D000984908700020984908809849087000E035
:10D0E00003249748007834282ED196480078964932
:10D0F0000978884228D0934800789349087093486B
:10D100000088401C914908800846008823281BDDC0
:10D1100064208D49087000208C4908808849087077
:10D12000002504E0002075494855681C85B27B48FD
:10D1300000888542F6DB86490968886880470020B8
:10D1400084490880754908807348B0F88800012830
:10D150001BD17C48407880490978884215D07948AD
:10D1600040787D4908707D480088401C7B490880D4
:10D1700008460088C82808DD642077490870002028
:10D18000764908806449A1F88800BDE8F0812DE95E
:10D19000F0414FF0000872480078002851D05748FD
:10D1A00000785F4908705548407848705348407986
:10D1B0004006000E8870514890F80280C07800EB5D
:10D1C00008204F490880F6F762FA0746544E0024BB
:10D1D0000EE04B48008807EB400030F8145029124D
:10D1E000F01C00F8141000EB44004570601CC4B241
:10D1F00042484079A042ECDC49488078C01CC1B26A
:10D200004748F4F7CFFE57490880084600880112C6
:10D2100043488078C01C424A115452480178104655
:10D220008078001D115410468078401D4E490880BA
:10D2300000204B4908704D49088016204C49087061
:10D2400093E14C48007810B94B480078A8B12B48BE
:10D2500090F80280C07800EB082029490880F6F792
:10D2600016FA0746002043490870434908703F49B1
:10D27000088016203E49087077E140480078002871
:10D280003BD00520F2F7E2F91C48007824490870E9
:10D290001A4840784870194840794006000E887056
:10D2A000164890F80280C07800EB082014490880E6
:10D2B000194FB0371A4E114840790A2815D1002469
:10D2C0000EE00F48008807EB400030F81450291298
:10D2D000F01C00F8141000EB44004570601CC4B250
:10D2E00006484079A042ECDC71E0044840791028FF
:10D2F0006DD1094FB037002451E08DE0CA6600209F
:10D300004C0000202A1200202F0300201A030020C6
:10D310001C0300202D0300201E160020E802002020
:10D3200066660020021000201E030020200300205B
:10D330002E030020220300202403002026030020C7
:10D34000E202002058080020DE020020E002002057
:10D35000D4020020E40200203A0300203C03002015
:10D36000EE020020EC020020EA020020E60200208B
:10D37000DA020020EF020020F1020020F202002079
:10D38000FE48008807EB400030F814502912F01CCA
:10D3900000F8141000EB44004570601CC4B20A2C65
:10D3A000EEDBF74F0A2410E0F448008807EB40005A
:10D3B00000EB440030F8145C2912F01C00F8141043
:10D3C00000EB44004570601CC4B2102CECDBED484F
:10D3D0008078C01CC1B2EB48F4F7E4FDEA4908804C
:10D3E000084600880112E7488078C01CE54A1154BD
:10D3F000E548017810468078001D11541046807869
:10D40000401DE24908800020E1490870E149088098
:10D410001620E1490870A8E0E0480078002875D09F
:10D42000DF480079DF490870DF480078DC49098966
:10D43000884205D1DC4840781030DA4948702EE047
:10D44000D9480078D6494989884205D1D6484078DC
:10D450002030D449487022E0D3480078D0498989E7
:10D46000884205D1D04840783030CE49487016E027
:10D47000CD480078CA49C989884205D1CA48407850
:10D480004030C84948700AE0C7480078C449898BD1
:10D49000884204D1C44840785030C2494870C248DC
:10D4A0008078C0498870012406E0A01CBE49095C50
:10D4B000BC4A1154601CC4B2BB488078A042F4DA64
:10D4C000B8488078C01CC1B2B648F4F76BFDB749C4
:10D4D0000880084600880112B2488078C01CB14A12
:10D4E0001154B248017810468078001D115410463E
:10D4F0008078401DAE4908800020A8490870AD49D9
:10D5000008800120AC4908702FE0FFE7AB480078A5
:10D5100058B3A3480079A3490870A34840784870DD
:10D52000A14880788870A048C078C8709E4800796B
:10D5300008719D484079487106219A48F4F732FDF8
:10D540009A490880084600880012964988719748D1
:10D550000078C87108209649088000209749087013
:10D5600094490880012094490870BDE8F08170B5A5
:10D570000024002500208A49A1F886000846008979
:10D58000002801DD601CC4B285484089002801DD07
:10D59000601CC4B282488089002801DD601CC4B2CE
:10D5A0007F48C089002801DD601CC4B27C48808BA4
:10D5B000002801DD601CC4B27948C08B002801DD61
:10D5C000601CC4B27648C08D002801DD601CC4B266
:10D5D0007348008E002801DD601CC4B27048008AC8
:10D5E000002874D1002C41F337806B480078012863
:10D5F0006ED17348407873490978884268D0704882
:10D6000040787049087070480088401C6E49088056
:10D610000846008814285BDD64206A4908700020F1
:10D62000694908806948007800286FD16848007807
:10D63000401C6749087008460078A04201DD0120BF
:10D64000087057480089002809DD614800780128E2
:10D6500005D15348007A4B490870012567E05048CE
:10D660004089002809DD5A480078022805D14C4835
:10D67000807A44490870022559E049488089002889
:10D6800009DD53480078032805D14548007B3D4912
:10D69000087003254BE04248C089002809DD4C484A
:10D6A0000078042805D13E48807B3649087004255F
:10D6B0003DE03B48808B00280BDD4548007805287D
:10D6C00007D13748007F2F49087005252FE0FDE37B
:10D6D00052E03348C08B002809DD3D480078062819
:10D6E00005D12F48807F2749087006251FE02C4868
:10D6F000C08D00280BDD36480078072807D1284860
:10D7000090F82E001F490870072510E064E02448B7
:10D71000008E00280ADD2E480078082806D120480F
:10D7200090F8300017490870082500E00025002D0A
:10D7300022DD49201349487000208870C8700871A4
:10D740002820487106210F48F4F72CFC0E49088068
:10D750000846008800120B4988710B480078C87190
:10D7600008200A49088000200A4908800C200A493C
:10D77000087000201749087092E200004C00002059
:10D780001E17002066660020EC020020EA0200203E
:10D79000F2020020E6020020DA020020F30200205C
:10D7A0001E160020905F0020CA660020AA010020FB
:10D7B000A0010020A401002068020020F402002043
:10D7C00058080020FA020020FC020020610000201E
:10D7D000F50200202F030020FE48007801287CD1AC
:10D7E000FD48B0F8660528280CDAFC48007AFC49A8
:10D7F0000870F948B0F8660500128870F64890F88D
:10D800006605C870F448B0F86605282813DBF248AE
:10D81000B0F8660550280EDAF048807AF0490870B2
:10D82000ED48B0F866052838000A8870EA4890F894
:10D8300066052838C870E848B0F86605502813DB3C
:10D84000E548B0F8660578280EDAE448007BE4493C
:10D850000870E148B0F866055038000A8870DE4864
:10D8600090F866055038C870DB48B0F8660578282F
:10D8700013DBD948B0F86605A0280EDAD748807BBC
:10D88000D7490870D448B0F866057838000A88701F
:10D89000D14890F866057838C870CF48B0F866056A
:10D8A000A02813DBCC48B0F86605C8280EDACB48B0
:10D8B000007FCB490870C848B0F86605A038000A58
:10D8C0008870C54890F86605A038C870C248B0F89E
:10D8D0006605C82815DBC04800E074E0B0F86605AE
:10D8E000F0280EDABD48807FBD490870BA48B0F80C
:10D8F0006605C838000A8870B74890F86605C838C9
:10D90000C870B548B0F86605F02815DBB248B0F825
:10D910006605B0F58C7F0FDAB04890F82E00B0495C
:10D920000870AD48B0F86605F038000A8870AA485B
:10D9300090F86605F038C870A748B0F86605B0F5ED
:10D940008C7F17DBA448B0F86605B0F5A07F11DA2C
:10D95000A24890F83000A24908709F48B0F86605C8
:10D96000A0F58C70000A88709B4890F86605A0F5B9
:10D970008C70C87006209A4948709748B0F86805BE
:10D9800000120871944890F868054871062194487F
:10D99000F4F708FB93490880084600880012904974
:10D9A000887190480078C87108208F49088000204D
:10D9B0008E4908800C208E49087000208D4908701F
:10D9C000844908706CE18348007802287DD1824840
:10D9D000B0F8660542F21071884217DB7E48B0F855
:10D9E000660544F61F61884210DA7C48007A7C495B
:10D9F00008707948B0F86605A0F51C501038000A88
:10DA00008870754890F86605F030C8707248B0F8B4
:10DA1000660544F62061884217DB6F48B0F866055A
:10DA200047F22F51884210DA6C48807A6C490870AE
:10DA30006948B0F86605A0F59C402038000A887057
:10DA4000654890F86605E030C8706348B0F8660530
:10DA500047F23051884217DB5F48B0F8660549F657
:10DA60003F41884210DA5D48007B5D4908705A48A2
:10DA7000B0F86605A0F5EA403038000A88705648CC
:10DA800090F86605D030C8705348B0F8660549F67E
:10DA90004041884217DB5048B0F866054CF24F31E0
:10DAA000884210DA4D48807B4D4908704A48B0F8EA
:10DAB0006605A0F51C404038000A8870464890F87A
:10DAC0006605C030C870444800E044E0B0F8660520
:10DAD0004CF25031884217DB3F48B0F866054EF6ED
:10DAE0005F21884210DA3D48007F3D4908703A487E
:10DAF000B0F86605A0F543405038000A88703648F3
:10DB000090F86605B030C870032035494870324837
:10DB1000B0F86805001208712F4890F86805487140
:10DB200006212F48F4F73EFA2E490880084600885F
:10DB300000122B4988712B480078C87108202A49A7
:10DB400008800020294908800C20294908700020FD
:10DB500028490870A4E01F48007803287ED11E4899
:10DB6000B0F8660542F2107188420ADB1A48B0F834
:10DB7000660544F61F61884203DA1848007A18499E
:10DB800008701548B0F8660544F6206188420ADB43
:10DB90001148B0F8660547F22F51884203DA0F4862
:10DBA000807A0F4908700C48B0F8660547F230518A
:10DBB00088420ADB0848B0F8660549F63F418842CA
:10DBC00003DA0648007B064908700348B0F866058A
:10DBD00012E00000610000206E1900201E160020D7
:10DBE00066660020EC020020EA020020E602002027
:10DBF000DA0200202F03002049F6404188420ADB68
:10DC0000FE48B0F866054CF24F31884203DAFC4812
:10DC1000807BFC490870F948B0F866054CF2503139
:10DC200088420ADBF548B0F866054EF65F21884267
:10DC300003DAF348007FF34908700620F149487081
:10DC4000EE48B0F8660500128870EC4890F866055A
:10DC5000C870EA48B0F86805001200E020E00871DA
:10DC6000E64890F8680548710621E648F4F79AF905
:10DC7000E5490880084600880012E2498871E248B8
:10DC80000078C8710820E14908800020E049088038
:10DC90000C20E04908700020DF490870DF49087057
:10DCA000D7480089002835DDDD48007818B1DB4809
:10DCB000007802282ED1DB484078DB490978884279
:10DCC0003FD0D8484078D8490870D8480088401CD0
:10DCD000D649088008460088B0F57A7F31DD642097
:10DCE000D14908700020D14908800120CC49087032
:10DCF0000122C248463000F0704000F10070BF4978
:10DD00004631C1F3130100EB411002600020C3490A
:10DD1000087016E0BA48008998B90020C049087018
:10DD20000022B648463000F0704000F10070B34960
:10DD30004631C1F3130100EB411002600020BB49E2
:10DD40000880AF484089002835DDB948007818B10F
:10DD5000B248007802282ED1B2484078B5490978F7
:10DD600088423FD0AF484078B2490870B248008836
:10DD7000401CB149088008460088B0F57A7F31DD43
:10DD80006420AC4908700020AB4908800120A849F4
:10DD9000087001229948963000F0704000F1007040
:10DDA00096499631C1F3130100EB41100260002047
:10DDB0009A49087016E09248408998B900209C4919
:10DDC000087000228D48963000F0704000F100701D
:10DDD0008A499631C1F3130100EB41100260002023
:10DDE0009549088086488089002835DD9348007869
:10DDF00018B18A48007802282ED18A484078904984
:10DE0000097888423FD0874840788D4908708D480E
:10DE10000088401C8B49088008460088B0F57A7F4E
:10DE200031DD642086490870002086490880012081
:10DE30008249087001227148E63000F0704000F11C
:10DE400000706E49E631C1F3130100EB411002602E
:10DE500000207249087016E06948808998B900204E
:10DE60007649087000226548E63000F0704000F105
:10DE700000706249E631C1F3130100EB411002600A
:10DE80000020704908805E48C089002835DD6E4852
:10DE9000007818B16148007802282ED16148407896
:10DEA0006A49097888423DD05E48407867490870E1
:10DEB00067480088401C6649088008460088B0F51D
:10DEC0007A7F2FDD64206149087000E0D9E10020ED
:10DED0005F49088001205C49087001225D4800F01C
:10DEE000704000F100705B49C1F3130100EB411079
:10DEF000026000204949087014E04148C08988B98F
:10DF00000020514908700022524800F0704000F192
:10DF100000705049C1F3130100EB41100260002072
:10DF20004B4908803648808B002835DD4A48007808
:10DF300018B13A48007802282ED13A48407847492B
:10DF4000097888423FD037484078444908704448AF
:10DF50000088401C4249088008460088B0F57A7F56
:10DF600031DD64203D49087000203D4908800120D2
:10DF70003949087001223748503000F0704000F1F4
:10DF8000007034495031C1F3130100EB41100260BD
:10DF900000202249087016E01948808B98B90020AB
:10DFA0002D49087000222B48503000F0704000F1DD
:10DFB000007028495031C1F3130100EB4110026099
:10DFC0000020274908800E48C08B00286EDD2548B8
:10DFD000007818B111480078022867D111484078BC
:10DFE00021490978884276D00E4840781E49087049
:10DFF0001E480088401C1D49088039E06E19002029
:10E000001E16002066660020EC020020EA020020B6
:10E01000E6020020DA0200202F0300206100002029
:10E0200027030020580800200203002004030020DA
:10E0300028030020060300200803002029030020F5
:10E040000A0300200C0300202A0300200E030020F6
:10E0500010030020A41A00202B030020120300202C
:10E06000140300202C0300201603002018030020B6
:10E0700008460088B0F57A7F2DDD6420FE490870DF
:10E080000020FE4908800120FD4908700122FD485A
:10E0900000F0704000F10070FA49C1F3130100EB89
:10E0A000411002600020F849087014E0F748C08B66
:10E0B00088B90020F24908700022F24800F0704050
:10E0C00000F10070EF49C1F3130100EB4110026051
:10E0D0000020EA490880ED48C08D002835DDEC4875
:10E0E000007818B1E848007802282ED1E948407835
:10E0F000E949097888423FD0E6484078E649087007
:10E10000E6480088401CE549088008460088B0F5CC
:10E110007A7F31DD6420E04908700020DF49088003
:10E120000120DB4908700122D648503000F07040D1
:10E1300000F10070D3495031C1F3130100EB4110DD
:10E1400002600020D049087016E0D048C08D98B910
:10E150000020CF4908700022CA48503000F07040BB
:10E1600000F10070C7495031C1F3130100EB4110B9
:10E1700002600020C9490880C448008E002835DDAF
:10E18000C748007818B1C048007802282ED1C1488D
:10E190004078C449097888423FD0BE484078C14998
:10E1A0000870C1480088401CBF49088008460088A4
:10E1B000B0F57A7F31DD6420BA4908700020BA4991
:10E1C00008800120B64908700122AE48A03000F056
:10E1D000704000F10070AB49A031C1F3130100EBB6
:10E1E000411002600020A849087016E0A748008E80
:10E1F00098B90020AA4908700022A248A03000F077
:10E20000704000F100709F49A031C1F3130100EB91
:10E21000411002600020A44908809C48B0F88600A4
:10E22000002824DDA148007818B19748007802281A
:10E230001DD1984840789E490978884216D0954863
:10E2400040789B4908709B480088401C9949088089
:10E2500008460088B0F57A7F08DD6420944908708C
:10E26000002094490880012090490870F4E1874813
:10E27000B0F886000028F9D18C4908708D490880D3
:10E28000EAE1002CF2DD8C48007801287ED181483B
:10E2900040788A490978884278D07E484078874912
:10E2A000087087480088401C854908800846008817
:10E2B00014286BDD642081490870002080490880A3
:10E2C00080480078A0BB80480078401C7E490870D8
:10E2D00008460078042801DD012008706B48008999
:10E2E000002809DD78480078012805D16748007AC0
:10E2F0007649087001252BE064484089002809DD33
:10E3000071480078022805D16048807A6F4908700A
:10E3100002251DE05D48808900280ADD6A480078F2
:10E32000032806D15948007B6849087003250FE08F
:10E3300036E05648C089002809DD63480078042883
:10E3400005D15248807B61490870042500E0002512
:10E35000002D61DD49205D49487000208870C8703B
:10E3600008711020487106215848F3F71BFE5849E0
:10E370000880084600880012544988715448007883
:10E38000C871082053490880002000E044E0524949
:10E3900008800C20484908700020504908703BE074
:10E3A00048480078012837D1002505E04C48405DF9
:10E3B00046494855681CC5B24A4800788542F5DB95
:10E3C0003248007A41490870084640790A2820DC22
:10E3D00044480078801EC1B23C48F3F7E3FD3C4955
:10E3E00008800846008801123E480078801E374A9F
:10E3F0001154374801783B480078401E1154394881
:10E400000078344908800020334908800C202A49CC
:10E41000087000202B4908703048007820B31D4850
:10E4200040783149097888421ED01A4840782E49F0
:10E4300008702E480088401C2C4908800846008837
:10E44000322811DD00202549087064202649087013
:10E4500000202649088064202549087000202549AD
:10E46000088001201449087008480089002864DDEC
:10E470002148007842E00000160300201803002025
:10E480002C030020441B0020610000201E160020E9
:10E490002D030020580800201A0300201C03002030
:10E4A0002E0300201E03002020030020260300204E
:10E4B0002203002024030020DA020020FA020020B8
:10E4C000FC02002038030020F502002066660020D0
:10E4D000EC020020EA020020E60200202F030020C8
:10E4E0002E67002039030020F6020020F8020020E9
:10E4F000FE0200200003002027030020E8B9FD48A9
:10E500004078FD49097888421FD0FA484078FA4996
:10E510000870FA480088401CF849088008460088BE
:10E52000B0F5167F11DD6420F34908700020F3492F
:10E5300008800120F249087007E0F248008920B9FC
:10E540000020EF490870ED490880EE484089002816
:10E5500020DDED480078E8B9E6484078EB490978D5
:10E5600088421FD0E3484078E8490870E8480088AE
:10E57000401CE749088008460088B0F5167F11DD89
:10E580006420E24908700020E14908800120DE494A
:10E59000087007E0DB48408920B90020DA4908709C
:10E5A000DB490880D7488089002820DDD9480078D9
:10E5B000E8B9D0484078D849097888421FD0CD487A
:10E5C0004078D5490870D5480088401CD349088058
:10E5D00008460088B0F5167F11DD6420CE4908702A
:10E5E0000020CE4908800120CA49087007E0C548CC
:10E5F000808920B90020C7490870C8490880C148EF
:10E60000C089002820DDC6480078E8B9B9484078BC
:10E61000C449097888421FD0B6484078C14908707B
:10E62000C1480088401CC049088008460088B0F5F1
:10E63000167F11DD6420BB4908700020BA490880AC
:10E640000120B749087007E0AE48C08920B9002012
:10E65000B3490870B449088070BD10B5B34800785C
:10E66000022807D0B14800780C2803D0AF480078C2
:10E67000162842D10A2019F0A2FFAC4800780C28D5
:10E6800007D1AB4800680269AA480188AA489047A8
:10E690001AE0A6480078162807D1A5480068026944
:10E6A000A4480188A44890470EE0A04800780228BA
:10E6B0000AD1A24800889F4908809D4800680269E5
:10E6C000084601889C4890478E48623000F07040B0
:10E6D00000F100708B496231C1F3130100EB41106E
:10E6E000806A20B1934801889348FBF795FA0A2085
:10E6F00019F065FF03208D4908708C4800780328C5
:10E700001AD113E08A490968886880477D48C08823
:10E71000012803D104208549087002E001208349C3
:10E7200008704FF400618648F0F7ACFF8049096833
:10E73000486980470428E5D07C48007835284CD1CA
:10E740001CE080A01FF0F6FE4FF400617C48F0F75B
:10E7500099FF0420754908707549096888688047E1
:10E76000322019F02CFF00207B49087064207B497F
:10E77000087000207A4908807A4908806C49096845
:10E78000486980470428DCD05A48407873490978A2
:10E79000884222D0574840787049087070480088F5
:10E7A000401C6F49088008460088B0F5C87F14DD1A
:10E7B00064206A4908700020694908806949088016
:10E7C00069A01FF0B7FE0420584908700A2019F00C
:10E7D000F6FE57490968886880475448007836280B
:10E7E0002AD14848808C012809D1642062490870E8
:10E7F00000205C49088001204C4908701CE03D481D
:10E8000040785D490978884216D03A4840785A499C
:10E81000087054480088401C524908800846008807
:10E82000B0F5967F08DD64205349087000204D49FB
:10E83000088001203D4908703C480078042803D036
:10E840003A480078032826D12A4840784A4909786E
:10E85000884220D0274840784749087041480088BE
:10E86000401C40490880084600883C2813DD64208D
:10E870004149087000203B4908802C480078032853
:10E8800003D12B490968886880470120274908700F
:10E8900000203A49088010BD10B52F4800780128A3
:10E8A0001BD11448007836490978884215D01148A0
:10E8B00000783349087033480088401C314908808B
:10E8C00008460088012808DD64202D4908700020D2
:10E8D0002C4908800220204908701F48007802282F
:10E8E00002D100201C4908701B48007800287DD107
:10E8F00087E00000580800200203002004030020E5
:10E90000270300201E1600202803002006030020F5
:10E9100008030020290300200A0300200C03002024
:10E920002A0300200E03002010030020DA0200203A
:10E93000D4020020EA020020666600208E0100203A
:10E940000008014052465F4C6F52615F54585F4F60
:10E950004B21200A00000000E202002035030020C5
:10E960003603002000030020205458204F766572A3
:10E9700054696D65200A0000FE020020F8020020A4
:10E98000DE020020E0020020FE480068FE49C26866
:10E99000FE489047002405E0FC48005DFC4908550E
:10E9A000601CC4B2F84800888442F5DBF648008851
:10E9B000801CF84908800020F74908800846028832
:10E9C0000088401C0B461880F148815CF348EEF744
:10E9D000D7FD012240F22661F048EEF770FD4FF4BA
:10E9E0000061EF48F0F74EFE002405E00FE0002044
:10E9F000E6490855601CC4B2642CF8DB0120E949E3
:10EA00000870E0490968486980470228BCD010BDF9
:10EA1000E5480089002848DDE4480078002844D112
:10EA2000E3484078E3490988884250D0E04840787C
:10EA3000E0490880E0480088401CDF49088008461B
:10EA4000008840F2DC51884241DD6420D9490880C9
:10EA50000020D9490880D9480088D94909888842C6
:10EA60000FD10120D74908700122D74800F070402B
:10EA700000F10070D449C1F3130100EB4110426072
:10EA800025E00020CF4908700022CF4800F07040F8
:10EA900000F10070CC49C1F3130100EB411042605A
:10EAA000C7480088C549088011E00020C5490870A2
:10EAB0000022C54800F0704000F10070C249C1F367
:10EAC000130100EB411042600020BB490880B648AA
:10EAD000408900284CDDBD480078002848D1B44862
:10EAE0004078BB490988884256D0B1484078B84937
:10EAF0000880B8480088401CB6490880084600884D
:10EB000040F2DC51884247DD6420B1490880002092
:10EB1000B0490880B0480088B0490988884211D1BE
:10EB20000120AF4908700122A748503000F0704022
:10EB300000F10070A4495031C1F3130100EB411002
:10EB4000426029E00020A649087000229E4850300B
:10EB500000F0704000F100709B495031C1F3130187
:10EB600000EB411042609D4800889B49088013E0FB
:10EB700000209B49087000229348503000F07040FC
:10EB800000F1007090495031C1F3130100EB4110C6
:10EB9000426000208F4908808348808900284CDD2E
:10EBA0009048007890BB824840788F490988884215
:10EBB00057D07F4840788C4908808C480088401C9A
:10EBC0008A4908800846008840F2DC51884248DDC6
:10EBD0006420854908800020844908808448008892
:10EBE00084490988884212D1012083490870012292
:10EBF0007548A03000F0704000F100707249A031FB
:10EC0000C1F3130100EB411042602AE015E000203F
:10EC10007949087000226C48A03000F0704000F183
:10EC200000706949A031C1F3130100EB411042604B
:10EC3000704800886E49088013E000206E49087013
:10EC400000226148A03000F0704000F100705E4981
:10EC5000A031C1F3130100EB411042600020634971
:10EC600008805148C08900284CDD6448007890BB7A
:10EC70004F48407862490988884257D04C484078CC
:10EC80005F4908805F480088401C5E49088008464C
:10EC9000008840F2DC51884248DD642058490880F1
:10ECA00000205849088058480088584909888842F7
:10ECB00012D101205649087001224348F03000F07B
:10ECC000704000F100704049F031C1F3130100EBD6
:10ECD000411042602AE015E000204D4908700022F2
:10ECE0003948F03000F0704000F100703649F031E2
:10ECF000C1F3130100EB41104260444800884249CF
:10ED0000088013E000204249087000222E48F030AD
:10ED100000F0704000F100702B49F031C1F3130195
:10ED200000EB411042600020364908801E48808B6D
:10ED3000002825DD3748007810BB1D48407836494B
:10ED4000098888421DD01A484078334908803348E2
:10ED50000088401C314908800846008840F2DC5198
:10ED600088420EDD64202C49088000202B49088051
:10ED70002B4800882B490988884264D1012053E040
:10ED800075E086E0D4020020D8020020CA66002088
:10ED9000903D0020900100208C01002000440040A4
:10EDA00000080140E20200201E1600202703002078
:10EDB000580800209C0000209E000020C600002073
:10EDC000C4000020BC000020B4190020280300204B
:10EDD000A0000020A2000020CA000020C8000020DF
:10EDE000BD00002029030020A4000020A600002070
:10EDF000CE000020CC000020BE0000202A0300200E
:10EE0000A8000020AA000020D2000020D00000208E
:10EE1000BF0000202B030020AC000020AE0000202B
:10EE2000D6000020D4000020B24908700122B24868
:10EE300000F0704000F10070AF49C1F3130100EB26
:10EE40004110426025E00020AA4908700022AA482B
:10EE500000F0704000F10070A749C1F3130100EB0E
:10EE600041104260A5480088A549088011E00020B3
:10EE7000A04908700022A04800F0704000F1007026
:10EE80009D49C1F3130100EB4110426000209D49F0
:10EE900008809D48C08B00284CDD9C48007890BBC2
:10EEA0009B4840789B490988884257D098484078C9
:10EEB0009849088098480088401C9749088008466F
:10EEC000008840F2DC51884248DD64209149088086
:10EED000002091490880914800889149098888421A
:10EEE00012D101208F49087001228348503000F070
:10EEF000704000F1007080495031C1F3130100EB04
:10EF0000411042602AE015E0002086490870002286
:10EF10007948503000F0704000F10070764950316F
:10EF2000C1F3130100EB411042607D4800887B492A
:10EF3000088013E000207B49087000226E485030A2
:10EF400000F0704000F100706B495031C1F31301C3
:10EF500000EB4110426000206F4908806A48C08D74
:10EF600000284CDD7048007890BB694840786F49B4
:10EF70000988884257D0664840786C4908806C48B8
:10EF80000088401C6A4908800846008840F2DC512D
:10EF9000884248DD64206549088000206449088073
:10EFA0006448008864490988884212D10120634975
:10EFB000087001225048A03000F0704000F100704D
:10EFC0004D49A031C1F3130100EB411042602AE02A
:10EFD00015E000205949087000224748A03000F091
:10EFE000704000F100704449A031C1F3130100EBFF
:10EFF00041104260504800884E49088013E00020CC
:10F000004E49087000223C48A03000F0704000F1EA
:10F0100000703949A031C1F3130100EB4110426087
:10F020000020434908803848008E00284CDD4448C1
:10F03000007890BB3648407842490988884257D0CA
:10F04000334840783F4908803F480088401C3E498B
:10F0500008800846008840F2DC51884248DD642080
:10F0600038490880002038490880384800883849E5
:10F070000988884212D101203649087001221E48B1
:10F08000F03000F0704000F100701B49F031C1F326
:10F09000130100EB411042602AE015E000202D49E9
:10F0A000087000221448F03000F0704000F1007049
:10F0B0001149F031C1F3130100EB411042602448C3
:10F0C00000882249088013E00020224908700022AD
:10F0D0000948F03000F0704000F100700649F0314E
:10F0E000C1F3130100EB4110426000201649088073
:10F0F00070470000C0000020F41A0020D400002057
:10F10000D6000020AE0000201E1600202C03002098
:10F1100058080020B0000020B2000020DA000020D3
:10F12000D8000020C10000202D030020B4000020E2
:10F13000B6000020DE000020DC000020C20000201D
:10F140002E030020B8000020BA000020E2000020BA
:10F15000E0000020C300002010B50020F84908801E
:10F16000F8A0F9F711F90D20F8F73EFAF8F713FABD
:10F1700010BD10B504460020F1490880F2A0F9F74F
:10F1800003F92046F8F730FA0D20F8F72DFAF8F7D2
:10F1900002FA10BD10B50020E9490880EBA0F9F78C
:10F1A000F3F80D20F8F720FAF8F7F5F910BD10B5CF
:10F1B0000020E3490880E7A0F9F7E6F80D20F8F70A
:10F1C00013FAF8F7E8F910BD10B50020DC49088003
:10F1D000E3A0F9F7D9F80D20F8F706FAF8F7DBF90C
:10F1E00010BD10B50020D6490880DEA0F9F7CCF894
:10F1F0000D20F8F7F9F9F8F7CEF910BD10B5002099
:10F20000CF490880D9A0F9F7BFF80D20F8F7ECF93D
:10F21000F8F7C1F910BD10B50020C9490880D4A085
:10F22000F9F7B2F80D20F8F7DFF9F8F7B4F910BDE7
:10F2300010B50020C2490880CFA0F9F7A5F80D202D
:10F24000F8F7D2F9F8F7A7F910BD10B50020BC49BE
:10F250000880CBA0F9F798F80D20F8F7C5F9F8F772
:10F260009AF910BD10B50020B5490880C6A0F9F77D
:10F270008BF80D20F8F7B8F9F8F78DF910BD10B537
:10F280000020AF490880C2A0F9F77EF80D20F8F7FA
:10F29000ABF9F8F780F910BD10B50020A849088037
:10F2A000BDA0F9F771F80D20F8F79EF9F8F773F99A
:10F2B00010BD10B50020A2490880BBA0F9F764F882
:10F2C0002220F8F791F9BBA0F9F75EF82220F8F7B1
:10F2D0008BF92C20F8F788F92220F8F785F9B5A0EA
:10F2E000F9F752F82220F8F77FF92C20F8F77CF98B
:10F2F0002220F8F779F9AFA0F9F746F82220F8F7BD
:10F3000073F90D20F8F770F9F8F745F910BD10B54D
:10F31000044600208A490880A7A0F9F735F820465E
:10F32000F8F762F90D20F8F75FF9F8F734F910BD36
:10F3300010B5002082490880A2A0F9F725F8222004
:10F34000F8F752F9A2A0F9F71FF82220F8F74CF9C4
:10F350000D20F8F749F9F8F71EF910BD10B5002097
:10F36000774908809BA0F9F70FF80D20F8F73CF9D2
:10F37000F8F711F910BD10B50020714908809AA066
:10F38000F9F702F80D20F8F72FF9F8F704F910BD96
:10F3900010B500206A49088099A0F8F7F5FF0D2004
:10F3A000F8F722F9F8F7F7F810BD10B50020644916
:10F3B000088096A0F8F7E8FF0D20F8F715F9F8F7A0
:10F3C000EAF810BD70B5054600205D49088092A09E
:10F3D000F8F7DAFF2846F5F7E6F8064600240BE0D2
:10F3E0009048015D564802880088401C544B1880A4
:10F3F0008D488154601CC4B2B442F1DB0D20F8F793
:10F40000F3F8F8F7C8F870BD10B5044600204C4971
:10F41000088086A0F8F7B8FF2046F8F7E5F80D2039
:10F42000F8F7E2F8F8F7B7F810BD10B50446002079
:10F43000434908802046F8F7D7F80D20F8F7D4F8AC
:10F44000F8F7A9F810BD10B500203D4908807AA052
:10F45000F8F79AFF0D20F8F7C7F8F8F79CF810BDF9
:10F4600010B500203649088076A0F8F78DFF0D20F2
:10F47000F8F7BAF8F8F78FF810BD10B5002030494A
:10F48000088073A0F8F780FF0D20F8F7ADF8F8F7C3
:10F4900082F810BD10B50446002029490880204696
:10F4A000F8F7A2F80D20F8F79FF8F8F774F810BDF8
:10F4B00010B50020224908802220F8F795F867A0AF
:10F4C000F8F762FF2220F8F78FF80D20F8F78CF894
:10F4D000F8F761F810BD10B50446002018490880FF
:10F4E0002046F8F781F80D20F8F77EF8F8F753F882
:10F4F00010BD10B50020124908800D20F8F774F8EF
:10F50000F8F749F810BD10B5044600200C490880F2
:10F510002046F8F769F80D20F8F766F8F8F73BF899
:10F5200010BD10B504460020054908802046F8F7B4
:10F530005BF80D20F8F758F8F8F72DF810BD00002B
:10F54000A8010020415400004154450041542B4380
:10F550005351000041542B435245473F00000000E7
:10F560002B2B2B0041542B41544F00004154490098
:10F570004154513000000000415426460000000074
:10F58000415426570000000041545631000000004D
:10F5900041542B43504F460041542B4950523D316A
:10F5A000313532303000000041542B43504D533D33
:10F5B00000000000534D000041542B434D47463D91
:10F5C0000000000041542B435343533D0000000012
:10F5D00047534D0041542B434E4D493D322C312C65
:10F5E000302C302C3000000041542B43534D503D03
:10F5F00031372C3136392C302C32343100000000B8
:10F6000041542B435344483D3000000041542B43A8
:10F61000504D533F0000000041542B434D47523D95
:10F62000000000009B6100209051002041542B43BA
:10F630004D47443D312C000041542B4346554E3D2F
:10F640003100000041542B4350494E3D3F00000023
:10F6500041542B43474154543D310000434D4E45E6
:10F660005400000010B504460020FE4908802046E2
:10F67000F7F7BAFF0D20F7F7B7FFF7F78CFF10BDCC
:10F6800010B504460020F74908802046F7F7ACFF84
:10F690000D20F7F7A9FFF7F77EFF10BD10B5044660
:10F6A0000020F0490880F0A0F8F76EFE2046F7F73A
:10F6B0009BFF0D20F7F798FFF7F76DFF10BD10B512
:10F6C0000020E84908800D20F7F78EFFF7F763FF69
:10F6D00010BD2DE9F041ADF50C7D04464FF000085A
:10F6E000E44903C98B918A904FF400710AA81EF077
:10F6F000FEF800200890099002900390602000EB33
:10F700004400401CDC49085C602101EB4401DA4AFA
:10F71000515C00EB0120D94908840846028CD8A12D
:10F7200008A81EF017FF482000EB8400C01CD24937
:10F73000085C482101EB8401891CCF4A515CCDE96A
:10F740000010482000EB8400401C11460B5C482050
:10F7500000EB84000A5CCBA104A81EF0FBFE58203D
:10F7600000EB4400401CC449085C582101EB4401F3
:10F77000C14A515C00EB0120C04908850846028D52
:10F78000BFA102A81EF0E6FE04F16800BA49085CB9
:10F7900080B908A802A9CDE9001004F16800B649B3
:10F7A000085C8AA951F8202004ABB9A10AA81EF070
:10F7B000D1FE0DE002A8009004F16800AE49085C9B
:10F7C0008AA951F8202004ABB9A10AA81EF0C2FEF4
:10F7D0000020A4490880BDA0F8F7D6FD04F130014F
:10F7E000C8B2F7F701FF2C20F7F7FEFE2220F7F74B
:10F7F000FBFE04F16800A049085C18B9B6A0F8F750
:10F80000C3FD02E0B5A0F8F7BFFD2220F7F7ECFE3C
:10F810002C20F7F7E9FE2220F7F7E6FE482000EB60
:10F8200084009549085C58B3002727E0482000EB86
:10F8300084003844904911F800804046F4F7B3FE44
:10F84000064600250BE0A648415D864802880088F0
:10F85000401C844B1880A3488154681CC5B2B54233
:10F86000F1DB032F08DA2E217E4802880088401C35
:10F870007C4B18809B488154781CC7B2042FD5DB81
:10F880002220F7F7B1FE2C20F7F7AEFE582000EB50
:10F890004400794911F80080582000EB4400401CD6
:10F8A000085C00EB08201FFA80F84046F4F77BFE66
:10F8B000064600250BE08A48415D6A4802880088B8
:10F8C000401C684B188087488154681CC5B2B542FB
:10F8D000F1DB04F168006849085C28BB2C20F7F7CD
:10F8E00083FE602000EB4400634911F80080602033
:10F8F00000EB4400401C085C00EB08201FFA80F875
:10F900004046F4F750FE064600250BE07448415D82
:10F91000544802880088401C524B1880714881541A
:10F92000681CC5B2B542F1DB0D20F7F75DFEF7F7B5
:10F9300032FE0DF50C7DBDE8F08170B504466AA07D
:10F94000F8F722FD2220F7F74FFE00250FE0C4EB69
:10F9500044109D3028444849095C42480288008888
:10F96000401C404B18805F488154681CC5B2C4EBF2
:10F9700044109D3028444049085C0028E7D12220EB
:10F98000F7F732FE0D20F7F72FFEF7F704FE554983
:10F9900059A0FAF7F4F870BD2DE9F34F95B004467D
:10F9A00000200F901090342102A81DF0A0FFACB9E8
:10F9B000314890F8487090F8498090F84A9090F853
:10F9C0004BA090F859002C4991F8581000EB0120F9
:10F9D0001FFA80FB284890F8686016E0012C14D1CB
:10F9E000254890F84C7090F84D8090F84E9090F823
:10F9F0004FA090F85B00204991F85A1000EB0120CD
:10FA00001FFA80FB1C4890F86960022C14D11A4838
:10FA100090F8507090F8518090F8529090F853A060
:10FA200090F85D00144991F85C1000EB01201FFA7A
:10FA300080FB114890F86A60032C68D10E4890F85A
:10FA4000547090F8558090F8569090F857A090F820
:10FA50005F00094991F85E1000EB01201FFA80FB5E
:10FA6000054852E0A801002041542B4349504D4F16
:10FA700044453D00ECE703084E1800205E210020BD
:10FA80002564000025642E25642E25642E2564003F
:10FA900041542B4349504F50454E3D302C22257345
:10FAA000222C222573222C25732C257300000000A4
:10FAB00041542B4349504F50454E3D302C22257325
:10FAC000222C222573222C257300000041542B4345
:10FAD00049504F50454E3D0055445000544350004E
:10FAE0009B6100209051002041542B43444E5347CA
:10FAF0004950203D0000000053656E64204461744D
:10FB000061A3BA25730D0A0001E090F86B60002034
:10FB10004A49088043463A46AFF2980111A8CDE918
:10FB2000009A1EF017FD5A46AFF2AC010FA81EF066
:10FB300011FD56B90FA811A9CDE90010224640A128
:10FB400002A8169B1EF006FD07E0012E05D12246F5
:10FB500042A102A8169B1EF0FDFC00250BE002A8A6
:10FB6000415D364802880088401C344B188040486C
:10FB70008154681CC5B202A81DF0D6FEA842EED87A
:10FB80000D20F7F731FDF7F706FD17B0BDE8F08F50
:10FB900010B50020294908800D20F7F725FDF7F75B
:10FBA000FAFC10BD10B5044600202449088031A09D
:10FBB000F8F7EAFB04F13001C8B2F7F715FD0D20A4
:10FBC000F7F712FDF7F7E7FC10BD10B500201B4951
:10FBD00008802CA0F8F7D8FB0D20F7F705FDF7F704
:10FBE000DAFC10BD10B500201449088028A0F8F7F1
:10FBF000CBFB0D20F7F7F8FCF7F7CDFC10BD10B5E7
:10FC000000200E4908800D20F7F7EEFCF7F7C3FC43
:10FC100010BD10B50020094908800D20F7F7E4FC5D
:10FC2000F7F7B9FC10BD10B50020044908800D207D
:10FC3000F7F7DAFCF7F7AFFC10BD0000A8010020D1
:10FC400041542B43495053454E443D25642C256473
:10FC50002C222573222C25730000000041542B43D5
:10FC6000495053454E443D25642C25640000000056
:10FC70009051002041542B434950434C4F53453D34
:10FC80000000000041542B4E45544F50454E00009B
:10FC900041542B4E4554434C4F534500704710B5CB
:10FCA00018F096FCFDA1882018F0AEFC40F2DC5064
:10FCB00018F085FC18F08CFCFBA1902018F0A4FC37
:10FCC000052018F07CFCFDA18A2018F09DFC40F670
:10FCD000B83018F074FC10BD7047704770470020B2
:10FCE000F9490880F9490870F9490880F9490880FC
:10FCF000F9490870F9490880F9490880F9490870FC
:10FD0000F9490870F9490880F9490870704710B539
:10FD1000F44800780C2804DD0020F2490870F4490A
:10FD20000870F0480078012808D10321F148F3F762
:10FD3000CBFA04460121F3F774F8A4E0E94800780F
:10FD4000022809D10321EB482A30F3F7BDFA044613
:10FD50000121F3F766F896E0E2480078032809D11C
:10FD60000321E4482030F3F7AFFA04460121F3F70A
:10FD700058F888E0DB480078042809D10321DD48E1
:10FD80003030F3F7A1FA04460121F3F74AF87AE09C
:10FD9000D4480078052809D10321D6482E30F3F73E
:10FDA00093FA04460121F3F73CF86CE0CD48007863
:10FDB000062809D10321CF483A30F3F785FA0446E3
:10FDC0000121F3F72EF85EE0C6480078072809D134
:10FDD0000321C8483C30F3F777FA04460121F3F7D2
:10FDE00020F850E0BF480078082808D10121C24817
:10FDF000F3F76AFA04460121F3F713F843E0B94830
:10FE00000078092809D10121BB48801CF3F75CFA6E
:10FE100004460121F3F705F835E0B24800780A28D6
:10FE200009D10121B448001FF3F74EFA044601211D
:10FE3000F2F7F7FF27E0AB4800780B2809D1012142
:10FE4000AD488838F3F740FA04460121F2F7E9FF9C
:10FE500019E0A44800780C2809D10121A64884386B
:10FE6000F3F732FA04460121F2F7DBFF0BE09D487D
:10FE700000780D2807D10421A048F3F725FA04469D
:10FE80000121F2F7CEFF10BD97480078D8B99C4801
:10FE900040789C490978884215D09948407899491A
:10FEA000087092480088401C9049088001208E49C3
:10FEB00008708E4800880F2805DD00208B490880D7
:10FEC00002208949087070472DE9F84F824689461B
:10FED00093461C46DDE90A670A2E05DBA6F10A00F7
:10FEE000C6B24FF0010801E04FF0000886480078E4
:10FEF00003287DDA25888548844214D0801D8442F9
:10FF000011D0801D84420ED0801D84420BD09638C3
:10FF1000844208D0801C844205D03E30844202D006
:10FF20004238844203D10A2095FBF0F085B26FBBC2
:10FF300042F2107095FBF0F07549087142F21070B2
:10FF400095FBF0F100FB11504FF47A7190FBF1F04A
:10FF50006F49C8704FF47A7095FBF0F100FB1150B7
:10FF6000642190FBF1F06A498870642095FBF0F100
:10FF700000FB11500A2190FBF1F0654948700A20FE
:10FF800095FBF0F100FB115061490870002F7CD007
:10FF900051480078012806D102204F4908705D4879
:10FFA00005805D4805805B48008842F2107190FB37
:10FFB000F1F0574908715748008842F2107190FBE0
:10FFC000F1F201FB12004FF47A7190FBF1F050490D
:10FFD000C870504800884FF47A7190FBF1F201FB31
:10FFE0001200642190FBF1F049498870494800E013
:10FFF000E1E10088642190FBF1F201FB12000A218B
:020000040802F0
:1000000090FBF1F042494870424800880A2190FB79
:10001000F1F201FB12003E4908702F4800780228D7
:100020003BD13E4800780B287DD108463C490978F1
:10003000405C09280ADA364839490978405C401C96
:10004000C1B23348364A1278815404E00021304866
:10005000334A127881542E48007942F21071484395
:100060002B49C97801EB4102C2EBC11100EBC10081
:100070002749897801EBC10202EB011100EB8100F5
:100080002349497801EB810100E07AE100EB41006E
:100090001F49097808441F4908806FE1426F6F7457
:1000A000696E672E2E2E0000C7E0B5BAC8FDC0FBF2
:1000B000D6C7C4DCB6AFC1A600000000BBB6D3AD46
:1000C000C4FAA3A1000000005C030020630100202B
:1000D000660100206A01002047030020440100203F
:1000E000600100206C010020690300205203002001
:1000F0005E030020F21400200E0D002030160020B8
:1001000058080020510300204A000020FC0800206D
:100110004200002064030020660300204F030020FB
:1001200050030020FFE7FA480078082836D1F94844
:10013000F9490978405C00280ADDF648F649097853
:10014000405C401EC1B2F348F34A1278815404E087
:100150000921F048F04A12788154EE48007942F2C1
:1001600010714843EB49C97801EB4102C2EBC11160
:1001700000EBC100E749897801EBC10202EB0111F4
:1001800000EB8100E349497801EB810100EB41007C
:10019000E04909780844E1490880EFE0DC4800784C
:1001A00009280AD1DC480078401C4845F5DADA48CD
:1001B0000078401CD8490870E0E0D548007807284E
:1001C00009D1D54800780028E7DDD3480078401EE3
:1001D000D1490870D2E0CE4800780A2807D1002023
:1001E000CF490870CF490870CB490870C6E0C848AD
:1001F00000780628D1D1C748007942F210714843EF
:10020000C449C97801EB4102C2EBC11100EBC10046
:10021000C049897801EBC10202EB011100EB8100BA
:10022000BC49497801EB810100EB4100B9490978EB
:100230000844BA490880BC48844246D0BB4884423E
:1002400043D0BB48844240D0B748683084423CD059
:10025000B6483030844238D0B5484838844234D02B
:10026000801C844231D0801C84422ED0B14800785A
:1002700001282AD0AC481238408AB0F5FA6F24D051
:10028000A9481238408A40F6B83188421DD0A748A4
:100290006038B0F86000B0F5FA6F16D0A348603847
:1002A000B0F86000884210D0A1487038B0F87000F3
:1002B000B0F5FA6F09D09E487038B0F870008842E7
:1002C00003D09D480088954908809B480088934941
:1002D0000988884247D0042E01D0052E03D1002082
:1002E000964908700BE03EB1012E05D0022E03D0D6
:1002F000032E01D0082E02D10120904908709048A9
:10030000844214D0801D844211D0801D84420ED0BE
:10031000801D84420BD09638844208D0801C8442D1
:1003200005D03E30844202D0423884420AD17B4814
:10033000008800EB80004FF6FF7101EA4000814920
:10034000088003E0754800887E4908807D48008861
:100350002080FFF7C4FC734800787B4908700020B8
:100360006D4908700AE001206D4908706D480078F9
:10037000401C6C49087000206749087000206449DF
:100380000870FFF781FD71480078022813D10FB182
:1003900062480588B8F1010F02D107F10A00C7B21F
:1003A0002B465A4649465046009718F0DAF94FF462
:1003B0007A7017F067FEBDE8F88F0021644A11706B
:1003C000644A1170644A1170644A1170644A117071
:1003D000644A117053490978814205DD0021514A70
:1003E00011704F4A117028E04E490978012902D155
:1003F000574A117021E04B490978022902D1554A28
:1004000011701AE047490978032902D1524A117044
:1004100013E044490978042902D1504A11700CE0D4
:1004200040490978052902D14D4A117005E03D493E
:100430000978062901D14B4A117070471CB54A480A
:1004400000884A490988884225D04848008846499A
:100450000880FFF744FC46A1802018F0D5F847A19A
:10046000872018F0D1F846A1902018F0CDF843A1CC
:10047000972018F0C9F845A1882018F0C5F83FA1C9
:100480008F2018F0C1F844A1982018F0BDF845A1BC
:100490009F2018F0B9F80020FFF78FFF00200121FE
:1004A000214BA2330322CDE9001004218420FFF761
:1004B0000BFD002001211C4BA4330322CDE90010C9
:1004C00004219420FFF700FD00200121164B9E33EC
:1004D0000322CDE9001004218C20FFF7F5FC002059
:1004E0000321124B363B0122CDE9001004219C2050
:1004F000FFF7EAFC00201549087010480078002832
:1005000070D129480078022850D1FFF700FC1CBDAB
:100510004F0300204200002050030020640300200D
:1005200047030020480300206C0C002052150020D7
:100530008E1600206D010020660300204A00002076
:10054000FC0800204E0000206C0100206903002000
:10055000490300204A0300204B0300204C030020E5
:100560004D0300204E0300204403002042030020DE
:10057000BDF8CBAED1B9C1A6000000004D7000009F
:10058000B3F6CBAED1B9C1A600000000C9E8B6A849
:10059000D1B9C1A600000000B1E4C6B5C6B5C2CA53
:1005A00000000000487A00005E030020F548007853
:1005B000042802DD0020F3490870F248007890B961
:1005C0000120F04908700020EF490870EF490880C9
:1005D000EF490870EF480078012804D10220ED4966
:1005E00008701CBD34E0E7480078012808D10121DB
:1005F000E948F2F769FE04460121F2F712FC27E010
:10060000E0480078022809D10121E348801CF2F774
:100610005BFE04460121F2F704FC19E0D94800789A
:10062000032809D10121DC48001FF2F74DFE0446E2
:100630000121F2F7F6FB0BE0D2480078042807D13D
:100640000321D648F2F740FE04460121F2F7E9FB08
:1006500000BFC6E71CB5D2480088D2490988884245
:1006600025D0D0480088CE490880FFF738FBCEA1BE
:10067000802017F0C9FFCFA1872017F0C5FFCEA1BA
:10068000902017F0C1FFCBA1972017F0BDFFCDA19F
:10069000882017F0B9FFCEA18F2017F0B5FFCDA1AC
:1006A000982017F0B1FFCEA19F2017F0ADFF0020DA
:1006B000FFF783FE00200321B84B08330246CDE943
:1006C000001005218420FFF7FFFB00200321B34B1E
:1006D0009B1D0246CDE9001005219420FFF7F4FB95
:1006E000C048808D01280BD100200321AB4B0A3B71
:1006F0000122CDE9001004218C20FFF7E5FB0EE07C
:10070000B848808D02280AD100200321A34B0A3B60
:100710000222CDE9001005218C20FFF7D5FB002037
:1007200003219E4B1B1D0122CDE9001004219C20BA
:10073000FFF7CAFB0020AC490870AC4800780028DD
:1007400059D194480078022802D1FFF7E0FA1CBD85
:100750008C480078042802DD00208A490870894806
:10076000007888B901208749087000208649087000
:10077000864908808649087086480078012803D198
:10078000022084490870E2E77E480078012809D1F8
:10079000032182480830F2F797FD04460121F2F761
:1007A00040FB28E077480078022809D103217B48E4
:1007B000801DF2F789FD04460121F2F732FB1AE0B1
:1007C00070480078032809D1032174480A38F2F7E9
:1007D0007BFD04460121F2F724FB0CE06948007818
:1007E000042808D103216D48001DF2F76DFD044671
:1007F0000121F2F716FB00BFA9E71CB56848008885
:1008000068490988884223D066480088644908807E
:10081000FFF765FA76A1802017F0F6FE77A1872012
:1008200017F0F2FE76A1902017F0EEFE75A1882059
:1008300017F0EAFE71A18F2017F0E6FE70A1982054
:1008400017F0E2FE4FF47A70714908807149088010
:100850000020FFF7B2FD002001214F4B863B0246EE
:10086000CDE9001005218420FFF72EFB0020012197
:10087000494B823B0246CDE9001005218C20FFF751
:1008800023FB0020584908704348B438808D6049E4
:100890000988884273D04048B438808D5C4908800C
:1008A0003D48B438808D1C286AD2DFE800F00E1372
:1008B000181D22272C6969696969693136693B40CD
:1008C000454A6969694F54595E6353A1912017F0F5
:1008D0009BFE32E154A1912017F096FE2DE156A126
:1008E000912017F091FE28E157A1912017F08CFE7E
:1008F00023E159A1912017F087FE1EE15AA1912012
:1009000017F082FE19E15CA1912017F07DFE14E141
:100910005DA1912017F078FE0FE15FA1912017F003
:1009200073FE0AE160A1912017F06EFE05E162A15D
:10093000912017F069FE00E163A1912017F064FE99
:10094000FBE065A1912017F05FFEF6E066A1912023
:1009500017F05AFEF1E068A1912017F055FEECE087
:1009600069A1912017F050FEE7E06BA1912017F0EC
:100970004BFEE2E06CA1912017F046FEDDE0DDE0E9
:10098000DAE000006C010020630100206601002015
:10099000620100205E0300200E0D00201C150020C7
:1009A0004403002042030020C4B8CFDFB5E7D1B92B
:1009B0000000000020560000B5E7BBFAB5E7D1B94A
:1009C00000000000B5E7BBFAB5E7C1F70000000082
:1009D00020410000C4A3BFE9CEC2B6C80000000099
:1009E000B6C800001E160020690300204A0000203F
:1009F000B9A9CBAED7B4CCAC00000000D6D600006D
:100A00002D2D0000CDA3BBFAD4ADD2F20000000022
:100A10005200002054000020D5FDB3A3D4CBD0D089
:100A20002020202020200000CDA3BBFAD7B4CCACDE
:100A30002020202020200000D1B2BCECD7B4CCACC8
:100A40002020202020200000CDA8D1B6CAA7B0DCED
:100A50002020202020200000D0A1C1F7C1BFB4A6D3
:100A6000C0ED202020200000D0A1C1F7C1BFC6C624
:100A7000BBB5202020200000D0A1C1F7C1BFBCE43D
:100A8000B8F4202020200000B1E4C6B5C6F7B8B401
:100A9000CEBBCAA7B0DC0000B2B9B3A5C6F7D4A4D8
:100AA000BEAF202020200000B6A8CAB1BDBBBBBB92
:100AB0002020202020200000B5E7B6AFB7A7B9CA94
:100AC000D5CF202020200000D7D4C0B4CBAECEDEBE
:100AD000CBAE202020200000CBAECFE4CEDECBAECC
:100AE0002020202020200000C8EDBCFEB3ACD1B9EE
:100AF000B1A3BBA4A3A10000B6A8C6B5D7B4CCAC23
:100B00002020202020200000B9A9CBAEBFD8D6C617
:100B1000C4A3CABD20200000B1E4C6B5BFD8D6C664
:100B2000C4A3CABD20200000BCECB2E9B1E4C6B544
:100B3000B1A8BEAF202000001CBD00BFDF48008E62
:100B4000DF49098888426ED0DC48008EDC49088085
:100B5000DA48008E202867D2DFE800F010151A1F4F
:100B600024292E33383D42474C51565B60676C71E7
:100B7000767B80858A8F94999EA3A8ADD1A1992078
:100B800017F042FD9DE0D3A1992017F03DFD98E0BC
:100B9000D4A1992017F038FD93E0D6A1992017F041
:100BA00033FD8EE0D7A1992017F02EFD89E0D9A161
:100BB000992017F029FD84E0DAA1992017F024FD8F
:100BC0007FE0DCA1992017F01FFD7AE0DDA19920DC
:100BD00017F01AFD75E0DFA1992017F015FD70E000
:100BE000E0A1992017F010FD6BE0E2A1992017F029
:100BF0000BFD66E0E3A1992017F006FD61E0E5A199
:100C0000992017F001FD5CE0E6A1992017F0FCFCAB
:100C100057E0E8A1992017F0F7FC52E0E9A19920EC
:100C200017F0F2FC4DE04DE04AE0EAA1992017F000
:100C3000EBFC46E0EBA1992017F0E6FC41E0EDA1CA
:100C4000992017F0E1FC3CE0EEA1992017F0DCFCC4
:100C500037E0F0A1992017F0D7FC32E0F1A19920FC
:100C600017F0D2FC2DE0F3A1992017F0CDFC28E07D
:100C7000F4A1992017F0C8FC23E0F6A1992017F001
:100C8000C3FC1EE0F7A1992017F0BEFC19E0F5A106
:100C9000992017F0B9FC14E0F2A1992017F0B4FCE8
:100CA0000FE0F0A1992017F0AFFC0AE0EDA1992028
:100CB00017F0AAFC05E0EBA1992017F0A5FC00E0D5
:100CC0003AE700BFEB48007878BBEB480078022891
:100CD00002D1FFF71CF82FE7E8480078042802DD6E
:100CE0000020E6490870E548007888B90120E3490A
:100CF00008700020E2490870E2490880E249087063
:100D0000DD480078012803D10220DB49087013E791
:100D1000DA480078012809D1012168482E30F2F71D
:100D2000D3FA04460121F2F77CF828E0D348007892
:100D3000022809D1012161482C30F2F7C5FA044696
:100D40000121F2F76EF81AE0CC480078032809D1A7
:100D500001215A483230F2F7B7FA04460121F2F77E
:100D600060F80CE0C5480078042808D101215348F8
:100D70003030F2F7A9FA04460121F2F752F800BF29
:100D8000DAE61CB5C1480088C1490988884227D0E5
:100D9000BF480088BD490880FEF7A1FFBDA18020A3
:100DA00017F032FCAFF2AC31872017F02DFCAFF218
:100DB000B031902017F028FCB9A1882017F024FC4E
:100DC00043A18F2017F020FCB8A1982017F01CFC3D
:100DD0003FA19F2017F018FC4FF47A70B6490880A5
:100DE0000020FFF7EAFA00200121B44B0246CDE9CA
:100DF000001005218420FFF767F800200321B04B85
:100E00000246CDE9001005218C20FFF75DF8002097
:100E10000321AB4B9B1C0246CDE9001005219C2011
:100E2000FFF752F80020A74908702448B0F8E00105
:100E3000A1490988884236D02048B0F8E0019E498F
:100E400008801E48B0F8E00110282DD2DFE800F03D
:100E5000080D12171C21263534333231302F2E2D38
:100E600099A1912017F0D0FB94E19BA1912017F05C
:100E7000CBFB8FE19CA1912017F0C6FB8AE19EA1DC
:100E8000912017F0C1FB85E19FA1912017F0BCFBD9
:100E900080E1A1A1912017F0B7FB7BE1A2A19120F5
:100EA00017F0B2FB76E176E173E16DE167E161E1B4
:100EB0005BE155E14FE149E143E13DE15A0C00209E
:100EC00054000020CEDEA3ADC9E8B1B8D5FDB3A370
:100ED00020200000CEDECBAECDA3BBFA2020202008
:100EE00020200000D6F7C1EECDA3D6B9D7B4CCAC44
:100EF00020200000CAD6B6AFD7B4CCAC202020202A
:100F000020200000B1E4C6B5C6F7B1A8BEAF2020CE
:100F100020200000B5E7D4B4B9CAD5CF20202020C6
:100F200020200000D2BACEBBB3ACB8DF20202020F6
:100F300020200000B9DCCDF8B3ACD1B920202020AE
:100F400020200000CBF9D3D0B1C3B9CAD5CF20201F
:100F500020200000D0A1C1F7C1BFB1A3D1B920208A
:100F600020200000D1B9C1A6B4ABB8D0C6F7BBB53C
:100F700020200000BDF8D1B9B8DFBDDAC4DCCDA3B4
:100F8000BBFA0000B6A8CAB1B6CECDA3BBFA2020EA
:100F900020200000CCD8CAE2B6A8CAB1CDA3BBFAC3
:100FA00020200000D4B6B3CCD2A3BFD8CDA3BBFAC7
:100FB00020200000BDF8CBAED1B9B8DFB1A3BBA4EF
:100FC000A3A10000C2FAB8BABAC9B1A3BBA4A3A135
:100FD00020200000B5E7B3D8B5F4B5E7A3A12020E1
:100FE000202000002031B4D3BBFACDA8D1B6CAA7C7
:100FF000B0DC00002032B4D3BBFACDA8D1B6CAA76A
:10100000B0DC0000B1E4C6B5C6F7CDA8D1B6CAA71A
:10101000B0DC0000CEDED6F7BBFAC3FCC1EECDA338
:10102000BBFA0000B0B4BCFCCAD6B6AFCDA3BBFAC5
:1010300020200000B0B4BCFCCDA3D6B9CDA3BBFA30
:1010400020200000B2B9B3A5C6F7D4A4BEAFCDA38B
:10105000BBFA0000BDF8CBAED1B9C1A6B8DFCDA3B5
:10106000BBFA00002020202020202020202020204B
:10107000202000004A0000205E0300206C010020B8
:10108000630100206601002062010020440300206B
:1010900042030020B1E4C6B5B9CAD5CF00000000B4
:1010A000B9CAD5CFC2EB312000000000B9CAD5CFF4
:1010B000C2EB322000000000580000203C0E00204F
:1010C0002E15002069030020CEDEB9CAD5CF2D2011
:1010D000D5FDB3A320200000B9FDC1F7B1A3BBA487
:1010E0002020202020200000B9FDD1B9B1A3BBA44D
:1010F0002020202020200000C7B7D1B9B1A3BBA475
:101100002020202020200000C8B1CFE0B1A3BBA444
:10111000202020202020000049504D20B9CAD5CFE2
:101120002020202020200000B5E7C1F7BBA5B8D0C3
:10113000C6F7B9CAD5CF0000F1A1912017F064FA23
:1011400028E0F3A1912017F05FFA23E0F4A19120A9
:1011500017F05AFA1EE0F6A1912017F055FA19E09F
:10116000F7A1912017F050FA14E0F9A1912017F09F
:101170004BFA0FE0FAA1912017F046FA0AE0FCA121
:10118000912017F041FA05E0FDA1912017F03CFAFB
:1011900000E01CBD00BFFE480078002857D1FD4884
:1011A0000078022802D1FEF7B2FDF2E7FA48007893
:1011B000042802DD0020F8490870F748007888B953
:1011C0000120F54908700020F4490870F4490880AE
:1011D000F4490870EF480078012803D10220ED4956
:1011E0000870D6E7EC480078012808D10121EE48C4
:1011F000F2F76AF804460121F1F713FE27E0E6480A
:101200000078022809D10121E748801EF2F75CF836
:1012100004460121F1F705FE19E0DF4800780328B4
:1012200008D10321E148F2F74FF804460121F1F714
:10123000F8FD0CE0D8480078042808D10321DB48E9
:10124000801CF2F741F804460121F1F7EAFD00BFE6
:101250009FE71CB5D6480088D649098888421DD02A
:10126000D4480088D2490880FEF739FDD2A18020F9
:1012700017F0CAF9D5A1902017F0C6F9D5A195208D
:1012800017F0C2F9D5A1882017F0BEF9D5A18D209D
:1012900017F0BAF9D5A1982017F0B6F90020FFF79A
:1012A0008CF800200121C04B863B0246CDE900109E
:1012B00005219220FEF708FE00200121BA4B883B51
:1012C0000246CDE9001005218A20FEF7FDFD002031
:1012D000CB490870AE48007800283DD1AD48007871
:1012E000022802D1FEF713FD1CBDAB48007802288E
:1012F00002DD0020A8490870A748007888B90120BD
:10130000A54908700020A5490870A5490880A5498D
:101310000870A0480078012803D102209D49087078
:10132000E2E79D480078012809D101219E488638CE
:10133000F1F7CAFF04460121F1F773FD0CE096486E
:101340000078022808D1012197488838F1F7BCFFBE
:1013500004460121F1F765FD00BFC5E71CB59448BF
:10136000008894490988884221D092480088904991
:101370000880FEF7B4FCA3A1802017F045F963A113
:10138000872017F041F9A2A1902017F03DF95FA145
:10139000972017F039F9A1A1882017F035F95BA142
:1013A0008F2017F031F991A1982017F02DF9002026
:1013B000FFF703F8002001219B4B0222CDE900102A
:1013C00004218420FEF780FD00200121764B603B44
:1013D0000246CDE9001005219420FEF775FD00209E
:1013E0000121714B5E3B0246CDE9001005218C20A6
:1013F000FEF76AFD002082490870654800780028E1
:101400004AD164480078022802D1FEF780FC1CBD56
:1014100061480078032802DD00205F4908705E48BB
:10142000007888B901205C49087000205B49087089
:101430005B4908805B49087056480078012803D151
:10144000022054490870E2E753480078012808D187
:1014500001217548F1F738FF04460121F1F7E1FC5D
:101460001AE04D480078022809D101214E48603821
:10147000F1F72AFF04460121F1F7D3FC0CE04648BE
:101480000078032808D1012147485E38F1F71CFF96
:1014900004460121F1F7C5FC00BFB8E71CB544487C
:1014A000008844490988884225D04248008840493C
:1014B0000880FEF714FC5DA1802017F0A5F813A1A9
:1014C000872017F0A1F85CA1902017F09DF80FA1DC
:1014D000972017F099F85BA1882017F095F80BA1D9
:1014E0008F2017F091F857A1982017F08DF807A1D9
:1014F0009F2017F089F80020FEF75FFF0020A7E08B
:1015000049504D20B9FDC8C82020202020200000CF
:10151000B5E7BBFAB9FDC8C8202020202020000074
:10152000B7E7C9C8B9CAD5CF2020202020200000A5
:10153000454550524F4DB9CAD5CF2020202000003C
:1015400044535020B4A6C0EDC6F7B9CAD5CF0000A9
:1015500053544D20B4A6C0EDC6F7B9CAD5CF00008C
:10156000BDD3B5D8B1A3BBA42020202020200000EB
:10157000BCD3CBD9D6D0C7B7B5E7D1B920200000AE
:10158000BCF5CBD9D6D0B9FDB5E7D1B92020000044
:101590004A0000205E0300206C010020630100204F
:1015A00066010020620100203C0E00202E15002064
:1015B00044030020420300202020CBAEB1C3C0DB97
:1015C000BCC6D4CBD0D0202000000000D0A1CAB12E
:1015D0000000000020202020CAB100002020C3EB22
:1015E0000000000020202020C3EB0000202020204D
:1015F000202020202020202020202020000000006B
:1016000069030020B9A9CBAEB0E6B1BE000000006E
:1016100041726D2D596561720000000041726D2D9F
:101620004461746500000000820C0020B1E4C6B57E
:10163000B0E6B1BE00000000CEC4B1BEB0E6B1BE9F
:1016400000000000B1E0D2EBC8D5C6DA000000000F
:101650000321FA4B0222CDE9001004218420FEF779
:1016600033FC00200521F64B0222CDE900100421B5
:101670009420FEF729FC00200121F14B9B1C02461F
:10168000CDE9001005218C20FEF71EFC0020012171
:10169000EB4B1B1D0246CDE9001005219C20FEF7F7
:1016A00013FC0020E7490870E748007870BBE74862
:1016B0000078022802D1FEF72AFB1CBDE44800781E
:1016C000032802DD0020E2490870E148007888B96B
:1016D0000120DF4908700020DE490870DE490880DB
:1016E000DE490870D9480078012803D10220D74983
:1016F0000870E2E7D6480078012807D10321CF48D7
:10170000F1F7E2FD04460121F1F78BFB00BFD4E7BE
:1017100010B5CB489038408D20B1C9489038408DE5
:10172000012802D1C848007838B1C5489038408DAA
:1017300002280ED1CA48007858B9C548007810B9B7
:101740000120C3490870BE489038C08808B9FEF728
:10175000DEFA10BD10B5FFF7DBFF10BD1CB5C148A8
:101760000088C1490988884229D0BF480088BD49FE
:101770000880FEF7B4FABDA1802016F045FFAFF255
:101780007421872016F040FFBBA1902016F03CFF8B
:10179000AFF28821972016F037FFBAA1882016F003
:1017A00033FFAFF298218F2016F02EFFB8A19820BA
:1017B00016F02AFFAFF2AC219F2016F025FF002083
:1017C000FEF7FBFD00200121B44B0246CDE90010DD
:1017D00005218420FEF778FB00200121AF4B9B1CE4
:1017E0000246CDE9001005219420FEF76DFB002094
:1017F0000121AA4B1B1D0246CDE9001005218C20BA
:10180000FEF762FB00200121A44B9B1D0246CDE99F
:10181000001005219C20FEF757FB00208949087025
:1018200089480078002858D188480078022802D1D9
:10183000FEF76DFA1CBD86480078042802DD002002
:10184000834908708248007888B90120804908706F
:1018500000208049087080490880804908707B48D2
:101860000078012803D1022078490870E2E778481F
:101870000078012808D101218848F1F725FD0446A8
:101880000121F1F7CEFA28E071480078022809D149
:1018900001218248801CF1F717FD04460121F1F770
:1018A000C0FA1AE06A480078032809D101217B4870
:1018B000001DF1F709FD04460121F1F7B2FA0CE031
:1018C00063480078042808D101217448801DF1F78D
:1018D000FBFC04460121F1F7A4FA00BFAAE71CB5FE
:1018E0006048008860490988884215D05E480088B1
:1018F0005C490880FEF7F3F969A1802016F084FEA8
:101900006AA1902016F080FE6BA1882016F07CFE64
:101910006CA1982016F078FE0020FEF74EFD002006
:1019200001215E4B08330246CDE9001005218520D8
:10193000FEF7CAFA00200121584B0A330246CDE9CE
:10194000001005219520FEF7BFFA00200121534B1E
:101950000C330246CDE9001005218D20FEF7B4FAC4
:10196000002001214D4B0E330246CDE90010052128
:101970009D20FEF7A9FA002032490870324800780D
:10198000002859D131480078022802D1FEF7BFF96A
:101990001CBD2F480078042802DD00202C49087067
:1019A0002B48007888B9012029490870002029496E
:1019B00008702949088029490870244800780128BE
:1019C00003D1022021490870E2E72148007801286C
:1019D00009D1012131480830F1F776FC0446012194
:1019E000F1F71FFA28E01A480078022809D10121EE
:1019F0002A480A30F1F768FC04460121F1F711FA90
:101A00001AE013480078032809D1012123480C303B
:101A1000F1F75AFC04460121F1F703FA0CE00C48F7
:101A20000078042808D101211C480E30F1F74CFC45
:101A300004460121F1F7F5F900BFA9E7F2140020EF
:101A4000AE160020690300204A0000205E0300203B
:101A50006C0100206301002066010020620100206B
:101A60005A0300204403002042030020B6C14473FF
:101A700070204F4B00000000D0B4447370204F4BD7
:101A800000000000B6C144737020457200000000E1
:101A9000D0B444737020457200000000020E002094
:101AA000B6C144737020D0F2BAC50000D0B44473FC
:101AB0007020D0F2BAC500005273744473705F4353
:101AC00020200000527374447370446C794300000A
:101AD00070B504460D46FE480078022870D1202CCF
:101AE0006FD2DFE804F010151B21272D33393F4555
:101AF0004B51575D62686F757B81878D93999FA568
:101B0000ABB1B7BDC3C9F3A1284616F07DFDBAE05D
:101B1000AFF63C21284616F077FDB4E0AFF6382149
:101B2000284616F071FDAEE0AFF63421284616F0D7
:101B30006BFDA8E0AFF63441284616F065FDA2E043
:101B4000AFF63041284616F05FFD9CE0AFF62C4121
:101B5000284616F059FD96E0AFF62841284616F0C3
:101B600053FD90E0AFF60431284616F04DFD8AE0B3
:101B7000AFF61031284616F047FD84E0AFF61C4161
:101B8000284616F041FD7EE0AFF68421284616F087
:101B90003BFD78E0AFF68021284616F035FD72E077
:101BA000D049284616F030FD6DE0AFF68421284676
:101BB00016F02AFD67E0CCA1284616F025FD62E06C
:101BC00062E05FE0C7492031284616F01DFD5AE06B
:101BD000AFF2D461284616F017FD54E0AFF67C3121
:101BE000284616F011FD4EE0AFF68831284616F073
:101BF0000BFD48E0AFF69431284616F005FD42E0B3
:101C0000AFF6A031284616F0FFFC3CE0AFF6AC3151
:101C1000284616F0F9FC36E0B2496031284616F045
:101C2000F3FC30E0AFF21871284616F0EDFC2AE024
:101C3000AFF21471284616F0E7FC24E0AFF2107101
:101C4000284616F0E1FC1EE0AFF20C71284616F0B3
:101C5000DBFC18E0AFF20871284616F0D5FC12E064
:101C6000AFF20471284616F0CFFC0CE0AFF2007121
:101C7000284616F0C9FC06E0AFF2FC61284616F0D3
:101C8000C3FC00E070BD00BF00BFFBE71CB59A4875
:101C900000889A490988884219D09848008896494E
:101CA0000880FEF71CF896A1802016F0ADFC99A1E3
:101CB000902016F0A9FC98A18A2016F0A5FC96A108
:101CC0008D2016F0A1FC95A1982016F09DFC002017
:101CD000FEF773FB00200121954B0246CDE9001071
:101CE00004218820FEF7F0F800200121904B9B1C76
:101CF0000246CDE9001004218B20FEF7E5F8002014
:101D000001218B4B1B1D0246CDE9001004218E20C2
:101D1000FEF7DAF886495E39B1F85C009121FFF7E9
:101D2000D7FE00206A49087082480078002858D100
:101D300081480078022802D1FDF7E9FF1CBD7F48E9
:101D40000078042802DD00207C4908707B48007878
:101D500088B90120794908700020794908707949CB
:101D600008807949087074480078012803D102205E
:101D700071490870E2E771480078012809D1012112
:101D80006B48801EF1F7A0FA04460121F1F749F8EB
:101D900027E06A480078022808D101216448F1F759
:101DA00093FA04460121F1F73CF81AE06348007801
:101DB000032809D101215E48801CF1F785FA044609
:101DC0000121F1F72EF80CE05C480078042808D1D6
:101DD00001215748001DF1F777FA04460121F1F778
:101DE00020F800BFAAE71CB543480088434909888A
:101DF000884219D0414800883F490880FDF76FFFAD
:101E00003FA1802016F000FC50A1902016F0FCFBB2
:101E100041A18A2016F0F8FB3FA18D2016F0F4FBBB
:101E20004BA1982016F0F0FB0020FEF7C6FA002028
:101E300001213F4B083B0246CDE9001004218820D8
:101E4000FEF742F800200121394B9B1F0246CDE9E5
:101E5000001004218B20FEF737F800200121344BBD
:101E60001B1F0246CDE9001004218E20FEF72CF83E
:101E70002F495E39B1F854009121FFF729FE002067
:101E8000134908702B480078002820D12A48007890
:101E9000022802D1FDF73BFF1CBD2848007804282A
:101EA00002DD0020254908702448007870B901201F
:101EB00022490870002022490870224908802249DE
:101EC00008701D480078012850D14BE04EE083E0B7
:101ED00069030020BFD5BCC7C2BC20202020202021
:101EE00020200000880A0208BDF8CBAED1B9B8DFC7
:101EF000B1A3BBA420200000440300204203002023
:101F0000D7EEBDFCC1F9B4CEB9CAD5CFBCC7C2BCEF
:101F100000000000313A00002D2D0000A3A8C9CF19
:101F20002031B4CEA3A920202020202000000000D2
:101F3000B80C00204A0000205E0300206C01002045
:101F4000630100206601002062010020323A000097
:101F5000A3A8C9CF2032B4CEA3A9202020202020BE
:101F6000000000000220FD49087095E7FC48007859
:101F7000012808D10121FB48F1F7A6F90446012107
:101F8000F0F74FFF28E0F6480078022809D1012138
:101F9000F448801CF1F798F904460121F0F741FF5D
:101FA0001AE0EF480078032809D10121ED48001D0F
:101FB000F1F78AF904460121F0F733FF0CE0E84815
:101FC0000078042808D10121E648801DF1F77CF94A
:101FD00004460121F0F725FF00BF5DE71CB5E2488C
:101FE0000088E249098888421CD0E0480088DE4920
:101FF0000880FDF774FEAFF2F801802016F004FBB4
:10200000DBA1902016F000FBAFF2F4018A2016F05D
:10201000FBFAAFF2FC018D2016F0F6FAD5A198205C
:1020200016F0F2FA0020FEF7C8F900200121CD4B8E
:102030009B1F0246CDE9001004218820FDF744FFD4
:1020400000200121C74B1B1F0246CDE900100421CF
:102050008B20FDF739FF00200121C24B9B1E024659
:10206000CDE9001004218E20FDF72EFFBD49543923
:10207000B1F84C009121FFF72BFD0020C2490870F8
:10208000C2480078002859D1B4480078022802D10B
:10209000FDF73DFE1CBDB2480078042802DD00209B
:1020A000AF490870AE48007888B90120AC49087083
:1020B0000020B7490870B7490880B7490870A74899
:1020C0000078012803D10220A4490870E2E7A4485F
:1020D0000078012809D10121A2480838F1F7F4F865
:1020E00004460121F0F79DFE28E09D480078022873
:1020F00009D101219B48801FF1F7E6F80446012130
:10210000F0F78FFE1AE096480078032809D10121E4
:102110009448001FF1F7D8F804460121F0F781FE3A
:102120000CE08F480078042808D101218D48801EDA
:10213000F1F7CAF804460121F0F773FE00BFA9E7E2
:102140001CB5894800888949098888421CD087487D
:10215000008885490880FDF7C2FDAFF25C21802030
:1021600016F052FA8DA1902016F04EFAAFF25821D7
:102170008A2016F049FAAFF260218D2016F044FA59
:1021800087A1982016F040FA0020FEF716F90020EB
:102190000121744B0E3B0246CDE90010042188203A
:1021A000FDF792FE002001216E4B0C3B0246CDE96B
:1021B000001004218B20FDF787FE00200121694BD0
:1021C0000A3B0246CDE9001004218E20FDF77CFE7B
:1021D00064495439B1F844009121FFF779FC00209B
:1021E0006949087069480078002859D15B4800782F
:1021F000022802D1FDF78BFD1CBD59480078042848
:1022000002DD0020564908705548007888B9012041
:102210005349087000205E4908705E4908805E4995
:1022200008704E480078012803D102204B490870FD
:10223000E2E74B480078012809D1012149481038CC
:10224000F1F742F804460121F0F7EBFD28E044489D
:102250000078022809D1012142480E38F1F734F8FC
:1022600004460121F0F7DDFD1AE03D48007803281F
:1022700009D101213B480C38F1F726F80446012129
:10228000F0F7CFFD0CE036480078042808D1012192
:1022900034480A38F1F718F804460121F0F7C1FD77
:1022A00000BFA9E71CB5304800883049098888423A
:1022B0001CD02E4800882C490880FDF710FDAFF295
:1022C000C031802016F0A0F93AA1902016F09CF9B8
:1022D000AFF2BC318A2016F097F9AFF2C4318D20ED
:1022E00016F092F934A1982016F08EF90020FEF72E
:1022F00064F8002001211B4B163B0246CDE900107B
:1023000004218820FDF7E0FD00200121154B143B3E
:102310000246CDE9001004218B20FDF7D5FD0020F9
:102320000121104B123B0246CDE9001004218E2002
:10233000FDF7CAFD0B495439888F9121FFF7C8FB7F
:1023400000201149087011480078002866D1034820
:10235000007802283AD1FDF7DAFC1CBD5E030020AC
:102360006C010020AE0C002044030020420300203A
:10237000333A0000A3A8C9CF2033B4CEA3A92020AC
:102380002020202000000000690300204A000020D7
:10239000630100206601002062010020343A000041
:1023A000A3A8C9CF2034B4CEA3A920202020202068
:1023B00000000000353A0000A3A8C9CF2035B4CEF4
:1023C000A3A920202020202000000000FD48007844
:1023D000042802DD0020FB490870FA48007888B91B
:1023E0000120F84908700020F7490870F749088073
:1023F000F7490870F7480078012803D10220F54911
:1024000008701CBDEF480078012808D10121F2486E
:10241000F0F75AFF04460121F0F703FD28E0E948F0
:102420000078022809D10121EB48801CF0F74CFF0D
:1024300004460121F0F7F5FC1AE0E2480078032891
:1024400009D10121E448001DF0F73EFF04460121B7
:10245000F0F7E7FC0CE0DB480078042808D1012104
:10246000DD48801DF0F730FF04460121F0F7D9FC6C
:1024700000BFC6E71CB5D9480088D94909888842F9
:102480001CD0D7480088D5490880FDF728FCAFF25A
:102490009051802016F0B8F8D2A1902016F0B4F830
:1024A000AFF28C518A2016F0AFF8AFF294518D2024
:1024B00016F0AAF8CCA1982016F0A6F80020FDF797
:1024C0007CFF00200121C44B9B1F0246CDE9001078
:1024D00004218820FDF7F8FC00200121BE4B1B1FC2
:1024E0000246CDE9001004218B20FDF7EDFC002011
:1024F0000121B94B9B1E0246CDE9001004218E201C
:10250000FDF7E2FCB4493C39888E9121FFF7E0FAEF
:102510000020BA490870BA480078002859D1AD485F
:102520000078022802D1FDF7F2FB1CBDA548007817
:10253000042802DD0020A3490870A248007888B969
:102540000120A049087000209F4908709F49088019
:102550009F4908709F480078012803D102209D49B7
:102560000870E2E797480078012809D101219A48CC
:102570000838F0F7A9FE04460121F0F752FC28E0E4
:1025800090480078022809D101219348801FF0F774
:102590009BFE04460121F0F744FC1AE089480078CC
:1025A000032809D101218C48001FF0F78DFE044655
:1025B0000121F0F736FC0CE082480078042808D1AD
:1025C00001218548801EF0F77FFE04460121F0F7C7
:1025D00028FC00BFA9E71CB580480088804909880D
:1025E000884223D07E4800887C490880FDF777FB2D
:1025F00084A1802016F008F887A1902016F004F836
:10260000AFF2EC618A2015F0FFFFAFF2F4618D208C
:1026100015F0FAFF81A1982015F0F6FF81A19B200B
:1026200015F0F2FF80A19E2015F0EEFF0120FDF7CE
:10263000C4FE00207E4908700121674B2A33024600
:10264000CDE9001004218820FDF73EFC0020012187
:10265000614B2C330246CDE9001004218B20FDF79D
:1026600033FC002001215C4B2E330246CDE90010E3
:1026700004218E20FDF728FC00200121564B363B1B
:102680000246CDE9001002219A20FDF71DFC012031
:10269000674908700846007801214F4B223B002211
:1026A000CDE9001002219D20FDF70EFC4A493C397E
:1026B000B1F864009121FFF70BFA00204F49087030
:1026C0004F480078012809D102204D4908700020A8
:1026D0003D4908703D4908803D49087048480078E8
:1026E00002280FD13748007801280AD101213A4841
:1026F0002238F0F7E9FD04464E4801882046F0F7FD
:1027000040FCB3E03E4800780028FAD13148007818
:10271000022802D1FDF7FBFA1CBD2A4800780628E2
:1027200002DD0020274908702648007888B901207A
:10273000244908700020244908702449088024494D
:10274000087024480078012803D10220214908702C
:10275000E2E71C480078012809D101211E482830F1
:10276000F0F7B2FD04460121F0F75BFB7EE015486F
:102770000078022809D1012117482A30F0F7A4FD7A
:1027800004460121F0F74DFB70E00E480078032865
:1027900009D1012110482C30F0F796FD04460121A3
:1027A000F0F73FFB62E007480078042844D101219C
:1027B00009482E30F0F788FD04460121F0F731FB7F
:1027C00054E000006C01002063010020660100203D
:1027D000620100205E030020960C002044030020CC
:1027E00042030020363A0000A3A8C9CF2036B4CE59
:1027F000A3A9202020202020000000006903002041
:102800004A000020D1A1D4F1B9CAD5CFBCC7C2BCFF
:102810003A202020000000006E3A0000A3A8D7DC78
:1028200000000000C9CF0000B4CEA3A90000000042
:10283000490300204E000020FD480078052808D1FB
:102840000121FC48F0F740FD04460121F0F7E9FAC8
:102850000CE0F7480078062808D10121F548143823
:10286000F0F732FD04460121F0F7DBFA00BF53E731
:102870001CB5F1480088F1490988884230D0EF48FA
:102880000088ED490880FDF72AFAEDA1802015F0B7
:10289000BBFEAFF6B411902015F0B6FEEDA193206B
:1028A00015F0B2FEECA1962015F0AEFEAFF6D011F9
:1028B000882015F0A9FEEAA18B2015F0A5FEE9A15C
:1028C0008E2015F0A1FEAFF6E811982015F09CFEC1
:1028D000E6A19B2015F098FEE5A19E2015F094FE40
:1028E0000620FDF76AFDE44800780121E34B002251
:1028F000CDE9001004219120FDF7E6FAE0480078C8
:102900000121DE4B9B1E0022CDE900100221952003
:10291000FDF7DAFADB4800780121D84B1B1F0022B3
:10292000CDE9001002218A20FDF7CEFAD6480078C2
:102930000121D24B9B1F0022CDE9001002218D20E6
:10294000FDF7C2FAD14800780121CC4B083B0022A8
:10295000CDE9001002219A20FDF7B6FACC480078A4
:102960000121C64B0A3B0022CDE9001002219D2027
:10297000FDF7AAFA0020C7490870C7480078012867
:1029800009D10220C44908700020C4490870C44914
:102990000880C4490870C048007802285ED1A44865
:1029A000007801280AD10121B448F0F78DFC0446D3
:1029B000BD4801882046F0F7E4FAC8E09C4800785A
:1029C00002280BD10121AD48801EF0F77DFC0446A2
:1029D000B54801882046F0F7D4FAB8E0944800786A
:1029E00003280BD10121A548001FF0F76DFC044618
:1029F000AD4801882046F0F7C4FAA8E08C4800787A
:102A000004280BD101219D48801FF0F75DFC04468E
:102A1000A54801882046F0F7B4FA98E08448007889
:102A200005280BD1012195480838F0F74DFC0446E4
:102A30009D4801882046F0F7A4FA88E07C48007899
:102A40000628BAD101218D480A38F0F73DFC04462A
:102A5000954801882046F0F794FA78E08E4800788F
:102A6000002874D191480078022802D1FDF74FF96F
:102A70001CBD6F480078062802DD00206C490870F4
:102A80006B48007888B901206949087000208349A3
:102A900008708349088083490870844800780128B9
:102AA00003D1022081490870E2E7614800780128DB
:102AB00008D101217148F0F707FC04460121F0F725
:102AC000B0F944E05A480078022809D101216B4846
:102AD000801EF0F7F9FB04460121F0F7A2F936E079
:102AE00053480078032809D101216448001FF0F7FA
:102AF000EBFB04460121F0F794F928E04C480078FC
:102B0000042809D101215D48801FF0F7DDFB044650
:102B10000121F0F786F91AE045480078052809D127
:102B2000012156480838F0F7CFFB04460121F0F7A1
:102B300078F90CE03E480078062808D101214F487A
:102B40000A38F0F7C1FB04460121F0F76AF900BF2B
:102B50008EE71CB53848008838490988884229D052
:102B60003648008834490880FDF7B9F850A1802024
:102B700015F04AFDAFF69841872015F045FD4FA1AD
:102B8000902015F041FDAFF6A841972015F03CFDCF
:102B90004DA1882015F038FDAFF6BC418F2015F00F
:102BA00033FD4CA1982015F02FFDAFF6CC419F20AE
:102BB00015F02AFD0020FDF700FC002001212F4B1D
:102BC0005C3B0246CDE9001005218420FDF77CF92D
:102BD00000200121294B5A3B0246CDE90010052176
:102BE0009420FDF771F900200121244B583B024647
:102BF000CDE9001005218C20FDF766F900200121A8
:102C00001E4B563B0246CDE9001005219C20FDF7E6
:102C10005BF900201F4908701F480078002806D182
:102C20002248007802285BD1FDF771F81CBDA9E0AD
:102C30006C010020740C002044030020420300209B
:102C4000CFD6D4DACAB1BCE43A20202020202020FC
:102C500000000000C4EA0000D4C2202000000000F0
:102C6000C8D50000CAB1202000000000B7D600007F
:102C7000C3EB202000000000490300204E0E00207E
:102C80004A0300204B0300204C0300204D0300208A
:102C90004E030020690300204A0000206301002049
:102CA00066010020620100204E0000205E0300202B
:102CB00041493120B6C1D6B500000000414932205B
:102CC000B6C1D6B50000000041493320B6C1D6B523
:102CD0000000000041493420B6C1D6B50000000014
:102CE000FE480078042802DD0020FC490870FB48FB
:102CF000007888B90120F94908700020F849087067
:102D0000F8490880F8490870F8480078012803D18C
:102D10000220F64908701CBDF0480078012808D14F
:102D20000121F348F0F7D0FA04460121F0F779F8D1
:102D300028E0EA480078022809D10121EC48801CEB
:102D4000F0F7C2FA04460121F0F76BF81AE0E34805
:102D50000078032809D10121E548001DF0F7B4FAF5
:102D600004460121F0F75DF80CE0DC480078042807
:102D700008D10121DE48801DF0F7A6FA04460121A2
:102D8000F0F74FF800BFC6E71CB5DA480088DA490B
:102D90000988884225D0D8480088D6490880FCF7A1
:102DA0009EFFD6A1802015F02FFCD7A1872015F01B
:102DB0002BFCAFF69C61902015F026FCD3A1882057
:102DC00015F022FCD0A18F2015F01EFCAFF6B861E3
:102DD000982015F019FC4FF47A70CF490880CF493C
:102DE00008800020FDF7E9FA00200121C04B1E3BBE
:102DF0000246CDE9001005218420FDF765F800208A
:102E00000121BB4B1C3B0246CDE9001005218C2063
:102E1000FDF75AF80020C2490870C248B0F87E0198
:102E2000BD490988884229D0BE48B0F87E01BA4918
:102E30000880BC48B0F87E0105281DD2DFE800F00C
:102E400003080D121700B8A1912015F0DDFB14E066
:102E5000B9A1912015F0D8FB0FE0BBA1912015F08E
:102E6000D3FB0AE0BCA1912015F0CEFB05E0BEA18A
:102E7000912015F0C9FB00E01CBD00BFA948B0F8C7
:102E80008001A649098888421ED0A648B0F8800172
:102E9000A2490880A348B0F8800120B1012807D0DA
:102EA00002280FD109E0B4A1992015F0ADFB0AE08A
:102EB000B5A1992015F0A8FB05E0B7A1992015F060
:102EC000A3FB00E0D8E700BFB7480078002859D13D
:102ED00086480078022802D1FCF719FFCCE77F482A
:102EE0000078042802DD00207C4908707B480078C7
:102EF00088B901207949087000207949087079491A
:102F000008807949087079480078012803D10220A7
:102F100076490870B0E771480078012809D101218D
:102F200073481E38F0F7D0F904460121EFF779FF16
:102F300028E06A480078022809D101216C481C3831
:102F4000F0F7C2F904460121EFF76BFF1AE063487E
:102F50000078032809D1012165481A38F0F7B4F93F
:102F600004460121EFF75DFF0CE05C48007804287F
:102F700008D101215E481838F0F7A6F9044601216E
:102F8000EFF74FFF00BF77E71CB55A4800885A4952
:102F90000988884219D05848008856490880FCF7AB
:102FA0009EFE82A1802015F02FFB61A1872015F0E5
:102FB0002BFB81A1902015F027FB84A1882015F020
:102FC00023FB87A1982015F01FFB0020FDF7F5F9E2
:102FD00000200121464BCC3B0246CDE900100321E5
:102FE0008520FCF771FF00204D4908706E4800787D
:102FF00078BB3E480078022802D1FCF788FE1CBD51
:1030000036480078012802DD002034490870334832
:10301000007888B9012031490870002030490870D3
:10302000304908803049087030480078012803D1C1
:1030300002202E490870E2E728480078012808D1CC
:1030400001212B48CC38F0F73FF904460121EFF776
:10305000E8FE00BFD3E710B5264800882649098856
:10306000884215D02448008822490880FCF737FEA2
:103070006049802015F0C8FA5E49902015F0C4FA26
:103080005DA1882015F0C0FA5A49982015F0BCFAC5
:103090000020FDF792F9002021490870FEF738FB67
:1030A00010BD1CB51348008813490988884213D005
:1030B000114800880F490880FCF711FE53A18020B9
:1030C00015F0A2FA1BA1872015F09EFA52A19020BC
:1030D00015F09AFA17A1A5E0B3E000006C010020FA
:1030E0006301002066010020620100205E030020D1
:1030F000F20D002044030020420300204449202018
:10310000D7B4CCAC00000000D6D60000444F20203D
:10311000D7B4CCAC000000005A0000205C000020B6
:10312000690300205A0C0020CEDE4449BDD3CDA84F
:10313000202020202020000044493120BDD3CDA8EC
:10314000202020202020000044493220BDD3CDA8DB
:10315000202020202020000044493320BDD3CDA8CA
:10316000202020202020000044493420BDD3CDA8B9
:103170002020202020200000CEDE5120BDD3CDA86D
:1031800020202020202000005131BDD3CDA82020B8
:1031900020202020202000005132BDD3CDA82020A7
:1031A00020202020202000004A000020B5E7B6AFF4
:1031B000B7A7D7B4CCAC00003D30B4F2BFAA3B20D7
:1031C0003D31B9D8B1D53B20000000003D32B9CA2D
:1031D000D5CF3B203D33B4F2BFAAD6D000000000CB
:1031E0003D34B9D8B1D5D6D03B2020202020202096
:1031F00000000000EC150208312EB9A9CBAEC9E8D9
:10320000B6A8B2CECAFD202000000000D0DEB8C4AF
:10321000B2CECAFD00000000BBD6B8B4B2CECAFD23
:1032200000000000972015F0EFF9FDA1882015F0AF
:10323000EBF9FEA18F2015F0E7F9FDA1982015F01C
:10324000E3F90320FDF7B9F8FE4800780121FE4BB1
:103250000022CDE9001005218420FCF735FEFB4853
:1032600000780121F84B9B1C0022CDE900100521BC
:103270009420FCF729FEF64800780021F54B0A4619
:10328000CDE9001005218C20FCF71EFE0020F2493C
:103290000870F2480078012809D10220EF4908702F
:1032A0000020EF490870EF490880EF490870EB48AB
:1032B000007802282DD1ED48007801280AD101219B
:1032C000E148F0F701F80446E94801882046EFF7A5
:1032D00058FE6CE0E548007802280BD10121DA485D
:1032E000801CEFF7F1FF0446E14801882046EFF724
:1032F00048FE5CE0DD480078032858D10021D5481D
:10330000EFF7E2FF0446DA4801882046EFF739FE7E
:103310004DE0D2480078002849D1D64800780228EC
:1033200002D1FCF7F4FC1CBDD0480078032802DD74
:103330000020CE490870CD48007888B90120CB49DB
:1033400008700020C6490870C6490880C649087040
:10335000C8480078012803D10220C6490870E2E776
:10336000C2480078012808D10121B748EFF7ACFF27
:1033700004460121EFF755FD19E0BC48007802280A
:1033800009D10121B048801CEFF79EFF04460121BE
:10339000EFF747FD0BE0B5480078032807D100217F
:1033A000AC48EFF791FF04460121EFF73AFD00BF6B
:1033B000B9E71CB5B0480088B0490988884225D0D3
:1033C000AE480088AC490880FCF789FCACA180209D
:1033D00015F01AF9ADA1872015F016F9ACA19020CF
:1033E00015F012F9A9A1972015F00EF9ABA18820CC
:1033F00015F00AF9A5A18F2015F006F9AAA19820C9
:1034000015F002F9ABA19F2015F0FEF80420FCF79F
:10341000D4FF8C48007800218E4B143B0322CDE969
:10342000001004218420FCF74FFD8848007800211B
:10343000884B163B0322CDE9001004219420FCF7B1
:1034400043FD834800780021824B123B0222CDE9E4
:10345000001004218C20FCF737FD974800780021EC
:10346000964B0A46CDE9001003219D20FCF72CFD68
:1034700000207949087079480078012809D1022094
:1034800076490870002076490870764908807649A8
:1034900008707248007802283ED1744800780128EC
:1034A0000BD100216B481438EFF70EFF044670482B
:1034B00001882046EFF765FD8BE06C480078022814
:1034C0000BD1002163481638EFF7FEFE044668482A
:1034D00001882046EFF755FD7BE06448007803281B
:1034E0000BD100215B481238EFF7EEFE044660482E
:1034F00001882046EFF745FD6BE05C480078042822
:1035000067D100216D48EFF7DFFE04465848018877
:103510002046EFF736FD5CE050480078002858D18F
:1035200054480078022802D1FCF7F1FB1CBD4F483B
:103530000078042802DD00204C4908704B480078D0
:1035400088B901204949087000204549087045495B
:1035500008804549087047480078012803D10220B7
:1035600044490870E2E741480078012809D1002168
:1035700038481438EFF7A8FE04460121EFF751FC54
:1035800027E03A480078022809D10021314816384E
:10359000EFF79AFE04460121EFF743FC19E03348A8
:1035A0000078032809D100212A481238EFF78CFE51
:1035B00004460121EFF735FC0BE02C480078042885
:1035C00007D100213D48EFF77FFE04460121EFF7C8
:1035D00028FC00BFAAE71CB52748008827490988AE
:1035E00088427FD02548008823490880FCF777FB74
:1035F00033A1802015F008F8AFF2C841872015F0FC
:1036000003F832A1902014F0FFFFAFF2D8419720C9
:1036100014F0FAFF3049882014F0F6FF5EE061E014
:10362000B1BEBBFAB5D8D6B700000000BAC50000DD
:103630002844434D313030292020202020202020D4
:1036400000000000490300206C0C00204A03002009
:103650004B03002088080020690300204A00002056
:103660006301002066010020620100206C0100203F
:103670004E0000205E03002044030020420300208F
:10368000BDF8CBAEC1BFB3CC000000004D70000050
:10369000B3F6CBAEC1BFB3CC00000000B4D3BBFACD
:1036A000D1B9C1A600000000B4D3BBFAC6F4B6AFCE
:1036B00059530000205300004C030020080A00204A
:1036C000D6F7BBFAB6A8CAB1456E0000BFECCBD99D
:1036D000C9E8CAB1BCE40000EC150208F7A19820C3
:1036E00014F092FF0220FCF768FEF94800780021F0
:1036F000F84B0A46CDE9001003218520FCF7E4FBD6
:10370000F54800780121F54B0022CDE90010032196
:103710009520FCF7D9FB0020F1490870F1480078AA
:10372000012809D10220EF4908700020EE490870F5
:10373000EE490880EE490870EA48007802281DD159
:10374000EC48007801280AD10021E248EFF7BCFDDF
:103750000446E94801882046EFF713FC4EE0E548AF
:10376000007802284AD10121DC48EFF7ADFD04467C
:10377000E14801882046EFF704FC3FE0D948007893
:1037800000283BD1DD480078022802D1FCF7BFFABF
:103790001CBDD8480078022802DD0020D5490870F9
:1037A000D448007888B90120D24908700020CE4959
:1037B0000870CE490880CE490870D04800780128AA
:1037C00003D10220CD490870E2E7CA4800780128F9
:1037D00008D10021BF48EFF777FD04460121EFF73C
:1037E00020FB0BE0C3480078022807D10121BB4829
:1037F000EFF76AFD04460121EFF713FB00BFC7E7AF
:103800001CB5BF480088BF490988884222D0BD48FE
:103810000088BB490880FCF762FABBA1802014F045
:10382000F3FEBEA1902014F0EFFEBFA1972014F08C
:10383000EBFEBEA1882014F0E7FEBBA18F2014F0A0
:10384000E3FEBDA1982014F0DFFEAFF2C0119F206F
:1038500014F0DAFE0320FCF7B0FD9D48007800214B
:103860009C4B9B1C0A46CDE9001005219420FCF7D7
:103870002BFB994800780021964B1B1D0A46CDE989
:10388000001005218C20FCF71FFBAE4800780021BA
:10389000904B9B1D0222CDE9001004219C20FCF7D7
:1038A00013FB00208E4908708E480078012809D14A
:1038B00002208C49087000208B4908708B490880D1
:1038C0008B4908708748007802282FD189480078F2
:1038D00001280BD100217F48801CEFF7F5FC04463E
:1038E000854801882046EFF74CFB6FE0814800785F
:1038F00002280BD100217748001DEFF7E5FC0446B4
:103900007D4801882046EFF73CFB5FE0794800786E
:1039100003285BD100216F48801DEFF7D5FC0446DA
:10392000754801882046EFF72CFB4FE06D48007882
:1039300000284BD171480078022802D1FCF7E7F942
:103940001CBD6C480078032802DD0020694908701E
:103950006848007888B901206649087000206249EB
:10396000087062490880624908706448007801283C
:1039700003D1022061490870E2E75E48007801281F
:1039800009D100215348801CEFF79EFC0446012119
:10399000EFF747FA1AE057480078022809D10021CA
:1039A0004C48001DEFF790FC04460121EFF739FA6F
:1039B0000CE050480078032808D100214548801DBC
:1039C000EFF782FC04460121EFF72BFA00BFB7E7BF
:1039D0001CB54B4800884B490988884222D0494889
:1039E000008847490880FCF77AF957A1802014F035
:1039F0000BFE4DA1872014F007FE56A1902014F075
:103A000003FE49A1972014F0FFFD55A1882014F072
:103A1000FBFDAFF288318F2014F0F6FD53A1982002
:103A200014F0F2FD0320FCF7C8FC294800780021BF
:103A3000284B08330A46CDE9001005218420FCF705
:103A400043FA254800780021224B0A330A46CDE983
:103A5000001005219420FCF737FA3A48007800213D
:103A60001C4B0C330222CDE9001004218C20FCF702
:103A70002BFA00201A4908701A480078012809D149
:103A8000022018490870002017490870174908805B
:103A90001749087013480078022871D1154800783A
:103AA00001286FD100210B480830EFF70DFC0446C8
:103AB000114801882046EFF764FAD1E0A3A8D6F7B1
:103AC000BBFAB2CECAFDA3A1A3A1A3A90000000026
:103AD00049030020F60800204A030020520E00206F
:103AE000690300204A0000206301002066010020D5
:103AF000620100206C0100204E0000205E030020C7
:103B000044030020420300202020D6F7BBFACAB1AC
:103B1000BCE4D1B9C1A6202000000000D6F7C6F44D
:103B20003154696D00000000484D0000D6F7CDA368
:103B30003154696D00000000D6F73120D1B9C1A61B
:103B4000000000004B030020D6F7C6F43254696D24
:103B500000000000D6F7CDA33254696D00000000CC
:103B6000D6F73220D1B9C1A600000000A3A8D6F72D
:103B7000BBFACAB1BCE4B6CE474EA3A90000000010
:103B80001FE0FFE7F948007802280AD10021F84831
:103B9000EFF79AFB0446F74801882046EFF7F1F962
:103BA0005EE0F248007803285AD10021F048801CDA
:103BB000EFF78AFB0446EF4801882046EFF7E1F96A
:103BC0004EE0ED48007800284AD1EC480078022801
:103BD00002D1FCF79CF81CBDE4480078032802DD04
:103BE0000020E2490870E148007888B90120DF49E7
:103BF00008700020E2490870E2490880E249087034
:103C0000DE480078012803D10220DC490870E2E791
:103C1000D6480078012809D10021D548801EEFF749
:103C200053FB04460121EFF7FCF819E0CF48007878
:103C3000022808D10021CE48EFF746FB04460121B7
:103C4000EFF7EFF80CE0C9480078032808D100210D
:103C5000C748801CEFF738FB04460121EFF7E1F875
:103C600000BFB8E71CB5C9480088C949098888421F
:103C700025D0C7480088C5490880FCF730F8C5A1A1
:103C8000802014F0C1FCAFF26011872014F0BCFC5E
:103C9000C3A1902014F0B8FCAFF27411972014F077
:103CA000B3FCC2A1882014F0AFFCAFF220618F20DA
:103CB00014F0AAFCAFF24C11982014F0A5FC0320DC
:103CC000FCF77BFBBC4800780021A94B1B1D0A4672
:103CD000CDE9001005218420FCF7F6F8B7480078FC
:103CE0000021A34B9B1D0A46CDE90010052194201D
:103CF000FCF7EAF8B248007800219D4B0833022215
:103D0000CDE9001004218C20FCF7DEF80020AD493D
:103D1000087099480078012809D102209649087056
:103D20000020974908709749088097490870924881
:103D3000007802282FD18D48007801280BD100216E
:103D40008B48001DEFF7C0FA04468A4801882046D8
:103D5000EFF717F96FE08548007802280BD10021B2
:103D60008348801DEFF7B0FA044682480188204658
:103D7000EFF707F95FE07D48007803285BD1002169
:103D80007B480830EFF7A0FA04467A4801882046BD
:103D9000EFF7F7F84FE07848007800284BD17748E4
:103DA0000078022802D1FBF7B2FF1CBD6F480078F3
:103DB000032802DD00206D4908706C48007888B93E
:103DC00001206A49087000206D4908706D4908801B
:103DD0006D49087069480078012803D102206749BD
:103DE0000870E2E761480078012809D100216048A5
:103DF000001DEFF769FA04460121EFF712F81AE007
:103E00005A480078022809D100215948801DEFF74F
:103E10005BFA04460121EFF704F80CE05348007800
:103E2000032808D1002152480830EFF74DFA044624
:103E30000121EEF7F6FF00BFB7E71CB55348008835
:103E400053490988884225D0514800884F49088045
:103E5000FBF745FF5CA1802014F0D6FBAFF23831B0
:103E6000872014F0D1FB5BA1902014F0CDFBAFF2C2
:103E70004831972014F0C8FB59A1882014F0C4FBE6
:103E8000AFF2F8718F2014F0BFFBAFF22031982011
:103E900014F0BAFB0320FCF790FA474800780021A1
:103EA000334B0A330A46CDE9001005218420FCF784
:103EB0000BF84248007800212D4B0C330A46CDE91F
:103EC000001005219420FBF7FFFF3D4800780021FA
:103ED000274B0E330222CDE9001004218C20FBF782
:103EE000F3FF00203749087023480078012809D1E2
:103EF00002202149087000202149087021490880CA
:103F0000214908701C480078022870D117480078B1
:103F100001280BD1002116480A30EFF7D5F90446E5
:103F2000144801882046EFF72CF8AFE00F480078DE
:103F300002280BD100210E480C30EFF7C5F90446DA
:103F40000C4801882046EFF71CF89FE007480078EE
:103F500003280AD1002106480E30EFF7B5F90446D0
:103F6000044801882046EFF70CF88FE06C01002030
:103F7000000900204E0000204A0000205E030020BF
:103F8000630100206601002062010020440300203C
:103F900042030020D6F7C6F43354696D00000000D8
:103FA000D6F7CDA33354696D00000000D6F7332057
:103FB000D1B9C1A600000000490300204A03002037
:103FC0004B03002069030020D6F7C6F43454696D12
:103FD00000000000D6F7CDA33454696D0000000046
:103FE000D6F73420D1B9C1A600000000FFE7F7489A
:103FF000007800284AD1F6480078022802D1FBF761
:1040000086FE1CBDF3480078032802DD0020F1493C
:104010000870F048007888B90120EE490870002047
:10402000ED490870ED490880ED490870E8480078CE
:10403000012803D10220E6490870E2E7E54800784C
:10404000012808D10021E748EFF73EF90446012195
:10405000EEF7E7FE1AE0DF480078022809D10021D8
:10406000E048801CEFF730F904460121EEF7D9FE55
:104070000CE0D8480078032808D10021D948001D59
:10408000EFF722F904460121EEF7CBFE00BFB8E7B7
:104090001CB5D5480088D5490988884229D0D3481D
:1040A0000088D1490880FBF71AFED1A1802014F0C6
:1040B000ABFAAFF62821872014F0A6FACFA1902002
:1040C00014F0A2FAAFF63C21972014F09DFACEA18D
:1040D000882014F099FAAFF624218F2014F094FA76
:1040E000CCA1982014F090FAAFF638219F2014F05C
:1040F0008BFA0420FCF761F9C94800780021B94B1C
:10410000923B0222CDE9001004218420FBF7DCFE63
:10411000C44800780021B34B903B0222CDE9001047
:1041200004219420FBF7D0FEBF4800780021AD4B5E
:104130008E3B0A46CDE9001005218C20FBF7C4FE1A
:10414000BA4800780021A74B8C3B0A46CDE9001005
:1041500005219C20FBF7B8FE0020B54908709B485C
:104160000078012809D102209849087000209A4956
:1041700008709A4908809A49087094480078022883
:104180003FD19448007801280BD1002195489238FE
:10419000EFF79AF80446A74801882046EEF7F1FEAB
:1041A0008DE08C48007802280BD100218D48903892
:1041B000EFF78AF804469F4801882046EEF7E1FEB3
:1041C0007DE08448007803280BD1002185488E3893
:1041D000EFF77AF80446974801882046EEF7D1FEBB
:1041E0006DE07C480078042869D100217D488C3836
:1041F000EFF76AF804468F4801882046EEF7C1FEC3
:104200005DE072480078002859D171480078022892
:1042100002D1FBF77CFD1CBD6E480078042802DD4E
:1042200000206C4908706B48007888B90120694902
:10423000087000206849087068490880684908705B
:1042400063480078012803D1022061490870E2E741
:1042500060480078012809D1002162489238EFF7C0
:1042600033F804460121EEF7DCFD28E059480078D8
:10427000022809D100215B489038EFF725F8044661
:104280000121EEF7CEFD1AE052480078032809D14B
:10429000002154488E38EFF717F804460121EEF755
:1042A000C0FD0CE04B480078042808D100214D489F
:1042B0008C38EFF709F804460121EEF7B2FD00BF94
:1042C000A9E71CB54848008848490988884221D098
:1042D0004648008844490880FBF701FD56A180202C
:1042E00014F092F957A1872014F08EF956A190206E
:1042F00014F08AF957A1972014F086F956A1882066
:1043000014F082F957A18F2014F07EF956499820B5
:1043100014F07AF90320FCF750F8414800780021A6
:10432000304B303B0322CDE9001004218420FBF701
:10433000CBFD3C48007800212A4B2E3B0322CDE9DF
:10434000001004219420FBF7BFFD374800780021BE
:10435000244B2C3B0322CDE9001004218C20FBF7D9
:10436000B3FD00203249087018480078012809D1AF
:104370000220164908700020174908701749088064
:10438000174908701148007802287FD11148007839
:1043900001280BD1002113483038EEF795FF044671
:1043A000244801882046EEF7ECFDBEE0094800787D
:1043B00002285CD100210B482E38EEF785FF044619
:1043C0001C4801882046EEF7DCFDAEE04A000020E4
:1043D0005E0300206C0100206301002066010020C4
:1043E000620100200A09002044030020420300204B
:1043F000D3D0CBAEBFAAD1B900000000CEDECBAE89
:10440000CDA3D1B900000000D3D0CBAED1D3CAB177
:1044100000000000CEDECBAED1D3CAB10000000058
:10442000490300204A0300204B0300204C030020D6
:10443000690300204E00002050494453B1C8C0FD1C
:10444000000000002020000050494453B2C9D1F9B7
:1044500000000000C3EB000050494453BBFDB7D639
:1044600000000000B7D60000EC1502080EE0F94885
:104470000078032859D10021F748EEF725FF0446BC
:10448000F64801882046EEF77CFD4EE0F4480078BF
:1044900000284AD1F3480078022802D1FBF737FC04
:1044A0001CBDEC480078032802DD0020E9490870B3
:1044B000E848007888B90120E64908700020EA49F8
:1044C0000870EA490880EA490870E648007801283F
:1044D00003D10220E3490870E2E7DE4800780128B2
:1044E00009D10021DC48001FEEF7EEFE0446012151
:1044F000EEF797FC19E0D7480078022809D100218F
:10450000D548801EEEF7E0FE04460121EEF789FC57
:104510000BE0D0480078032807D10021CE48EEF701
:10452000D3FE04460121EEF77CFC00BFB8E71CB5C2
:10453000D0480088D0490988884224D0CE480088D5
:10454000CC490880FBF7CBFBCCA1802014F05CF8B1
:10455000AFF21011872014F057F8CBA1902014F07F
:1045600053F8AFF21011972014F04EF8C9A188202B
:1045700014F04AF8AFF214118F2014F045F8C8492E
:10458000982014F041F80320FBF717FFC548007886
:104590000021B14B8C330322CDE90010042184208B
:1045A000FBF792FCC04800780021AB4B8E3303220E
:1045B000CDE9001004219420FBF786FCBB4800786D
:1045C0000021A54B90330322CDE9001004218C205B
:1045D000FBF77AFC0020B6490870A1480078012852
:1045E00009D102209E49087000209F4908709F4908
:1045F00008809F4908709A48007802282FD1954872
:10460000007801280BD1002193488C30EEF75CFE36
:104610000446924801882046EEF7B3FC6FE08D48CF
:10462000007802280BD100218B488E30EEF74CFE2B
:1046300004468A4801882046EEF7A3FC5FE08548DF
:10464000007803285BD1002183489030EEF73CFED0
:104650000446824801882046EEF793FC4FE08048EC
:10466000007800284BD17F480078022802D1FBF760
:104670004EFB1CBD77480078032802DD00207549F9
:1046800008707448007888B90120724908700020C9
:104690007549087075490880754908707148007837
:1046A000012803D102206F490870E2E769480078C9
:1046B000012809D1002168488C30EEF705FE044638
:1046C0000121EEF7AEFB1AE062480078022809D11A
:1046D000002161488E30EEF7F7FD04460121EEF728
:1046E000A0FB0CE05B480078032808D100215A4861
:1046F0009030EEF7E9FD04460121EEF792FB00BF92
:10470000B7E71CB55B4800885B490988884229D017
:104710005948008857490880FBF7E1FA65A18020D5
:1047200013F072FFAFF2E421872013F06DFF64A154
:10473000902013F069FFAFF2F421972013F064FF8B
:1047400062A1882013F060FFAFF208318F2013F0D0
:104750005BFF61A1982013F057FFAFF218319F2043
:1047600013F052FF0420FBF728FE4E48007800218A
:10477000394B12330A46CDE9001005218420FBF79E
:10478000A3FB494800780021334B14330A46CDE996
:10479000001005219420FBF797FB44480078002186
:1047A0002D4B42330A46CDE9001005218C20FBF742
:1047B0008BFB4C4800780021274B44330A46CDE957
:1047C000001005219C20FBF77FFB00203849087072
:1047D00023480078012809D10220214908700020CF
:1047E0002149087021490880214908701C48007837
:1047F000022879D11748007801280BD100211648EA
:104800001230EEF761FD0446144801882046EEF7A9
:10481000B8FBD6E00F48007802280BD100210E48E3
:104820001430EEF751FD04460C4801882046EEF79F
:10483000A8FBC6E007480078032856D100210648A7
:104840004230EEF741FD0446044801882046EEF769
:1048500098FBB6E06C010020DE0800204E0000202E
:104860004A0000205E030020630100206601002052
:1048700062010020440300204203002050494458B4
:10488000B1C8C0FD0000000050494458B2C9D1F978
:104890000000000050494458BBFDB7D6000000009E
:1048A000EC150208490300204A0300204B030020B6
:1048B00069030020BDF8CBAEC0E0D0CD0000000001
:1048C000B3F6CBAEC0E0D0CD00000000BDF8CBAE5B
:1048D000B3F5D6B500000000B3F6CBAEB3F5D6B550
:1048E000000000004C0300200EE0F6480078042889
:1048F00067D10021F448EEF7E7FC0446F34801884D
:104900002046EEF73EFB5CE0F1480078002858D1E5
:10491000F0480078022802D1FBF7F9F91CBDE948FC
:104920000078042802DD0020E6490870E548007898
:1049300088B90120E34908700020E7490870E74979
:104940000880E7490870E3480078012803D1022075
:10495000E0490870E2E7DB480078012809D100212E
:10496000D9483238EEF7B0FC04460121EEF759FA87
:1049700027E0D4480078022809D10021D2483038F5
:10498000EEF7A2FC04460121EEF74BFA19E0CD4800
:104990000078032809D10021CB48801EEEF794FC53
:1049A00004460121EEF73DFA0BE0C64800780428E2
:1049B00007D10021C448EEF787FC04460121EEF739
:1049C00030FA00BFAAE71CB5C6480088C649098866
:1049D000884222D0C4480088C2490880FBF77FF98A
:1049E000C2A1802013F010FEAFF2A851872013F06F
:1049F0000BFEC1A1902013F007FEC2A1972013F077
:104A000003FEC1A1882013F0FFFDC2A18F2013F087
:104A1000FBFDC1A1982013F0F7FD0320FBF7CDFCAF
:104A2000C24800780021A84B2E3B0A46CDE9001071
:104A300005218520FBF748FABD4800780021A24BEC
:104A4000803B0322CDE9001004219420FBF73CFABF
:104A5000B848007800219C4B9A330A46CDE90010F3
:104A600005218C20FBF730FA0020B34908709848E4
:104A70000078012809D10220954908700020964944
:104A80000870964908809649087091480078022875
:104A90002FD18C48007801280BD100218A482E386C
:104AA000EEF712FC0446894801882046EEF769FAC1
:104AB0006FE08448007802280BD1002182488038BA
:104AC000EEF702FC0446814801882046EEF759FAC9
:104AD0005FE07C48007803285BD100217A489A3057
:104AE000EEF7F2FB0446794801882046EEF749FAD2
:104AF0004FE07748007800284BD1764800780228AC
:104B000002D1FBF704F91CBD6E480078032802DDD2
:104B100000206C4908706B48007888B90120694909
:104B2000087000206C4908706C4908806C49087056
:104B300068480078012803D1022066490870E2E73E
:104B400060480078012809D100215F482E38EEF72F
:104B5000BBFB04460121EEF764F91AE059480078DE
:104B6000022809D1002158488038EEF7ADFB0446F1
:104B70000121EEF756F90CE052480078032808D1DD
:104B8000002151489A30EEF79FFB04460121EEF7D1
:104B900048F900BFB7E71CB5524800885249098858
:104BA000884222D0504800884E490880FBF797F889
:104BB00062A1802013F028FDAFF27871872013F0F6
:104BC00023FD62A1902013F01FFD63A1972013F035
:104BD0001BFD62A1882013F017FD5FA18F2013F049
:104BE00013FD61A1982013F00FFD0320FBF7E5FBF7
:104BF0004E4800780021344B10330A46CDE90010AE
:104C000001218720FBF760F94948007800212E4BED
:104C1000383B0A46CDE9001005219420FBF754F9F2
:104C2000444800780021284B363B0A46CDE9001065
:104C300005218C20FBF748F900203F4908702448E3
:104C40000078012809D1022021490870002022495A
:104C5000087022490880224908701D4800780228FF
:104C60002FD11848007801280BD1002116481030A8
:104C7000EEF72AFB0446154801882046EEF781F935
:104C8000CBE01048007802280BD100210E483838BC
:104C9000EEF71AFB04460D4801882046EEF771F93D
:104CA000BBE00848007803280AD1002106483638BE
:104CB000EEF70AFB0446054801882046EEF761F945
:104CC000ABE05BE06C010020220900204E000020D8
:104CD0004A0000205E0300206301002066010020DE
:104CE000620100204403002042030020C8EDBCFE06
:104CF000B3ACD1B9456E0000B3ACD1B9C6ABB2EE1E
:104D0000000000004D700000B3ACD1B9D1D3CAB1DE
:104D1000000000004D530000A3A8C8EDBCFEB3ACDA
:104D2000D1B9B9A6C4DCA3A9000000004903002042
:104D30004A0300204B03002069030020BDF8CBAEDE
:104D4000D1B9B8DFBDDAC4DC456E0000CDA3BBFA33
:104D5000D1D3CAB10000000020530000BFAABBFAA3
:104D6000D1D3CAB100000000A3A8BDF8CBAEB8DF14
:104D7000BDDAC4DC474EA3A900000000FE4800785D
:104D800000284AD1FD480078022802D1FAF7BFFF77
:104D90001CBDFB480078032802DD0020F84908709C
:104DA000F748007888B90120F54908700020F549D6
:104DB0000870F5490880F5490870F0480078012826
:104DC00003D10220ED490870E2E7ED4800780128A0
:104DD00008D10021EE48EEF777FA04460121EEF7FC
:104DE00020F81AE0E6480078022809D10021E848B6
:104DF0004838EEF769FA04460121EEF712F80CE0A4
:104E0000DF480078032808D10021E1484638EEF752
:104E10005BFA04460121EEF704F800BFB8E71CB5C1
:104E2000DC480088DC49098888421FD0DA480088BD
:104E3000D8490880FAF753FFD8A1802013F0E4FB8B
:104E4000AFF60021872013F0DFFBD8A1902013F0EC
:104E5000DBFBAFF2FC01972013F0D6FBD64988208C
:104E600013F0D2FBD5A1982013F0CEFB0220FBF764
:104E7000A4FAD74800780021C54B9B1C0A46CDE90F
:104E8000001001218720FBF71FF8D248007800218D
:104E9000BF4B1B1F0A46CDE9001005219420FBF7EC
:104EA00013F80020CC490870B3480078012809D1D4
:104EB0000220B14908700020B2490870B249088048
:104EC000B2490870AC48007802281FD1AC4800787D
:104ED00001280BD10021AE48801CEEF7F5F90446FD
:104EE000BE4801882046EEF74CF851E0A44800780F
:104EF00002284DD10021A648001FEEF7E5F904462F
:104F0000B64801882046EEF73CF841E09A48007820
:104F100000283DD199480078022802D1FAF7F7FE1F
:104F20001CBD97480078022802DD002094490870D3
:104F30009348007888B90120914908700020914970
:104F4000087091490880914908708C4800780128C0
:104F500003D1022089490870E2E7894800780128D6
:104F600009D100218A48801CEEF7AEF904460121E0
:104F7000EDF757FF0CE082480078022808D10021A5
:104F80008348001FEEF7A0F904460121EDF749FF21
:104F900000BFC5E71CB57F4800887F490988884263
:104FA0001AD07D4800887B490880FAF798FE8CA1CA
:104FB000802013F029FBAFF66431872013F024FB27
:104FC0007D49902013F020FB7B49882013F01CFBC7
:104FD00086A1982013F018FB0120FBF7EEF97C481E
:104FE000007800216A4B58330A46CDE900100521AC
:104FF0008420FAF769FF0020774908705E4800783E
:10500000012809D102205C49087000205D49087020
:105010005D4908805D4908705748007802280FD123
:105020005748007801283ED1002159485830EEF702
:105030004BF90446694801882046EDF7A2FF32E0AB
:105040004D48007878BB4D480078022802D1FAF725
:105050005EFE1CBD4A480078012802DD0020484958
:1050600008704748007888B9012045490870002039
:105070004449087044490880444908703F48007812
:10508000012803D102203D490870E2E73C4800783E
:10509000012808D100213E485830EEF715F90446A2
:1050A0000121EDF7BEFE00BFD3E71CB539480088EB
:1050B0003949098888421ED0374800883549088018
:1050C000FAF70DFE4EA1802013F09EFAAFF68C4148
:1050D000872013F099FA4DA1902013F095FA4EA174
:1050E000972013F091FA3449882013F08DFA4BA1E0
:1050F000982013F089FA0220FBF75FF93448007812
:105100000021234B94330A46CDE900100521842069
:10511000FAF7DAFE2F48007800211D4B9833012260
:10512000CDE9001004219420FAF7CEFE00202A4990
:10513000087011480078012809D102200E49087032
:1051400000201049087010490880104908700A486A
:10515000007802287CD10A480078012869D1002112
:105160000B489430EEF7B0F804461C4801882046FE
:10517000EDF707FFADE06BE04A0000205E03002082
:105180006C01002063010020660100206201002004
:10519000320900204403002042030020BDF8CBAEBA
:1051A000D1B9B8DFB1A3BBA4456E0000B1A3BBA4C5
:1051B000D1D3CAB100000000EC150208A3A8BDF8C5
:1051C000CBAEB8DFB1A3BBA4474EA3A9000000003B
:1051D000490300204A030020690300204E000020FC
:1051E000B1EDBBB5D1D3CAB100000000A3A8D1B9BD
:1051F000C1A6B4ABB8D0BBB5474EA3A90000000010
:10520000C8EDCDA3CAB9C4DC00000000C3BFC3EB26
:10521000BCF5C6B500000000487A0000A3A8C9E8A4
:10522000B1B8C8EDCDA3B9A6C4DCA3A900000000A5
:10523000FFE7F848007802284BD10021F648EEF746
:1052400043F80446F54801882046EDF79AFE40E011
:10525000F348007800283CD1F2480078022802D1B7
:10526000FAF755FD1CBDEB480078022802DD00204E
:10527000E8490870E748007888B90120E5490870D6
:105280000020E9490870E9490880E9490870E548C3
:105290000078012803D10220E2490870E2E7DD48E6
:1052A0000078012809D10021DB48001FEEF70CF837
:1052B00004460121EDF7B5FD0BE0D6480078022841
:1052C00007D10021D448EDF7FFFF04460121EDF797
:1052D000A8FD00BFC6E71CB5D6480088D649098896
:1052E000884229D0D4480088D2490880FAF7F7FCD0
:1052F000D2A1802013F088F9AFF6B861872013F0AF
:1053000083F9D1A1902013F07FF9AFF208619720C3
:1053100013F07AF9CFA1882013F076F9AFF20811D3
:105320008F2013F071F9CEA1982013F06DF9AFF230
:1053300018119F2013F068F90420FBF73EF8CB48C2
:1053400000780021B44B0C3B0A46CDE90010032144
:105350008520FAF7B9FDC64800780021AE4B9B1FA7
:105360000322CDE9001004219420FAF7ADFDC148D5
:1053700000780021A84B0A3B0122CDE9001004214E
:105380008C20FAF7A1FDBC4800780021A24B083B15
:105390000122CDE9001004219C20FAF795FD0020A0
:1053A000B64908709E480078012809D102209C491E
:1053B000087000209C4908709C4908809C4908702E
:1053C0009748007802283FD19248007801280BD1F5
:1053D000002191480C38EDF777FF04468F4801888B
:1053E0002046EDF7CEFD8DE08A48007802280BD1EB
:1053F00000218948801FEDF767FF04468748018830
:105400002046EDF7BEFD7DE08248007803280BD1F1
:10541000002181480A38EDF757FF04467F4801888C
:105420002046EDF7AEFD6DE07A480078042869D19A
:10543000002179480838EDF747FF0446774801888E
:105440002046EDF79EFD5DE075480078002859D1B3
:1054500074480078022802D1FAF759FC1CBD6D4847
:105460000078042802DD00206A4908706948007845
:1054700088B901206749087000206B4908706B49A2
:1054800008806B49087067480078012803D1022022
:1054900064490870E2E75F480078012809D10021DB
:1054A0005D480C38EDF710FF04460121EDF7B9FC1B
:1054B00028E058480078022809D100215648801F6A
:1054C000EDF702FF04460121EDF7ABFC1AE051486D
:1054D0000078032809D100214F480A38EDF7F4FE7F
:1054E00004460121EDF79DFC0CE04A4800780428B1
:1054F00008D1002148480838EDF7E6FE04460121AE
:10550000EDF78FFC00BFA9E71CB54A4800884A495F
:105510000988884228D04848008846490880FAF718
:10552000DEFB57A1802013F06FF858A1872013F0FD
:105530006BF857A1902013F067F8AFF22431972051
:1055400013F062F855A1882013F05EF8AFF64C0115
:105550008F2013F059F854A1982013F055F8AFF6A6
:1055600008019F2013F050F80420FAF726FF3F4867
:10557000007800214F4B0A46CDE900100521842018
:10558000FAF7A2FC3A48007800214A4B1B1D012281
:10559000CDE9001004219420FAF796FC35480078F4
:1055A0000021444B0C330322CDE9001004218C2050
:1055B000FAF78AFC3048007800213E4B0E330A4649
:1055C000CDE9001005219C20FAF77EFC00202B4934
:1055D000087013480078012809D10220104908708A
:1055E00000201149087011490880114908700C48C1
:1055F000007802286FD10748007801285CD100218B
:105600002C48EDF761FE0446044801882046EDF77A
:10561000B8FCDEE06C010020CA0900204E0000202A
:105620004A0000205E030020630100206601002084
:10563000620100204403002042030020BDF8CBAEED
:10564000CFDEC6B5456E0000BDF8C9E8B6A8D1B931
:1056500000000000C3BFC3EBBDB5C6B5000000002D
:10566000D7EEB5CDC6B5C2CA000000004903002080
:105670004A0300204B0300204C0300206903002054
:10568000D0A14C4CCAB9C4DC0000000020200000AE
:10569000D0A14C4CC6B5C2CA00000000BAE3D1B9D3
:1056A000C6ABB2EE00000000BAE3D1B9D1D3CAB1A3
:1056B00000000000B6080020FE48007802280BD148
:1056C0000021FD48EDF700FE0446FC480188204615
:1056D000EDF757FC7DE01FE0F648007803280BD17A
:1056E0000021F5480830EDF7EFFD0446F348018846
:1056F0002046EDF746FC6CE0EE480078042868D1BF
:105700000021ED480A30EDF7DFFD0446EB48018843
:105710002046EDF736FC5CE0E9480078002858D1D7
:10572000E8480078022802D1FAF7F1FA1CBDE148F6
:105730000078042802DD0020DE490870DD4800788A
:1057400088B90120DB4908700020DF490870DF4973
:105750000880DF490870DB480078012803D1022067
:10576000D8490870E2E7D3480078012809D1002120
:10577000D148001FEDF7A8FD04460121EDF751FBCC
:1057800027E0CC480078022808D10021CA48EDF76C
:105790009BFD04460121EDF744FB1AE0C548007863
:1057A000032809D10021C4480830EDF78DFD0446D7
:1057B0000121EDF736FB0CE0BE480078042808D143
:1057C0000021BD480A30EDF77FFD04460121EDF7C9
:1057D00028FB00BFAAE71CB5BE480088BE4909885F
:1057E000884229D0BC480088BA490880FAF777FA7D
:1057F000BAA1802012F008FFAFF6F821872012F03E
:1058000003FFB9A1902012F0FFFEAFF6B42197205C
:1058100012F0FAFEB7A1882012F0F6FEAFF6C8210A
:105820008F2012F0F1FEB6A1982012F0EDFEAFF637
:10583000D8219F2012F0E8FE0320FAF7BEFDB348FE
:10584000007800219C4B9B1E0222CDE90010042110
:105850008420FAF739FBAE4800780021964B1B1DD7
:105860000A46CDE9001005219420FAF72DFBA9483E
:1058700000780021904BD8330A46CDE9001005216D
:105880008C20FAF721FB00200121A34B0246CDE931
:10589000001003219D20FAF717FB00209F49087094
:1058A00087480078012809D1022085490870002026
:1058B00085490870854908808549087080480078C6
:1058C00002283ED17B48007801280BD100217A487C
:1058D000801EEDF7F9FC0446784801882046EDF774
:1058E00050FB8BE07348007802280BD100217248EE
:1058F000001DEDF7E9FC0446704801882046EDF7ED
:1059000040FB7BE06B48007803280BD100216A48FC
:10591000D830EDF7D9FC0446684801882046EDF7F9
:1059200030FB6BE063480078042867D101217A4896
:10593000EDF7CAFC0446614801882046EDF721FBDB
:105940005CE05F480078002858D15E480078022863
:1059500002D1FAF7DCF91CBD56480078042802DDB4
:105960000020544908705348007888B901205149F3
:105970000870002054490870544908805449087040
:1059800050480078012803D102204E490870E2E710
:1059900048480078012809D100214748801EEDF7CA
:1059A00093FC04460121EDF73CFA27E041480078DA
:1059B000022809D100214048001DEDF785FC04466E
:1059C0000121EDF72EFA19E03A480078032809D1B1
:1059D00000213948D830EDF777FC04460121EDF776
:1059E00020FA0BE033480078042807D101214A4807
:1059F000EDF76AFC04460121EDF713FA00BFAAE7B0
:105A00001CB53448008834490988884228D0324877
:105A1000008830490880FAF762F941A1802012F02D
:105A2000F3FD42A1872012F0EFFD41A1902012F07A
:105A3000EBFDAFF2A831972012F0E6FD3FA18820E0
:105A400012F0E2FDAFF644518F2012F0DDFD3EA1D1
:105A5000982012F0D9FDAFF640019F2012F0D4FD3E
:105A60000420FAF7AAFC294800780021124B9B1C5D
:105A70000A46CDE9001005218420FAF725FA2448CA
:105A8000007800210C4B6A330A46CDE9001003214F
:105A90009520FAF719FA1F4800780021064B9B1D44
:105AA0000322CDE9001004218C20FAF70DFA2948D1
:105AB000007851E06C010020BA0800204E00002060
:105AC0004A0000205E0300206301002066010020E0
:105AD000620100204403002042030020D0A14C4C6E
:105AE000D1B9C1A600000000D0A14C4CBCE4B8F470
:105AF00000000000D0A14C4CC6C6BBB500000000A1
:105B0000D0A14C4CBAE3D1B95F7200004903002028
:105B10004A0300204B030020800C00206903002072
:105B2000D0A14C4CC9CFC9FD00000000C3EB000060
:105B3000B2BBBAE3D1B92D31456E0000CDCBB3F67F
:105B4000C6ABB2EE00000000C3BFC3EBD4F6C6B5CF
:105B5000000000004C0300200021FE4B0122CDE993
:105B6000001004219C20FAF7AFF90020FA490870D0
:105B7000FA480078012809D10220F849087000206D
:105B8000F7490870F7490880F7490870F34800782A
:105B900002283CD1F548007801280AD10021F448B8
:105BA000EDF792FB0446F34801882046EDF7E9F94A
:105BB0000EE0EE48007802280AD10021EC48683057
:105BC000EDF782FB0446EB4801882046EDF7D9F952
:105BD000E648007803280BD10021E548001DEDF7C9
:105BE00073FB0446E34801882046EDF7CAF969E0F3
:105BF000DE480078042865D10021D648EDF764FB23
:105C00000446DC4801882046EDF7BBF95AE0D3484A
:105C10000078002856D1D8480078022802D1FAF737
:105C200076F81CBDD1480078042802DD0020CF4959
:105C30000870CE48007888B90120CC49087000204F
:105C4000C7490870C7490880C7490870CA48007822
:105C5000012803D10220C8490870E2E7C348007850
:105C6000012808D10021C248EDF72EFB044601218E
:105C7000EDF7D7F80CE0BD480078022808D10021E4
:105C8000BB486830EDF720FB04460121EDF7C9F869
:105C9000B6480078032809D10021B548001DEDF76A
:105CA00013FB04460121EDF7BCF80BE0AF48007888
:105CB000042807D10021A748EDF706FB044601217F
:105CC000EDF7AFF800BFACE71CB5AC480088AC49B5
:105CD0000988884229D0AA480088A8490880F9F78D
:105CE000FEFFA8A1802012F08FFCAFF26061872038
:105CF00012F08AFCA6A1902012F086FCAFF274612B
:105D0000972012F081FCA5A1882012F07DFCAFF253
:105D100084618F2012F078FCA3A1982012F074FC0B
:105D2000AFF60C319F2012F06FFC0420FAF745FB10
:105D3000A048007800218E4B84330A46CDE900103C
:105D400005218420FAF7C0F89B4800780021884B91
:105D500082330A46CDE9001005219420FAF7B4F801
:105D6000964800780021824B7E330A46CDE9001028
:105D700005218C20FAF7A8F89148007800217C4B87
:105D8000363B0122CDE9001004219C20FAF79CF853
:105D900000207149087071480078012809D102205B
:105DA0006E49087000206E4908706E4908806E497F
:105DB00008706A48007802283FD16C4800780128B2
:105DC0000BD100216A488430EDF77EFA0446694819
:105DD00001882046EDF7D5F88DE064480078022868
:105DE0000BD1002162488230EDF76EFA044661481B
:105DF00001882046EDF7C5F87DE05C48007803286F
:105E00000BD100215A487E30EDF75EFA044659481E
:105E100001882046EDF7B5F86DE054480078042875
:105E200069D1002152483638EDF74EFA0446514800
:105E300001882046EDF7A5F85DE048480078002885
:105E400059D14D480078022802D1F9F760FF1CBDF6
:105E500046480078042802DD002044490870434881
:105E6000007888B901204149087000203C49087039
:105E70003C4908803C4908703F480078012803D11C
:105E800002203D490870E2E738480078012809D12E
:105E9000002137488430EDF717FA04460121ECF76A
:105EA000C0FF28E031480078022809D1002130489D
:105EB0008230EDF709FA04460121ECF7B2FF1AE04F
:105EC0002A480078032809D1002129487E30EDF7BF
:105ED000FBF904460121ECF7A4FF0CE0234800780D
:105EE000042808D1002122483638EDF7EDF90446A0
:105EF0000121ECF796FF00BFA9E71CB51F480088F9
:105F00001F49098888427BD01D4800881B490880AA
:105F1000F9F7E5FE2BA1802012F076FB2CA187205B
:105F200012F072FB2BA1902012F06EFB28A197209B
:105F300012F06AFB2AA1882012F066FBAFF6B401CA
:105F40008F2012F061FB29A1982012F05DFBAFF6C3
:105F5000C40152E0060A0020690300204A00002024
:105F60006301002066010020620100206C01002016
:105F7000BC0800204E0000205E03002044030020E7
:105F8000420300204D6178204149D6B50000000051
:105F90004D6178504944D6B5000000004D6178202D
:105FA0005666D6B500000000D7EED0A1C6B5C2CA6D
:105FB00000000000490300204A0300204B0300209A
:105FC0004C030020BAE3D1B9B3A4D1D3CAB10000C5
:105FD00020530000BCD3D1B9B6CCD1D3CAB1000094
:105FE000B1E4D1B9CFB5CAFD00000000BDF8CBAE19
:105FF000C6ABB2EE0000000002E09F2012F004FBEE
:106000000420FAF7DAF9FE4800780021FD4B0A4631
:10601000CDE9001003218520F9F756FFFA480078F2
:106020000021F84B9B1C0A46CDE900100321952066
:10603000F9F74AFFF54800780021F24B08330A4689
:10604000CDE9001005218C20F9F73EFFF0480078DB
:106050000021EC4B9B1D0A46CDE9001005219C2038
:10606000F9F732FF0020EB490870EB48007801286F
:1060700009D10220E84908700020E8490870E84981
:106080000880E8490870E448007802283ED1E648D4
:10609000007801280AD10021DA48EDF715F9044605
:1060A000E24801882046ECF76CFF8CE0DE4800787F
:1060B00002280BD10021D348801CEDF705F90446D6
:1060C000DA4801882046ECF75CFF7CE0D64800788F
:1060D00003280BD10021CB480830EDF7F5F8044632
:1060E000D24801882046ECF74CFF6CE0CE4800789F
:1060F000042868D10021C348801DEDF7E5F8044667
:10610000CA4801882046ECF73CFF5CE0C2480078B2
:10611000002858D1C6480078022802D1F9F7F7FDC7
:106120001CBDC1480078042802DD0020BE4908706B
:10613000BD48007888B90120BB4908700020B749E4
:106140000870B7490880B7490870B9480078012835
:1061500003D10220B6490870E2E7B348007801286D
:1061600008D10021A748EDF7AFF804460121ECF76C
:1061700058FE28E0AC480078022809D10021A14847
:10618000801CEDF7A1F804460121ECF74AFE1AE065
:10619000A5480078032809D100219A480830EDF776
:1061A00093F804460121ECF73CFE0CE09E48007891
:1061B000042808D100219348801DEDF785F8044696
:1061C0000121ECF72EFE00BFAAE71CB59948008814
:1061D00099490988884224D09748008895490880C1
:1061E000F9F77DFD95A1802012F00EFAAFF664312B
:1061F000872012F009FA94A1902012F005FAAFF668
:10620000E871972012F000FA9249882012F0FCF908
:1062100091A1982012F0F8F9AFF690319F2012F07A
:10622000F3F90220FAF7C9F8754800780021754B98
:106230007C3B0A46CDE9001005218420F9F744FE95
:106240007148007800216F4B7A3B0122CDE90010A4
:1062500004219420F9F738FE00206E4908706E483A
:106260000078012809D102206B49087000206B4991
:1062700008706B4908806B490870674800780228ED
:106280001FD16948007801280BD100215D487C3876
:10629000EDF71AF80446654801882046ECF771FED0
:1062A00051E06148007802284DD1002155487A38E4
:1062B000EDF70AF804465D4801882046ECF761FED8
:1062C00041E05548007800283DD15948007802281F
:1062D00002D1F9F71CFD1CBD53480078022802DDED
:1062E0000020514908705048007888B901204E4973
:1062F00008700020494908704949088049490870D8
:106300004B480078012803D1022049490870E2E790
:1063100045480078012809D100213A487C38ECF73B
:10632000D3FF04460121ECF77CFD0CE03E480078E9
:10633000022808D1002133487A38ECF7C5FF04461B
:106340000121ECF76EFD00BFC5E71CB53948008898
:1063500039490988884226D037480088354908805D
:10636000F9F7BDFC40A1802012F04EF9AFF6E441F0
:10637000872012F049F940A1902012F045F941A17F
:10638000972012F041F940A1882012F03DF940A178
:106390008F2012F039F93FA1982012F035F939A178
:1063A0009F2012F031F90320FAF707F8144800781B
:1063B00000213B4B0A46CDE9001002218620F9F767
:1063C00083FD114800780021354B983B0A46CDE902
:1063D000001003219520F9F777FD0C480078002183
:1063E0002F4B34330A46CDE9001003218D20F9F7F5
:1063F0006BFD002001212B4B0246CDE9001053E03C
:1064000049030020260A00204A0300204B030020F5
:106410004C030020690300204A0000206301002093
:1064200066010020620100206C0100204E00002067
:106430005E0300204403002042030020B6A8C6B536
:10644000C4A3CABD00000000B6A8C6B5C6B5C2CA7E
:1064500000000000EC150208A3A8B4CBC4A3CABD79
:10646000CAD6B6AFA3A90000BDF8CBAEC6ABB2EE9C
:10647000B1B6CAFD00000000B1E4C6B5B8B4CEBBE9
:10648000CAFD0000B4CE0000B1E4C6B5B8B4CEBBBE
:10649000C3EB0000D2D1B1A8BEAFB4CECAFD00009C
:1064A000260900207C0C002003219D20F9F70CFD1B
:1064B0000020FE490870FE480078012809D102201A
:1064C000FB4908700020FB490870FB490880FB4924
:1064D0000870F748007802283DD1F9480078012873
:1064E0000AD10021F748ECF7EFFE0446F648018890
:1064F0002046ECF746FD8AE0F148007802280BD1EF
:106500000021F0489838ECF7DFFE0446EE48018899
:106510002046ECF736FD7AE0E948007803280BD1F5
:106520000021E8483430ECF7CFFE0446E648018805
:106530002046ECF726FD6AE0E1480078042866D1A1
:106540000121E248ECF7C0FE0446DF4801882046FE
:10655000ECF717FD5BE0D6480078002857D1DC48FF
:106560000078022802D1F9F7D2FB1CBDD44800788C
:10657000042802DD0020D2490870D148007888B98B
:106580000120CF4908700020CA490870CA49088014
:10659000CA490870CE480078012803D10220CC49AE
:1065A0000870E2E7C6480078012808D10021C548F4
:1065B000ECF78AFE04460121ECF733FC27E0C048E3
:1065C0000078022809D10021BE489838ECF77CFEFB
:1065D00004460121ECF725FC19E0B94800780328AE
:1065E00009D10021B7483430ECF76EFE0446012192
:1065F000ECF717FC0BE0B2480078042807D1012122
:10660000B248ECF761FE04460121ECF70AFC00BF3A
:10661000ABE71CB5AF480088AF490988884219D05C
:10662000AD480088AB490880F9F759FBABA1802041
:1066300011F0EAFFACA1902011F0E6FFADA1882097
:1066400011F0E2FFAEA18F2011F0DEFFADA1982086
:1066500011F0DAFF0420F9F7B0FEAD48007801210F
:106660009A4B6E330022CDE9001005218520F9F701
:106670002BFCA84800780121944B70330022CDE90F
:10668000001005219520F9F71FFCA3480078002190
:106690008C4B82330A46CDE9001005218C20F9F796
:1066A00013FC9E4800780021864B8A330A46CDE9C8
:1066B000001005219D20F9F707FC00207B49087098
:1066C0007B480078012809D1022079490870002010
:1066D00078490870784908807849087074480078CB
:1066E00002283FD17648007801280BD10121774854
:1066F0006E30ECF7E9FD0446734801882046ECF75C
:1067000040FC8DE06E48007802280BD101216F48D3
:106710007030ECF7D9FD04466B4801882046ECF751
:1067200030FC7DE06648007803280BD100216548E5
:106730008230ECF7C9FD0446634801882046ECF737
:1067400020FC6DE05E480078042869D100215D4896
:106750008A30ECF7B9FD04465B4801882046ECF727
:1067600010FC5DE052480078002859D15848007864
:10677000022802D1F9F7CBFA1CBD51480078042851
:1067800002DD00204E4908704D48007888B901208C
:106790004B4908700020474908704749088047491D
:1067A00008704B480078012803D10220484908703E
:1067B000E2E743480078012809D1012143486E30BF
:1067C000ECF782FD04460121ECF72BFB28E03C4866
:1067D0000078022809D101213C487030ECF774FDA3
:1067E00004460121ECF71DFB1AE035480078032828
:1067F00009D1002133488230ECF766FD04460121BF
:10680000ECF70FFB0CE02E480078042808D100219B
:106810002C488A30ECF758FD04460121ECF701FBC7
:1068200000BFA9E71CB52B4800882B49098888427E
:106830001DD02948008827490880F9F750FA38A167
:10684000802011F0E1FE3B49902011F0DDFE3AA1DD
:10685000912011F0D9FE3AA1882011F0D5FE3549DA
:10686000982011F0D1FE34A1992011F0CDFE022024
:10687000F9F7A3FD264800780021364B0A46CDE9FA
:10688000001005219420F9F71FFB22480078002111
:10689000304B10330A46CDE9001005219C20F9F752
:1068A00013FB002001490870014855E069030020EE
:1068B0004A000020630100206601002062010020E0
:1068C0006C010020260900204E0000207C0C0020D6
:1068D0005E0300204403002042030020D1A1D4F134
:1068E000B2CECAFDCFEE000020202020B2CECAFDDD
:1068F000D6B50000B0B4BCFCBCE4B8F400000000A5
:106900004D530000B1E4C6B5BCF5B4CEC3EB0000F6
:10691000490300204A0300204B0300204C030020C1
:10692000CBAED4B4C7D0BBBBCAB9C4DC3A2020209C
:1069300000000000EC15020828302D31292000004D
:1069400044444620CAD6B6AFCAB9C4DC3A20202097
:10695000000000003A0A00200078012809D1022036
:10696000FC4908700020FC490870FC490880FC497B
:106970000870F848007802281ED1FA4800780128EB
:106980000AD10021F848ECF79FFC0446F74801883B
:106990002046ECF7F6FA50E0F248007802284CD195
:1069A0000021F1481030ECF78FFC0446EF480188D5
:1069B0002046ECF7E6FA40E0E648007800283CD1B3
:1069C000EB480078022802D1F9F7A1F91CBDE5488F
:1069D0000078022802DD0020E2490870E1480078D2
:1069E00088B90120DF4908700020DB490870DB49C5
:1069F0000880DB490870DE480078012803D10220B6
:106A0000DB490870E2E7D7480078012808D1002167
:106A1000D548ECF759FC04460121ECF702FA0CE0EA
:106A2000D0480078022808D10021CF481030ECF778
:106A30004BFC04460121ECF7F4F900BFC6E71CB596
:106A4000CC480088CC49098888421FD0CA480088B1
:106A5000C8490880F9F743F9C8A1802011F0D4FD96
:106A6000CB49902011F0D0FDAFF26011972011F0CA
:106A7000CBFDC8A1882011F0C7FDC549982011F0B1
:106A8000C3FDAFF278119F2011F0BEFD0220F9F78F
:106A900094FCC54800780021B34B083B0A46CDE979
:106AA000001005219320F9F70FFAC0480078002163
:106AB000AD4B9B1F0A46CDE9001005219B20F9F73D
:106AC00003FA0020BA490870A2480078012809D1C9
:106AD0000220A049087000209F4908709F49088043
:106AE0009F4908709B48007802281FD19D48007874
:106AF00001280BD100219C480838ECF7E5FB04463F
:106B00009A4801882046ECF73CFA51E09548007815
:106B100002284DD100219448801FECF7D5FB044694
:106B2000924801882046ECF72CFA41E08948007829
:106B300000283DD18E480078022802D1F9F7E7F805
:106B40001CBD88480078022802DD002085490870B5
:106B50008448007888B901208249087000207E4965
:106B600008707E4908807E490870814800780128B5
:106B700003D102207E490870E2E77A4800780128B4
:106B800009D1002178480838ECF79EFB0446012122
:106B9000ECF747F90CE073480078022808D100218F
:106BA0007148801FECF790FB04460121ECF739F99E
:106BB00000BFC5E71CB56F4800886F490988884247
:106BC0001DD06D4800886B490880F9F788F879A1D5
:106BD000802011F019FD6E49902011F015FD7AA169
:106BE000972011F011FD79A1882011F00DFD684961
:106BF000982011F009FD74A19F2011F005FD0120DE
:106C0000F9F7DBFB684800780021574B0A3B0A463E
:106C1000CDE9001005219320F9F756F90020012154
:106C20006F4B0246CDE9001005219B20F9F74CF986
:106C300000205F49087047480078012809D10220E8
:106C40004449087000204449087044490880444978
:106C500008704048007802281ED142480078012878
:106C60000BD1002140480A38ECF72EFB04463F4880
:106C700001882046ECF785F94FE03A480078022871
:106C80004BD101215648ECF71FFB044637480188D9
:106C90002046ECF776F940E02E48007800283CD1F9
:106CA00033480078022802D1F9F731F81CBD2D488D
:106CB0000078022802DD00202A490870294800785F
:106CC00088B901202749087000202349087023490A
:106CD00008802349087026480078012803D1022043
:106CE00023490870E2E71F480078012809D10021F4
:106CF0001D480A38ECF7E8FA04460121ECF791F850
:106D00000BE018480078022807D101213448ECF73D
:106D1000DBFA04460121ECF784F800BFC6E71CB596
:106D20001448008814490988884272D012480088A3
:106D300010490880F8F7D3FF2AA1802011F064FCE5
:106D40001349902011F060FC1FA1972011F05CFC0A
:106D500052E05EE04A00002063010020660100204E
:106D6000620100206C0100203A0A00204E00002041
:106D70005E0300204403002042030020BFAAB5E7C1
:106D8000B6AFB7A7CAB1BCE43A202020000000008B
:106D9000EC150208B9D8B5E7B6AFB7A7CAB1BCE4DD
:106DA0003A20202000000000490300204A03002070
:106DB00069030020D7D4C0B4CBAEC7D0BBBBCAB127
:106DC000BCE43A2020200000B7D60000D7D4C0B4DD
:106DD000CBAEC7D0BBBBD7DFCAB13A202020000062
:106DE000560E0020CBAECFE4C7D0BBBBCAB1BCE4CB
:106DF0003A20202020200000F7A1882011F004FC78
:106E0000FA49982011F000FCAFF244019F2011F0E4
:106E1000FBFB0120F9F7D1FAF54800780021F54B8A
:106E20000A46CDE9001005219320F9F74DF800201E
:106E30000121F14B0246CDE9001005219B20F9F715
:106E400043F80020ED490870ED480078012809D189
:106E50000220EB4908700020EA490870EA490880DE
:106E6000EA490870E648007802281DD1E848007811
:106E700001280AD10021DF48ECF726FA0446E5484C
:106E800001882046ECF77DF84EE0E14800780228C2
:106E90004AD10121D848ECF717FA0446DD480188A9
:106EA0002046ECF76EF83FE0D548007800283BD14B
:106EB000D9480078022802D1F8F729FF1CBDD44830
:106EC0000078022802DD0020D1490870D0480078FF
:106ED00088B90120CE4908700020CA490870CA4903
:106EE0000880CA490870CC480078012803D10220E4
:106EF000C9490870E2E7C6480078012808D1002196
:106F0000BC48ECF7E1F904460121EBF78AFF0BE0FE
:106F1000BF480078022807D10121B748ECF7D4F91F
:106F200004460121EBF77DFF00BFC7E71CB5BB4856
:106F30000088BB49098888421DD0B9480088B749F4
:106F40000880F8F7CCFEB7A1802011F05DFBA749BF
:106F5000902011F059FBB8A1972011F055FBB7A173
:106F6000882011F051FBA149982011F04DFBB2A1EE
:106F70009F2011F049FB0220F9F71FFA9C48007886
:106F800000219C4B1B1D0A46CDE9001005219320D2
:106F9000F8F79AFFAE4800780021964B08330A466E
:106FA000CDE9001005219B20F8F78EFF00209349C2
:106FB000087093480078012809D102209049087090
:106FC00000209049087090490880904908708C48CA
:106FD000007802281FD18E48007801280BD10021AB
:106FE0008448001DECF770F904468A480188204661
:106FF000EBF7C7FF51E08648007802284DD1002109
:107000007C480830ECF760F9044682480188204645
:10701000EBF7B7FF41E07A48007800283DD17E4881
:107020000078022802D1F8F772FE1CBD784800787B
:10703000022802DD0020764908707548007888B97A
:1070400001207349087000206E4908706E4908805D
:107050006E49087070480078012803D102206E49FB
:107060000870E2E76A480078012809D100216148E8
:10707000001DECF729F904460121EBF7D2FE0CE0E4
:1070800063480078022808D100215A480830ECF7FC
:107090001BF904460121EBF7C4FE00BFC5E71CB590
:1070A0005E4800885E49098888421DD05C48008897
:1070B0005A490880F8F713FE66A1802011F0A4FA5F
:1070C0004A49902011F0A0FA5BA1972011F09CFA98
:1070D00065A1882011F098FA4449982011F094FA9B
:1070E00055A19F2011F090FA0220F9F766F9404867
:1070F000007800213F4B9B1D0A46CDE90010052179
:107100009320F8F7E1FE524800780021394B0A330A
:107110000A46CDE9001005219B20F8F7D5FE002096
:107120003649087036480078012809D102203449D0
:1071300008700020334908703349088033490870CB
:107140002F48007802281FD13148007801280BD140
:1071500000212848801DECF7B7F804462D48018827
:107160002046EBF70EFFA4E02948007802280AD158
:10717000002120480A30ECF7A7F80446254801888A
:107180002046EBF7FEFE94E01D480078002875D1FC
:1071900021480078022802D1F8F7B9FD1CBD1C482F
:1071A0000078022802DD002019490870184800788C
:1071B00088B9012016490870002012490870124948
:1071C00008801249087014480078012857D102201D
:1071D00011490870E2E752E0CBAECFE4C7D0BBBBA9
:1071E000D7DFCAB13A20202020200000EC15020889
:1071F00049030020380A0020580E002069030020AF
:107200004A00002063010020660100206201002086
:107210006C0100204E0000205E030020440300208B
:1072200042030020B6A8B5E3B9D8B7A7CAB1BCE4F9
:10723000313A202000000000484D0000B6A8B5E318
:10724000BFAAB7A7CAB1BCE4313A20202000000091
:107250004A030020B6A8B5E3B9D8B7A7CAB1BCE4C1
:10726000323A202000000000B6A8B5E3BFAAB7A7B5
:10727000CAB1BCE4323A20202000000019E0FE48E8
:107280000078012808D10021FC48ECF71DF80446DD
:107290000121EBF7C6FD0CE0F7480078022808D181
:1072A0000021F648001DECF70FF804460121EBF72A
:1072B000B8FD00BF72E71CB5F1480088F1490988A4
:1072C00088421FD0EF480088ED490880F8F707FD95
:1072D000EDA1802011F098F9F049902011F094F977
:1072E000AFF2AC01972011F08FF9EDA1882011F0D9
:1072F0008BF9EA49982011F087F9AFF2C4019F2079
:1073000011F082F90220F9F758F8EA4800780021D4
:10731000DA4B08330A46CDE9001005219320F8F72F
:10732000D3FDE54800780021D44B0A330A46CDE965
:10733000001005219B20F8F7C7FD0020DF490870E9
:10734000DF480078012809D10220DD4908700020BB
:10735000DC490870DC490880DC490870D8480078AE
:1073600002281FD1C448007801280BD10021C3484E
:107370000830EBF7A9FF0446D54801882046EBF713
:1073800000FE51E0BC48007802284DD10021BB48E6
:107390000A30EBF799FF0446CD4801882046EBF709
:1073A000F0FD41E0C648007800283DD1C94800788A
:1073B000022802D1F8F7ABFC1CBDAF4800780228C8
:1073C00002DD0020AC490870AB48007888B9012084
:1073D000A94908700020BB490870BB490880BB4917
:1073E0000870BC480078012803D10220B949087010
:1073F000E2E7A1480078012809D100219F48083020
:10740000EBF762FF04460121EBF70BFD0CE09A4815
:107410000078022808D1002198480A30EBF754FF81
:1074200004460121EBF7FDFC00BFC5E71CB59448FD
:1074300000889449098888421FD092480088904962
:107440000880F8F74CFCA4A1802011F0DDF89349E6
:10745000902011F0D9F8AFF27021972011F0D4F8F4
:10746000A2A1882011F0D0F88C49982011F0CCF816
:10747000AFF28C219F2011F0C7F80220F8F79DFF92
:107480008C48007801219E4B0022CDE90010052197
:107490009320F8F719FD884800780121984B723B3A
:1074A0000022CDE9001002218E20F8F70DFD00200A
:1074B0008249087082480078012809D10220804959
:1074C000087000207F4908707F4908807F49087054
:1074D0007B48007802281ED16748007801280AD12D
:1074E00001218748EBF7F0FE0446794801882046E1
:1074F000EBF747FD50E06048007802284CD10121AD
:107500007F487238EBF7E0FE044671480188204658
:10751000EBF737FD40E06A48007800283CD16D4821
:107520000078022802D1F8F7F2FB1CBD524800781F
:10753000022802DD0020504908704F48007888B9C1
:1075400001204D49087000205E4908705E4908809E
:107550005E4908705F480078012803D102205D4928
:107560000870E2E744480078012808D10121644806
:10757000EBF7AAFE04460121EBF753FC0CE03E4872
:107580000078022808D101215D487238EBF79CFE93
:1075900004460121EBF745FC00BFC6E71CB538489F
:1075A000008838490988884224D036480088344900
:1075B0000880F8F794FB53A1802011F025F8AFF272
:1075C000D831872011F020F851A1902011F01CF83B
:1075D000AFF2EC31972011F017F850A1882011F08C
:1075E00013F82E49982011F00FF8AFF204419F20B4
:1075F00011F00AF80220F8F7E0FE2E48007800218A
:107600004B4B0A46CDE9001005218520F8F75CFCBC
:10761000294800780021464B9B1C0A46CDE9001002
:1076200005219520F8F750FC0020244908703448C3
:107630007C38408D20B93FA18C2010F0E5FF12E08E
:107640002F487C38408D012804D13DA18C2010F0BA
:10765000DBFF08E02A487C38408D022803D13BA19B
:107660008C2010F0D1FF1648007801287BD1022031
:1076700013490870002070E06C0100203E0A0020D1
:107680004403002042030020B6A8B5E3B9D8B7A749
:10769000CAB1BCE4333A202000000000EC15020817
:1076A000B6A8B5E3BFAAB7A7CAB1BCE4333A202055
:1076B00020000000490300204A0300206903002045
:1076C0004A000020630100206601002062010020C2
:1076D0004E0000205E030020B5E7B6AFB7A7CAD6BC
:1076E000B6AFBFD8D6C63A2000000000C7E5B3FD4C
:1076F000B1E4C6B5BCECB2E93A202020000000009D
:10770000D60C00205453B6A8CAB1BFDAC1EE0000AF
:107710005453B6A8CAB14D2D442000005453D7B4D9
:10772000CCAC3A2020202020202020200000000087
:107730001C090020CEB4C6F4B6AFA3A1000000001F
:10774000D2D1C6F4B6AFA3A100000000CDA3BBFA0E
:10775000A3A120200000000005E0F8490870F849C6
:107760000880F8490870F848007802282DD1F748B9
:10777000007801280AD10021F548EBF7A5FD044661
:10778000F44801882046EBF7FCFB6CE0EF480078FA
:1077900002280BD10021EE48801CEBF795FD044632
:1077A000EC4801882046EBF7ECFB5CE0E74800780A
:1077B000032858D10121E848EBF786FD0446E54847
:1077C00001882046EBF7DDFB4DE0DF48007800281C
:1077D00049D1E2480078022802D1F8F798FA1CBD96
:1077E000DA480078032802DD0020D8490870D7481D
:1077F000007888B90120D54908700020CF49087069
:10780000CF490880CF490870D4480078012803D1B7
:107810000220D2490870E2E7CC480078012808D15C
:107820000021CB48EBF750FD04460121EBF7F9FAB4
:1078300019E0C6480078022809D10021C448801CFC
:10784000EBF742FD04460121EBF7EBFA0BE0BF48F2
:107850000078032807D10121BF48EBF735FD044626
:107860000121EBF7DEFA00BFB9E71CB5BC48008880
:10787000BC490988884226D0BA480088B84908809F
:10788000F8F72DFAB8A1802010F0BEFEAFF2A86183
:10789000872010F0B9FEB7A1902010F0B5FEB8A176
:1078A000972010F0B1FEB7A1882010F0ADFEB4A172
:1078B0008F2010F0A9FEB8A1982010F0A5FEB0A16D
:1078C0009F2010F0A1FE0320F8F777FDB74800785D
:1078D00000219F4B3C330A46CDE90010042184204F
:1078E000F8F7F2FAB24800780021994B9A330A4629
:1078F000CDE9001003219620F8F7E6FAAD480078AC
:107900000021934B88330A46CDE9001003219E20C5
:10791000F8F7DAFA0020A84908708B4800780128A7
:1079200009D10220884908700020844908708449E0
:107930000880844908708448007802282FD1834841
:10794000007801280BD1002181483C30EBF7BCFCCA
:107950000446804801882046EBF713FB6FE07B4824
:10796000007802280BD1002179489A30EBF7ACFC63
:107970000446784801882046EBF703FB5FE0734834
:10798000007803285BD1002171488830EBF79CFC1C
:107990000446704801882046EBF7F3FA4FE06A4846
:1079A000007800284BD16D480078022802D1F8F702
:1079B000AEF91CBD65480078032802DD002063494C
:1079C00008706248007888B901206049087000207A
:1079D0005A4908705A4908805A4908705F48007827
:1079E000012803D102205D490870E2E7574800787A
:1079F000012809D1002156483C30EBF765FC0446CC
:107A00000121EBF70EFA1AE050480078022809D15C
:107A100000214F489A30EBF757FC04460121EBF761
:107A200000FA0CE049480078032808D100214848B2
:107A30008830EBF749FC04460121EBF7F2F900BF6F
:107A4000B7E710B54648008846490988884215D0EE
:107A50004448008842490880F8F741F95749802096
:107A600010F0D2FD5549902010F0CEFD54A1882091
:107A700010F0CAFD5149982010F0C6FD0020F8F71B
:107A80009CFC00204C490870F9F742FE10BD1CB563
:107A90003348008833490988884227D03148008814
:107AA0002F490880F8F71BF94AA1802010F0ACFD9F
:107AB0004BA1872010F0A8FD4A49902010F0A4FDAA
:107AC00049A1972010F0A0FD46490C31882010F004
:107AD0009BFD46A18F2010F097FD42491C31982054
:107AE00010F092FD42A19F2010F08EFD0020F8F7CB
:107AF00064FC002003213F4B0122CDE9001004214A
:107B00008420F8F7E1F9002003213A4B9B1D02463F
:107B1000CDE9001005219420F8F7D6F93648808D7C
:107B200001286CD100200321324B0A3B0122CDE910
:107B3000001004218C20F8F7C7F96EE063010020E3
:107B400066010020620100204A0000206C01002034
:107B50001C0900204E000020840C00205E03002041
:107B60004403002042030020C9E8B1B8C0E0D0CDF2
:107B700000000000B9A9CBAEB1E4C6B5C4A3CABD2C
:107B8000202000002830B9A9CBAE2C31B1E4C6B515
:107B90002920202000000000B2B9B3A5C6F7CDA36C
:107BA000BBFA454E202020200000000049030020A1
:107BB0004A0300204B03002069030020EC15020853
:107BC000322EB1E4C6B5B9DBBFB4B2CECAFD2020B7
:107BD00000000000B5B1C7B0C6B5C2CA00000000C1
:107BE000487A0000B8090208205600002041000031
:107BF000B6C800001C1500201E160020FFE7FD4837
:107C0000808D022809D100200321FB4B0222CDE9FF
:107C1000001005218C20F8F757F900200321F64BBE
:107C20000E330122CDE9001004219C20F8F74CF915
:107C30000020F2490870F2480078002858D1F14835
:107C40000078022802D1F8F762F81CBDEE480078EF
:107C5000042802DD0020EC490870EB48007888B960
:107C60000120E94908700020E8490870E8490880C7
:107C7000E8490870E3480078012803D10220E1496F
:107C80000870E2E7E0480078012809D10321DA48CA
:107C90000A30EBF719FB04460121EBF7C2F827E0A5
:107CA000D9480078022809D10321D3481030EBF7D6
:107CB0000BFB04460121EBF7B4F819E0D248007839
:107CC000032808D10321CC48EBF7FEFA0446012132
:107CD000EBF7A7F80CE0CC480078042808D1032182
:107CE000C5480E30EBF7F0FA04460121EBF799F89E
:107CF00000BFAAE71CB5C8480088C849098888425F
:107D000029D0C6480088C4490880F7F7E8FFC4A115
:107D1000802010F079FCAFF23011872010F074FC55
:107D2000C2A1902010F070FCAFF2AC11972010F0BF
:107D30006BFCC1A1882010F067FCAFF25C118F20B2
:107D400010F062FCBFA1982010F05EFCAFF2701141
:107D50009F2010F059FC0020F8F72FFB0020032192
:107D6000A54B12330246CDE9001005218420F8F717
:107D7000ABF800200321A04B0C330246CDE90010E4
:107D800005219420F8F7A0F8002003219A4B4433F2
:107D90000122CDE9001004218C20F8F795F800208D
:107DA0000321954B08330122CDE9001004219C20CA
:107DB000F8F78AF800209149087091480078002867
:107DC00059D190480078022802D1F7F7A0FF1CBDD6
:107DD0008D480078042802DD00208B4908708A480D
:107DE000007888B901208849087000208749087008
:107DF000874908808749087082480078012803D1A4
:107E0000022080490870E2E77F480078012809D104
:107E1000032179481230EBF757FA04460121EBF7BA
:107E200000F828E078480078022809D10321724838
:107E30000C30EBF749FA04460121EAF7F2FF1AE0A9
:107E400071480078032809D103216B484430EBF7CF
:107E50003BFA04460121EAF7E4FF0CE06A480078A7
:107E6000042808D1032164480830EBF72DFA0446B2
:107E70000121EAF7D6FF00BFA9E71CB566480088D4
:107E800066490988884224D064480088624908808D
:107E9000F7F725FF6EA1802010F0B6FBAFF2B421FA
:107EA000872010F0B1FB6DA1902010F0ADFBAFF278
:107EB000C421972010F0A8FB6BA1882010F0A4FB30
:107EC000AFF2D8218F2010F09FFB6A49982010F064
:107ED0009BFB0020F8F771FA4648808D012820D1DD
:107EE00000200321444B0122CDE90010042184200D
:107EF000F7F7EAFF002003213F4B9B1C0122CDE94D
:107F0000001004219420F7F7DFFF002003213A4BF3
:107F10001B1D0122CDE9001004218C20F7F7D4FFAE
:107F200023E03448808D02281FD100200321324BEA
:107F30000222CDE9001005218420F7F7C5FF0020BB
:107F400003212D4B9B1C0222CDE90010052194201A
:107F5000F7F7BAFF00200321274B1B1D0222CDE9B2
:107F6000001005218C20F7F7AFFF0020234908708F
:107F70002348007800282ED122480078022802D118
:107F8000F7F7C5FE1CBD20480078032802DD00205D
:107F90001D4908701C48007888B901201A490870EA
:107FA00000201A4908701A4908801A4908701548B3
:107FB0000078012803D1022012490870E2E7124834
:107FC0000078012808D103210B48EBF77DF904461E
:107FD0000121EAF726FF5BE00B48007802284BD12D
:107FE00003210548801CEBF76FF904460121EAF7ED
:107FF00018FF4DE01E160020121500206903002016
:108000004A0000205E0300206C0100206301002074
:10801000660100206201002044030020420300208A
:10802000CAE4C8EBB5E7D1B900000000B5B1C7B0EC
:10803000D7AACBD900000000C4BFB1EAC6B5C2CAF6
:1080400000000000C1D9CAB1C6B5C2CA0000000014
:10805000417EB5E7C1F7D6B500000000427EB5E726
:10806000C1F7D6B500000000437EB5E7C1F7D6B52D
:1080700000000000EC150208F7480078032807D13B
:108080000321F648EBF720F904460121EAF7C9FE7F
:1080900000BF77E71CB5F2480088F249098888429A
:1080A00024D0F0480088EE490880F7F718FEEEA1CA
:1080B000802010F0A9FAAFF23851872010F0A4FA0E
:1080C000ECA1902010F0A0FAAFF24C51972010F0E4
:1080D0009BFAEBA1882010F097FAAFF25C518F2049
:1080E00010F092FAE949982010F08EFA0020F8F783
:1080F00064F900200321D94B0E3B0246CDE9001064
:1081000005218420F7F7E0FE00200321D34B0C3B30
:108110000246CDE9001005219420F7F7D5FE002096
:108120000321CE4B0A3B0246CDE9001005218C20ED
:10813000F7F7CAFE0020D6490870D6480078002814
:108140004BD1D5480078022802D1F7F7E0FD1CBDDD
:10815000C1480078032802DD0020BF490870BE48EE
:10816000007888B90120BC4908700020CB4908700C
:10817000CB490880CB490870C7480078012803D153
:108180000220C5490870E2E7B3480078012809D108
:108190000321B2480E38EBF797F804460121EAF7BD
:1081A00040FE1AE0AC480078022809D10321AB4810
:1081B0000C38EBF789F804460121EAF732FE0CE0AF
:1081C000A5480078032808D10321A4480A38EBF712
:1081D0007BF804460121EAF724FE00BFB7E71CB58F
:1081E0009F4800889F490988884224D09D4800887C
:1081F0009B490880F7F773FDABA1802010F004FACB
:10820000AFF28461872010F0FFF9AAA1902010F04E
:10821000FBF9AFF29461972010F0F6F9A8A188203D
:1082200010F0F2F9AFF2A8618F2010F0EDF9974944
:10823000982010F0E9F90020F8F7BFF8002003219A
:10824000864B143B0246CDE9001005218420F7F748
:108250003BFE00200321814B123B0246CDE900107A
:1082600005219420F7F730FE002003217B4B103BC3
:108270000246CDE9001005218C20F7F725FE0020ED
:10828000834908708348007800284BD182480078E1
:10829000022802D1F7F73BFD1CBD6F480078032888
:1082A00002DD00206C4908706B48007888B9012015
:1082B000694908700020794908707949088079492E
:1082C000087075480078012803D1022072490870AF
:1082D000E2E761480078012809D103215F4814389A
:1082E000EAF7F2FF04460121EAF79BFD1AE05A483B
:1082F0000078022809D1032158481238EAF7E4FF30
:1083000004460121EAF78DFD0CE05348007803286C
:1083100008D1032151481038EAF7D6FF044601215D
:10832000EAF77FFD00BFB7E71CB54D4800884D490F
:108330000988884224D04B48008849490880F7F7CB
:10834000CEFC62A1802010F05FF963A1872010F0BD
:108350005BF962A1902010F057F96149882010F074
:1083600053F9AFF2E4718F2010F04EF95BA1982021
:1083700010F04AF94FF47A705A4908805A49088037
:108380000020F8F71AF800200121584B0246CDE9E9
:10839000001003218520F7F797FD002003212F4BC4
:1083A00018330246CDE9001005218C20F7F78CFD2B
:1083B0000020374908704E48B0F8BE014949098885
:1083C000884236D04A48B0F8BE014649088048483D
:1083D000B0F8BE0130B1012809D002280CD0032822
:1083E00025D11FE043A1912010F00EF920E045A116
:1083F000912010F009F91BE04648408D20B946A1B4
:10840000912010F001F913E04248408D012803D07B
:108410004048408D022804D144A1912010F0F4F886
:1084200006E000BF45A1912010F0EEF800E01CBD71
:1084300000BF2F48B0F8E0012B49098888420AD0D4
:108440002B48B0F8E001284908802948B0F8E0013D
:1084500010287BD27BE0E3E06C01002016150020A1
:108460004403002042030020417EB5E7C1F7B2C9B2
:1084700000000000427EB5E7C1F7B2C9000000006D
:10848000437EB5E7C1F7B2C900000000EC15020851
:10849000690300204A0000205E03002063010020E1
:1084A0006601002062010020417E20444C48C1E367
:1084B00000000000427E20444C48C1E30000000060
:1084C000437E20444C48C1E300000000B1E4C6B53F
:1084D000CDA3D4ADD2F20000D6D600002D2D0000E1
:1084E000A01002085600002058000020160E0020A0
:1084F0005A0C0020CEDECDA3BBFA2D20D5FDB3A3B0
:1085000020200000B0B4BCFCCDA3BBFA202020206A
:10851000202000001E16002041524D20BFD8D6C694
:10852000CDA3BBFA20202020000000004449BFDA80
:10853000CDA3BBFA2020202020200000B1E4C6B546
:10854000B9CAD5CFCDA3BBFA2020000066E0DFE892
:1085500000F0080D13191F252B31363C42484E54AC
:108560005A60FE49992010F04FF858E0FB4910314D
:10857000992010F049F852E0F8492031992010F084
:1085800043F84CE0F5493031992010F03DF846E0D1
:10859000F2494031992010F037F840E0EF4950316E
:1085A000992010F031F83AE0EC496031992010F050
:1085B0002BF834E0EA49992010F026F82FE0E8493A
:1085C0001031992010F020F829E0E5492031992058
:1085D00010F01AF823E0E2493031992010F014F835
:1085E0001DE0DF494031992010F00EF817E0DC491A
:1085F0005031992010F008F811E0D94960319920E4
:1086000010F002F80BE0D649703199200FF0FCFF12
:1086100005E0D4A199200FF0F7FF00E007E700BFC5
:10862000D4480078012809D10220D24908700020DE
:10863000D1490870D1490880D1490870CD480078E7
:1086400002283DD1CF48007801280AD10121CE4827
:10865000EAF73AFE0446CD4801882046EAF791FC45
:108660007AE0C848007802280BD10121C648801C56
:10867000EAF72AFE0446C54801882046EAF781FC4D
:108680006AE0C048007803280AD10321C048EAF70D
:108690001BFE0446BD4801882046EAF772FC5BE0F9
:1086A000B8480078042857D10121B7482430EAF7A8
:1086B0000BFE0446B54801882046EAF762FC4BE011
:1086C000AC480078F8B9AF480078042802DD0020F3
:1086D000AC490870AB48007848B90120A949087036
:1086E0000020A5490870A5490880A5490870A5483B
:1086F0000078012808D10121A348EAF7E5FD0446E6
:108700000121EAF78EFB27E09E480078022809D174
:1087100001219D48801CEAF7D7FD04460121EAF7B4
:1087200080FB19E097480078032808D10321984876
:10873000EAF7CAFD04460121EAF773FB0CE0914811
:108740000078042808D101218F482430EAF7BCFDC5
:1087500004460121EAF765FB00BF68E61CB58D48B9
:1087600000888D490988884229D08B48008889492A
:108770000880F7F7B4FA89A180200FF045FFAFF227
:10878000802187200FF040FF87A190200FF03CFF51
:10879000AFF2942197200FF037FF86A188200FF0C9
:1087A00033FFAFF2A4218F200FF02EFF84A1982079
:1087B0000FF02AFFAFF2B8219F200FF025FF002015
:1087C000F7F7FBFD00200321714B9B1F0246CDE90B
:1087D000001005218420F7F777FB002003216C4B64
:1087E0001B1F0246CDE9001005219420F7F76CFB12
:1087F00000200321664B0A330246CDE90010052113
:108800008C20F7F761FB00200321614B083B0246F7
:10881000CDE9001005219C20F7F756FB00206B499D
:10882000087054480078002859D169480078022817
:1088300002D1F7F76CFA1CBD52480078042802DD1B
:108840000020504908704F48007888B901204D49F0
:108850000870002048490870484908804849087055
:108860005B480078012803D1022059490870E2E7EB
:1088700044480078012809D103214548801FEAF7C0
:1088800023FD04460121EAF7CCFA28E03D480078B0
:10889000022809D103213E48001FEAF715FD0446CE
:1088A0000121EAF7BEFA1AE036480078032809D118
:1088B000032137480A30EAF707FD04460121EAF7A9
:1088C000B0FA0CE02F480078042808D10321304882
:1088D0000838EAF7F9FC04460121EAF7A2FA00BFDA
:1088E000A9E71CB52B4800882B49098888421CD071
:1088F0002948008827490880F7F7F1F935A1802039
:108900000FF082FE38A190200FF07EFEAFF21041F2
:1089100097200FF079FE1249EC3188200FF074FE99
:108920000F49EC3198200FF06FFE0020F7F745FD5E
:1089300000200321164B0C330246CDE9001005211F
:108940008420F7F7C1FA00200321114B9B1E024639
:10895000CDE90010052194204CE00000C810020869
:1089600000150208BCF5CBD9D6D0B9FDB5E7D1B911
:10897000000000004A000020630100206601002082
:10898000620100206C010020160E00204E00002025
:108990002E1500204403002042030020CDA8D1B6AC
:1089A00045525F4300000000C9CFB5E7B6C15F4341
:1089B00000000000CDA8D1B64F4B5F43000000007F
:1089C000CDA8D1B6BCC6CAFD0000000069030020D6
:1089D0005E030020504450494E545F432020202025
:1089E0002020202000000000C3EBBCC6CAFDC6F753
:1089F00000000000F7F768FA0020FE490870FE4802
:108A0000007800283CD1FD480078022802D1F7F711
:108A10007EF91CBDFA480078022802DD0020F849E2
:108A20000870F748007888B90120F54908700020DF
:108A3000F4490870F4490880F4490870EF48007858
:108A4000012803D10220ED490870E2E7EC480078E4
:108A5000012808D10321EE48EAF736FC044601213B
:108A6000EAF7DFF90CE0E6480078022808D1032194
:108A7000E7480E38EAF728FC04460121EAF7D1F965
:108A800000BFC6E71CB5E3480088E349098888426F
:108A900026D0E1480088DF490880F7F720F9DFA1F8
:108AA00080200FF0B1FDAFF2A85187200FF0ACFD90
:108AB000DDA190200FF0A8FDAFF2BC5197200FF080
:108AC000A3FDAFF2F00188200FF09EFDAFF2E801A8
:108AD00098200FF099FDAFF2D8519F200FF094FD30
:108AE0000020F7F76AFC00200321C94B223302461D
:108AF000CDE9001005218420F7F7E6F900200321D5
:108B0000C34B24330246CDE9001005219420F7F72A
:108B1000DBF900200321BE4B0246CDE90010052100
:108B20008C20F7F7D1F9C34800780321B84B0E3BEE
:108B30000022CDE9001005219C20F7F7C5F900209F
:108B4000AC490870AC480078002858D1AB48007890
:108B5000022802D1F7F7DBF81CBDA94800780428E9
:108B600002DD0020A6490870A548007888B90120D8
:108B7000A34908700020A3490870A3490880A349AD
:108B800008709E480078012803D102209B49087094
:108B9000E2E79B480078012809D103219C48223054
:108BA000EAF792FB04460121EAF73BF927E09448F3
:108BB0000078022809D1032195482430EAF784FB84
:108BC00004460121EAF72DF919E08D4800780328C1
:108BD00008D103218E48EAF777FB04460121EAF722
:108BE00020F90CE086480078042808D10321884841
:108BF0000E38EAF769FB04460121EAF712F900BFD3
:108C0000AAE71CB58348008883490988884224D094
:108C1000814800887F490880F7F761F886A18020A5
:108C20000FF0F2FCAFF2287187200FF0EDFC85A168
:108C300090200FF0E9FCAFF2387197200FF0E4FCC0
:108C400083A188200FF0E0FCAFF24C718F200FF071
:108C5000DBFC824998200FF0D7FC0020F7F7ADFB32
:108C6000002003216A4B443B0246CDE90010052158
:108C70008420F7F729F900200321654B423B024687
:108C8000CDE9001005219420F7F71EF900200321FB
:108C90005F4B403B0246CDE9001005218C20F7F7E1
:108CA00013F90020534908705348007800284BD12D
:108CB00052480078022802D1F7F729F81CBD504825
:108CC0000078032802DD00204D4908704C480078E8
:108CD00088B901204A49087000204A4908704A4969
:108CE00008804A49087045480078012803D10220CD
:108CF00042490870E2E742480078012809D103217F
:108D000043484438EAF7E0FA04460121EAF789F8D3
:108D10001AE03B480078022809D103213C48423838
:108D2000EAF7D2FA04460121EAF77BF80CE034486E
:108D30000078032808D1032135484038EAF7C4FAFF
:108D400004460121EAF76DF800BFB7E71CB53148CA
:108D5000008831490988884224D02F4800882D494D
:108D60000880F6F7BCFF3EA180200FF04DFCAFF667
:108D7000700187200FF048FC3CA190200FF044FCCC
:108D8000AFF6840197200FF03FFC3BA188200FF045
:108D90003BFCAFF694018F200FF036FC2F49982052
:108DA0000FF032FC0020F7F708FB00200321184BDE
:108DB0003E3B0246CDE9001005218420F7F784F8F8
:108DC00000200321124B3C3B0246CDE90010052157
:108DD0009420F7F779F8002003210D4B3A3B024627
:108DE000CDE9001005218C20F7F76EF8002001492D
:108DF000087047E0690300204A0000205E0300205D
:108E00006C01002063010020660100206201002047
:108E10003A1500204403002042030020414931203C
:108E2000CAE4C8EB0000000041493220CAE4C8EBA4
:108E3000000000004C030020B9DBB2ECD6B52031B5
:108E400000000000B9DBB2ECD6B520320000000013
:108E5000B9DBB2ECD6B5203300000000EC150208F7
:108E6000B9DBB2ECD6B5203400000000B9DBB2ECBF
:108E7000D6B5203500000000B9DBB2ECD6B52036FF
:108E800000000000F948007800284AD1F84800782E
:108E9000022802D1F6F73BFF1CBDF64800780328F4
:108EA00002DD0020F3490870F248007888B90120FB
:108EB000F04908700020F0490870F0490880F04936
:108EC0000870EB480078012803D10220E8490870B7
:108ED000E2E7E8480078012808D10321E948EAF7E9
:108EE000F3F904460121E9F79CFF1AE0E148007814
:108EF000022809D10321E348801CEAF7E5F904467A
:108F00000121E9F78EFF0CE0DA480078032808D148
:108F10000321DC48001DEAF7D7F904460121E9F7EF
:108F200080FF00BFB8E71CB5D7480088D74909883B
:108F300088422AD0D5480088D3490880F6F7CFFE6A
:108F4000D34980200FF060FBAFF64C2187200FF053
:108F50005BFBD0A190200FF057FBAFF65C21972070
:108F60000FF052FBCEA188200FF04EFBAFF6702120
:108F70008F200FF049FBC6490C3198200FF044FBBD
:108F8000AFF684219F200FF03FFB0020F7F715FA82
:108F900000200321BB4B0A3B0222CDE90010042133
:108FA0008420F6F791FF00200321B64B6833024678
:108FB000CDE9001005219420F6F786FF002003215B
:108FC000B04B6A330246CDE9001005218C20F6F73C
:108FD0007BFF00200521B54B0222CDE900100421C2
:108FE0009C20F6F771FF0020B14908709F48007877
:108FF00000284BD19E480078022802D1F6F787FE60
:109000001CBD9C480078032802DD002099490870A7
:109010009848007888B90120964908700020964940
:109020000870964908809649087091480078012890
:1090300003D102208E490870E2E78E4800780128AB
:1090400009D103218F480A38EAF73EF90446012185
:10905000E9F7E7FE1AE087480078022809D10321E2
:1090600088486830EAF730F904460121E9F7D9FE6B
:109070000CE080480078032808D1032181486A3039
:10908000EAF722F904460121E9F7CBFE00BFB7E772
:109090001CB57D4800887D490988884229D07B48D5
:1090A000008879490880F6F71AFE82A180200FF027
:1090B000ABFAAFF6B43187200FF0A6FA80A190206A
:1090C0000FF0A2FAAFF6C83197200FF09DFA7FA1FA
:1090D00088200FF099FAAFF6D8318F200FF094FA6C
:1090E0007DA198200FF090FAAFF6EC319F200FF0A1
:1090F0008BFA0020F7F761F900200321614BE6337A
:109100000246CDE9001005218420F6F7DDFE00209F
:1091100003215C4BE8330246CDE900100521942081
:10912000F6F7D2FE00200321564BEA330246CDE982
:10913000001005218C20F6F7C7FE00200321514BBB
:10914000EC330246CDE9001005219C20F6F7BCFE69
:1091500000205749087045480078002859D14448F4
:109160000078022802D1F6F7D2FD1CBD41480078F4
:10917000042802DD00203F4908703E48007888B985
:1091800001203C49087000203B4908703B49088099
:109190003B49087036480078012803D10220344941
:1091A0000870E2E733480078012809D103213548E7
:1091B000E630EAF789F804460121E9F732FE28E0B3
:1091C0002C480078022809D103212E48E830EAF71C
:1091D0007BF804460121E9F724FE1AE025480078CF
:1091E000032809D103212748EA30EAF76DF804463D
:1091F0000121E9F716FE0CE01E480078042808D18A
:1092000003212048EC30EAF75FF804460121E9F732
:1092100008FE00BFA9E770B504460D462448007853
:10922000022822D1102C70D2DFE804F0080D1319A7
:109230005E636970757B81878D93999F2949284664
:109240000FF0E2F998E02749103128460FF0DCF9D9
:1092500092E02449203128460FF0D6F98CE02149CC
:10926000303128460FF0D0F986E086E04A00002031
:109270005E0300206C0100206301002066010020D5
:1092800062010020FC14002044030020420300205F
:109290002C1602084473702D59656172000000009D
:1092A0004473702D4461746500000000AE16002008
:1092B00069030020436F6D7031447320000000008B
:1092C000436F6D703151732000000000467271438E
:1092D0006F6D7020000000004672714C696D6974FA
:1092E00000000000C8100208FE4928460FF08CF963
:1092F00042E0FC49103128460FF086F93CE0F9497C
:10930000203128460FF080F936E034E0F64928464F
:109310000FF07AF930E0F449103128460FF074F973
:109320002AE0F149203128460FF06EF924E0EE4999
:10933000303128460FF068F91EE0EB4940312846ED
:109340000FF062F918E0E849503128460FF05CF957
:1093500012E0E549603128460FF056F90CE0E24989
:10936000703128460FF050F906E0AFF60821284684
:109370000FF04AF900E070BD00BF00BFFBE71CB56D
:10938000DA480088DA49098888421CD0D848008821
:10939000D6490880F6F7A3FCD64980200FF034F9AF
:1093A000D5A190200FF030F9AFF6D0618A200FF0F0
:1093B0002BF9AFF6D8618D200FF026F9CD491C317D
:1093C00098200FF021F90020F6F7F7FF0020032185
:1093D000CA4B0246CDE9001004218820F6F774FD3F
:1093E00000200321C54B9B1C0246CDE9001004213F
:1093F0008B20F6F769FD00200321C04B1B1D0246A0
:10940000CDE9001004218E20F6F75EFDBB49CE3970
:10941000B1F8CC009121FFF7FEFE0020B84908709A
:10942000B8480078002858D1B7480078022802D1FF
:10943000F6F76DFC1CBDB5480078042802DD00205D
:10944000B2490870B148007888B90120AF49087066
:109450000020AF490870AF490880AF490870AA489A
:109460000078012803D10220A7490870E2E7A74845
:109470000078012809D10321A048801EE9F724FFC4
:1094800004460121E9F7CDFC27E0A0480078022836
:1094900008D103219948E9F717FF04460121E9F7AC
:1094A000C0FC1AE099480078032809D103219348A9
:1094B000801CE9F709FF04460121E9F7B2FC0CE042
:1094C00092480078042808D103218C48001DE9F750
:1094D000FBFE04460121E9F7A4FC00BFAAE71CB586
:1094E000824800888249098888421AD080480088CA
:1094F0007E490880F6F7F3FB7E4980200FF084F860
:1095000086A190200FF080F885A18A200FF07CF8CA
:1095100083A18D200FF078F87649503198200FF014
:1095200073F80020F6F749FF00200321734B083B36
:109530000246CDE9001004218820F6F7C5FC002082
:1095400003216E4B9B1F0246CDE9001004218B20A6
:10955000F6F7BAFC00200321684B1B1F0246CDE939
:10956000001004218E20F6F7AFFC6449CE39B1F823
:10957000C4009121FFF74FFE002061490870614847
:109580000078002859D160480078022802D1F6F707
:10959000BEFB1CBD5D480078042802DD00205B494D
:1095A00008705A48007888B901205849087000208E
:1095B0005749087057490880574908705248007841
:1095C000012803D1022050490870E2E74F48007893
:1095D000012809D1032149480A38E9F775FE0446F4
:1095E0000121E9F71EFC28E048480078022809D14B
:1095F000032142480838E9F767FE04460121E9F7EC
:1096000010FC1AE041480078032809D103213B48A7
:10961000801FE9F759FE04460121E9F702FC0CE03E
:109620003A480078042808D103213448001FE9F79C
:109630004BFE04460121E9F7F4FB00BFA9E71CB586
:109640002A4800882A490988884219D02848008871
:1096500026490880F6F743FB264980200EF0D4FF08
:1096600030A190200EF0D0FF2DA18A200EF0CCFF6B
:109670002BA18D200EF0C8FF2B4998200EF0C4FFBF
:109680000020F6F79AFE002003211C4B103B0246F7
:10969000CDE9001004218820F6F716FC00200321F4
:1096A000164B0E3B0246CDE9001004218B20F6F745
:1096B0000BFC00200321114B0C3B0246CDE90010AE
:1096C00004218E20F6F700FC0C49CE39B1F8BC001D
:1096D0009121FFF7A0FD0020094908700948007892
:1096E000002823E0081102080015020844030020A6
:1096F00042030020001F0208313A0000C01500207C
:10970000690300204A0000205E0300206C01002055
:10971000630100206601002062010020323A00004F
:109720002D2D0000333A00007423020858D1FE4862
:109730000078022802D1F6F7EAFA1CBDFB4800784F
:10974000042802DD0020F9490870F848007888B93B
:109750000120F64908700020F5490870F549088095
:10976000F5490870F0480078012803D10220EE493D
:109770000870E2E7ED480078012808D10321EF489E
:10978000E9F7A2FD04460121E9F74BFB28E0E74891
:109790000078022809D10321E848801CE9F794FDEC
:1097A00004460121E9F73DFB1AE0E0480078032870
:1097B00009D10321E148001DE9F786FD0446012196
:1097C000E9F72FFB0CE0D9480078042808D10321E1
:1097D000DA48801DE9F778FD04460121E9F721FB0D
:1097E00000BFAAE71CB5D6480088D6490988884238
:1097F0001BD0D4480088D2490880F6F770FAD249C5
:1098000080200EF001FFD1A190200EF0FDFEAFF2FE
:10981000F0018A200EF0F8FEAFF2FC018D200EF070
:10982000F3FECB4998200EF0EFFE0020F6F7C5FDC1
:1098300000200321C14B9B1F0246CDE900100421EB
:109840008820F6F741FB00200321BC4B1B1F02467A
:10985000CDE9001004218B20F6F736FB0020032110
:10986000B64B9B1E0246CDE9001004218E20F6F770
:109870002BFBB249BC39B1F8B4009121FFF7CBFC06
:109880000020B4490870B4480078002859D1A6488F
:109890000078022802D1F6F73AFA1CBDA3480078F6
:1098A000042802DD0020A1490870A048007888B98A
:1098B00001209E49087000209D4908709D4908803C
:1098C0009D49087098480078012803D102209649E4
:1098D0000870E2E795480078012809D103219748EC
:1098E0000838E9F7F1FC04460121E9F79AFA28E083
:1098F0008E480078022809D103219048801FE9F79B
:10990000E3FC04460121E9F78CFA1AE08748007865
:10991000032809D103218948001FE9F7D5FC044633
:109920000121E9F77EFA0CE080480078042808D18C
:1099300003218248801EE9F7C7FC04460121E9F7AC
:1099400070FA00BFA9E71CB57D4800887D490988E9
:1099500088421CD07B48008879490880F6F7BFF917
:10996000794980200EF050FE7CA190200EF04CFE34
:10997000AFF254218A200EF047FEAFF25C218D2019
:109980000EF042FE7249183198200EF03DFE002084
:10999000F6F713FD00200321684B0E3B0246CDE98C
:1099A000001004218820F6F78FFA00200321634B72
:1099B0000C3B0246CDE9001004218B20F6F784FA17
:1099C000002003215D4B0A3B0246CDE90010042133
:1099D0008E20F6F779FA5949BC39B1F8AC009121DB
:1099E000FFF719FC00205B4908705B4800780028ED
:1099F00059D14D480078022802D1F6F788F91CBDEC
:109A00004A480078042802DD002048490870474889
:109A1000007888B901204549087000204449087041
:109A200044490880444908703F480078012803D120
:109A300002203D490870E2E73C480078012809D13E
:109A400003213E481038E9F73FFC04460121E9F7BD
:109A5000E8F928E035480078022809D10321374881
:109A60000E38E9F731FC04460121E9F7DAF91AE08A
:109A70002E480078032809D1032130480C38E9F733
:109A800023FC04460121E9F7CCF90CE027480078D3
:109A9000042808D1032129480A38E9F715FC0446AF
:109AA0000121E9F7BEF900BFA9E71CB524480088E9
:109AB0002449098888421BD0224800882049088010
:109AC000F6F70DF9204980200EF09EFD24A190208C
:109AD0000EF09AFDAFF2B8318A200EF095FDAFF28C
:109AE000C0318D200EF090FD1E4998200EF08CFDA7
:109AF0000020F6F762FC00200321104B163B0246C3
:109B0000CDE9001004218820F6F7DEF900200321BA
:109B10000A4B143B0246CDE9001004218B20F6F7D6
:109B2000D3F9002003211FE05E0300206C01002018
:109B3000630100206601002062010020AE150020B4
:109B40004403002042030020001F0208343A0000B2
:109B5000A0230208690300204A000020353A0000D3
:109B6000363A0000E8270208FE4B0246CDE9001015
:109B700004218E20F6F7A8F9FA49AA39B1F8A40011
:109B80009121FFF748FB0020F7490870F74800785B
:109B9000002858D1F6480078022802D1F6F7B7F825
:109BA0001CBDF4480078042802DD0020F14908704B
:109BB000F048007888B90120EE4908700020EE498D
:109BC0000870EE490880EE490870E94800780128DD
:109BD00003D10220E6490870E2E7E6480078012850
:109BE00009D10321DF48801FE9F76EFB04460121FC
:109BF000E9F717F927E0DF480078022809D10321A7
:109C0000D848001FE9F760FB04460121E9F709F98C
:109C100019E0D8480078032809D10321D148801ED3
:109C2000E9F752FB04460121E9F7FBF80BE0D148C4
:109C30000078042807D10321CA48E9F745FB044608
:109C40000121E9F7EEF800BFAAE71CB5CD4800886E
:109C5000CD490988884225D0CB480088C949088069
:109C6000F6F73DF8C94980200EF0CEFCC8A190203F
:109C70000EF0CAFCAFF258518A200EF0C5FCAFF2CC
:109C800060518D200EF0C0FCC049183198200EF0B4
:109C9000BBFCC0A19B200EF0B7FCBC4924319E2028
:109CA0000EF0B2FC0120F6F788FB0020BA490870DC
:109CB0000321AC4B2C330246CDE90010042188204F
:109CC000F6F702F900200321A64B2E330246CDE918
:109CD000001004218B20F6F7F7F800200321A14B98
:109CE00030330246CDE9001004218E20F6F7ECF85F
:109CF000002003219B4B343B0246CDE9001002219A
:109D00009A20F6F7E1F80120A34908700846007888
:109D10000321944B203B0022CDE9001002219D201D
:109D2000F6F7D2F88F49AA39B1F8D4009121FFF79C
:109D300072FA00208C4908708C480078012809D1FB
:109D400002208A49087000208B4908708B490880DE
:109D50008B4908708548007802280FD18548007823
:109D600001280AD103217F482038E9F7ADFA0446DB
:109D70008A4801882046E9F704F979E07B480078B1
:109D8000002875D17A480078022802D1F5F7BFFF84
:109D90001CBD78480078062802DD0020754908704F
:109DA0007448007888B9012072490870002072490F
:109DB000087072490880724908706D48007801285F
:109DC00003D102206A490870E2E76A480078012856
:109DD00009D1032163482A30E9F776FA04460121C4
:109DE000E9F71FF844E063480078022809D103210D
:109DF0005C482C30E9F768FA04460121E9F711F8CC
:109E000036E05C480078032809D1032155482E30FC
:109E1000E9F75AFA04460121E9F703F828E0554822
:109E20000078042809D103214E483030E9F74CFA74
:109E300004460121E8F7F5FF1AE04E4800780528AE
:109E400009D1032147482038E9F73EFA04460121A9
:109E5000E8F7E7FF0CE047480078062808D103211F
:109E600040483438E9F730FA04460121E8F7D9FFD1
:109E700000BF8DE710B543480088434909888842F0
:109E800025D0414800883F490880F5F728FF44491C
:109E900080200EF0B9FB424990200EF0B5FB4148FE
:109EA000408D20B940A188200EF0AEFB0BE03D486C
:109EB000408D012803D03B48408D022803D13FA1AB
:109EC00088200EF0A1FB364998200EF09DFB002063
:109ED000F6F773FA002024490870F7F719FC10BD53
:109EE0001CB52848008828490988884225D026487A
:109EF000008824490880F5F7F2FE35A180200EF095
:109F000083FB36A187200EF07FFB35A190200EF059
:109F10007BFB32A197200EF077FB34A188200EF056
:109F200073FB35A18F200EF06FFB34A198200EF04B
:109F30006BFB31A19F200EF067FB0420F6F73DFA82
:109F4000154800780221304B0022CDE90010052190
:109F50008420F5F7B9FF2D48007802212A4B0A33F7
:109F6000002255E09C150020690300204A000020D3
:109F70005E0300206C0100206301002066010020C8
:109F8000620100204403002042030020042802084C
:109F90006E3A0000C9CF0000490300204E000020A7
:109FA000EC1502081E160020332EB1E4C6B5C9E830
:109FB000B6A8B2CECAFD2020000000002020B1E4E7
:109FC000C6B5C9E8B6A8B2CECAFD20200000000080
:109FD000BCD3CBD9CAB1BCE40000000020530000C0
:109FE000BCF5CBD9CAB1BCE400000000B5E7BBFAB0
:109FF000D7AACFF20000000020200000D7AABED8C8
:10A00000CCE1C9FD000000002A1400204A03002012
:10A01000CDE9001005219420F5F756FFFE480078A1
:10A020000221FE4B0022CDE9001005218C20F5F71E
:10A030004BFFFB4800780221F84B9B1C0022CDE926
:10A04000001005219C20F5F73FFF0020F54908701E
:10A05000F5480078012809D10220F3490870002052
:10A06000F2490870F2490880F2490870EE48007819
:10A0700002283ED1F048007801280BD10221E748A0
:10A08000801EE9F721F90446EC4801882046E8F7EC
:10A0900078FF8BE0E848007802280BD10221DF48E6
:10A0A0000830E9F711F90446E44801882046E8F74A
:10A0B00068FF7BE0E048007803280AD10221D748F6
:10A0C000E9F702F90446DD4801882046E8F759FF20
:10A0D0006CE0D9480078042868D10221CF48801C60
:10A0E000E9F7F2F80446D54801882046E8F749FF29
:10A0F0005CE0CD480078002858D1D148007802288B
:10A1000002D1F5F704FE1CBDCB480078042802DD1F
:10A110000020C9490870C848007888B90120C6499C
:10A1200008700020C1490870C1490880C149087001
:10A13000C3480078012803D10220C1490870E2E732
:10A14000BD480078012809D10221B448801EE9F7F2
:10A15000BBF804460121E8F764FE27E0B648007822
:10A16000022809D10221AD480830E9F7ADF80446CC
:10A170000121E8F756FE19E0AF480078032808D11E
:10A180000221A648E9F7A0F804460121E8F749FEB4
:10A190000CE0A9480078042808D102219F48801CBF
:10A1A000E9F792F804460121E8F73BFE00BFAAE771
:10A1B0001CB5A4480088A4490988884226D0A24832
:10A1C0000088A0490880F5F78AFDA0A180200EF044
:10A1D0001BFAAFF2DC1187200EF016FA9EA1902038
:10A1E0000EF012FA9FA197200EF00EFA9EA1882081
:10A1F0000EF00AFA9BA18F200EF006FA9DA198207E
:10A200000EF002FA97A19F200EF0FEF90420F6F757
:10A21000D4F89B4800780221804B1B1D0022CDE919
:10A22000001005218420F5F74FFE964800780221A2
:10A230007A4B0A330122CDE9001004219420F5F76E
:10A2400043FE754800780221744B0E330122CDE99C
:10A25000001004218C20F5F737FE714800780221A8
:10A260006E4B10330122CDE9001004219C20F5F73C
:10A270002BFE00206B4908706B480078012809D13B
:10A280000220694908700020684908706849088000
:10A29000684908706448007802283FD16648007811
:10A2A00001280BD102215D48001DE9F70DF8044695
:10A2B000624801882046E8F764FE8DE05E48007839
:10A2C00002280BD1022155480A30E8F7FDFF044669
:10A2D0005A4801882046E8F754FE7DE05648007849
:10A2E00003280BD102214D480E30E8F7EDFF04465C
:10A2F000524801882046E8F744FE6DE04E48007859
:10A30000042869D1022145481030E8F7DDFF0446F2
:10A310004A4801882046E8F734FE5DE0424800786C
:10A32000002859D146480078022802D1F5F7EFFC01
:10A330001CBD41480078042802DD00203E49087019
:10A340003D48007888B901203B4908700020374912
:10A350000870374908803749087039480078012863
:10A3600003D1022036490870E2E73348007801281B
:10A3700009D102212948001DE8F7A6FF0446012162
:10A38000E8F74FFD28E02C480078022809D1022187
:10A3900022480A30E8F798FF04460121E8F741FD1A
:10A3A0001AE025480078032809D102211B480E3005
:10A3B000E8F78AFF04460121E8F733FD0CE01E4868
:10A3C0000078042808D1022114481030E8F77CFFF7
:10A3D00004460121E8F725FD00BFA9E71CB519488F
:10A3E00000881949098888427BD017480088154998
:10A3F0000880F5F774FC24A180200EF005F92548AB
:10A40000408D18B12348408D012849D122A18620D2
:10A410000EF0FAF84CE000004B0300202C14002052
:10A420004C030020690300204A0000206301002043
:10A4300066010020620100206C0100204E00002017
:10A440005E03002044030020420300205646C7FA62
:10A45000CFDF202000000000C6F4B6AFC6B5C2CAE8
:10A4600000000000487A0000C9CFCFDEC6B5C2CADE
:10A4700000000000CFC2CFDEC6B5C2CA0000000097
:10A48000490300204A030020D4D8B2A8C6B5C2CAE6
:10A49000000000001E160020206B487A000000001B
:10A4A000FD48408D022803D1FCA187200EF0ACF8B6
:10A4B000FBA190200EF0A8F8AFF2C44197200EF057
:10A4C000A3F8FAA188200EF09FF8FBA18F200EF0D0
:10A4D0009BF8FAA198200EF097F8FBA19F200EF0B0
:10A4E00093F80420F5F769FFEB48408D18B1EA486E
:10A4F000408D01280BD1F54800780221F44B002251
:10A50000CDE9001003218420F5F7DEFC0EE0E248DF
:10A51000408D02280AD1ED4800780221EC4B01223F
:10A52000CDE9001004218420F5F7CEFCE94800783D
:10A530000221E74B9B1F0A46CDE90010042194201D
:10A54000F5F7C2FCE44800780221E14B1033002209
:10A55000CDE9001005218C20F5F7B6FCDF48007826
:10A560000221DB4B12330022CDE9001005219C2093
:10A57000F5F7AAFC0020DA490870DA4800780128CB
:10A5800009D10220D74908700020D7490870D7495F
:10A590000880D7490870D348007802283ED1D548B2
:10A5A000007801280AD10221C948E8F78DFE044647
:10A5B000D14801882046E8F7E4FC8CE0CD480078DB
:10A5C00002280BD10221C248801FE8F77DFE044615
:10A5D000C94801882046E8F7D4FC7CE0C5480078EB
:10A5E00003280BD10221BA481030E8F76DFE04466B
:10A5F000C14801882046E8F7C4FC6CE0BD480078FB
:10A60000042868D10221B2481230E8F75DFE044602
:10A61000B94801882046E8F7B4FC5CE0B14800780E
:10A62000002858D1B5480078022802D1F5F76FFB11
:10A630001CBDB0480078042802DD0020AD49087038
:10A64000AC48007888B90120AA4908700020A649C2
:10A650000870A6490880A6490870A8480078012813
:10A6600003D10220A5490870E2E7A248007801283A
:10A6700008D102219648E8F727FE04460121E8F7B1
:10A68000D0FB28E09B480078022809D1022190489D
:10A69000801FE8F719FE04460121E8F7C2FB1AE023
:10A6A00094480078032809D1022189481030E8F73E
:10A6B0000BFE04460121E8F7B4FB0CE08D4800785E
:10A6C000042808D1022182481230E8F7FDFD044633
:10A6D0000121E8F7A6FB00BFAAE71CB5884800885F
:10A6E00088490988884226D086480088844908809D
:10A6F000F5F7F5FA84A180200DF086FF72A187207E
:10A700000DF082FF83A190200DF07EFF84A19720A1
:10A710000DF07AFF83A188200DF076FF80A18F20B5
:10A720000DF072FF82A198200DF06EFFAFF238712C
:10A730009F200DF069FF0420F5F73FFE6348007885
:10A740000221634B14330022CDE90010052184203F
:10A75000F5F7BAFB5F48007802215D4B1633012202
:10A76000CDE9001004219420F5F7AEFB5A4800789B
:10A770000221574B0C330122CDE9001004218C201B
:10A78000F5F7A2FB554800780221514B18330022FF
:10A79000CDE9001005219C20F5F796FB00205049DB
:10A7A000087050480078012809D102204D490870EE
:10A7B00000204D4908704D4908804D4908704948AE
:10A7C000007802283FD14B48007801280BD10221A4
:10A7D0003F481430E8F778FD044647480188204692
:10A7E000E8F7CFFBE0E04348007802280BD10221D4
:10A7F00037481630E8F768FD04463F480188204690
:10A80000E8F7BFFBD0E03B48007803280BD10221DA
:10A810002F480C30E8F758FD044637480188204699
:10A82000E8F7AFFBC0E03348007804280AD10221E2
:10A8300027481830E8F748FD04462F48018820468D
:10A84000E8F79FFBB0E027480078002823D12B4889
:10A850000078022802D1F5F75AFA1CBD2548007885
:10A86000042802DD0020234908702248007888B9B6
:10A8700001202049087000201B4908701B490880EE
:10A880001B4908701D480078012857D102201B4938
:10A890000870E2E752E087E01E1600206B480000D7
:10A8A000CBC0C7F8B2B9B3A500000000B9FDC1F72D
:10A8B000B5E7C1F70000000020410000B9FDD1B9A3
:10A8C000B5E7D1B900000000205600004903002080
:10A8D000381400204A0300204B0300204C030020C2
:10A8E000690300204A000020630100206601002067
:10A8F000620100206C0100204E0000205E03002059
:10A900004403002042030020C7B7D1B9B5E7D1B94D
:10A9100000000000B9FDC8C8CEC2B6C800000000E3
:10A92000B6C80000B7E7C9C8D7AACEC20000000069
:10A93000B7E7C9C8D4CBD0D000000000F8480078F1
:10A94000012808D10221F748E8F7BEFC044601219E
:10A95000E8F767FA28E0F2480078022809D10221D6
:10A96000F048801CE8F7B0FC04460121E8F759FAEA
:10A970001AE0EB480078032809D10221E948083899
:10A98000E8F7A2FC04460121E8F74BFA0CE0E448A2
:10A990000078042808D10221E248001DE8F794FC61
:10A9A00004460121E8F73DFA00BF56E71CB5DE4832
:10A9B0000088DE490988884228D0DC480088DA49C6
:10A9C0000880F5F78CF9DAA180200DF01DFEAFF6B6
:10A9D000D81187200DF018FED8A190200DF014FE9C
:10A9E000AFF6EC1197200DF00FFED7A188200DF0E7
:10A9F0000BFEAFF6FC118F200DF006FED5A19820BE
:10AA00000DF002FED5A19F200DF0FEFD0420F5F70C
:10AA1000D4FCD34800780221C24B08330022CDE990
:10AA2000001003218520F5F74FFACE480078022167
:10AA3000BC4B0A330022CDE9001003219520F5F725
:10AA400043FAC94800780221B64B9B1D0022CDE98C
:10AA5000001005218C20F5F737FAC448007803214F
:10AA6000C34B0022CDE900109D20F5F72DFA002000
:10AA7000C0490870C0480078012809D10220BE49A9
:10AA800008700020BD490870BD490880BD490870A4
:10AA9000B948007802283ED1A148007801280BD19E
:10AAA0000221A0480830E8F70FFC0446B6480188A8
:10AAB0002046E8F766FA8BE09948007802280BD127
:10AAC000022198480A30E8F7FFFB0446AE480188A7
:10AAD0002046E8F756FA7BE09148007803280BD12E
:10AAE00002219048801DE8F7EFFB0446A648018844
:10AAF0002046E8F746FA6BE089480078042867D1D9
:10AB000003219B48E8F7E0FB04469F480188204664
:10AB1000E8F737FA5CE098480078002858D19B485D
:10AB20000078022802D1F5F7F2F81CBD7C480078C5
:10AB3000042802DD00207A4908707948007888B935
:10AB400001207749087000208C4908708C490880E2
:10AB50008C4908708D480078012803D102208B4968
:10AB60000870E2E76E480078012809D102216D489B
:10AB70000830E8F7A9FB04460121E8F752F927E07D
:10AB800067480078022809D1022166480A30E8F7B0
:10AB90009BFB04460121E8F744F919E0604800787E
:10ABA000032809D102215F48801DE8F78DFB044688
:10ABB0000121E8F736F90BE059480078042807D15D
:10ABC00003216B48E8F780FB04460121E8F729F9E7
:10ABD00000BFAAE71CB55448008854490988884238
:10ABE00025D05248008850490880F5F778F868A1C8
:10ABF00080200DF009FD59A187200DF005FD67A10A
:10AC000090200DF001FD55A197200DF0FDFC66A1EF
:10AC100088200DF0F9FC51A18F200DF0F5FC65A105
:10AC200098200DF0F1FC4DA19F200DF0EDFC0420CB
:10AC3000F5F7C3FB4A48007802213A4B1033002253
:10AC4000CDE9001003218520F5F73EF9454800784D
:10AC50000221344B12330022CDE90010032195204C
:10AC6000F5F732F94048007802212E4B14330022C8
:10AC7000CDE9001003218D20F5F726F93B48007837
:10AC80000221284B16330022CDE9001003219D201C
:10AC9000F5F71AF90020374908703748007801287D
:10ACA00009D1022034490870002034490870344921
:10ACB0000880344908703048007802282FD118489D
:10ACC000007801280BD1022116481030E8F7FCFA71
:10ACD00004462D4801882046E8F753F9DCE0104887
:10ACE000007802280BD102210E481230E8F7ECFA66
:10ACF0000446254801882046E8F743F9CCE0084897
:10AD0000007803285CD1022106481430E8F7DCFA09
:10AD100004461D4801882046E8F733F9BCE05EE0B0
:10AD20006C0100204C14002044030020420300204A
:10AD3000B0B4BCFCCDA3C4A3CABD00004449CDA39C
:10AD4000BBFAC4A3CABD0000BBF4B6FBC0E0D0CDC3
:10AD500000000000B9CAD5CFB2E2CAD4202000005A
:10AD6000490300204A0300204B0300204C0300202D
:10AD700088150020690300204A000020630100209C
:10AD800066010020620100204E0000205E030020CA
:10AD9000414F3120CAE4B3F6D4B40000414F322011
:10ADA000CAE4B3F6D4B40000444F3120CAE4B3F689
:10ADB000D4B40000444F3220CAE4B3F6D4B4000047
:10ADC000F8480078042867D10221F748E8F77CFAB0
:10ADD0000446F64801882046E8F7D3F85CE0F448DA
:10ADE0000078002858D1F3480078022802D1F4F7FF
:10ADF0008EFF1CBDEB480078042802DD0020E949E5
:10AE00000870E848007888B90120E64908700020F9
:10AE1000E9490870E9490880E9490870E54800787F
:10AE2000012803D10220E3490870E2E7DD480078F9
:10AE3000012809D10221DC48801FE8F745FA0446C1
:10AE40000121E7F7EEFF27E0D6480078022809D174
:10AE50000221D548001FE8F737FA04460121E7F739
:10AE6000E0FF19E0CF480078032809D10221CE483D
:10AE7000801EE8F729FA04460121E7F7D2FF0BE02C
:10AE8000C8480078042807D10221C748E8F71CFA0F
:10AE900004460121E7F7C5FF00BFAAE71CB5C94872
:10AEA000408D18B1C748408D01286ED1C648008832
:10AEB000C6490988884228D0C4480088C249088009
:10AEC000F4F70DFFC2A180200DF09EFBAFF27411CC
:10AED00087200DF099FBC1A190200DF095FBC1A139
:10AEE00097200DF091FBC04988200DF08DFBAFF24B
:10AEF00094118F200DF088FBBB4998200DF084FB46
:10AF0000AFF2A8119F200DF07FFB0220F5F755FA54
:10AF1000B64800780221A44B0A3B0022CDE900107C
:10AF200003218520F4F7D0FFB148007802219E4B21
:10AF3000083B0022CDE9001003219520F4F7C4FF5F
:10AF40000020AC4908709A480078012809D10220F5
:10AF500097490870002098490870984908809849D6
:10AF6000087093480078022820D18E480078012884
:10AF70000CD102218C480A38E8F7A6F904468B4820
:10AF800001882046E7F7FDFF95E152E0854800780B
:10AF90000228F9D1022184480838E8F795F90446D7
:10AFA000824801882046E7F7ECFF84E1804800787A
:10AFB0000028E9D17F480078022802D1F4F7A7FEE3
:10AFC0001CBD78480078022802DD00207549087011
:10AFD0007448007888B901207249087000207649C9
:10AFE0000870764908807649087072480078012810
:10AFF00003D102206F490870E2E76A48007801280F
:10B0000009D1022168480A38E8F75EF904460121AF
:10B01000E7F707FF4FE1634800780228B4D1022127
:10B0200061480838E8F750F904460121E7F7F9FECE
:10B0300041E16448408D0228A6D1634800886349F5
:10B040000988884228D0614800885F490880F4F761
:10B0500046FE5FA180200DF0D7FAAFF200318720C5
:10B060000DF0D2FA5DA190200DF0CEFA5DA19720EF
:10B070000DF0CAFA60A188200DF0C6FAAFF22431B3
:10B080008F200DF0C1FA5FA198200DF0BDFAAFF24C
:10B0900034319F200DF0B8FA0420F5F78EF95348AB
:10B0A00000780221404B0A3B0022CDE90010032129
:10B0B0008520F4F709FF4E48007802213A4B083BFF
:10B0C0000022CDE9001003219520F4F7FDFE504841
:10B0D00000780221344B20330022CDE900100321F7
:10B0E0008D20F4F7F1FE4B48007803214A4B0022F3
:10B0F000CDE9001005219C20F4F7E6FE00203D4933
:10B1000008702B480078012809D1022028490870CE
:10B1100000202949087029490880294908702448D5
:10B12000007802287BD11F48007801280BD102212A
:10B130001D480A38E8F7C8F804461C48018820462C
:10B14000E7F71FFFB7E01748007802280BD102216C
:10B1500015480838E8F7B8F804461448018820462E
:10B16000E7F70FFFA7E00F48007803280BD1022173
:10B170000D482030E8F7A8F804460C48018820461E
:10B18000E7F7FFFE97E007480078042809D103217C
:10B190002148E8F799F80446044801882046E7F773
:10B1A000F0FE88E06C010020621400204E000020B8
:10B1B0004A0000205E030020630100206601002099
:10B1C000620100201E1600204403002042030020DC
:10B1D000B9CAD5CFB8B4CEBB456E0000B9CAD5CF79
:10B1E000B8B4CEBBC3EB0000EC1502084903002045
:10B1F0004A03002069030020C9E8B6A8B8B4CEBB52
:10B20000CAFD0000D2D1B8B4CEBBCAFD0000000018
:10B210004B0300204C03002086150020FFE7FE486A
:10B220000078F8B9FD480078042802DD0020FB49C9
:10B230000870FA48007848B90120F84908700020E1
:10B24000F7490870F7490880F7490870F348007813
:10B25000012808D10221F548E8F736F80446012113
:10B26000E7F7DFFD27E0ED480078022809D1022149
:10B27000EE48801CE8F728F804460121E7F7D1FDE5
:10B2800019E0E6480078032809D10221E7482A306E
:10B29000E8F71AF804460121E7F7C3FD0BE0DF48A1
:10B2A0000078042807D10321E148E8F70DF80446A7
:10B2B0000121E7F7B6FD00BF82E61CB5DD48008836
:10B2C000DD490988884227D0DB480088D9490880B1
:10B2D000F4F705FDD9A180200DF096F9AFF2845165
:10B2E00087200DF091F9D9A190200DF08DF9DAA108
:10B2F00095200DF089F9DAA188200DF085F9DBA100
:10B300008D200DF081F9DBA198200DF07DF9AFF2D1
:10B31000B4519F200DF078F90420F5F74EF8D84885
:10B3200000780221C14B163B0022CDE9001001211B
:10B330008720F4F7C9FDD34800780221BB4B123BAC
:10B340000022CDE9001001219420F4F7BDFDCE4884
:10B3500000780421CD4B0022CDE9001001218C2082
:10B36000F4F7B2FDCA4800780421C84B1B1D002227
:10B37000CDE9001003219D20F4F7A6FD0020C5496A
:10B380000870A5480078012809D10220A249087058
:10B390000020A3490870A3490880A34908709E486B
:10B3A000007802283FD19D48007801280BD1022166
:10B3B0009E481638E7F788FF0446B74801882046BC
:10B3C000E7F7DFFD71E09548007802280BD10221F4
:10B3D00096481238E7F778FF0446AF4801882046C0
:10B3E000E7F7CFFD61E08D48007803280BD10321FA
:10B3F0008F485E38E7F768FF0446A7480188204673
:10B40000E7F7BFFD51E08548007804284DD10321BE
:10B4100087485C38E7F758FF04469F480188204674
:10B42000E7F7AFFD41E07C48007800283DD19B481C
:10B430000078022802D1F4F76AFC1CBD7748007836
:10B44000022802DD0020754908707448007888B928
:10B450000120724908700020714908707149088004
:10B46000714908708D480078012803D102208B496A
:10B470000870E2E769480078012809D102216B4889
:10B480001638E7F721FF04460121E7F7CAFC0CE074
:10B4900062480078022808D1022164481238E7F790
:10B4A00013FF04460121E7F7BCFC00BFC5E71CB54C
:10B4B0006048008860490988884223D05E48008837
:10B4C0005C490880F4F70BFC75A180200DF09CF816
:10B4D000AFF2787187200DF097F874A190200DF0ED
:10B4E00093F877A188200DF08FF8AFF290718F203C
:10B4F0000DF08AF877A198200DF086F87AA19F20A8
:10B500000DF082F80220F4F758FF5D48007804211E
:10B510005E4B9B1C0022CDE9001005218420F4F72E
:10B52000D3FC584800780421584B163B0122CDE942
:10B5300000109C20F4F7C8FC002056490870F6F76C
:10B54000E7F81CBD1CB53B4800883B490988884288
:10B5500028D03948008837490880F4F7C0FB634990
:10B5600080200DF051F8AFF60C0187200DF04CF85B
:10B570005E490C3190200DF047F85DA197200DF049
:10B5800043F85CA188200DF03FF8AFF630018F2022
:10B590000DF03AF85AA198200DF036F854A19F20EA
:10B5A0000DF032F80420F4F708FF35480078022146
:10B5B0001E4B0E330022CDE9001005218420F4F744
:10B5C00083FC304800780221184B10330122CDE96A
:10B5D000001004219420F4F777FC2B480078022116
:10B5E000124B28330022CDE9001003218D20F4F7FF
:10B5F0006BFC2748007802210C4B183B0022CDE958
:10B60000001005219C20F4F75FFC00202149087000
:10B6100001480078012879E04A0000206C010020F0
:10B620006301002066010020620100205814002000
:10B63000861500204403002042030020C6F4B6AF64
:10B64000C6B5C2CACDA3C4A3CABD0000B2E2CEC271
:10B65000C4A3CABD000000002028302D31290000FD
:10B66000B0B4BCFCC4A3CABD000000002028302D2B
:10B6700032290000B5E7C1F7D0A1CAFDCEBB00005A
:10B68000490300204A0300204B03002046160020F7
:10B690004C030020690300204E0000205E030020C0
:10B6A000B2CBB5A5C4A3CABD000000002830B9A91B
:10B6B000CBAEA3AC313DB1E4C6B5292000000000FB
:10B6C00028323D2044434D32323029202020202092
:10B6D00000000000B1E4C6B5B9A6C2CA20202020EF
:10B6E00020202020000000006B5700003C6402086E
:10B6F000487A0000C6B5C2CAD1A1D4F141490000C0
:10B70000D7EEB4F3C6B5C2CA0000000009D10220CA
:10B71000FE4908700020FE490870FE490880FE4975
:10B720000870FA48007802283ED1FC4800780128C9
:10B730000AD10221FA48E7F7C7FD0446F948018813
:10B740002046E7F71EFC8CE0F448007802280BD175
:10B750000221F348801CE7F7B7FD0446F148018851
:10B760002046E7F70EFC7CE0EC48007803280BD17C
:10B770000221EB481A30E7F7A7FD0446E9480188A3
:10B780002046E7F7FEFB6CE0E4480078042868D127
:10B790000221E3482638E7F797FD0446E14801888F
:10B7A0002046E7F7EEFB5CE0D8480078002858D147
:10B7B000DD480078022802D1F4F7A9FA1CBDD74869
:10B7C0000078042802DD0020D4490870D3480078AE
:10B7D00088B90120D14908700020CD490870CD49B1
:10B7E0000880CD490870D0480078012803D1022094
:10B7F000CD490870E2E7C9480078012808D1022144
:10B80000C748E7F761FD04460121E7F70AFB28E096
:10B81000C2480078022809D10221C148801CE7F7FC
:10B8200053FD04460121E7F7FCFA1AE0BB48007813
:10B83000032809D10221BA481A30E7F745FD04462A
:10B840000121E7F7EEFA0CE0B4480078042808D1AB
:10B850000221B3482638E7F737FD04460121E7F710
:10B86000E0FA00BFAAE71CB5B0480088B0490988D3
:10B87000884229D0AE480088AC490880F4F72FFAF6
:10B88000ACA180200CF0C0FEAFF6303187200CF068
:10B89000BBFEABA190200CF0B7FEAFF64031972075
:10B8A0000CF0B2FEA9A188200CF0AEFEAFF6543128
:10B8B0008F200CF0A9FEA8A198200CF0A5FEAFF6F1
:10B8C00064319F200CF0A0FE0420F4F776FDA5481B
:10B8D00000780221924B1B1D0022CDE900100521AA
:10B8E0008420F4F7F1FAA048007802218C4B9B1DCC
:10B8F0000022CDE9001005219420F4F7E5FA9B48D9
:10B9000000780221864B18330022CDE90010052172
:10B910008C20F4F7D9FA964800780221804B0E3338
:10B920000022CDE9001005219C20F4F7CDFA00207B
:10B930009049087075480078012809D102207349A0
:10B9400008700020724908707249088072490870B6
:10B950006E48007802283FD17048007801280BD14A
:10B9600002216F48001DE7F7AFFC04466D480188CF
:10B970002046E7F706FB8DE06848007802280BD1E7
:10B9800002216748801DE7F79FFC0446654801884F
:10B990002046E7F7F6FA7DE06048007803280BD1EF
:10B9A00002215F481830E7F78FFC04465D480188A4
:10B9B0002046E7F7E6FA6DE058480078042869D198
:10B9C000022157480E30E7F77FFC044655480188AE
:10B9D0002046E7F7D6FA5DE04C480078002859D1B8
:10B9E00051480078022802D1F4F791F91CBD4B4868
:10B9F0000078042802DD0020484908704748007894
:10BA000088B9012045490870002041490870414922
:10BA100008804149087044480078012803D1022079
:10BA200041490870E2E73D480078012809D1022128
:10BA30003B48001DE7F748FC04460121E7F7F1F910
:10BA400028E036480078022809D102213448801DB8
:10BA5000E7F73AFC04460121E7F7E3F91AE02F483B
:10BA60000078032809D102212D481830E7F72CFC73
:10BA700004460121E7F7D5F90CE0284800780428AE
:10BA800008D1022126480E30E7F71EFC04460121AA
:10BA9000E7F7C7F900BFA9E71CB524480088244987
:10BAA0000988884224D02248008820490880F4F779
:10BAB00016F931A180200CF0A7FD34A190200CF0E4
:10BAC000A3FDAFF6685197200CF09EFD32A18820AF
:10BAD0000CF09AFDAFF67C518F200CF095FD31A152
:10BAE00098200CF091FDAFF68C519F200CF08CFD4E
:10BAF0000320F4F762FC1B4800780221084B08334E
:10BB00000022CDE900100521942051E04A000020D8
:10BB10006301002066010020620100206C0100200A
:10BB2000661400204E0000205E0300204403002025
:10BB300042030020BDC7B6C8B2B9B3A500000000DB
:10BB4000BDC7B6C8B2B9322000000000B2B9B3A573
:10BB5000B7BDCFF200000000B5E7C1F7CBB3D0F21C
:10BB600000000000490300204A0300204B0300208E
:10BB70004C03002069030020D5F0B5B4D2D6D6C658
:10BB8000B2CECAFDD6B5A3BA00000000BFD5D4D846
:10BB9000CFB5CAFD00000000B1C8C0FDCFB5CAFDD9
:10BBA00000000000CEA2B7D6CFB5CAFD000000004D
:10BBB000F4F78AF9FE4800780221FE4B0022CDE915
:10BBC000001005218C20F4F77FF9FB480078022152
:10BBD000F84B9B1C0022CDE9001005219C20F4F7B6
:10BBE00073F90020F5490870F5480078012809D15B
:10BBF0000220F34908700020F2490870F2490880D9
:10BC0000F2490870EE48007802282ED1F0480078FA
:10BC100001280BD10221E748801EE7F755FB0446B7
:10BC2000EC4801882046E7F7ACF96DE0E848007879
:10BC300002280AD10221DF48E7F746FB0446E5481F
:10BC400001882046E7F79DF95EE0E1480078032887
:10BC50005AD10221D748801CE7F736FB0446DD485D
:10BC600001882046E7F78DF94EE0D5480078002896
:10BC70004AD1D9480078022802D1F4F748F81CBD0F
:10BC8000D3480078032802DD0020D1490870D0484D
:10BC9000007888B90120CE4908700020C949087091
:10BCA000C9490880C9490870CB480078012803D1E8
:10BCB0000220C9490870E2E7C5480078012809D187
:10BCC0000221BC48801EE7F7FFFA04460121E7F78E
:10BCD000A8F819E0BE480078022808D10221B5482A
:10BCE000E7F7F2FA04460121E7F79BF80CE0B848C1
:10BCF0000078032808D10221AE48801CE7F7E4FA57
:10BD000004460121E7F78DF800BFB8E71CB5B3483A
:10BD1000408D022877D1B2480088B249098888420C
:10BD200026D0B0480088AE490880F3F7D8FFAEA10E
:10BD300080200CF069FCAFF6DC7187200CF064FC0D
:10BD4000ACA190200CF060FCADA197200CF05CFC45
:10BD5000ACA188200CF058FCA9A18F200CF054FC59
:10BD6000AB4998200CF050FCAAA19F200CF04CFC91
:10BD70000320F4F722FBA848007802218D4B1633EC
:10BD80000A46CDE9001004218420F4F79DF8884884
:10BD900000780221874B18330022CDE900100321DF
:10BDA0009520F4F791F8844800780221814B1A33EA
:10BDB0000022CDE9001003218D20F4F785F8002042
:10BDC0007E4908707E480078012809D102207C490C
:10BDD000087000207B4908707B4908807B49087007
:10BDE0007748007802282FD17948007801280BD1B4
:10BDF000022170481630E7F767FA04467548018853
:10BE00002046E7F7BEF86FE07148007802280BD1B2
:10BE1000022168481830E7F757FA04466D48018850
:10BE20002046E7F7AEF85FE06948007803285BD169
:10BE3000022160481A30E7F747FA0446654801884E
:10BE40002046E7F79EF84FE05D48007800284BD188
:10BE500061480078022802D1F3F759FF1CBD5C4805
:10BE60000078032802DD00205949087058480078FE
:10BE700088B901205649087000205249087052497B
:10BE800008805249087054480078012803D10220E4
:10BE900051490870E2E74E480078012809D1022193
:10BEA00044481630E7F710FA04460121E6F7B9FFD7
:10BEB0001AE047480078022809D102213D4818308D
:10BEC000E7F702FA04460121E6F7ABFF0CE0404831
:10BED0000078032808D1022136481A30E7F7F4F930
:10BEE00004460121E6F79DFF00BFB7E71CB53C48BB
:10BEF00000883C490988884222D03A48008838495D
:10BF00000880F3F7ECFE454980200CF07DFB41A151
:10BF100087200CF079FB41490C3190200CF074FB28
:10BF20003CA197200CF070FB3D4988200CF06CFB85
:10BF30003CA18F200CF068FB3BA198200CF064FB27
:10BF40000320F4F73AFA3448007803213B4B0022EF
:10BF5000CDE9001005218420F3F7B6FF14480078DE
:10BF60000321364B9B1C0022CDE9001005219420B3
:10BF7000F3F7AAFF1048007802210E4B0C3B002279
:10BF8000CDE9001005218C20F3F79EFF00200B491E
:10BF900008700B480078012809D102200849087070
:10BFA000002008490870084908800849087047E0DF
:10BFB0004A030020701400204B0300206903002076
:10BFC0004A00002063010020660100206201002079
:10BFD0006C0100204E0000205E0300201E16002091
:10BFE0004403002042030020B5E7D1B9CFB5CAFD14
:10BFF00000000000BFECCBD9B9FDD1B9D6B5000027
:10C0000020560000BFECCBD9C7B7D1B9D6B50000D8
:10C01000EC15020820200000490300200C32020821
:10C0200020360208BAC500002844434D3232302978
:10C030002020202020202020000000005215002079
:10C04000FE48007802282DD1FD48007801280AD149
:10C050000321FC48E7F738F90446FB4801882046ED
:10C06000E6F78FFF6CE0F648007802280BD1032139
:10C07000F448801CE7F728F90446F3480188204675
:10C08000E6F77FFF5CE0EE480078032858D10221F4
:10C09000EE48E7F719F90446EB4801882046E6F731
:10C0A00070FF4DE0E5480078002849D1E848007865
:10C0B000022802D1F3F72BFE1CBDE14800780328CB
:10C0C00002DD0020DE490870DD48007888B90120D3
:10C0D000DB4908700020DF490870DF490880DF492C
:10C0E0000870DB480078012803D10220D849087085
:10C0F000E2E7D3480078012808D10321D148E7F7C7
:10C10000E3F804460121E6F78CFE19E0CC480078FC
:10C11000022809D10321CB48801CE7F7D5F8044653
:10C120000121E6F77EFE0BE0C5480078032807D121
:10C130000221C648E7F7C8F804460121E6F771FE78
:10C1400000BFB9E71CB5C6480088C64909888842BF
:10C1500029D0C4480088C2490880F3F7C0FDC2A1B5
:10C1600080200CF051FAAFF2541187200CF04CFAF9
:10C17000C0A190200CF048FAAFF2681197200CF0A3
:10C1800043FABFA188200CF03FFAAFF278118D205E
:10C190000CF03AFABFA198200CF036FAAFF28C11ED
:10C1A0009F200CF031FA0420F4F707F9BE4800781C
:10C1B0000421BE4B0022CDE9001005218420F3F7B5
:10C1C00083FEBB4800780421B84B9B1C0022CDE9BC
:10C1D000001005219420F3F777FEB648007804217B
:10C1E000B24B6A3B0022CDE9001003218D20F3F70A
:10C1F0006BFEB14800780421AC4B6C3B0022CDE9CA
:10C20000001003219D20F3F75FFE0020AB4908706A
:10C21000F5F77EFA1CBD1CB5914800889149098844
:10C22000884229D08F4800888D490880F3F757FD50
:10C23000A3A180200CF0E8F9AFF2282187200CF0B0
:10C24000E3F9A4A190200CF0DFF9AFF23821972098
:10C250000CF0DAF9A4A188200CF0D6F9AFF24C2149
:10C260008F200CF0D1F9A5A198200CF0CDF9AFF2F8
:10C270005C219F200CF0C8F90420F4F79EF88A484E
:10C2800000780421894B683B0022CDE9001003218E
:10C290008520F3F719FE864800780421834B663B1E
:10C2A0000022CDE9001003219520F3F70DFE81480F
:10C2B000007804217D4B643B0022CDE9001003216E
:10C2C0008D20F3F701FE7C4800780421774B623B18
:10C2D0000022CDE9001003219D20F3F7F5FD002099
:10C2E00076490870F5F714FA1CBD1CB56F48703814
:10C2F000008A20B16D487038008A022868D15848F9
:10C30000008858490988884229D0564800885449ED
:10C310000880F3F7E4FC7EA180200CF075F9AFF201
:10C320000C3187200CF070F97EA190200CF06CF994
:10C33000AFF2203197200CF067F97FA188200CF034
:10C3400063F9AFF230318F200CF05EF97FA19820B5
:10C350000CF05AF9AFF244319F200CF055F904204B
:10C36000F4F72BF8504800780421504B543B00223E
:10C37000CDE9001003218520F3F7A6FD4C48007895
:10C3800004214A4B523B0022CDE9001003219520A5
:10C39000F3F79AFD474800780421444B423B0022C2
:10C3A000CDE9001003218D20F3F78EFD424800787F
:10C3B00004213E4B403B0022CDE9001003219D208B
:10C3C000F3F782FD00203D490870F5F7A1F921E15E
:10C3D0002348008823490988884229D021480088B9
:10C3E0001F490880F3F77BFC5DA180200CF00CF95D
:10C3F000AFF2E03187200CF007F95EA190200CF03D
:10C4000003F9AFF2F03197200CF0FEF85EA188201E
:10C410000CF0FAF8AFF204418F200CF0F5F85FA1B0
:10C4200098200CF0F1F8AFF214419F200CF0ECF8DA
:10C430000420F3F7C2FF1C480078B9E04A0000204E
:10C440006C010020521500204E00002064140020D2
:10C450005E030020630100206601002062010020CD
:10C460004403002042030020D0DEB8C44C6F526168
:10C4700000000000BBD6B8B44C6F52610000000051
:10C48000D6F7B4D3BBFAC9E8B6A8202020202020D4
:10C4900000000000B1BEBBFAB5D8D6B720202020DE
:10C4A0002020202000000000490300208E160020DC
:10C4B0004A0300204B0300204C03002069030020A6
:10C4C000B4D3BBFA3120B5D8D6B720202020202005
:10C4D00000000000B4D3BBFA3220B5D8D6B7202074
:10C4E0002020202000000000B4D3BBFA3320B5D8B0
:10C4F000D6B720202020202000000000B4D3BBFAB3
:10C500003420B5D8D6B720202020202000000000FD
:10C51000B4D3BBFA3520B5D8D6B7202020202020B0
:10C5200000000000B4D3BBFA3620B5D8D6B720201F
:10C530002020202000000000B4D3BBFA3720B5D85B
:10C54000D6B720202020202000000000B4D3BBFA62
:10C550003820B5D8D6B720202020202000000000A9
:10C560004C6F5261CEBBBFD8D6C6202020202020E1
:10C570000000000047707273CEBBBFD8D6C6202023
:10C580002020202000000000B7A2C9E4B2E2CAD4F3
:10C59000312020202020202000000000B7A2C9E484
:10C5A000B2E2CAD432202020202020200000000047
:10C5B0000421FE4B0022CDE9001003218520F3F772
:10C5C00083FCFB4800780421F84B9B1C0022CDE93A
:10C5D000001003219520F3F777FCF648007804213A
:10C5E000F24B1B1D0022CDE9001003218D20F3F733
:10C5F0006BFCF14800780421EC4B9B1D0022CDE937
:10C60000001003219D20F3F75FFC0020EB49087028
:10C61000F5F77EF81CBD1CB5E4482038008A20B12F
:10C62000E2482038008A02286BD1E5480088E549B5
:10C63000098888422DD0E3480088E1490880F3F753
:10C640004EFBAFF2E40180200BF0DEFFAFF23C6165
:10C6500087200BF0D9FFAFF2E40190200BF0D4FF5C
:10C66000AFF2506197200BF0CFFFAFF2E4018820CA
:10C670000BF0CAFFAFF264618F200BF0C5FFAFF281
:10C68000E40198200BF0C0FFAFF278619F200BF01F
:10C69000BBFF0420F3F791FECB4800780421C34B85
:10C6A0000022CDE9001003218520F3F70DFCC048DE
:10C6B00000780421BD4B9B1C0022CDE90010032112
:10C6C0009520F3F701FCBB4800780421B74B1B1DF4
:10C6D0000022CDE9001003218D20F3F7F5FBB648C9
:10C6E00000780421B14B9B1D0022CDE900100321ED
:10C6F0009D20F3F7E9FB0020B0490870F5F708F832
:10C7000066E0AF480088AF490988884228D0AD4824
:10C710000088AB490880F3F7E2FAACA180200BF067
:10C7200073FFADA187200BF06FFFACA190200BF041
:10C730006BFFAFF2207197200BF066FFAAA1882053
:10C740000BF062FFAFF234718F200BF05DFFA9A1F7
:10C7500098200BF059FFAFF244719F200BF054FF6B
:10C760000420F3F72AFE9848007804218F4B2833E1
:10C770000022CDE9001005218420F3F7A5FB8C48A9
:10C7800000780421894B2A330022CDE900100521CD
:10C790009420F3F799FB874800780421834B2C33CE
:10C7A0000022CDE9001005218C20F3F78DFB824893
:10C7B000007804217D4B2E330022CDE900100521A5
:10C7C0009C20F3F781FB00207C490870F4F7A0FF60
:10C7D0001CBD1CB575482038008A20B1734820382C
:10C7E000008A022867D176480088764909888842FD
:10C7F00028D07448008872490880F3F770FA73A152
:10C8000080200BF001FF74A187200BF0FDFE73A1C7
:10C8100090200BF0F9FEAFF6040197200BF0F4FE28
:10C8200071A188200BF0F0FEAFF618018F200BF0FD
:10C83000EBFE70A198200BF0E7FEAFF628019F20D9
:10C840000BF0E2FE0420F3F7B8FD5F480078042106
:10C85000564B28330022CDE9001005218420F3F740
:10C8600033FB534800780421504B2A330022CDE992
:10C87000001005219420F3F727FB4E48007804218F
:10C880004A4B2C330022CDE9001005218C20F3F710
:10C890001BFB494800780421444B2E330022CDE98C
:10C8A000001005219C20F3F70FFB0020434908707E
:10C8B000F4F72EFF67E04248008842490988884221
:10C8C00029D0404800883E490880F3F708FA4CA177
:10C8D00080200BF099FEAFF6C40187200BF094FE88
:10C8E0004AA190200BF090FEAFF6D80197200BF0F4
:10C8F0008BFE49A188200BF087FEAFF6E8018F2060
:10C900000BF082FE47A198200BF07EFEAFF6FC01F3
:10C910009F200BF079FE0420F3F74FFD2A480078A2
:10C920000421224B30330022CDE900100521842060
:10C93000F3F7CAFA1E48007804211C4B3233002258
:10C94000CDE9001005219420F3F7BEFA19480078CC
:10C950000421164B34330022CDE9001005218C2030
:10C96000F3F7B2FA144800780421104B3633002252
:10C97000CDE9001005219C20F3F7A6FA00200F490D
:10C980000870F4F7C5FE1CBD1CB508482038008AA5
:10C9900000287CD10A4800880A490988884269D061
:10C9A000084800880649088042E000003E16002042
:10C9B0004A0300204B0300204C03002069030020A1
:10C9C0004403002042030020490300204C6F5261C1
:10C9D000C6B5C2CA00000000204D00004C6F526175
:10C9E000B9A6C2CA000000004C6F5261B4F8BFED96
:10C9F00000000000B1C8C0FDD2F2D7D30000000093
:10CA0000B4EDCEF3B1E0C2EB000000004372634F1F
:10CA10006E20202000000000D2FECABDB1A8CDB714
:10CA200000000000BDD3CAD5B5A5B8F600000000CF
:10CA3000F3F755F9F5A180200BF0E6FDF7A187206B
:10CA40000BF0E2FDF6A190200BF0DEFDF3A19720A4
:10CA50000BF0DAFDF6A188200BF0D6FDF8A18F20AF
:10CA60000BF0D2FDF7A198200BF0CEFDEAA19F209C
:10CA70000BF0CAFD0220F3F7A0FCF7480078042170
:10CA8000F64B0022CDE900100521842000E01EE0D5
:10CA9000F3F71AFAF24800780421F04B9B1C0022AD
:10CAA000CDE9001005219420F3F70EFA00200521AE
:10CAB000EA4B26330222CDE9001004218C20F3F743
:10CAC00003FA0020E7490870F4F722FECAE0E348C1
:10CAD0005E38008A012858D1E3480088E349098874
:10CAE000884225D0E1480088DF490880F3F7F7F84D
:10CAF000DFA180200BF088FDC7A187200BF084FD0B
:10CB0000DEA190200BF080FDC3A197200BF07CFDEF
:10CB1000DDA188200BF078FDBFA18F200BF074FD04
:10CB2000DC4998200BF070FDBBA19F200BF06CFD41
:10CB30000320F3F742FCC84800780421C74B9B1F31
:10CB40000022CDE9001003218520F3F7BDF9C44888
:10CB500000780421C14B1B1F0022CDE900100321E6
:10CB60009520F3F7B1F9CC4800780421BB4B9B1E0C
:10CB70000022CDE9001003218D20F3F7A5F9002054
:10CB8000B8490870F4F7C4FD6CE0B4485E38008A18
:10CB9000022867D1B4480088B4490988884229D05E
:10CBA000B2480088B0490880F3F799F8AFF2B011A5
:10CBB00080200BF029FD98A187200BF025FDAFF216
:10CBC000B41190200BF020FD93A197200BF01CFDD9
:10CBD000AFF2BC1188200BF017FD8FA18F200BF056
:10CBE00013FDAFF2C01198200BF00EFD8AA19F201B
:10CBF0000BF00AFD0420F3F7E0FB974800780421CE
:10CC0000964B0E3B0022CDE9001005218420F3F75E
:10CC10005BF9934800780421904B0C3B0022CDE94E
:10CC2000001005219420F3F74FF99B480078042168
:10CC30008A4B0A3B0022CDE9001005218C20F3F736
:10CC400043F9964800780421844B083B0022CDE943
:10CC5000001005219C20F3F737F900208149087066
:10CC6000F4F756FD1CBD1CB57F4800887F49098834
:10CC7000884221D07D4800887B490880F3F72FF84F
:10CC800087A180200BF0C0FC89A187200BF0BCFCA1
:10CC900088A190200BF0B8FC5FA197200BF0B4FCAA
:10CCA00088A188200BF0B0FC5BA18F200BF0ACFCBE
:10CCB00088A198200BF0A8FC0320F3F77EFB6648C0
:10CCC00000780421654B5E3B0022CDE90010052170
:10CCD0008420F3F7F9F86248007804215F4B5C3B4D
:10CCE0000022CDE9001001219420F3F7EDF86A4805
:10CCF00000780521594B4E3B0022CDE9001001215F
:10CD00008C20F3F7E1F8002056490870F4F700FD95
:10CD10001CBD1CB55448008854490988884228D055
:10CD20005248008850490880F2F7D9FF59494C31E0
:10CD300080200BF069FC38A187200BF065FC554979
:10CD4000583190200BF060FC33A197200BF05CFC75
:10CD50005049583188200BF057FC2FA18F200BF041
:10CD600053FC4C4998200BF04FFC2BA19F200BF05B
:10CD70004BFC0020F3F721FB00200521374B323319
:10CD80000222CDE900108420F3F79EF80020012153
:10CD9000324B34330246CDE9001005219420F3F7DD
:10CDA00093F8002001212D4B36330246CDE90010C7
:10CDB00005218C20F3F788F800202A490870F4F741
:10CDC000A7FC1CBD70B504460D46F3F75DF8254879
:10CDD0000078022807D1294620460BF02DFC4FF49D
:10CDE0007A700BF04FF970BD70B504460D46F3F73D
:10CDF0004BF81C480078022807D1294620460BF042
:10CE000003FC4FF47A700BF03DF970BDB7A2CBCDA7
:10CE1000B3ACCAB120202020202000006D73000098
:10CE2000BDD3CAD5B3ACCAB1202020202020000039
:10CE3000BFD5D6D0CBD9C2CA2020202020200000C8
:10CE40006B62000020202020202020202020202095
:10CE50002020202020000000490300207C16002014
:10CE60004A030020690300204403002042030020FD
:10CE700046726571486F704F6E200000486F7050A9
:10CE80006572696F642000005061794C6F61644C79
:10CE9000656E0000EC1502084B0300204C030020D7
:10CEA000D6D8C6F4BCE4B8F420202020202000000E
:10CEB000B7D60000BFD8D6C6D0C5CFA2202020202C
:10CEC00020200000C9E8B1B8C0E0D0CD202020204B
:10CED00020200000303DCBABC7FD313DB1E4C6B5ED
:10CEE000323DB8DFD1B9000010B5FE480088FE49D8
:10CEF0000988884229D0FC480088FA490880F2F75E
:10CF0000EEFEFAA180200BF07FFBAFF2F401872048
:10CF10000BF07AFBFAA190200BF076FBAFF2081130
:10CF200097200BF071FBFBA188200BF06DFBAFF29B
:10CF300018118F200BF068FBFBA198200BF064FB0D
:10CF4000AFF22C119F200BF05FFB0020F3F735FAB6
:10CF5000FA480078F8B9FA499220FFF745FFF848F7
:10CF6000223890F848109820FFF72CFFF448223818
:10CF700090F849109A20FFF725FFF148223890F8E1
:10CF80004A109C20FFF71EFFED48223890F84B1006
:10CF90009E20FFF717FF0020EA490870F4F7B8FB5E
:10CFA00010BD10B5CF480088CF490988884229D0E4
:10CFB000CD480088CB490880F2F791FEE2A180209D
:10CFC0000BF022FBAFF2B01187200BF01DFBD6A1B6
:10CFD00090200BF019FBAFF2C01197200BF014FB5F
:10CFE000D1A188200BF010FBAFF2D4118F200BF0F1
:10CFF0000BFBCDA198200BF007FBAFF2E4119F20B3
:10D000000BF002FB0020F3F7D8F9CC480078002899
:10D0100053D1CB48223890F84C109020FFF7D2FE25
:10D02000C748223890F84D109220FFF7CBFEC44835
:10D03000223890F84E109420FFF7C4FEC0482238E2
:10D0400090F84F109620FFF7BDFEBD48223890F8AB
:10D0500050108820FFF7B6FEB948223890F85110DA
:10D060008A20FFF7AFFEB648223890F852108C2085
:10D07000FFF7A8FEB248223890F853108E20FFF731
:10D08000A1FEAF48223890F854109820FFF79AFE7E
:10D09000AB48223890F855109A20FFF793FEA84825
:10D0A000223890F856109C20FFF78CFEA4482238B6
:10D0B00090F857109E20FFF785FE0020A1490870C8
:10D0C000F4F726FB10BD10B586480088864909880C
:10D0D000884229D08448008882490880F2F7FFFD01
:10D0E0009EA180200BF090FAAFF2D42187200BF0A4
:10D0F0008BFA9F4990200BF087FAAFF2E42197203A
:10D100000BF082FA9A4988200BF07EFAAFF2F821F0
:10D110008F200BF079FA964998200BF075FAAFF250
:10D1200008319F200BF070FA0020F3F746F983488E
:10D13000007898BB8248223890F85900804A223AF9
:10D1400092F8582000EB02219120FFF73BFE7C482B
:10D15000223890F85B007A4A223A92F85A2000EB83
:10D1600002219520FFF72EFE7548223890F85D00C9
:10D17000734A223A92F85C2000EB02218920FFF7E3
:10D1800021FE6F48223890F85F006D4A223A92F8EB
:10D190005E2000EB02218D20FFF714FE002069497C
:10D1A0000870F4F7B5FA10BD1CB54E4800884E491A
:10D1B0000988884223D04C4800884A490880F2F701
:10D1C0008EFD6CA180200BF01FFA694990200BF0B6
:10D1D0001BFA6D4995200BF017FA6CA188200BF013
:10D1E00013FAAFF2CC318F200BF00EFA6AA198201F
:10D1F0000BF00AFAAFF2E0319F200BF005FA0020A5
:10D20000F3F7DBF84D480078D8B94D48223890F84C
:10D2100068109120FFF7D6FD4948223890F8691030
:10D220009220FFF7CFFD4648223890F86A109320ED
:10D23000FFF7C8FD4248223890F86B109420FFF7A2
:10D24000C1FD00200521574B0246CDE900108C207E
:10D25000F2F73AFE00200521524B9B1F0246CDE912
:10D2600000109C20F2F730FE002036490870F4F7D9
:10D270004FFA1CBD10B54B488038008A00281ED1DB
:10D280001848008818490988884215D0164800882F
:10D2900014490880F2F723FD354980200BF0B4F9DA
:10D2A000334990200BF0B0F93FA188200BF0ACF986
:10D2B0002F4998200BF0A8F9F4F72AFAB4E039487E
:10D2C0008038008A012879D10648008806490988F3
:10D2D000884274D00448008802490880F2F7FFFCB5
:10D2E00023496DE044030020420300202020202039
:10D2F00044545520B2CECAFD20202020000000005A
:10D3000049443A20202020202020202020202020B6
:10D31000000000004950313A202020202020202009
:10D3200020202020000000002020202E2020202E61
:10D330002020202E20202020000000003F0300207D
:10D3400070180020690300204950322D4950343AAA
:10D35000202020202020202000000000B6CBBFDAB3
:10D36000312DB6CBBFDA343A202020200000000057
:10D37000EC150208CBC4C2B7D0ADD2E95544502E4B
:10D380005443503A0000000058B60208D0C5BAC550
:10D39000C7BFB6C800000000586D6F64656DCFEE62
:10D3A000000000009E16002020202031BAC5B8DF02
:10D3B000C6B5CBABC7FD20200000000012E00EE098
:10D3C00080200BF021F9FE4990200BF01DF9FDA102
:10D3D00088200BF019F9FA4998200BF015F9F4F7A9
:10D3E00097F921E0FC48008A02281DD1FB480088FB
:10D3F000FB490988884215D0F9480088F749088018
:10D40000F2F76DFCEE4980200BF0FEF8EC4990201D
:10D410000BF0FAF8F3A188200BF0F6F8E849982011
:10D420000BF0F2F8F4F774F910BD1CB5EB48008866
:10D43000EB490988884227D0E9480088E7490880F5
:10D44000F2F74DFCEC4980200BF0DEF8EBA18720D1
:10D450000BF0DAF8EA4990200BF0D6F8E9A1972012
:10D460000BF0D2F8E6490C3188200BF0CDF8E6A19C
:10D470008F200BF0C9F8E2491C3198200BF0C4F85A
:10D48000E2A19F200BF0C0F80020F2F796FF0020E9
:10D490000521D14BB2330122CDE9001004218420B3
:10D4A000F2F712FD00200521CB4BB6330246CDE941
:10D4B00000109420F2F708FDC748808D01280BD199
:10D4C00000200521C44BB4330122CDE90010042112
:10D4D0008C20F2F7F9FC0EE0BF48808D02280AD1BB
:10D4E00000200521BC4BB4330222CDE900100421F9
:10D4F0008C20F2F7E9FC00200521B74BB83301225C
:10D50000CDE9001004219C20F2F7DEFC0020C04988
:10D510000870F4F7FDF81CBD1CB5AF48008A002860
:10D5200069D1AE480088AE49098888422FD0AC48FE
:10D530000088AA490880F2F7D2FBB6A180200BF040
:10D5400063F8B0A187200BF05FF8B5A190200BF035
:10D550005BF8ADA197200BF057F8B4A188200BF031
:10D5600053F8AFF24C718F200BF04EF8B2480078B0
:10D5700048B9B2A198200BF047F8AFF264719F2030
:10D580000BF042F803E0B0A198200BF03DF800202A
:10D59000F2F713FF00200521B04B0122CDE9001066
:10D5A00004218420F2F790FC00200521AB4B0C33C2
:10D5B0000222CDE9001006219320F2F785FC00201D
:10D5C0000521A74B0246CDE900108D20F2F77CFC27
:10D5D0009948007848B900200521A04B083302463D
:10D5E000CDE900109D20F2F76FFC002088490870FB
:10D5F000F4F78EF85FE17848008A01287ED17748F9
:10D6000000887749098888422CD07548008873497A
:10D610000880F2F764FB93A180200AF0F5FFAFF6D3
:10D62000080187200AF0F0FFAFF6140190200AF0FD
:10D63000EBFFAFF61C0197200AF0E6FFAFF62801DA
:10D6400088200AF0E1FFAFF630018F200AF0DCFFFE
:10D65000AFF63C0198200AF0D7FFAFF644019F20B7
:10D660000AF0D2FF0020F2F7A8FE002005217C4B33
:10D6700024330246CDE900108120F2F725FC00207A
:10D680000521774B26330246CDE900108420F2F7BE
:10D690001BFC00200521724B28330246CDE9001007
:10D6A0009120F2F711FC002005216D4B2A33024630
:10D6B000CDE900109420F2F707FC00200521684B0B
:10D6C0002C330246CDE900108920F2F7FDFB002043
:10D6D0000521634B2E330246CDE900108C20F2F772
:10D6E000F3FB002005215E4B30330246CDE90010EC
:10D6F0009920F2F7E9FB0020052100E00DE0584BEE
:10D7000032330246CDE900109C20F2F7DDFB002009
:10D710003F490870F3F7FCFFCDE02F48008A02284C
:10D72000FAD12E4800882E490988884225D02C48F5
:10D7300000882A490880F2F7D2FA4BA180200AF02B
:10D7400063FF2EA187200AF05FFF4AA190200AF014
:10D750005BFF2CA197200AF057FF49A188200AF00F
:10D7600053FF28A18F200AF04FFF48A198200AF00C
:10D770004BFF24A19F200AF047FF0020F2F71DFE77
:10D7800000200521444B0122CDE900100421842012
:10D79000F2F79AFB002005213F4B0E3B0246CDE9F4
:10D7A00000109420F2F790FB002005213A4B0C3B2F
:10D7B0000246CDE900108C20F2F786FB00206DE0D8
:10D7C000EC15020820202031BAC5B1E4C6B5B5E792
:10D7D000BBFA2020000000001E1600204403002099
:10D7E0004203002020202031BAC5B8DFD1B9B5E707
:10D7F000BBFA202000000000D47B0208487A000019
:10D80000B80902082056000020410000B6C80000F8
:10D810006903002041427E20B5E7D1B90000000035
:10D82000417EB5E7C1F72020000000004C6F526137
:10D83000BCC6CAFDC6F7000027030020444E4220A4
:10D84000BCC6CAFDC6F700003123B1C34C6F52619C
:10D85000CDA8D1B6D2ECB3A3000000008A190020F5
:10D860007217002031200000B5E7BBFAC6B5C2CA66
:10D8700000000000CFDFB5E7D1B931320000000071
:10D88000CFDFB5E7D1B9323300000000CFDFB5E715
:10D89000D1B9333100000000501000200521FE4BAB
:10D8A0000246CDE900109C20F2F70EFB0020FB4958
:10D8B0000870F3F72DFF1CBD1CB5F948008A00283D
:10D8C0007ED1F8480088F8490988884229D0F6486E
:10D8D0000088F4490880F2F702FAF4A180200AF0E7
:10D8E00093FEAFF6CC2187200AF08EFEF2A19020A5
:10D8F0000AF08AFEAFF6E02197200AF085FEF2A139
:10D9000088200AF081FEAFF6F0218F200AF07CFE1D
:10D91000F14998200AF078FEAFF604319F200AF012
:10D9200073FE0120F2F749FD00200521EB4B024672
:10D93000CDE900108520F2F7C7FA00200521E84B59
:10D940000246CDE900109520F2F7BEFAE5480078CE
:10D950000521E34B163B0022CDE900108D20F2F7A4
:10D96000B3FAE148007840BBDC482638B0F85205ED
:10D97000DA492639B1F85C1588421ED0D7482638D6
:10D98000B0F85205012805DD0020D4492639A1F858
:10D99000520512E0D1482638B0F85205CF49263951
:10D9A000A1F85C050F20A1F866050846B0F85205FD
:10D9B000A1F868050120CC4908700020B74900E0B3
:10D9C00003E00870F3F7A4FEF6E0B548008A0128EA
:10D9D0007ED1B4480088B449098888422CD0B24826
:10D9E0000088B0490880F2F77AF9C0A180200AF0D7
:10D9F0000BFEAFF6DC3187200AF006FEAFF6E83109
:10DA000090200AF001FEAFF6F03197200AF0FCFDFD
:10DA1000AFF6FC3188200AF0F7FDAFF604418F2005
:10DA20000AF0F2FDAFF6104198200AF0EDFDAFF6D6
:10DA300018419F200AF0E8FD0020F2F7BEFC00200C
:10DA40000521AB4B0246CDE900108120F2F73CFAEC
:10DA500000200521A64B9B1C0246CDE90010842026
:10DA6000F2F732FA00200521A14B1B1D0246CDE939
:10DA700000109120F2F728FA002005219C4B9B1DF5
:10DA80000246CDE900109420F2F71EFA002005218D
:10DA9000974B08330246CDE900108920F2F714FABB
:10DAA00000200521924B0A330246CDE900108C205C
:10DAB000F2F70AFA002005218D4B0C330246CDE91E
:10DAC00000109920F2F700FA00200521884B00E0B1
:10DAD0000CE00E330246CDE900109C20F2F7F4F979
:10DAE00000206E490870F3F713FE65E06C48008A69
:10DAF000022861D16B4800886B490988884228D088
:10DB00006948008867490880F2F7E9F879A1802020
:10DB10000AF07AFDAFF2103187200AF075FD78A186
:10DB200090200AF071FDAFF2203197200AF06CFDD1
:10DB300076A188200AF068FDAFF234318F200AF018
:10DB400063FD75A198200AF05FFD76A19F200AF081
:10DB50005BFD0020F2F731FC002005214E4B9B1CA1
:10DB60000122CDE9001004218420F2F7ADF9002054
:10DB70000521494B1B1D0122CDE9001004219420F1
:10DB8000F2F7A2F900200521434B9B1D0122CDE9AC
:10DB9000001004218C20F2F797F9002005213E4B5C
:10DBA00008330246CDE900109C20F2F78DF90020E1
:10DBB0003A490870F3F7ACFD1CBD1CB53948008824
:10DBC00039490988884224D0374800883549088077
:10DBD000F2F785F854A180200AF016FDAFF6C8517F
:10DBE00087200AF011FD53A190200AF00DFDAFF639
:10DBF000D85197200AF008FD514988200AF004FD09
:10DC0000AFF6EC518F200AF0FFFC334998200AF060
:10DC1000FBFC0020F2F7D1FB00200521204BBA339A
:10DC20000246CDE900108420F2F74EF900200521CC
:10DC30001B4BB0330222CDE9001004219420F2F7EF
:10DC400043F900200521164BC2330246CDE90010EE
:10DC50008C20F2F739F9002010490870F3F758FDCD
:10DC60001CBD2DE9FC4100270024002500260C489E
:10DC7000008A002868D10B4800880B49098888422F
:10DC80007ED00948008807490880F2F728F82D4916
:10DC900080200AF0B9FC58E04610002069030020FB
:10DCA0001E160020440300204203002032323020A0
:10DCB000BCC6CAFDC6F70000D4B6B3CCCAFDBEDDF3
:10DCC0002020202000000000B0B4BCFCC6F4CDA38E
:10DCD0002020202000000000EC15020894190020EC
:10DCE000D61E0020490300206100002032200000E1
:10DCF000A61700202041CFE0B5E7C1F700000000E3
:10DD00002042CFE0B5E7C1F7000000002043CFE09C
:10DD1000B5E7C1F700000000D3D0B9A6B9A6C2CAC2
:10DD2000000000006B570000B4EDCEF3C2EB3120D1
:10DD300000000000C8EDBCFEB0E6B1BE000000006F
:10DD4000E88902087005020854E0FEA187200AF065
:10DD50005BFCFD4990200AF057FCFAA197200AF0DD
:10DD600053FCF9490C3188200AF04EFCF5A18F20B4
:10DD70000AF04AFCF449183198200AF045FC00E00A
:10DD800004E0AFF288519F200AF03EFC0020F2F739
:10DD900014FB00200521ED4B0322CDE900100421E6
:10DDA0008420F2F791F800200521E84B9B1C032208
:10DDB000CDE9001004219420F2F786F80020052117
:10DDC000E24B08330322CDE9001004218C20F2F746
:10DDD0007BF800200521DD4B9B1E0122CDE90010C0
:10DDE00004219C20F2F770F80020D9490870F3F75D
:10DDF0008FFC33E1D748008A01287DD1D6480088BE
:10DE0000D649098888422CD0D4480088D249088055
:10DE1000F1F765FFD2A180200AF0F6FBAFF6F471AE
:10DE200087200AF0F1FBAFF6FC7190200AF0ECFBC2
:10DE3000AFF6F87197200AF0E7FBAFF690718820F3
:10DE40000AF0E2FBAFF69C718F200AF0DDFBAFF623
:10DE5000A47198200AF0D8FBAFF6B0719F200AF0A9
:10DE6000D3FB0020F2F7A9FA00200521BD4B0246A2
:10DE7000CDE900108120F2F727F800200521B94BE9
:10DE80009B1C0246CDE900108420F2F71DF800200B
:10DE90000521B44B1B1D0246CDE900109120F2F77D
:10DEA00013F800200521AF4B9B1D0246CDE9001061
:10DEB0009420F2F709F800200521AA4B0833024606
:10DEC000CDE900108920F1F7FFFF00200521A54BC7
:10DED0000A330246CDE900108C20F1F7F5FF00204F
:10DEE0000521A04B0C330246CDE900109920F1F733
:10DEF000EBFF0020052100E00DE09A4B0E330246B7
:10DF0000CDE900109C20F1F7DFFF00209049087058
:10DF1000F3F7FEFBA2E08F48008A0228FAD18E4870
:10DF200000888E490988884225D08C4800888A4913
:10DF30000880F1F7D4FE8CA180200AF065FB8DA14A
:10DF400087200AF061FB8CA190200AF05DFB89A17B
:10DF500097200AF059FB8BA188200AF055FB85A178
:10DF60008F200AF051FB8AA198200AF04DFB81A175
:10DF70009F200AF049FB0020F2F71FFA8748B0F80B
:10DF8000DC0342F21071884207DB8448B0F8DC03FE
:10DF9000401A8249A1F8DC030A278048B0F8DE0362
:10DFA00042F21071884207DB7C48B0F8DE03401A69
:10DFB0007A49A1F8DE030A247848B0F8E00342F277
:10DFC0001071884207DB7548B0F8E003401A7349C6
:10DFD000A1F8E0030A257148B0F8E20342F210719B
:10DFE000884207DB6D48B0F8E203401A6B49A1F89C
:10DFF000E2030A260021781DC0B2694B0122CDE957
:10E00000000104218420F1F75FFF0021601DC0B2F0
:10E01000634B9B1C0122CDE9000104219420F1F700
:10E0200053FF0021681DC0B25D4B1B1D0122CDE9CD
:10E03000000104218C20F1F747FF0021701DC0B2C0
:10E04000574B9B1D0122CDE9000104219C20F1F7D3
:10E050003BFF00203E490870F3F75AFBBDE8FC8106
:10E060001CB53D4800883D490988884223D03B487B
:10E07000008839490880F1F732FE33491039802091
:10E080000AF0C2FA2FA187200AF0BEFA2E4990208A
:10E090000AF0BAFA2BA197200AF0B6FA2A490C31F5
:10E0A00088200AF0B1FA27A18F200AF0ADFA3D4985
:10E0B00098200AF0A9FA0020F2F77FF90020052144
:10E0C000284B983B0322CDE9001004218420F1F76E
:10E0D000FBFE00200521234B963B0322CDE90010D7
:10E0E00004219420F1F7F0FE002005211D4B943B04
:10E0F0000322CDE9001004218C20F1F7E5FE002079
:10E1000013490870F3F704FB1CBD2DE9FC410027FF
:10E110000024002500260F48008A00287ED10E48E2
:10E1200000880E49098888425BD00C4800880A495B
:10E130000880F1F7D4FD0CA180200AF065FA0DA14A
:10E14000872031E04D70000080050208A6190020EC
:10E15000690300201E160020440300204203002013
:10E1600033200000B6170020CEC2B6C8B1ED312072
:10E1700000000000A1E60000CEC2B6C8B1ED32201A
:10E1800000000000CEC2B6C8B1ED33200000000090
:10E19000CEC2B6C8B1ED3420000000005A0C0020F9
:10E1A00036100020EC1502080AF02EFAAFF2380102
:10E1B00090200AF029FAAFF2440197200AF024FADD
:10E1C000AFF2904188200AF01FFAFEA18F200AF0DA
:10E1D0001BFAFD4998200AF017FAFAA19F200AF0CD
:10E1E00013FA0020F2F7E9F8F848B0F83C0542F2DB
:10E1F0001071884207DBF548B0F83C05401AF34936
:10E20000A1F83C050A27F148B0F83E0542F210712A
:10E21000884209DBED48B0F83E0500E02CE0401AEA
:10E22000EA49A1F83E050A240021781DC0B2E84B56
:10E230000122CDE9000104218420F1F745FE0021EF
:10E24000601DC0B2E24B9B1C0122CDE900010421FC
:10E250009420F1F739FE00200521DC4B0E33022219
:10E26000CDE9001004218C20F1F72EFE0020D949C1
:10E270000870F3F74DFAD7E0D748008A01284FD14C
:10E28000D6480088D6490988884222D0D4480088D8
:10E29000D2490880F1F723FDD2A180200AF0B4F919
:10E2A000C8A187200AF0B0F9D3A190200AF0ACF9F8
:10E2B000C4A197200AF0A8F9D44988200AF0A4F94B
:10E2C000AFF2A0518F200AF09FF9BF4998200AF0C1
:10E2D0009BF90020F2F771F800200521CC4B024693
:10E2E000CDE900108420F1F7EFFD00200521C84B97
:10E2F0009B1C0246CDE900109420F1F7E5FD0020BB
:10E300000521C34B1B1D0122CDE9001004218C20E7
:10E31000F1F7DAFD0020AF490870F3F7F9F983E06F
:10E32000AD48008A02287FD1AC480088AC490988F2
:10E33000884228D0AA480088A8490880F1F7CFFC75
:10E34000B4A180200AF060F9AFF2D81187200AF05A
:10E350005BF9B3A190200AF057F9AFF2E8119720CA
:10E360000AF052F9AFF2346188200AF04DF995A114
:10E370008F200AF049F9AD4998200AF045F991A19A
:10E380009F200AF041F90020F2F717F8A848B0F8EA
:10E39000E40342F21071884207DBA548B0F8E403B9
:10E3A000401AA349A1F8E4030A25A148B0F8E603FE
:10E3B00042F21071884207DB9D48B0F8E603401A2C
:10E3C0009B49A1F8E6030A260021681DC0B2994BBB
:10E3D0000122CDE9000104218420F1F775FD00211F
:10E3E000701DC0B2934B9B1C0122CDE9000104219A
:10E3F0009420F1F769FD002005218F4B0222CDE921
:10E40000001004218C20F1F75FFD002005218A4BCC
:10E410009B1C0246CDE900109C20F1F755FD002021
:10E420006C490870F3F774F9BDE8FC8110B56A48CF
:10E43000008A00281ED169480088694909888842F5
:10E4400015D06748008865490880F1F748FC5E49A7
:10E4500080200AF0D9F85C4990200AF0D5F877A11D
:10E4600088200AF0D1F8584998200AF0CDF8F3F73F
:10E470004FF944E05848008A01281ED157480088C7
:10E4800057490988884215D0554800885349088063
:10E49000F1F725FC4C4980200AF0B6F84A49902053
:10E4A0000AF0B2F86AA188200AF0AEF8464998202E
:10E4B0000AF0AAF8F3F72CF921E04748008A02286D
:10E4C0001DD14648008846490988884215D04448ED
:10E4D000008842490880F1F702FC3B4980200AF09D
:10E4E00093F8394990200AF08FF85EA188200AF04D
:10E4F0008BF8354998200AF087F8F3F709F910BD31
:10E500001CB53548008A00285AD13448008834495F
:10E510000988884233D03248008830490880F1F7B2
:10E52000DEFBAFF6105180200AF06EF8AFF62C51EA
:10E5300087200AF069F8AFF6185190200AF064F8C5
:10E54000AFF63C5197200AF05FF8AFF620518820D3
:10E550000AF05AF81BA18F200AF056F846480078B6
:10E5600048B9AFF6285198200AF04EF815A19F201F
:10E570000AF04AF803E041A198200AF045F800208B
:10E58000F1F71BFF00200521104B6C330122CDE970
:10E59000001004218420F1F797FC002005210B4B8B
:10E5A00078330222CDE9001006219320F1F78CFC8C
:10E5B00000200521164B50330246CDE9001067E0DC
:10E5C0007BE0000020200000EC1502086E190020FE
:10E5D000AA1E0020690300201E160020440300200C
:10E5E00042030020B9A9CBAED7B4CCAC2020202068
:10E5F0002020202000000000CDA3BBFAD4ADD2F231
:10E60000202020202020202000000000D4B6020876
:10E6100024170020CEC2B6C8B1ED3520000000009E
:10E62000CEC2B6C8B1ED362000000000E88902086D
:10E630005A0C00203E100020B20E00202020203274
:10E64000BAC5B8DFC6B5CBABC7FD202000000000BF
:10E6500020202032BAC5B1E4C6B5B5E7BBFA202008
:10E660000000000020202032BAC5B8DFD1B9B5E7DC
:10E67000BBFA202000000000280300203223B1C391
:10E680004C6F5261CDA8D1B6D2ECB3A3000000000C
:10E690008D20F1F719FCFE48007840B900200521D3
:10E6A000FC4B0246CDE900109D20F1F70DFC002047
:10E6B000F9490870F3F72CF8E4E0F848008A0128DB
:10E6C0007AD1F7480088F749098888422BD0F54865
:10E6D0000088F3490880F1F702FBF349802009F034
:10E6E00093FFAFF6E861872009F08EFFEF49902095
:10E6F00009F08AFFAFF6F461972009F085FFEB4936
:10E700000C31882009F080FFAFF604718F2009F0EA
:10E710007BFFE6491C31982009F076FFAFF61471B3
:10E720009F2009F071FF0020F1F747FE002005212E
:10E73000DA4BC6330122CDE9001004218420F1F721
:10E74000C3FB00200521D54BCA330246CDE900109A
:10E750009420F1F7B9FBD148808D01280BD100201E
:10E760000521CE4BC8330122CDE9001004218C20B5
:10E77000F1F7AAFB0EE0C948808D02280AD10020DB
:10E780000521C64BC8330222CDE9001004218C209C
:10E79000F1F79AFB00200521C04BCC330122CDE9D3
:10E7A000001004219C20F1F78FFB0020BA4908706B
:10E7B000F2F7AEFF66E0FFE7B848008A022861D1B1
:10E7C000B7480088B749098888422BD0B5480088E7
:10E7D000B3490880F1F783FAAFF67471802009F02D
:10E7E00013FFAFF6E871872009F00EFFAFF67C71DA
:10E7F000902009F009FFAFF6F471972009F004FFAB
:10E80000AFF68471882009F0FFFEA9A18F2009F0DE
:10E81000FBFEAFF68871982009F0F6FEA4A19F20B8
:10E8200009F0F2FE0020F1F7C8FD00200521A14B00
:10E830000122CDE9001004218420F1F745FB0020DE
:10E8400005219C4B0E3B0246CDE900109420F1F7C8
:10E850003BFB00200521974B0C3B0246CDE9001005
:10E860008C20F1F731FB00200521924B0A3B024638
:10E87000CDE900109C20F1F727FB002086490870A5
:10E88000F2F746FF1CBD1CB58448008A00287DD1E4
:10E89000834800888349098888422CD081480088B1
:10E8A0007F490880F1F71BFAAFF60041802009F09C
:10E8B000ABFEAFF2F021872009F0A6FEAFF60841CB
:10E8C000902009F0A1FEAFF20431972009F09CFEE0
:10E8D000AFF60C41882009F097FEAFF218318F2077
:10E8E00009F092FE7449982009F08EFEAFF22C31A7
:10E8F0009F2009F089FE0120F1F75FFD002005212E
:10E90000644B9B1C0246CDE900108520F1F7DCFA30
:10E9100000200521694B0246CDE900109520F1F752
:10E92000D3FA674800780521644B143B0022CDE9F7
:10E9300000108D20F1F7C8FA6248007838BB5548BE
:10E940007438B0F8540553497439B1F85E158842EB
:10E9500021D050487438B0F85405012805DD002056
:10E960004C497439A1F8540515E04A487438B0F898
:10E97000540548497439A1F85E053720A1F86605A9
:10E980000846B0F85405A1F8680501E009E002E086
:10E9900001204C49087000203F490870F2F7B8FE8A
:10E9A000E3E03E48008A012854D13D4800883D49B3
:10E9B0000988884226D03B48008839490880F1F709
:10E9C0008EF9AFF69C41802009F01EFEAFF20C419B
:10E9D000872009F019FEAFF6A441902009F014FE3B
:10E9E000AFF22041972009F00FFE3749882009F047
:10E9F0000BFEAFF230418F2009F006FE2E49982021
:10EA000009F002FE0020F1F7D8FC00200521234B7D
:10EA1000CE330246CDE900108420F1F755FA0020EC
:10EA200005211E4BC4330222CDE90010042194209D
:10EA3000F1F74AFA00200521184BD6330246CDE9FA
:10EA400000108C20F1F740FA002013490870F2F70B
:10EA50005FFE8AE01148008A0228A1D11048008890
:10EA60001049098888424ED00E4800880C49088019
:10EA7000F1F735F9AFF68451802009F0C5FD13A1F7
:10EA8000872009F0C1FDAFF68851902020E00000FA
:10EA900028030020E2190020690300201E16002030
:10EAA0004403002042030020D47B0208B809020876
:10EAB0002056000080100020EC150208D61E002011
:10EAC0004903002061000020E8890208204100007D
:10EAD00009F09AFDAFF20C01972009F095FDAFF611
:10EAE000D451882009F090FDAFF220018F2009F069
:10EAF0008BFDAFF6DC51982009F086FDAFF6DC51B6
:10EB00009F2009F081FD0020F1F757FC002005212E
:10EB1000FE4B0122CDE9001004218420F1F7D4F945
:10EB200000200521F94B9B1C0122CDE90010042196
:10EB30009420F1F7C9F900200521F44B1B1D012297
:10EB4000CDE9001004218C20F1F7BEF90020052149
:10EB5000EE4B9B1D0246CDE900109C20F1F7B4F965
:10EB60000020EB490870F2F7D3FD1CBD2DE9FC41F4
:10EB70000024002500260027E648008A002865D1E9
:10EB8000E5480088E549098888422BD0E348008899
:10EB9000E1490880F1F7A3F8E149802009F034FD4C
:10EBA000AFF66021872009F02FFDDD49103190205C
:10EBB00009F02AFDAFF67421972009F025FDD84908
:10EBC0001C31882009F020FDAFF688218F2009F044
:10EBD0001BFDD3492831982009F016FDD1A19F20B3
:10EBE00009F012FD0020F1F7E8FB00200521CE4BD3
:10EBF0000322CDE9001004218420F1F765F90020FB
:10EC00000521C94B9B1C0322CDE90010042194204F
:10EC1000F1F75AF900200521C34B08330322CDE94F
:10EC2000001004218C20F1F74FF900200521BE4B84
:10EC30009B1E0122CDE9001004219C20F1F744F92C
:10EC40000020B3490870F2F763FD05E1B148008A7E
:10EC5000012855D1B0480088B0490988884226D09B
:10EC6000AE480088AC490880F1F739F8AC498020FB
:10EC700009F0CAFCAFF63431872009F0C5FCA84979
:10EC80001031902009F0C0FCAFF64831972009F010
:10EC9000BBFCA3491C31882009F0B6FCAFF65C31FF
:10ECA0008F2009F0B1FCA149982009F0ADFC0020AB
:10ECB000F1F783FB002005219D4B0322CDE90010D5
:10ECC00004218420F1F700F900200521984B9B1CBA
:10ECD0000322CDE9001004219420F1F7F5F800207B
:10ECE0000521934B1B1D0322CDE9001004218C202C
:10ECF000F1F7EAF8002086490870F2F709FDABE069
:10ED00008448008A0228A0D1834800888349098862
:10ED100088422DD0814800887F490880F0F7DFFFC6
:10ED2000AFF6BC31802009F06FFCAFF6B831872018
:10ED300009F06AFCAFF6C031902009F065FCAFF62F
:10ED4000CC31972009F060FCAFF6C831882009F07B
:10ED50005BFCAFF6E0318F2009F056FCAFF6D03106
:10ED6000982009F051FCAFF6F4319F2009F04CFCDB
:10ED70000020F1F722FB6F48B0F80C0442F210714A
:10ED8000884207DB6B48B0F80C04401A6949A1F8C7
:10ED90000C040A246748B0F80E0442F2107188424D
:10EDA00007DB6448B0F80E04401A6249A1F80E046B
:10EDB0000A256048B0F8100442F21071884207DB5F
:10EDC0005C48B0F81004401A5A49A1F810040A2609
:10EDD0005848B0F8120442F21071884207DB5548D7
:10EDE000B0F81204401A5349A1F812040A2700216E
:10EDF000601DC0B2454B123B0122CDE90001042148
:10EE00008420F1F761F80021681DC0B23F4B103B30
:10EE10000122CDE9000104219420F1F755F80021E9
:10EE2000701DC0B2394B0E3B0122CDE90001042117
:10EE30008C20F1F749F80021781DC0B2334B0C3B10
:10EE40000122CDE9000104219C20F1F73DF80020CA
:10EE50002F490870F2F75CFCBDE8FC812DE9FC410C
:10EE600000270024002500262A48008A00287DD19A
:10EE7000294800882949098888422BD027480088DA
:10EE800025490880F0F72BFFAFF62451802009F0C8
:10EE9000BBFBAFF62051872009F0B6FBAFF6285137
:10EEA000902009F0B1FBAFF63451972009F0ACFB8C
:10EEB0002149882009F0A8FBAFF6F8018F2009F05E
:10EEC000A3FB1A49982009F09FFBAFF608119F2079
:10EED00009F09AFB0020F1F770FA13488838B0F86F
:10EEE000400542F21071884209DB0F488838B0F8BB
:10EEF0004005401A0C498839A1F840050A270A48FC
:10EF00008838B0F8420542F2107117E078100020FE
:10EF1000690300201E160020440300204203002045
:10EF200070050208487A0000F6190020EC15020866
:10EF3000321700205A0C002034DD0208884207DB1B
:10EF4000F948B0F84205401AF749A1F842050A24E9
:10EF50000021781DC0B2F54B0122CDE9000104214A
:10EF60008420F0F7B1FF0021601D00E01AE0C0B27C
:10EF7000EE4B9B1C0122CDE9000104219420F0F707
:10EF8000A3FF00200521E84B5E330222CDE90010EB
:10EF900004218C20F0F798FF0020E5490870F2F773
:10EFA000B7FBDDE0E348008A012852D1E24800883F
:10EFB000E2490988884225D0E0480088DE49088077
:10EFC000F0F78DFEAFF6E411802009F01DFBAFF6DF
:10EFD0000C21872009F018FBAFF6E411902009F00E
:10EFE00013FBAFF62021972009F00EFBD4498820AF
:10EFF00009F00AFBD3A18F2009F006FBD249982023
:10F0000009F002FB0020F1F7D8F900200521CF4BD1
:10F010000246CDE900108420F0F756FF00200521BC
:10F02000CA4B9B1C0246CDE900109420F0F74CFF20
:10F0300000200521C54B1B1D0122CDE90010042134
:10F040008C20F0F741FF0020B9490870F2F760FB0F
:10F0500086E0B848008A0228A3D1B7480088B7499B
:10F06000098888422BD0B5480088B3490880F0F75A
:10F0700036FEAFF66021802009F0C6FAAFF60C71BB
:10F08000872009F0C1FAAFF66821902009F0BCFA98
:10F09000AFF62071972009F0B7FAAD49882009F042
:10F0A000B3FAAFF6E0218F2009F0AEFAA949982013
:10F0B00009F0AAFAAFF6F4219F2009F0A5FA002082
:10F0C000F1F77BF9A448B0F8140442F210718842B9
:10F0D00007DBA148B0F81404401A9F49A1F81404B2
:10F0E0000A259D48B0F8160442F21071884207DBE9
:10F0F0009948B0F81604401A9749A1F816040A2650
:10F100000021681DC0B2954B0122CDE90001042108
:10F110008420F0F7D9FE0021701DC0B28F4B9B1CDC
:10F120000122CDE9000104219420F0F7CDFE00205A
:10F1300005218B4B0222CDE9001004218C20F0F731
:10F14000C3FE00200521864B9B1C0246CDE9001022
:10F150009C20F0F7B9FE002075490870F2F7D8FA44
:10F16000BDE8FC8110B57348008A00281ED17248A2
:10F17000008872490988884215D0704800886E4915
:10F180000880F0F7ACFD7049802009F03DFA6E4927
:10F19000902009F039FA73A1882009F035FA6A49FC
:10F1A000982009F031FAF2F7B3FA44E06148008A96
:10F1B00001281ED16048008860490988884215D01E
:10F1C0005E4800885C490880F0F789FD5E49802030
:10F1D00009F01AFA5C49902009F016FA66A1882015
:10F1E00009F012FA5849982009F00EFAF2F790FA4D
:10F1F00021E05048008A02281DD14F4800884F491D
:10F200000988884215D04D4800884B490880F0F79E
:10F2100066FD4D49802009F0F7F94B49902009F02F
:10F22000F3F95AA1882009F0EFF94749982009F02D
:10F23000EBF9F2F76DFA10BD1CB53E48008A0028C4
:10F2400070D13D4800883D490988884234D03B4808
:10F25000008839490880F0F742FD5149802009F0C3
:10F26000D3F9AFF2B471872009F0CEF94C490C31D3
:10F27000902009F0C9F9AFF2AC71972009F0C4F9F8
:10F2800047491831882009F0BFF9AFF6C8418F20EF
:10F2900009F0BAF94348007850B94149283198201B
:10F2A00009F0B2F9AFF6E4419F2009F0ADF903E0AF
:10F2B0003DA1982009F0A8F90020F1F77EF8002080
:10F2C0000521194BBC330122CDE900100421842013
:10F2D000F0F7FAFD00200521134BC8330222CDE9D7
:10F2E000001006219320F0F7EFFD00200521174BB9
:10F2F0003E330246CDE900108D20F0F7E5FD2948A8
:10F30000007848B900200521074BC4330246CDE9F7
:10F3100000109D20F0F7D8FD002005490870F2F795
:10F32000F7F930E14AE000006E190020AE1E00201F
:10F33000690300201E160020440300204203002021
:10F34000D4B602086B570000EC15020838170020ED
:10F3500034DD0208E88902085A0C00206E100020F3
:10F36000E20E002020202033BAC5B8DFC6B5CBABF3
:10F37000C7FD20200000000020202033BAC5B1E4E2
:10F38000C6B5B5E7BBFA20200000000020202033DE
:10F39000BAC5B8DFD1B9B5E7BBFA2020000000003C
:10F3A00014D80208290300203323B1C34C6F5261E3
:10F3B000CDA8D1B6D2ECB3A300000000FE48008A6D
:10F3C000012879D1FD480088FD49098888422AD062
:10F3D000FB480088F9490880F0F781FCF949802052
:10F3E00009F012F9AFF2C441872009F00DF9F6498E
:10F3F000902009F009F9AFF64811972009F004F9B7
:10F40000F1490C31882009F0FFF8AFF640118F2048
:10F4100009F0FAF8EC491C31982009F0F5F8EBA155
:10F420009F2009F0F1F80020F0F7C7FF0020052128
:10F43000E14BDA330122CDE9001004218420F0F7FA
:10F4400043FD00200521DC4BDE330246CDE90010F0
:10F450009420F0F739FDD848808D01280BD1002089
:10F460000521D54BDC330122CDE9001004218C208D
:10F47000F0F72AFD0EE0D048808D02280AD1002046
:10F480000521CD4BDC330222CDE9001004218C2074
:10F49000F0F71AFD00200521C74BE0330122CDE92A
:10F4A000001004219C20F0F70FFD0020C8490870CF
:10F4B000F2F72EF967E0FFE7BF48008A022862D121
:10F4C000BE480088BE49098888422CD0BC480088C4
:10F4D000BA490880F0F703FCBE49802009F094F88F
:10F4E000AFF2C051872009F08FF8BA490C31902053
:10F4F00009F08AF8AFF64821972009F085F8B54958
:10F500001831882009F080F8AFF65C218F2009F0CF
:10F510007BF8B0492431982009F076F8AFF67021D5
:10F520009F2009F071F80020F0F747FF0020052127
:10F53000A94B0122CDE9001004218420F0F7C4FC7E
:10F5400000200521A44B0E3B0246CDE9001094207B
:10F55000F0F7BAFC002005219F4B0C3B0246CDE999
:10F5600000108C20F0F7B0FC002005219A4B0A3BDC
:10F570000246CDE900109C20F0F7A6FC002094493B
:10F580000870F2F7C5F81CBD1CB58B48008A00282E
:10F590007ED18A4800888A490988884228D08848CC
:10F5A000008886490880F0F79AFB8C49802009F092
:10F5B0002BF8AFF6F071872009F026F887490C3157
:10F5C000902009F021F886A1972009F01DF88349C1
:10F5D0001C31882009F018F881A18F2009F014F857
:10F5E0008049982009F010F87DA19F2009F00CF8BF
:10F5F0000120F0F7E2FE002005217B4B0246CDE919
:10F6000000108520F0F760FC00200521774B0246B2
:10F61000CDE900109520F0F757FC754800780521DA
:10F62000724B123B0022CDE900108D20F0F74CFC0C
:10F630007048007840BB6C48C638B0F856056A4937
:10F64000C639B1F8601588421ED06748C638B0F890
:10F650005605012805DD00206349C639A1F8560585
:10F6600012E06148C638B0F856055F49C639A1F8BE
:10F6700060055F20A1F866050846B0F85605A1F8B8
:10F68000680501205B49087000205149087000E0BE
:10F6900002E0F2F73DF8E2E04748008A012851D144
:10F6A0004648008846490988884223D04448008853
:10F6B00042490880F0F713FB48497C31802008F06C
:10F6C000A3FF47A1872008F09FFF4449883190207D
:10F6D00008F09AFF42A1972008F096FF464988203B
:10F6E00008F092FF3EA18F2008F08EFF3D49982040
:10F6F00008F08AFF0020F0F760FE002005212E4B65
:10F70000E2330246CDE900108420F0F7DDFB002053
:10F710000521294BD8330222CDE900100421942081
:10F72000F0F7D2FB00200521234BEA330246CDE956
:10F7300000108C20F0F7C8FB002025490870F1F775
:10F74000E7FF8CE01C48008A0228A4D11B480088EF
:10F750001B49098888422DD019480088174908801C
:10F76000F0F7BDFA1D494831802008F04DFFAFF693
:10F77000A441872008F048FF18495431902008F030
:10F7800043FFAFF6B841972008F03EFF13496031C0
:10F79000882008F039FFAFF6CC418F2008F034FF05
:10F7A0000E496C31982008F02FFFAFF268419F207E
:10F7B00008F02AFF002021E01E160020440300204C
:10F7C00042030020D47B0208B8090208B6C8000032
:10F7D0006903002068D80208B0100020ACDC0208E1
:10F7E00020200000EC150208341A0020D61E00204C
:10F7F0004903002061000020E8890208F0F7DDFDE0
:10F8000000200521FE4B0122CDE9001004218420B7
:10F81000F0F75AFB00200521F94B9B1C0122CDE992
:10F82000001004219420F0F74FFB00200521F44B39
:10F830001B1D0122CDE9001004218C20F0F744FBB0
:10F8400000200521EE4B9B1D0246CDE900109C20B7
:10F85000F0F73AFB0020EB490870F1F759FF1CBDA7
:10F860002DE9FC410024002500260027E648008AF7
:10F87000002863D1E5480088E5490988884229D0F5
:10F88000E3480088E1490880F0F729FAE14980203F
:10F8900008F0BAFEE0A1872008F0B6FEDD4910317D
:10F8A000902008F0B1FEDCA1972008F0ADFED94908
:10F8B0001C31882008F0A8FED7A18F2008F0A4FEF4
:10F8C000D4492831982008F09FFEAFF6A8119F2058
:10F8D00008F09AFE0020F0F770FD00200521CF4BC4
:10F8E0000322CDE9001004218420F0F7EDFA002076
:10F8F0000521CA4B9B1C0322CDE900100421942052
:10F90000F0F7E2FA00200521C44B08330322CDE9C9
:10F91000001004218C20F0F7D7FA00200521BF4BFE
:10F920009B1E0122CDE9001004219C20F0F7CCFAA7
:10F930000020B4490870F1F7EBFEFDE0B248008A00
:10F94000012852D1B1480088B1490988884223D0A2
:10F95000AF480088AD490880F0F7C1F9AD49802073
:10F9600008F052FEACA1872008F04EFEA9491031E4
:10F97000902008F049FEA8A1972008F045FEA5496F
:10F980001C31882008F040FEA3A18F2008F03CFE27
:10F99000A349982008F038FE0020F0F70EFD002063
:10F9A0000521A04B0322CDE9001004218420F0F7AB
:10F9B0008BFA002005219B4B9B1C0322CDE90010F4
:10F9C00004219420F0F780FA00200521954B1B1D9F
:10F9D0000322CDE9001004218C20F0F775FA0020F5
:10F9E00088490870F1F794FEA6E08748008A02284B
:10F9F000A3D18648008886490988884228D084484F
:10FA0000008882490880F0F76AF98749802008F069
:10FA1000FBFD86A1872008F0F7FD83491031902077
:10FA200008F0F2FD81A1972008F0EEFD7E491C311F
:10FA3000882008F0E9FD7DA18F2008F0E5FD7A49D6
:10FA40002831982008F0E0FD78A19F2008F0DCFD27
:10FA50000020F0F7B2FC7648B0F83C0442F2107196
:10FA6000884207DB7248B0F83C04401A7049A1F89C
:10FA70003C040A246E48B0F83E0442F210718842F9
:10FA800007DB6B48B0F83E04401A6949A1F83E0410
:10FA90000A256748B0F8400442F21071884207DB3B
:10FAA0006348B0F84004401A6149A1F840040A26AE
:10FAB0005F48B0F8420442F21071884207DB5C48AC
:10FAC000B0F84204401A5A49A1F842040A2700211A
:10FAD000601DC0B24A4B123B0122CDE90001042156
:10FAE0008420F0F7F1F90021681DC0B2444B103BAF
:10FAF0000122CDE9000104219420F0F7E5F900216D
:10FB0000701DC0B23E4B0E3B0122CDE90001042125
:10FB10008C20F0F7D9F90021781DC0B2384B0C3B8E
:10FB20000122CDE9000104219C20F0F7CDF900204D
:10FB300034490870F1F7ECFDBDE8FC812DE9FC418A
:10FB400000270024002500262F48008A002873D1B2
:10FB50002E4800882E490988884228D02C480088E1
:10FB60002A490880F0F7BBF82F49802008F04CFDA7
:10FB70002EA1872008F048FD2B491031902008F075
:10FB800043FD2AA1972008F03FFD2A49882008F06C
:10FB90003BFDAFF2B4318F2008F036FD20499820AC
:10FBA00008F032FDAFF2C8319F2008F02DFD002093
:10FBB000F0F703FC1948D838B0F8440542F2107148
:10FBC000884209DB1548D838B0F84405401A134973
:10FBD000D839A1F844050A271048D838B0F84605A6
:10FBE00042F21071884209DB0C48D838B0F846055B
:10FBF000401A0A49D839A1F846050A2400211CE018
:10FC0000A8100020690300201E16002044030020D5
:10FC100042030020700502084D700000461A0020C3
:10FC2000EC1502084617002068E10208A1E6000072
:10FC30005A0C002034DD020825E0781DC0B2FE4BCE
:10FC40000122CDE9000104218420F0F73DF90021D3
:10FC5000601DC0B2F84B9B1C0122CDE900010421BC
:10FC60009420F0F731F900200521F44B0222CDE970
:10FC7000001004218C20F0F727F90020F0490870CB
:10FC8000F1F746FDDDE0EF48008A012852D1EE4849
:10FC90000088EE490988884225D0EC480088EA4966
:10FCA0000880F0F71CF8EA49802008F0ADFCAFF2BC
:10FCB000D041872008F0A8FCE5491431902008F0D5
:10FCC000A3FCAFF2E441972008F09EFCE1498820B4
:10FCD00008F09AFCAFF694118F2008F095FCDE49ED
:10FCE000982008F091FC0020F0F767FB0020052128
:10FCF000DA4B0246CDE900108420F0F7E5F8002049
:10FD00000521D64B9B1C0246CDE900109420F0F74C
:10FD1000DBF800200521D14B1B1D0122CDE900108D
:10FD200004218C20F0F7D0F80020C5490870F1F7C5
:10FD3000EFFC86E0C348008A0228A3D1C2480088AD
:10FD4000C249098888422BD0C0480088BE49088033
:10FD5000EFF7C5FFBE493031802008F055FCAFF207
:10FD60003411872008F050FCB9493C31902008F04C
:10FD70004BFCAFF24811972008F046FCB8498820A8
:10FD800008F042FCAFF2A8518F2008F03DFCB549C5
:10FD9000982008F039FCAFF2B8519F2008F034FCED
:10FDA0000020F0F70AFBB048B0F8440442F21071AA
:10FDB000884207DBAC48B0F84404401AAA49A1F8CD
:10FDC00044040A25A848B0F8460442F2107188425B
:10FDD00007DBA548B0F84604401AA349A1F8460439
:10FDE0000A260021681DC0B2A04B0122CDE9000106
:10FDF00004218420F0F768F80021701DC0B29B4BED
:10FE00009B1C0122CDE9000104219420F0F75CF84D
:10FE100000200521964B0222CDE9001004218C2000
:10FE2000F0F752F800200521914B9B1C0246CDE9CA
:10FE300000109C20F0F748F8002081490870F1F785
:10FE400067FCBDE8FC8110B57E48008A00281ED101
:10FE50007D4800887D490988884215D07B48008804
:10FE600079490880EFF73BFF7B49802008F0CCFB05
:10FE70007949902008F0C8FB7EA1882008F0C4FBD7
:10FE80007549982008F0C0FBF1F742FC44E06D484A
:10FE9000008A01281ED16C4800886C490988884274
:10FEA00015D06A48008868490880EFF718FF6A494A
:10FEB000802008F0A9FB6849902008F0A5FB72A1FA
:10FEC000882008F0A1FB6449982008F09DFBF1F719
:10FED0001FFC21E05B48008A02281DD15A48008897
:10FEE0005A490988884215D05848008856490880E0
:10FEF000EFF7F5FE5849802008F086FB5649902020
:10FF000008F082FB65A1882008F07EFB524998200A
:10FF100008F07AFBF1F7FCFB10BD1CB54948008ADC
:10FF200000286FD14848008848490988884232D063
:10FF30004648008844490880EFF7D1FE5C4980209C
:10FF400008F062FB5BA1872008F05EFB58490C318A
:10FF5000902008F059FB58A1972008F055FB544910
:10FF60001831882008F050FBAFF28C718F2008F018
:10FF70004BFB5248007850B94D492831982008F081
:10FF800043FBAFF2A4719F2008F03EFB03E04CA1BD
:10FF9000982008F039FB0020F0F70FFA0020052127
:10FFA000264B5E330122CDE9001004218420EFF7B7
:10FFB0008BFF00200521214B6A330222CDE900107E
:10FFC00006219320EFF780FF00200521234B2C33DF
:10FFD0000246CDE900108D20EFF776FF3748007814
:10FFE00048B900200521154B66330246CDE90010C3
:10FFF0009D20EFF769FF002011490870F1F788FB99
:020000040803EF
:100000003DE1FFE70F48008A012869D10E480088CA
:100010000E49098888427DD00C4800880A4908802A
:10002000EFF75DFE2B49802008F0EEFA2AA1872029
:1000300008F0EAFA294954E0B21E00201C1A0020F8
:10004000690300201E160020440300204203002004
:10005000E4E50208D4B60208EC1502084C170020AB
:1000600034DD0208E88902085A0C00209E100020A6
:10007000120F002020202034BAC5B8DFC6B5CBABA4
:10008000C7FD20200000000020202034BAC5B1E4C4
:10009000C6B5B5E7BBFA20200000000020202034C0
:1000A000BAC5B8DFD1B9B5E7BBFA2020000000001F
:1000B00014D8020820560000204100002A03002026
:1000C0003423B1C34C6F5261CDA8D1B6D2ECB3A3E7
:1000D00000000000D47B0208487A0000B80902083A
:1000E00065E0902008F090FAAFF23801972008F010
:1000F0008BFAFE49882008F087FAAFF244018F207E
:1001000008F082FAF9491031982008F07DFAAFF62C
:10011000441100E002E09F2008F076FA0020F0F79A
:100120004CF900200521F24B0122CDE900100421F9
:100130008420EFF7C9FE00200521ED4B1B1D024670
:10014000CDE900109420EFF7BFFEE948EE38808D2E
:1001500001280BD100200521E54B9B1C0122CDE994
:10016000001004218C20EFF7AFFE0FE0E048EE38DE
:10017000808D02280AD100200521DD4B9B1C022224
:10018000CDE9001004218C20EFF79EFE0020052110
:10019000D74B9B1D0122CDE9001004219C20EFF7D5
:1001A00093FE0020D3490870F1F7B2FA67E0D04817
:1001B000EE38008A022862D1CF480088CF490988EA
:1001C00088422CD0CD480088CB490880EFF787FDC6
:1001D000CB49802008F018FAAFF20411872008F00C
:1001E00013FAC7490C31902008F00EFAAFF23C1117
:1001F000972008F009FAC2491831882008F004FA5B
:10020000AFF250118F2008F0FFF9BD49243198203A
:1002100008F0FAF9AFF264119F2008F0F5F9002018
:10022000F0F7CBF800200521B64B0122CDE90010F4
:1002300004218420EFF748FE00200521B14B0E3B3E
:100240000246CDE900109420EFF73EFE0020052184
:10025000AC4B0C3B0246CDE900108C20EFF734FE8E
:1002600000200521A74B0A3B0246CDE900109C2047
:10027000EFF72AFE00209F490870F1F749FA1CBDEC
:100280001CB59B48EE38008A00287ED19A48008829
:100290009A49098888422BD0984800889649088056
:1002A000EFF71DFD9849802008F0AEF9AFF6D02198
:1002B000872008F0A9F994490C31902008F0A4F99E
:1002C000AFF6E421972008F09FF98F491C31882070
:1002D00008F09AF9AFF6F8218F2008F095F98B49CC
:1002E000982008F091F9AFF608319F2008F08CF9BA
:1002F0000120F0F762F800200521854B0246CDE988
:1003000000108520EFF7E0FD00200521814B02461B
:10031000CDE900109520EFF7D7FD7F480078052143
:100320007C4B103B0022CDE900108D20EFF7CCFD77
:100330007A48007810BB7A48B0F858057849B1F887
:10034000621588421AD07648B0F85805012804DDB5
:1003500000207349A1F8580510E07148B0F858051D
:100360006F49A1F862058720A1F866050846B0F834
:100370005805A1F8680501206849087000205D490A
:100380000870F1F7C5F9E5E0FFE75948EE38008A53
:10039000012854D15848008858490988884226D0F5
:1003A0005648008854490880EFF799FC56497C313B
:1003B000802008F029F9AFF6D831872008F024F919
:1003C00051498831902008F01FF9AFF6EC319720A1
:1003D00008F01AF95349882008F016F9AFF60041E1
:1003E0008F2008F011F94949982008F00DF90020F4
:1003F000EFF7E3FF002005213D4B08330246CDE92E
:1004000000108420EFF760FD00200521384B9B1E73
:100410000222CDE9001004219420EFF755FD0020C1
:100420000521334B10330246CDE900108C20EFF745
:100430004BFD00202F490870F1F76AF98AE02C483B
:10044000EE38008A02289ED12B4800882B49098863
:1004500088422CD02948008827490880EFF73FFCC4
:1004600029494831802008F0CFF8AFF2B431872015
:1004700008F0CAF824495431902008F0C5F8AFF2CA
:10048000C831972008F0C0F81F496031882008F073
:10049000BBF8AFF2DC318F2008F0B6F81A496C31A6
:1004A000982008F0B1F820A19F2008F0ADF80020B6
:1004B000EFF783FF00200521124B083B0122CDE915
:1004C000001004218420EFF7FFFC002005210D4BD4
:1004D0009B1F0122CDE9001004219420EFF7F4FCCA
:1004E00000200521074B1B1F01221FE0C409020841
:1004F0000C17002069030020440300204203002061
:1005000068D80208E0100020ACDC0208EC150208F4
:10051000841A0020D61E002049030020610000201C
:100520006E190020E88902086B570000CDE9001021
:1005300004218C20EFF7C8FC00200521FE4B024669
:10054000CDE900109C20EFF7BFFC0020FB490870AC
:10055000F1F7DEF81CBD2DE9FC4100240025002642
:100560000027F748008A002866D1F6480088F64937
:10057000098888422CD0F4480088F2490880EFF7B7
:10058000AEFBF249802008F03FF8AFF674118720E7
:1005900008F03AF8ED491031902008F035F8AFF640
:1005A0008811972008F030F8E8491C31882008F0BD
:1005B0002BF8AFF69C118F2008F026F8E34928317C
:1005C000982008F021F8AFF2F0419F2008F01CF8C5
:1005D0000020EFF7F2FE00200521DD4B0322CDE9DC
:1005E000001004218420EFF76FFC00200521D84B78
:1005F0009B1C0322CDE9001004219420EFF764FC3A
:1006000000200521D24B08330322CDE9001004213C
:100610008C20EFF759FC00200521CD4B9B1E0122B9
:10062000CDE9001004219C20EFF74EFC0020C349C7
:100630000870F1F76DF804E1C148008A012855D12E
:10064000C0480088C0490988884226D0BE48008832
:10065000BC490880EFF743FBBC49802007F0D4FF7A
:10066000AFF64C21872007F0CFFFB849103190201A
:1006700007F0CAFFAFF66021972007F0C5FFB34926
:100680001C31882007F0C0FFAFF674218F2007F0DF
:10069000BBFFB049982007F0B7FF0020EFF78DFEB1
:1006A00000200521AC4B0322CDE900100421842059
:1006B000EFF70AFC00200521A74B9B1C0322CDE984
:1006C000001004219420EFF7FFFB00200521A24B2E
:1006D0001B1D0322CDE9001004218C20EFF7F4FB51
:1006E000002096490870F1F713F8AAE09448008AB0
:1006F0000228A0D1934800889349098888422CD0C9
:10070000914800888F490880EFF7E9FA93498020E3
:1007100007F07AFFAFF6EC21872007F075FF8F49CD
:100720001031902007F070FFAFF60031972007F0EE
:100730006BFF8A491C31882007F066FFAFF6143141
:100740008F2007F061FF85492831982007F05CFF72
:10075000AFF628319F2007F057FF0020EFF72DFE5E
:100760007F48B0F86C0442F21071884207DB7C4885
:10077000B0F86C04401A7A49A1F86C040A2478484D
:10078000B0F86E0442F21071884207DB7448B0F88A
:100790006E04401A7249A1F86E040A257048B0F838
:1007A000700442F21071884207DB6D48B0F87004A3
:1007B000401A6B49A1F870040A266948B0F872041F
:1007C00042F21071884207DB6548B0F87204401AA3
:1007D0006349A1F872040A270021601DC0B2564B7C
:1007E000183B0122CDE9000104218420EFF76CFBC6
:1007F0000021681DC0B2504B163B0122CDE900011B
:1008000004219420EFF760FB0021701DC0B24A4B19
:10081000143B0122CDE9000104218C20EFF754FBA9
:100820000021781DC0B2444B123B0122CDE90001EA
:1008300004219C20EFF748FB002040490870F0F7A6
:1008400067FFBDE8FC812DE9FC410027002400255D
:1008500000263B48008A00286CD13A4800883A4973
:100860000988884228D03848008836490880EFF740
:1008700036FA3A49802007F0C7FEAFF6504187208C
:1008800007F0C2FE35491031902007F0BDFEAFF6EB
:100890006441972007F0B8FE3249882007F0B4FE83
:1008A00031A18F2007F0B0FE2A49982007F0ACFE56
:1008B0002DA19F2007F0A8FE0020EFF77EFD2B481A
:1008C000B0F8480542F21071884207DB2748B0F8BB
:1008D0004805401A2549A1F848050A272348B0F8D9
:1008E0004A0542F21071884207DB2048B0F84A05F9
:1008F000401A1E49A1F84A050A240021781DC0B2F9
:100900001B4B0122CDE9000104218420EFF7DCFA22
:100910000021601DC0B2164B9B1C0122CDE90001D5
:1009200004219420EFF7D0FA00200521084B2A3B40
:1009300002221FE02AE00000DE10002069030020F0
:100940001E16002044030020420300207005020808
:10095000961A0020EC1502085A17002068E10208D8
:100960005A0C002034DD0208202000006E190020FF
:10097000B61E0020CDE9001004218C20EFF7A4FA68
:100980000020FE490870F0F7C3FEDDE0FC48008A55
:10099000012852D1FB480088FB490988884225D0AC
:1009A000F9480088F7490880EFF799F9F74980205E
:1009B00007F02AFEAFF25001872007F025FEF34929
:1009C0001431902007F020FEAFF26401972007F069
:1009D0001BFEEF49882007F017FEAFF2B4418F20CD
:1009E00007F012FEEB49982007F00EFE0020EFF70B
:1009F000E4FC00200521E84B0246CDE900108420EC
:100A0000EFF762FA00200521E34B9B1C0246CDE97B
:100A100000109420EFF758FA00200521DE4B1B1D33
:100A20000122CDE9001004218C20EFF74DFA0020BF
:100A3000D2490870F0F76CFE86E0D148008A02289F
:100A4000A3D1D0480088D049098888422BD0CE480D
:100A50000088CC490880EFF742F9CC49303180203A
:100A600007F0D2FDAFF63C61872007F0CDFDC74906
:100A70003C31902007F0C8FDAFF65061972007F099
:100A8000C3FDC649882007F0BFFDAFF224118F20B7
:100A900007F0BAFDC249982007F0B6FDAFF2381151
:100AA0009F2007F0B1FD0020EFF787FCBD48B0F8AC
:100AB000740442F21071884207DBBA48B0F874043B
:100AC000401AB849A1F874040A25B648B0F876046B
:100AD00042F21071884207DBB248B0F87604401A3F
:100AE000B049A1F876040A260021681DC0B2AE4BB9
:100AF0000122CDE9000104218420EFF7E5F900216E
:100B0000701DC0B2A84B9B1C0122CDE9000104213D
:100B10009420EFF7D9F900200521A44B0222CDE95A
:100B2000001004218C20EFF7CFF9002005219F4B06
:100B30009B1C0246CDE900109C20EFF7C5F9002070
:100B40008E490870F0F7E4FDBDE8FC8110B58C48D3
:100B5000008A00281ED18B4800888B49098888426A
:100B600015D08948008887490880EFF7B8F8894987
:100B7000802007F049FD8749902007F045FD8CA1B2
:100B8000882007F041FD8349982007F03DFDF0F7EC
:100B9000BFFD21E07A48008A02281DD179480088EB
:100BA00079490988884215D07748008875490880B6
:100BB000EFF795F87749802007F026FD75499020DA
:100BC00007F022FD7FA1882007F01EFD71499820C3
:100BD00007F01AFDF0F79CFD10BD1CB56848008AAF
:100BE000002870D16748008867490988884234D056
:100BF0006548008863490880EFF771F876498020DE
:100C000007F002FDAFF65431872007F0FDFC724972
:100C10000C31902007F0F8FCAFF66431972007F014
:100C2000F3FC6D491831882007F0EEFCAFF2C821C3
:100C30008F2007F0E9FC6948007850B966492831EF
:100C4000982007F0E1FCAFF2E0219F2007F0DCFCE8
:100C500003E063A1982007F0D7FC0020EFF7ADFB7D
:100C600000200521634B0122CDE9001004218420DE
:100C7000EFF72AF9002005215E4B0C330222CDE963
:100C8000001006219320EFF71FF900200521424BA9
:100C90001A330246CDE900108D20EFF715F94F48C1
:100CA000007848B900200521524B08330246CDE9AF
:100CB00000109D20EFF708F9002030490870F0F788
:100CC00027FDA7E0FFE72E48008A0228F9D12D482A
:100CD00000882D49098888422DD02B480088294951
:100CE0000880EEF7FCFF3C495431802007F08CFC73
:100CF000AFF61C41872007F087FC37496031902010
:100D000007F082FCAFF65441972007F07DFC324992
:100D10006C31882007F078FCAFF668418F2007F02F
:100D200073FC2D497831982007F06EFCAFF67C41BA
:100D30009F2007F069FC0020EFF73FFB0020052112
:100D4000194B42330122CDE9001004218420EFF732
:100D5000BBF800200521144B34330246CDE90010C6
:100D60009420EFF7B1F8002005210F4B36330246EF
:100D7000CDE900108C20EFF7A7F83DE069030020D3
:100D80001E1600204403002042030020E4E5020870
:100D9000D4B60208EC1502086017002034DD020802
:100DA000E88902085A0C0020CE100020420F0020D3
:100DB00020202035BAC5B8DFC6B5CBABC7FD202093
:100DC0000000000020202035BAC5B8DFD1B9B5E752
:100DD000BBFA20200000000014D802082B030020DA
:100DE0003523B1C34C6F5261CDA8D1B6D2ECB3A3B9
:100DF00000000000CA1A002000200521FE4B024618
:100E0000CDE900109C20EFF75FF80020FB49087047
:100E1000F0F77EFC1CBD1CB5F948008A00287ED185
:100E2000F8480088F849098888422BD0F64800889D
:100E3000F4490880EEF753FFF449802007F0E4FB03
:100E4000AFF2DC41872007F0DFFBF0490C31902046
:100E500007F0DAFBAFF2F041972007F0D5FBEB4942
:100E60001C31882007F0D0FBAFF204518F2007F02F
:100E7000CBFBE749982007F0C7FBAFF214519F2046
:100E800007F0C2FB0120EFF798FA00200521E14BA3
:100E90000246CDE900108520EFF716F80020052165
:100EA000DD4B0246CDE900109520EFF70DF8DB4849
:100EB00000780521D84B0E3B0022CDE900108D2093
:100EC000EFF702F8D648007810BBD648B0F85A05BC
:100ED000D449B1F8641588421AD0D248B0F85A05FE
:100EE000012804DD0020CF49A1F85A0510E0CD48C3
:100EF000B0F85A05CB49A1F86405AF20A1F8660502
:100F00000846B0F85A05A1F868050120C4490870E0
:100F10000020BA490870F0F7FBFB6BE0FFE7B84828
:100F2000008A022866D1B7480088B74909888842F4
:100F30002DD0B5480088B3490880EEF7D0FEB349FC
:100F40004831802007F060FBAFF69461872007F0FE
:100F50005BFBAE495431902007F056FBAFF6A86119
:100F6000972007F051FBA9496031882007F04CFB1E
:100F7000AFF6BC618F2007F047FBA4496C31982085
:100F800007F042FBAFF660219F2007F03DFB0020F9
:100F9000EFF713FA00200521974B9B1C0122CDE9A6
:100FA000001004218420EEF78FFF00200521924BD2
:100FB0001B1D0122CDE9001004219420EEF784FFCF
:100FC000002005218C4B9B1D0122CDE9001004213E
:100FD0008C20EEF779FF00200521874B083302466D
:100FE000CDE900109C20EEF76FFF002083490870C8
:100FF000F0F78EFB1CBD2DE9FC41002400250026E6
:1010000000277F48008A002864D17E4800887E49F6
:101010000988884229D07C4800887A490880EEF700
:101020005EFE8149802007F0EFFA80A1872007F05B
:10103000EBFA7D491031902007F0E6FA7BA197206A
:1010400007F0E2FA78491C31882007F0DDFA77A131
:101050008F2007F0D9FA74492831982007F0D4FA84
:10106000AFF68C719F2007F0CFFA0020EFF7A5F9BB
:1010700000200521674B12330322CDE90010042123
:101080008420EEF721FF00200521624B1433032258
:10109000CDE9001004219420EEF716FF0020052171
:1010A0005C4B1A330322CDE9001004218C20EEF7AB
:1010B0000BFF00200521574B10330122CDE9001012
:1010C00004219C20EEF700FF00204C490870F0F747
:1010D0001FFBC9E04A48008A0228FAD14948008823
:1010E00049490988884228D04748008845490880EE
:1010F000EEF7F5FD4E49802007F086FA4DA18720D6
:1011000007F082FA4A491031902007F07DFA49A190
:10111000972007F079FA46491C31882007F074FAC5
:1011200044A18F2007F070FA41492831982007F038
:101130006BFA40A19F2007F067FA0020EFF73DF916
:101140003D48B0F89C0442F21071884207DB3A48EF
:10115000B0F89C04401A3849A1F89C040A24364887
:10116000B0F89E0442F21071884207DB3248B0F8B2
:101170009E04401A3049A1F89E040A252E48B0F872
:10118000A00442F21071884207DB2B48B0F8A0049B
:10119000401A2949A1F8A0040A262748B0F8A20459
:1011A00042F21071884207DB2348B0F8A204401ACB
:1011B0002149A1F8A2040A270021601DC0B20E4BEC
:1011C000103B0122CDE9000104218420EEF77CFED2
:1011D0000021681DC0B2084B0E3B0122CDE9000181
:1011E00004219420EEF770FE0021701DC0B2024B66
:1011F0000C3B012222E000000611002069030020C0
:101200001E1600204403002042030020ACDC02082C
:10121000EC150208D41A0020D61E00204903002035
:10122000610000206E190020700502084D7000005A
:1012300068E10208A1E600005A0C0020CDE9000197
:1012400004218C20EEF740FE0021781DC0B2FE4B39
:101250000122CDE9000104219C20EEF735FE00209B
:10126000FA490870F0F754FABDE8FC812DE9FC4119
:101270000024002500260027F548008A002879D19F
:10128000F4480088F449098888422AD0F248008846
:10129000F0490880EEF723FDF049802007F0B4F90B
:1012A000AFF27001872007F0AFF9EC4910319020C0
:1012B00007F0AAF9AFF28401972007F0A5F9E849F1
:1012C000882007F0A1F9AFF660118F2007F09CF994
:1012D000E449982007F098F9AFF674119F2007F0C1
:1012E00093F90020EFF769F8DF48B0F84C0542F2B7
:1012F0001071884207DBDC48B0F84C05401ADA4927
:10130000A1F84C050A24D848B0F84E0542F21071F5
:10131000884207DBD448B0F84E05401AD249A1F8FC
:101320004E050A250021601DC0B2D04B0122CDE937
:10133000000104218420EEF7C7FD0021681DC0B222
:10134000CA4B9B1C0122CDE9000104219420EEF739
:10135000BBFD00200521C64B0222CDE9001004216F
:101360008C20EEF7B1FD0020B8490870F0F7D0F9F5
:1013700087E0FFE7B648008A0228F9D1B54800881F
:10138000B549098888422AD0B3480088B149088005
:10139000EEF7A5FCB749802007F036F9AFF26C11E3
:1013A000872007F031F9B3490C31902007F02CF970
:1013B000AFF28011972007F027F9A949882007F09C
:1013C00023F9AFF65C218F2007F01EF9AA49982077
:1013D00007F01AF9AFF670219F2007F015F90020E9
:1013E000EEF7EBFFA548B0F8A40442F21071884272
:1013F00007DBA248B0F8A404401AA049A1F8A4044D
:101400000A269E48B0F8A60442F21071884207DB13
:101410009A48B0F8A604401A9849A1F8A6040A27E9
:101420000021701DC0B2884B9B1C0122CDE9000138
:1014300004218420EEF748FD0021781DC0B2824BC4
:101440001B1D0122CDE9000104219420EEF73CFD93
:10145000002005218A4B0222CDE9001004218C20B6
:10146000EEF732FD00200521854B9B1C0246CDE99D
:1014700000109C20EEF728FD002074490870F0F75A
:1014800047F9BDE8FC8110B57248008872490988A7
:10149000884215D0704800886E490880EEF71FFC1E
:1014A0007049802007F0B0F86E49902007F0ACF842
:1014B00074A1882007F0A8F86A49982007F0A4F8DA
:1014C000F0F726F910BD1CB562480088624909880A
:1014D000884228D0604800885E490880EEF7FFFB0C
:1014E0006D49802007F090F86CA1872007F08CF8F8
:1014F00069490C31902007F087F869A1972007F01F
:1015000083F865491831882007F07EF864A18F20A0
:1015100007F07AF860492431982007F075F860A147
:101520009F2007F071F80020EEF747FF002005210B
:10153000454B44330122CDE9001004218420EEF70D
:10154000C3FC00200521404B36330246CDE9001094
:101550009420EEF7B9FC002005213B4B38330246BE
:10156000CDE900108C20EEF7AFFC00200521364BB2
:101570003A330246CDE900109C20EEF7A5FC00208E
:1015800032490870F0F7C4F81CBD1CB5314800881A
:1015900031490988884229D02F4800882D49088080
:1015A000EEF79DFB2E494039802007F02DF83DA134
:1015B000872007F029F82A493439902007F024F8C9
:1015C00038A1972007F020F825492839882007F00E
:1015D0001BF834A18F2007F017F821491C399820F7
:1015E00007F012F830A19F2007F00EF80020EEF768
:1015F000E4FE00200521144B3C330122CDE900100C
:1016000004218420EEF760FC002005210E4B3E33C0
:101610000122CDE9001004219420EEF755FC0020B2
:101620000521094B40330122CDE9001004218C2013
:10163000EEF74AFC00200521034B42330246CDE978
:1016400000109C2032E00000FC1000206903002004
:101650001E160020440300204203002068E1020817
:1016600034DD0208EC1502086E190020BA1E0020B5
:10167000BC1A002014E60208E88902085A0C00206F
:10168000720F002020202036BAC5B8DFD1B9B5E7E7
:10169000BBFA20200000000068D80208487A000049
:1016A00020560000204100006B570000EEF70CFCB4
:1016B0000020FE490870F0F72BF81CBD2DE9FC4115
:1016C0000024002500260027F9480088F9490988E8
:1016D00088422CD0F7480088F5490880EEF7FFFAD9
:1016E000F549802006F090FFAFF2B841872006F060
:1016F0008BFFF1491031902006F086FFAFF2CC410C
:10170000972006F081FFEC491C31882006F07CFF11
:10171000AFF2E0418F2006F077FFE74928319820AB
:1017200006F072FFAFF2F4419F2006F06DFF00203B
:10173000EEF743FEE148B0F8CC0442F21071884263
:1017400007DBDE48B0F8CC04401ADC49A1F8CC0431
:101750000A24DA48B0F8CE0442F21071884207DB5E
:10176000D648B0F8CE04401AD449A1F8CE040A25D0
:10177000D248B0F8D00442F21071884207DBCF485B
:10178000B0F8D004401ACD49A1F8D0040A26CB48BD
:10179000B0F8D20442F21071884207DBC748B0F8B3
:1017A000D204401AC549A1F8D2040A270021601DBD
:1017B000C0B2C34B0122CDE9000104218420EEF721
:1017C00083FB0021681DC0B2BD4B9B1C0122CDE9EB
:1017D000000104219420EEF777FB0021701DC0B2B8
:1017E000B74B1B1D0122CDE9000104218C20EEF72F
:1017F0006BFB0021781DC0B2B14B9B1D0122CDE9CE
:10180000000104219C20EEF75FFB0020A74908702F
:10181000EFF77EFFBDE8FC817CB500250024A448DD
:101820000088A449098888422AD0A2480088A04993
:101830000880EEF754FAA349802006F0E5FEAFF2E7
:101840000C61872006F0E0FE9E490C31902006F0E6
:10185000DBFEAFF22061972006F0D6FE9A49882081
:1018600006F0D2FEAFF600718F2006F0CDFE97494C
:10187000982006F0C9FEAFF610719F2006F0C4FE56
:101880000020EEF79AFD8D48B0F8D40442F21071B2
:10189000884207DB8948B0F8D404401A8749A1F888
:1018A000D4040A258548B0F8D60442F21071884263
:1018B00007DB8248B0F8D604401A8049A1F8D60464
:1018C0000A240021681DC0B27D4B08330122CDE9F6
:1018D000000104218420EEF7F7FA0021601DC0B258
:1018E000774B0A330122CDE9000104219420EEF761
:1018F000EBFA00200521764B0222CDE900100421ED
:101900008C20EEF7E1FA00200521714B9B1C02466A
:10191000CDE900109C20EEF7D7FA0020634908704B
:10192000EFF7F6FE7CBD10B5614800886149098873
:10193000884215D05F4800885D490880EEF7CFF9EE
:101940006449802006F060FE6249902006F05CFE4B
:1019500061A1882006F058FE5E49982006F054FEEA
:10196000EFF7D6FE10BD1CB55148008851490988D3
:1019700088422CD04F4800884D490880EEF7AFF9D7
:101980005A49802006F040FEAFF2F021872006F091
:101990003BFE56490C31902006F036FEAFF2003186
:1019A000972006F031FE51491831882006F02CFEB0
:1019B000AFF214318F2006F027FE4C4924319820D5
:1019C00006F022FEAFF228319F2006F01DFE002017
:1019D000EEF7F3FC00200521394B4A330122CDE913
:1019E000001004218420EEF76FFA00200521344B0B
:1019F0003C330246CDE900109420EEF765FA002052
:101A000005212F4B3E330246CDE900108C20EEF726
:101A10005BFA002005212A4B40330246CDE9001035
:101A20009C20EEF751FA002020490870EFF770FE75
:101A30001CBD1CB51E4800881E49098888422DD04F
:101A40001C4800881A490880EEF749F91E494039B8
:101A5000802006F0D9FDAFF2B431872006F0D4FD26
:101A600019493439902006F0CFFDAFF2C8319720E4
:101A700006F0CAFD14492839882006F0C5FDAFF2EA
:101A8000DC318F2006F0C0FD0F491C39982006F08C
:101A9000BBFDAFF2EC319F2006F0B6FD0020EEF763
:101AA0008CFC00200521064B423321E06903002015
:101AB000440300204203002068E102085A0C002081
:101AC0002611002014E6020834DD0208E889020825
:101AD000A20F0020EC15020820202037BAC5B8DF7D
:101AE000D1B9B5E7BBFA20200000000068D8020891
:101AF0000122CDE9001004218420EEF7E5F9002051
:101B00000521FE4B0122CDE9001004219420EEF7BF
:101B1000DBF900200521F94B9B1C0122CDE90010C7
:101B200004218C20EEF7D0F900200521F34B1B1D7A
:101B30000246CDE900109C20EEF7C6F90020F049DE
:101B40000870EFF7E5FD1CBD2DE9FC4100240025E0
:101B500000260027EB480088EB49098888422CD0F2
:101B6000E9480088E7490880EEF7B9F8E74980209E
:101B700006F04AFDAFF64411872006F045FDE34923
:101B80001031902006F040FDAFF65811972006F076
:101B90003BFDDE491C31882006F036FDAFF66C11A6
:101BA0008F2006F031FDD9492831982006F02CFD10
:101BB000AFF680119F2006F027FD0020EEF7FDFB19
:101BC000D348B0F8FC0442F21071884207DBD048D9
:101BD000B0F8FC04401ACE49A1F8FC040A24CC4811
:101BE000B0F8FE0442F21071884207DBC848B0F832
:101BF000FE04401AC649A1F8FE040A25C448B0F8FC
:101C0000000542F21071884207DBC148B0F80005B8
:101C1000401ABF49A1F800050A26BD48B0F80205E0
:101C200042F21071884207DBB948B0F80205401A49
:101C3000B749A1F802050A270021601DC0B2AF4BC9
:101C4000143B0122CDE9000104218420EEF73CF988
:101C50000021681DC0B2A94B123B0122CDE9000151
:101C600004219420EEF730F90021701DC0B2A34B7F
:101C7000103B0122CDE9000104218C20EEF724F96C
:101C80000021781DC0B29D4B0E3B0122CDE9000121
:101C900004219C20EEF718F9002099490870EFF70D
:101CA00037FDBDE8FC817CB50025002495480088FF
:101CB00095490988884228D093480088914908802E
:101CC000EEF70DF89349802006F09EFCAFF69C21BC
:101CD000872006F099FC8F490C31902006F094FC87
:101CE000AFF6B021972006F08FFC8B49882006F0D4
:101CF0008BFC8AA18F2006F087FC8949982006F08A
:101D000083FC86A19F2006F07FFC0020EEF755FBA8
:101D10007F48B0F8040542F21071884207DB7C4826
:101D2000B0F80405401A7A49A1F804050A25784854
:101D3000B0F8060542F21071884207DB7448B0F82B
:101D40000605401A7249A1F806050A240021681DFB
:101D5000C0B26A4B0C3B0122CDE900010421842072
:101D6000EEF7B2F80021601DC0B2644B0A3B0122BD
:101D7000CDE9000104219420EEF7A6F8002005210A
:101D8000684B0222CDE9001004218C20EEF79CF86C
:101D900000200521634B9B1C0246CDE900109C20CE
:101DA000EEF792F8002056490870EFF7B1FC7CBDC1
:101DB00010B55448008854490988884215D05248C3
:101DC000008850490880EDF78AFF5749802006F0C7
:101DD0001BFC5549902006F017FC54A1882006F002
:101DE00013FC5149982006F00FFCEFF791FC10BD51
:101DF0001CB5444800884449098888422CD0424890
:101E0000008840490880EDF76AFF4D49802006F0C0
:101E1000FBFBAFF27871872006F0F6FB48490C31E6
:101E2000902006F0F1FBAFF28871972006F0ECFBF2
:101E300043491831882006F0E7FBAFF29C718F20F0
:101E400006F0E2FB3E492431982006F0DDFBAFF2BC
:101E5000B0719F2006F0D8FB0020EEF7AEFA00200C
:101E60000521264B36330122CDE9001004218420C0
:101E7000EEF72AF800200521204B28330246CDE951
:101E800000109420EEF720F8002005211B4B2A3388
:101E90000246CDE900108C20EEF716F8002005214F
:101EA000164B2C330246CDE900109C20EEF70CF8BF
:101EB000002013490870EFF72BFC1CBD1CB511481E
:101EC000008811490988884251D00F4800880D497F
:101ED0000880EDF704FF10494039802006F094FB9C
:101EE000AFF64001872006F08FFB0B493439902074
:101EF00006F08AFBAFF65401972023E06A11002018
:101F000069030020440300204203002068E1020826
:101F10005A0C002014E6020834DD020820200000DC
:101F2000E8890208D20F0020EC1502082020203892
:101F3000BAC5B8DFD1B9B5E7BBFA20200000000070
:101F400068D8020806F060FBFE49882006F05CFBBA
:101F5000AFF6B0018F2006F057FBFA490C319820FC
:101F600006F052FBAFF6C0019F2006F04DFB0020AB
:101F7000EEF723FA00200521F34B0122CDE90010F2
:101F800004218420EDF7A0FF00200521EE4B9B1CCF
:101F90000122CDE9001004219420EDF795FF0020E7
:101FA0000521E94B1B1D0122CDE9001004218C20E5
:101FB000EDF78AFF00200521E34B9B1D0246CDE98A
:101FC00000109C20EDF780FF0020E0490870EFF73B
:101FD0009FFB1CBD2DE9FC410024002500260027A5
:101FE000DB480088DB49098888422CD0D948008822
:101FF000D7490880EDF773FED749802006F004FB2F
:10200000AFF6D051872006F0FFFAD3491031902067
:1020100006F0FAFAAFF6E451972006F0F5FACE4949
:102020001C31882006F0F0FAAFF6F8518F2006F048
:10203000EBFAC9492831982006F0E6FAAFF60C61B0
:102040009F2006F0E1FA0020EEF7B7F9C348B0F898
:102050002C0542F21071884207DBC048B0F82C050D
:10206000401ABE49A1F82C050A24BC48B0F82E0538
:1020700042F21071884207DBB848B0F82E05401ACA
:10208000B649A1F82E050A25B448B0F8300542F249
:102090001071884207DBB148B0F83005401AAF49EB
:1020A000A1F830050A26AD48B0F8320542F21071A9
:1020B000884207DBA948B0F83205401AA749A1F8C1
:1020C00032050A270021601DC0B29F4B123B01223E
:1020D000CDE9000104218420EDF7F6FE0021681D02
:1020E000C0B2994B103B0122CDE90001042194209C
:1020F000EDF7EAFE0021701DC0B2934B0E3B0122AA
:10210000CDE9000104218C20EDF7DEFE0021781DD1
:10211000C0B28D4B0C3B0122CDE9000104219C2073
:10212000EDF7D2FE002089490870EFF7F1FABDE81B
:10213000FC817CB5002500248548008885490988F4
:1021400088422BD08348008881490880EDF7C7FD7D
:102150008349802006F058FAAFF62871872006F0F0
:1021600053FA7F490C31902006F04EFAAFF63C71DD
:10217000972006F049FA73492831882006F044FA7E
:10218000AFF268218F2006F03FFA7649982006F0DA
:102190003BFAAFF278219F2006F036FA0020EEF7E6
:1021A0000CF96E48B0F8340542F21071884207DB32
:1021B0006A48B0F83405401A6849A1F834050A2580
:1021C0006648B0F8360542F21071884207DB634872
:1021D000B0F83605401A6149A1F836050A240021F5
:1021E000681DC0B2584B0A3B0122CDE90001042111
:1021F0008420EDF769FE0021601DC0B2524B083B00
:102200000122CDE9000104219420EDF75DFE0020BC
:102210000521554B0222CDE9001004218C20EDF759
:1022200053FE00200521504B9B1C0246CDE90010B7
:102230009C20EDF749FE002044490870EFF768FA4A
:102240007CBD10B54248008842490988884215D0B3
:10225000404800883E490880EDF741FD4349802011
:1022600006F0D2F94149902006F0CEF940A188202D
:1022700006F0CAF93D49982006F0C6F9EFF748FA8A
:1022800010BD1CB53248008832490988884229D0DF
:10229000304800882E490880EDF721FD39A18020C3
:1022A00006F0B2F9AFF28C31872006F0ADF938A113
:1022B000902006F0A9F9AFF29C31972006F0A4F91E
:1022C00038A1882006F0A0F9AFF2B0318F2006F0D7
:1022D0009BF939A1982006F097F9AFF2C0319F2001
:1022E00006F092F90320EEF768F8384800780821E4
:1022F000374B0022CDE9001004218520EDF7E4FDE5
:10230000344800780821324B9B1C0022CDE9001094
:1023100004219520EDF7D8FD2F48007808212C4B9B
:102320001B1D0022CDE9001004218D20EDF7CCFD0E
:1023300000200821264B08330246CDE90010052174
:102340009D204BE00CDD020898110020690300205D
:10235000440300204203002068E102085A0C0020D8
:1023600014E60208E889020802100020EC150208B1
:102370002020205957333130B2CECAFD20202020F2
:1023800000000000D0DEB8C45957333130200000BF
:10239000BBD6B8B45957333130202020202020201C
:1023A00000000000CEC2B8D0B5D8D6B7202020207B
:1023B0002020202000000000BCC6CAFDC6F7202057
:1023C00020202020202020200000000049030020A1
:1023D000620E00204A0300204B030020EDF774FD3D
:1023E0000020FE490870FE480078012809D102202B
:1023F000FB4908700020FB490870FB490880FB4935
:102400000870F748007802283ED1F9480078012882
:102410000AD10821F748E0F757FF0446F64801883B
:102420002046E0F7AEFD7DE0F148007802280BD1B0
:102430000821F048801CE0F747FF0446EE48018879
:102440002046E0F79EFD6DE0E948007803280BD1B7
:102450000821E848001DE0F737FF0446E6480188F8
:102460002046E0F78EFD5DE0E1480078042859D170
:102470000821E0480830E0F727FF0446DE480188DD
:102480002046E0F77EFD4DE0D5480078002849D190
:10249000D7480078042802DD0020D5490870D448C8
:1024A000007848B90120D24908700020CD49087051
:1024B000CD490880CD490870CD480078012808D161
:1024C0000821CC48E0F700FF04460121E0F7A9FC11
:1024D00028E0C7480078022809D10821C548801C97
:1024E000E0F7F2FE04460121E0F79BFC1AE0C04849
:1024F0000078032809D10821BE48001DE0F7E4FE5A
:1025000004460121E0F78DFC0CE0B948007804286E
:1025100008D10821B7480830E0F7D6FE044601216B
:10252000E0F77FFC1CBD1CB5B4480088B44909889D
:10253000884229D0B2480088B0490880EDF7CFFB27
:10254000B0A1802006F060F8AFF23061872006F07D
:102550005BF8B1A1902006F057F8AFF240619720E8
:1025600006F052F8B1A1882006F04EF8AFF254619F
:102570008F2006F049F8B2A1982006F045F8AFF296
:1025800064619F2006F040F80320EDF716FFB14884
:1025900000780821974B1B1F0022CDE90010032172
:1025A0008620EDF791FCAC4800780821914B9B1EEA
:1025B0000322CDE9001004219420EDF785FCA74803
:1025C000007808218B4B0E330022CDE90010052145
:1025D0008C20EDF779FC00200821864B0A3302227B
:1025E000CDE9001004219D20EDF76EFC00207B4911
:1025F00008707B480078012809D1022078490870CA
:102600000020784908707849088078490870744833
:10261000007802283FD17648007801280BD10821A4
:102620007448001FE0F750FE0446734801882046B6
:10263000E0F7A7FC7EE06E48007802280BD1082165
:102640006C48801EE0F740FE04466B480188204637
:10265000E0F797FC6EE06648007803280BD108216C
:1026600064480E30E0F730FE044663480188204697
:10267000E0F787FC5EE05E48007804285AD1082124
:102680005C480A30E0F720FE04465B48018820469B
:10269000E0F777FC4EE05248007800284AD15448D1
:1026A0000078042802DD0020514908705048007865
:1026B00048B901204E49087000204A4908704A492B
:1026C00008804A4908704A480078012809D1082141
:1026D0004848001FE0F7F8FD04460121E0F7A1FBA0
:1026E00028E043480078022809D108214148801E8B
:1026F000E0F7EAFD04460121E0F793FB1AE03C48CD
:102700000078032809D108213A480E30E0F7DCFDB3
:1027100004460121E0F785FB0CE0354800780428E9
:1027200008D1082133480A30E0F7CEFD04460121E4
:10273000E0F777FB1CBD1CB530480088304909889C
:10274000884227D02E4800882C490880EDF7C7FA28
:1027500043A1802005F058FF46A1872005F054FFD3
:1027600045A1902005F050FF42A1972005F04CFFB5
:1027700046A1882005F048FFAFF660018F2005F0E4
:1027800043FF4749982005F03FFFAFF670019F20B7
:1027900005F03AFF0320EDF710FE2E4800780821DF
:1027A000144B9B1F0022CDE9001005218420EDF77A
:1027B0008BFB2948007808210E4B083B0022CDE90D
:1027C000001005219420EDF77FFB244800780821B4
:1027D000084B0C330022CDE9001063E069030020B0
:1027E0004A000020630100206601002062010020F1
:1027F0006C010020620E00204E00002044030020E7
:1028000042030020D1B9C1A6CEC2B6C8D1A1D4F12D
:102810002020202000000000D1B9CEC2CFB5CAFDD3
:1028200020202020202020200000000041493120CD
:10283000B3F5D6B520202020202020200000000065
:10284000205957333130B0E6B1BE2020202020205F
:1028500000000000490300204A0300204B03002031
:10286000D5FDCEC2C1BFB3CC202020202020202007
:1028700000000000A1E60000B8BACEC2C1BFB3CCD0
:10288000202020202020202000000000D7EEB4F3DC
:102890004149D6B520202020202020200000000023
:1028A000EC15020805218C20EDF70EFB0020FE49F7
:1028B0000870FE480078012809D10220FB49087001
:1028C0000020FB490870FB490880FB490870F74865
:1028D000007802283ED1F948007801280AD1082161
:1028E000F748E0F7F1FC0446F64801882046E0F797
:1028F00048FB7DE0F148007802280BD10821F04820
:10290000801EE0F7E1FC0446EE4801882046E0F72F
:1029100038FB6DE0E948007803280BD10821E8482E
:102920001230E0F7D1FC0446E64801882046E0F783
:1029300028FB5DE0E1480078042859D10821E048EF
:102940001030E0F7C1FC0446DE4801882046E0F77D
:1029500018FB4DE0D5480078002849D1D7480078C9
:10296000042802DD0020D5490870D448007848B911
:102970000120D24908700020CD490870CD49088057
:10298000CD490870CD480078012808D10821CC48ED
:10299000E0F79AFC04460121E0F743FA28E0C74833
:1029A0000078022809D10821C548801EE0F78CFC78
:1029B00004460121E0F735FA1AE0C0480078032800
:1029C00009D10821BE481230E0F77EFC04460121FF
:1029D000E0F727FA0CE0B9480078042808D108216C
:1029E000B7481030E0F770FC04460121E0F719FA0F
:1029F0001CBD10B5B4480088B4490988884215D078
:102A0000B2480088B0490880EDF769F9B0498020E4
:102A100005F0FAFDAE49902005F0F6FDADA1882045
:102A200005F0F2FDAA49982005F0EEFDEEF770FEE4
:102A300010BD1CB5A4480088A4490988884229D043
:102A4000A2480088A0490880EDF749F9A6A1802096
:102A500005F0DAFDAFF63C31872005F0D5FDA5A1E4
:102A6000902005F0D1FDAFF64C31972005F0CCFD5C
:102A7000A349882005F0C8FDAFF660318D2005F030
:102A8000C3FDA0A1982005F0BFFDAFF670319F20D7
:102A900005F0BAFD0420EDF790FC9F48007808216E
:102AA000874B9B1D0022CDE9001004218520EDF706
:102AB0000BFA9A4800780821814B08330022CDE9AF
:102AC000001004219520EDF7FFF9954800780821C2
:102AD0007B4B18330022CDE9001003218D20EDF748
:102AE000F3F9904800780821754B16330022CDE9A0
:102AF000001002219E20EDF7E7F900206A490870D6
:102B00006A480078012809D102206849087000202D
:102B1000674908706749088067490870634800780A
:102B200002283FD16548007801280BD1082164486C
:102B3000801DE0F7C9FB0446624801882046E0F7A3
:102B400020FA7EE05D48007802280BD108215C481D
:102B50000830E0F7B9FB04465A4801882046E0F700
:102B600010FA6EE05548007803280BD1082154482C
:102B70001830E0F7A9FB0446524801882046E0F7E8
:102B800000FA5EE04D48007804285AD108214C48EC
:102B90001630E0F799FB04464A4801882046E0F7E2
:102BA000F0F94EE04148007800284AD143480078C7
:102BB000042802DD0020414908704048007848B9E7
:102BC00001203E49087000203949087039490880C1
:102BD0003949087039480078012809D10821384856
:102BE000801DE0F771FB04460121E0F71AF928E0A7
:102BF00032480078022809D1082131480830E0F72E
:102C000063FB04460121E0F70CF91AE02B48007839
:102C1000032809D108212A481830E0F755FB04465B
:102C20000121E0F7FEF80CE024480078042808D1E0
:102C3000082123481630E0F747FB04460121E0F75E
:102C4000F0F81CBD1CB5204800882049098888423E
:102C500071D01E4800881C490880EDF740F83249C1
:102C6000802005F0D1FC31A1872005F0CDFC2E4954
:102C70001031902005F0C8FCAFF66051972005F0A8
:102C8000C3FC29491C31882005F0BEFCAFF6745105
:102C90008F2005F0B9FC24492831982005F0B4FCB8
:102CA000AFF688519F2044E0690300204A000020CD
:102CB0006301002066010020620100206C010020F9
:102CC0005C0E00204E000020440300204203002040
:102CD000EC150208202020535A4D32323020B2CE5B
:102CE000CAFD202000000000D0DEB8C45A4D3232A8
:102CF00030000000BBD6B8B45A4D3232300000006C
:102D000080C402083232302D4C4F5241B5D8D6B76C
:102D10002020202000000000490300204A0300205A
:102D20004B0300204C030020CCC90208204D0000BA
:102D300001E005F069FC0420EDF73FFBFE48007858
:102D40000821FE4B0022CDE9001005218420EDF77B
:102D5000BBF8FB4800780821F84B9B1C0022CDE90A
:102D6000001005219420EDF7AFF8F648007808210F
:102D7000F24B1B1D0022CDE9001005218C20EDF740
:102D8000A3F8F14800780821EC4B9B1D0022CDE907
:102D9000001005219C20EDF797F80020EB49087002
:102DA000EB480078012809D10220E9490870002089
:102DB000E8490870E8490880E8490870E448007864
:102DC00002283ED1E648007801280AD10821DB48D4
:102DD000E0F77AFA0446E34801882046E0F7D1F8A4
:102DE0007DE0DF48007802280BD10821D348801C01
:102DF000E0F76AFA0446DB4801882046E0F7C1F8AC
:102E00006DE0D748007803280BD10821CB48001D7E
:102E1000E0F75AFA0446D34801882046E0F7B1F8B3
:102E20005DE0CF480078042859D10821C348801DAF
:102E3000E0F74AFA0446CB4801882046E0F7A1F8BB
:102E40004DE0C3480078002849D1C54800780428DF
:102E500002DD0020C2490870C148007848B901204D
:102E6000BF4908700020BB490870BB490880BB49B6
:102E70000870BB480078012808D10821AF48E0F766
:102E800023FA04460121DFF7CCFF28E0B44800789C
:102E9000022809D10821A948801CE0F715FA044648
:102EA0000121DFF7BEFF1AE0AD480078032809D101
:102EB0000821A248001DE0F707FA04460121DFF7C8
:102EC000B0FF0CE0A6480078042808D108219B48F0
:102ED000801DE0F7F9F904460121DFF7A2FF1CBDD0
:102EE0001CB5A1480088A149098888422AD09F487A
:102EF00000889D490880ECF7F2FE9D49802005F08E
:102F000083FBAFF6E871872005F07EFB98490C3112
:102F1000902005F079FBAFF6FC71972005F074FB6B
:102F200093491831882005F06FFB92A18F2005F09E
:102F30006BFB8F492431982005F066FB8DA19F2003
:102F400005F062FB0420EDF738FA7B480078082191
:102F50007A4B08330022CDE9001005218420ECF7DC
:102F6000B3FF774800780821744B0A330022CDE97B
:102F7000001005219420ECF7A7FF72480078082183
:102F80006E4B0C330022CDE9001005218C20ECF7AC
:102F90009BFF6D4800780821684B0E330022CDE975
:102FA000001005219C20ECF78FFF00206749087076
:102FB00067480078012809D102206549087000207F
:102FC0006449087064490880644908706048007862
:102FD00002283FD16248007801280BD108215748C8
:102FE0000830E0F771F904465E4801882046DFF7B3
:102FF000C8FF7EE05A48007802280BD108214F48CC
:103000000A30E0F761F90446564801882046DFF7A8
:10301000B8FF6EE05248007803280BD108214748DA
:103020000C30E0F751F904464E4801882046DFF79E
:10303000A8FF5EE04A48007804285AD108213F489A
:103040000E30E0F741F90446464801882046DFF794
:1030500098FF4EE03E48007800284AD1404800786A
:10306000042802DD00203E4908703D48007848B938
:1030700001203B4908700020364908703649088015
:103080003649087036480078012809D108212B48B4
:103090000830E0F719F904460121DFF7C2FE28E005
:1030A0002F480078022809D1082124480A30E0F787
:1030B0000BF904460121DFF7B4FE1AE02848007836
:1030C000032809D108211D480C30E0F7FDF804461B
:1030D0000121DFF7A6FE0CE021480078042808D182
:1030E000082116480E30E0F7EFF804460121DFF71B
:1030F00098FE1CBD1CB51C4800881C4909888842E4
:103100004CD01A48008818490880ECF7E8FD1A49A5
:10311000802005F079FA17A1872005F075FA164985
:103120000C31902005F070FA12A1972005F06CFA8E
:1031300011491831882021E049030020780E002031
:103140004A0300204B0300204C03002069030020A9
:103150004A00002063010020660100206201002077
:103160006C0100204E000020440300204203002098
:1031700000CA02082020000070CE020805F044FAC0
:10318000AFF210018F2005F03FFAFE49982005F0BC
:103190003BFAAFF220019F2005F036FA0420EDF74C
:1031A0000CF9F94800780821F84B0022CDE900100D
:1031B00003218520ECF788FEF54800780821F34BC1
:1031C0009B1C0022CDE9001003219520ECF77CFE2A
:1031D000F04800780821ED4B1B1D0022CDE90010BE
:1031E00003218D20ECF770FEEB4800780821E74BB7
:1031F000123B0022CDE9001003219D20ECF764FE74
:103200000020E6490870E6480078012809D102202C
:10321000E34908700020E3490870E3490880E34966
:103220000870DF48007802283ED1E1480078012884
:103230000AD10821D548E0F747F80446DD4801885F
:103240002046DFF79EFE7DE0D948007802280BD1AA
:103250000821CE48801CE0F737F80446D54801889D
:103260002046DFF78EFE6DE0D148007803280BD1B1
:103270000821C648001DE0F727F80446CD4801881C
:103280002046DFF77EFE5DE0C9480078042859D16A
:103290000821BE481238E0F717F80446C5480188EF
:1032A0002046DFF76EFE4DE0BD480078002849D18A
:1032B000BF480078042802DD0020BD490870BC48E2
:1032C000007848B90120BA4908700020B549087053
:1032D000B5490880B5490870B5480078012808D17B
:1032E0000821AA48DFF7F0FF04460121DFF799FD26
:1032F00028E0AF480078022809D10821A348801CA3
:10330000DFF7E2FF04460121DFF78BFD1AE0A84852
:103310000078032809D108219C48001DDFF7D4FF5D
:1033200004460121DFF77DFD0CE0A1480078042868
:1033300008D1082195481238DFF7C6FF044601215D
:10334000DFF76FFD1CBD1CB59B4800889B490988B1
:10335000884223D09948008897490880ECF7BFFC41
:103360009749802005F050F996A1872005F04CF987
:1033700093491431902005F047F992A1972005F068
:1033800043F98F492431882005F03EF98EA18F2022
:1033900005F03AF98DA1982005F036F90220EDF7F5
:1033A0000CF8794800780821784B9B1D0022CDE964
:1033B000001005218420ECF787FD7548007808216E
:1033C000724B08330022CDE9001005219420ECF760
:1033D0007BFD002008216D4B0E330222CDE9001049
:1033E00004218C20ECF770FD00206C4908706C48BB
:1033F0000078012809D10220694908700020694934
:103400000870694908806949087065480078022891
:103410002FD16748007801280BD108215B48801D17
:10342000DFF752FF0446634801882046DFF7A9FD15
:1034300060E05F48007802280BD10821534808302B
:10344000DFF742FF04465B4801882046DFF799FD1D
:1034500050E05748007803284CD108214B480E30E3
:10346000DFF732FF0446534801882046DFF789FD25
:1034700040E04B48007800283CD14D4800780328B4
:1034800002DD00204A4908704948007848B9012007
:103490004749087000204349087043490880434960
:1034A000087043480078012809D108213748801D59
:1034B000DFF70AFF04460121DFF7B3FC1AE03C48BE
:1034C0000078022809D1082130480830DFF7FCFED7
:1034D00004460121DFF7A5FC0CE0354800780328FD
:1034E00008D1082129480E30DFF7EEFE04460121FD
:1034F000DFF797FC1CBD1CB52F4800882F490988B1
:10350000884224D02D4800882B490880ECF7E7FB3F
:1035100033A1802005F078F834A1902005F074F8EC
:10352000AFF2B031972005F06FF83549882005F0EB
:103530006BF8AFF2C0318F2005F066F83049982063
:1035400005F062F8AFF2D4319F2005F05DF800205D
:10355000ECF733FF002008210C4B10330246CDE975
:10356000001005218520ECF7AFFC00200821074B57
:1035700012330222CDE9001004219520ECF7A4FCBF
:1035800000203FE060C5020849030020880E0020AB
:103590004A0300204B0300204C0300206903002055
:1035A0004A00002063010020660100206201002023
:1035B0006C0100204E000020440300204203002044
:1035C0000CCE02086D7300006B620000535A4D323E
:1035D00032302D2D4C4F5241B2CECAFD00000000BA
:1035E000535A4D323230BCC6CAFD0000535A4D32D8
:1035F0003230B0E6B1BE20202020202000000000A4
:10360000EC150208FE490870FE480078012809D12F
:103610000220FC4908700020FB490870FB49088023
:10362000FB490870F748007802281ED1F948007855
:1036300001280AD10821F848DFF746FE0446F7487A
:1036400001882046DFF79DFC40E0F2480078022820
:103650003CD10821F048801CDFF736FE0446EF48D5
:1036600001882046DFF78DFC30E0E6480078F8B9A5
:10367000E8480078022802DD0020E6490870E548A5
:10368000007848B90120E34908700020DE4908703D
:10369000DE490880DE490870DE480078012808D13C
:1036A0000821DD48DFF710FE04460121DFF7B9FBF2
:1036B0000CE0D8480078022808D10821D648801CA0
:1036C000DFF702FE04460121DFF7ABFB1CBD1CB592
:1036D000D3480088D3490988884227D0D148008838
:1036E000CF490880ECF7FBFACFA1802004F08CFFD3
:1036F000AFF28051872004F087FFD0A1902004F022
:1037000083FFD3A1972004F07FFFD2A1882004F08B
:103710007BFFAFF2A0518F2004F076FFD2A198205A
:1037200004F072FFCAA19F2004F06EFF0020ECF7A6
:1037300044FE00200521B84B12330222CDE90010CF
:103740008320ECF7C1FB00200521B34B1433024664
:10375000CDE9001004218620ECF7B6FB00200521FE
:10376000C64B0246CDE9001002219120ECF7ACFBDC
:1037700000200521C14B9B1C0246CDE9001002210F
:103780009320ECF7A1FB00200521BC4B1B1D02463A
:10379000CDE9001004219520ECF796FB00200521CF
:1037A0009D4B16330222CDE900108B20ECF78CFBE9
:1037B00000200521984B18330246CDE90010042162
:1037C0008E20ECF781FB00200521AC4B9B1D0246AF
:1037D000CDE9001003219920ECF776FB00200521AC
:1037E000A64B08330246CDE9001002219B20ECF7DE
:1037F0006BFB00200521A14B0A330246CDE90010E6
:1038000004219D20ECF760FB00207D490870EDF756
:103810007FFF1CBD10B58248008882490988884214
:1038200017D0804800887E490880ECF758FA04F0E9
:10383000CFFE9349802004F0E7FE92A1902004F08F
:10384000E3FE9549882004F0DFFE94A1982004F05F
:10385000DBFE0020ECF7B1FD002069490870EDF7B0
:1038600057FF10BD2DE9F84F05460E4617461C467A
:10387000DDE90AA8A14663480078032811DAECF7CD
:1038800003FB5F48007802280BD14B463A4631468D
:103890002846CDF8008004F064FF4FF47A7004F0FD
:1038A000F1FBBDE8F88F10B5002081490870814810
:1038B000006810B90120087034E07E48001D0068DF
:1038C00018B902207A4908702CE07B48006818B9C2
:1038D00006207749087025E07848006818B9072065
:1038E000734908701EE074482030006818B9082039
:1038F0006F49087016E070480838006818B9092048
:103900006B4908700EE06C482430006818B90A2032
:103910006749087006E069481830006810B90B2044
:10392000634908706648007861490978884207D081
:103930005F480078624908700020624908804DE0C5
:10394000604801880088401C5E4A10800A2945DDD5
:103950000020114608805648007828B900205A49AE
:1039600008705A49087039E00120574908705849D1
:10397000088042489C38008D40B340489C38008DF8
:10398000012817D14A480078082803D10B2048495C
:10399000087023E0464800780B2803D108204449EA
:1039A00008701BE042480078052817D109204049DB
:1039B000087013E031489C38008D02280ED13C4835
:1039C0000078082803D10B203949087006E03848F0
:1039D00000780B2802D108203549087027489C3808
:1039E000008A002841F0BD823A480078002873D14F
:1039F00035480078012870D12D48007800286DE006
:103A0000690300204A0000206301002066010020B5
:103A1000620100206C010020980E00204E00002062
:103A20004403002042030020CEB3B6C83A20202031
:103A30002020202020202020000000002020202006
:103A4000442020202E2020202020202000000000C4
:103A500046200000BEADB6C83A20202020202020FD
:103A600020202020000000002020202020442020B2
:103A70002E2020202020202000000000BA16002048
:103A8000A800020820202020BBB6D3ADC4FAA3A111
:103A90002020202000000000EC150208202020201B
:103AA000202020202020202020456E6400000000DF
:103AB0003F030020100121421401224204812142CF
:103AC00040030020620300203E0300204603002044
:103AD0001E0100204703002082E223E022D0FE489E
:103AE0000078002887D10120FB490870FB48C08876
:103AF000002873D1FA480078082870D1F948008866
:103B000040F2E73188426ADAF6480088401CF549FD
:103B10000880F248408D98BB08460088152802D1DD
:103B2000642008806DE2EF480088882803D1C72010
:103B3000EC49088065E2EB480088D02804D14FF4B6
:103B40009670E84908805CE2E6480088B0F59B7F03
:103B500004D140F21F20E349088052E2E148008886
:103B6000072803D10820DF4908804AE2DD480088A1
:103B7000B0F5087F05D140F22220DA49088040E202
:103B80000AE0D848008840F227218842CAD140F292
:103B9000E730D449088034E2D048408D012832D142
:103BA000D0480088DE2804D14FF49670CD490880B3
:103BB00027E2CC48008840F23711884204D140F215
:103BC0001F20C84908801CE2C6480088B0F5087F5D
:103BD00006D140F22220C349088012E258E152E0A7
:103BE000C048008840F22721884204D140F2E730E3
:103BF000BC49088005E2BB480088D22892D1D32076
:103C0000B8490880FDE1B548408D02288AD1B54801
:103C10000088D02803D1FA20B2490880F1E1B148E8
:103C20000088B0F5837F04D14FF49670AD490880C9
:103C3000E7E1AC48008840F23711884204D14FF4E4
:103C4000A570A8490880DCE1A6480088B0F5A67FE9
:103C500004D140F21F20A3490880D2E1A148008886
:103C6000B0F5087F04D140F222209E490880C8E1C7
:103C70009C48008840F2272188428CD140F2E730EE
:103C800098490880BDE1964800780B286FD1954887
:103C9000008800286BDD93480088401E9149088009
:103CA0008E48408DB0BB0846008840F21E218842F5
:103CB00004D140F235108B490880A2E18948008880
:103CC00040F22B11884203D1CF208649088098E129
:103CD00084480088C62803D187208249088090E163
:103CE00080480088632803D114207E49088088E139
:103CF0007C480088072803D106207A49088080E1A3
:103D000078480088B0F5087F05D140F21F2075493A
:103D1000088076E10AE07348008840F2E631884284
:103D200086D140F226206F4908806AE16B48408DB9
:103D300001283AD16B48008840F21E21884204D104
:103D40004FF49B70674908805BE16648008840F249
:103D50002B11884203D1DD206249088051E161487E
:103D60000088C72804D1C8205E49088049E166E080
:103D70005C480088B0F5087F04D140F21F20594903
:103D800008803EE15748008840F2E631884204D17D
:103D900040F226205349088033E152480088D22857
:103DA0008BD1D1204F4908802BE14C48408D02280F
:103DB0008DD14C48008840F21E21884204D140F247
:103DC0004B10484908801CE14648008840F24911E0
:103DD000884204D14FF49B704249088011E1414868
:103DE000008840F22B11884204D140F205103D4971
:103DF000088006E13B480088F92803D1CF203949E3
:103E00000880FEE037480088C72803D1C82035491C
:103E10000880F6E033480088B0F5087F04D140F20E
:103E20001F2030490880ECE02E48008840F2E6313F
:103E3000884203D140F226202A490880E1E0284840
:103E400000780A2803D1002026490880D9E02448B8
:103E50000078062808D101202349087023480078FB
:103E6000401C22490870CCE01D480078072805D185
:103E70001F480078401C1E490870C2E018480078AE
:103E8000092804D11B480078401C1A490870B8E082
:103E90001248C088012835D1114800780B2840D13C
:103EA00010480088B0F5FA7F3BDD0E480088401EC0
:103EB0000C4908800846008840F2E631884203D168
:103EC00040F23520074908800448008AD8B90548DF
:103ED000008840F21E210FE0460300201E1600203D
:103EE0003F03002042030020470300204803002036
:103EF0005803002059030020884203D140F20D20CE
:103F0000F84908807DE0F848008A022879D1F54810
:103F1000008840F21E21884273D1801EF14908803A
:103F20006FE0F2480078082830D1EE48008840F26F
:103F3000E73188422ADAEB480088401CE9490880CA
:103F40000846008840F23621884203D140F2E7302B
:103F5000E4490880E448008A50B9E248008840F209
:103F60000E2188424DD140F21F20DE49088048E0F2
:103F7000DD48008A022844D1DA48008840F21D2139
:103F800088423ED1801CD74908803AE0D748007863
:103F90000A2804D14FF4FA70D249088031E0D3489E
:103FA0000078062808D10120D1490870D14800784E
:103FB000401CD049087024E0CC480078072805D17F
:103FC000CD480078401CCC4908701AE0C7480078FA
:103FD000092816D1C9480078401CC849087010E06B
:103FE000C748007801280CD1C048007848B1C548BE
:103FF000007830B90120C3490870BC480078C24934
:104000000870BF48007801281BD1B8480078012803
:1040100017D1B548408D022804D10120BB49A1F831
:1040200090000AE0B048408D18B1AF48408D01289B
:1040300003D10120B649A1F87A000120B5490870E2
:104040001EE0AF48007801281AD1A848007802285D
:1040500016D1A548408D022804D10020AB49A1F813
:1040600090000AE0A048408D18B19F48408D01287B
:1040700003D10020A649A1F87A000120A5490870C3
:10408000A5480078642823D19748408D02280CD198
:1040900003219E489030DFF717F904469B48B0F89B
:1040A00090102046DEF76DFF12E08F48408D18B16A
:1040B0008D48408D01280BD1012195487A30DFF7DA
:1040C00003F904469248B0F87A102046DEF759FF0B
:1040D0008548C08800287AD18348408D002877D150
:1040E0008048008868B984480078022809D10520F2
:1040F0007C4908800020804908708049087003F0DE
:10410000A9BA7848008805280CD17B480078022895
:1041100008D10A2073490880002077490870774940
:104120000870ECE76F4800880A280CD172480078C4
:10413000022808D111206B49088000206E490870C0
:104140006E490870DBE76748008811280CD16A487F
:104150000078022808D1652062490880002066495D
:10416000087066490870CAE75E48008865280CD167
:1041700061480078022808D167205A490880002049
:104180005D4908705D490870B9E75648008867289E
:104190000CD159480078022808D16C205149088078
:1041A00000205549087055490870A8E74D48008817
:1041B0006C280ED15048007802280AD17120494954
:1041C000088000204C4908704C49087097E7F6E3D6
:1041D000CBE14448008871280CD147480078022878
:1041E00008D175203F4908800020434908704349A1
:1041F000087084E73B48008875280CD13E48007859
:10420000022808D179203749088000203A490870EF
:104210003A49087073E73348008879280CD136484A
:104220000078022808D17D202E49088000203249DC
:1042300008703249087062E72A4800887D280CD14E
:104240002D480078022808D18120264908800020C6
:10425000294908702949087051E7224800888128B7
:104260000CD125480078022808D187201D490880F4
:104270000020214908702149087040E7194800884A
:1042800087280CD11C480078022808D1C82015497D
:104290000880002018490870184908702FE7114855
:1042A0000088C8280CD114480078022808D1CD20F5
:1042B0000C490880002010490870104908701EE75A
:1042C00008480088CD2829D10B480078022825D13C
:1042D00040F22D1003490880002007490870074963
:1042E00008700CE7420300201E1600203F03002048
:1042F00047030020480300205803002059030020F2
:104300003E030020460300204F030020F21400204B
:104310005A0C00205A0300204A000020FA48008866
:1043200040F22D1188420CD1F8480078022808D1BB
:10433000081DF54908800020F4490870F449087008
:10434000DDE6F148008840F2311188420CD1EF4897
:104350000078022808D1081DEB4908800020EB49AD
:104360000870EB490870CAE6E748008840F235114A
:1043700088420DD1E5480078022809D140F21F207B
:10438000E14908800020E1490870E1490870B6E67B
:10439000DD48008840F21F2188420CD1DB480078BC
:1043A000022808D1481DD84908800020D749087044
:1043B000D7490870A3E6D4480088B0F5097F0DD12D
:1043C000D2480078022809D140F2E730CE4908806F
:1043D0000020CE490870CE49087090E6CA4800888F
:1043E00060B9CB480078022808D1C820C6490880A7
:1043F0000020C7490870C549087080E6C248008897
:10440000C8280CD1C2480078022808D1CA20BE4969
:1044100008800020BE490870BC4908706FE6BA48A1
:104420000088CA280CD1BA480078022808D1CD20CB
:10443000B54908800020B6490870B44908705EE6A6
:10444000B1480088CD280CD1B1480078022808D1A5
:10445000CF20AD4908800020AD490870AB490870F5
:104460004DE6A9480088CF280DD1A9480078022838
:1044700009D140F22D10A44908800020A4490870F9
:10448000A24908703BE6A048008840F22D118842FE
:104490000CD19F480078022808D1081D9A4908804D
:1044A00000209B4908709949087028E696480088C2
:1044B00040F2311188420CD195480078022808D189
:1044C000081D9149088000209049087090490870A3
:1044D00015E68D48008840F2351188420DD18C4890
:1044E0000078022809D140F21F2087490880002067
:1044F000874908708549087001E68348008840F2C2
:104500001F2188420CD182480078022808D1481D1A
:104510007D49088000207E4908707C490870EEE5DE
:1045200079480088B0F5097F0DD1794800780228D4
:1045300009D140F2E73074490880002074490870BE
:1045400072490870DBE570480088652888D170489A
:104550000078022884D140F22D106B490880002099
:104560006B49087069490870C9E56A48408D01289F
:104570006FD165480088C8280CD1644800780228AB
:1045800008D1D02060490880002060490870604947
:104590000870B4E55C480088D0280DD15B480078ED
:1045A000022809D14FF496705749088000205749D6
:1045B000087057490870A2E553480088B0F5967F07
:1045C0000DD152480078022809D140F22D104E49F1
:1045D000088000204D4908704D4908708FE54A4811
:1045E000008840F22D1188420CD1484800780228FA
:1045F00008D1081D444908800020444908704449F6
:1046000008707CE54048008840F2311188420CD1A6
:104610003E480078022808D1081D3B490880002048
:104620003A4908703A49087069E53748008840F20D
:10463000351188420ED13548007802280AD140F25F
:104640001F20314908800020304908703049087027
:1046500055E5E4E02C48008840F21F2188420CD147
:104660002A480078022808D1481D274908800020E0
:10467000264908702649087041E523480088B0F5AE
:10468000097F0DD121480078022809D140F2E73096
:104690001D49088000201D4908701D4908702EE53D
:1046A00019480088C8280CD119480078022808D178
:1046B000CF2015490880002015490870134908705B
:1046C0001DE511480088CF280CD111480078022838
:1046D00008D1D5200C49088000200D4908700B49ED
:1046E00008700CE508480088D52815D108480078DE
:1046F000022811D1DC2004490880002004490870F8
:1047000002490870FBE40000420300205803002027
:10471000590300201E160020FD480088DC280CD11B
:10472000FC480078022808D1DD20F94908800020E3
:10473000F8490870F8490870E1E4F5480088DD2878
:104740000DD1F4480078022809D140F22D10F0492B
:1047500008800020EF490870EF490870CFE4EC486A
:10476000008840F22D1188420CD1EA4800780228D6
:1047700008D1081DE64908800020E6490870E6498E
:104780000870BCE4E248008840F2311188420CD144
:10479000E0480078022808D1081DDD490880002083
:1047A000DD490870DB490870A9E4D948008840F267
:1047B000351188420DD1D7480078022809D140F23E
:1047C0001F20D34908800020D2490870D2490870C0
:1047D00095E4CF48008840F21F2188420CD1CD4893
:1047E0000078022808D1481DC94908800020C9491D
:1047F0000870C949087082E4C5480088B0F5097F8F
:104800009AD1C4480078022896D140F2E730C049D6
:1048100008800020BF490870BF4908706FE4BF4896
:10482000408D022888D1BA480088C8280CD1BA48DF
:104830000078022808D1CF20B54908800020B64969
:104840000870B44908705AE4B1480088CF280DD1E7
:10485000B1480078022809D14FF49670AC4908801D
:104860000020AD490870AB49087048E4A8480088AA
:10487000B0F5967F0DD1A8480078022809D140F202
:104880002D10A34908800020A3490870A149087091
:1048900035E49F48008840F22D1188420CD19E4893
:1048A0000078022808D1081D9949088000209A49FB
:1048B00008709849087022E49548008840F2311148
:1048C00088420CD194480078022808D1081D9049EC
:1048D00008800020904908708E4908700FE48C48C9
:1048E000008840F2351188420CD18B4800780228AC
:1048F00008D1481C864908800020874908708549EE
:1049000008700EE482480088B0F59B7F0DD1824884
:104910000078022809D14FF4A5707D490880002055
:104920007D4908707B4908700CE479480088B0F52F
:10493000A57F0DD178480078022809D140F21F20C8
:1049400073490880002074490870724908700AE4AD
:104950006F48008840F21F2188420CD16E480078D1
:10496000022808D1481D6A49088000206A49087059
:104970006849087008E466480088B0F5097F0DD1E1
:1049800065480078022809D140F2E7306049088084
:104990000020614908705F49087006E45C4800889F
:1049A000C8280DD15B480078022809D1CF2058498A
:1049B00008800020574908705749087006E4E8E06D
:1049C00053480088CF280CD152480078022808D1DB
:1049D000FA204F49088000204E4908704E4908705F
:1049E00007E44B480088FA280CD14A48007802288E
:1049F00008D1FF20464908800020464908704649F2
:104A0000087007E442480088FF280DD1414800782B
:104A1000022809D140F205103D49088000203D4997
:104A200008703D49087006E43948008840F20511D5
:104A300088420DD137480078022809D14FF496708A
:104A4000334908800020334908703349087014E462
:104A50002F480088B0F5967F0DD12E4800780228A7
:104A600009D140F22D102A490880002029490870F8
:104A70002949087012E42648008840F22D11884226
:104A80000CD124480078022808D1081D204908804C
:104A90000020204908702049087010E41C48008854
:104AA00040F2311188420CD11A480078022808D10E
:104AB000081D17490880002017490870154908701B
:104AC0000FE41348008840F2351188420CD1114898
:104AD0000078022808D1481C0D49088000200D49A3
:104AE00008700D4908702BE409480088B0F59B7FD9
:104AF00016D108480078022812D14FF4A570044955
:104B000008800020044908700249087018E4000079
:104B10004203002059030020580300201E160020E5
:104B2000F8480088B0F5A57F0DD1F7480078022835
:104B300009D140F21F20F34908800020F249087093
:104B4000F24908700FE4EF48008840F21F218842C4
:104B50000CD1ED480078022808D1481DE9490880A9
:104B60000020E9490870E949087010E4E548008828
:104B7000B0F5097F91D1E448007802288DD140F248
:104B8000E730E04908800020DF490870DF490870FD
:104B900010E4DF48C088012892D1DA480088B0F5D7
:104BA000FA7F0DD1D9480078022809D140F21F20A0
:104BB000D44908800020D5490870D34908700CE416
:104BC000D048008840F21F2188420CD1CF4800789D
:104BD000022808D1481CCB4908800020CB49087026
:104BE000C949087009E4C7480088B0F5087F0DD1AD
:104BF000C6480078022809D14FF40970C1490880DD
:104C00000020C2490870C049087007E4BD48008808
:104C1000B0F5097F0DD1BD480078022809D140F2D6
:104C20002720B84908800020B8490870B6490870A4
:104C300005E4B448008840F2272188420CD1B348EB
:104C40000078022808D1081DAE4908800020AF492D
:104C50000870AD49087015E4AA48008840F22B217D
:104C600088420CD1A9480078022808D1081DA5491E
:104C700008800020A5490870A349087015E4A148E0
:104C8000008840F22F2188420CD1A04800780228E9
:104C900008D1881D9B49088000209C4908709A49CA
:104CA000087015E49748008840F2352188420DD1FC
:104CB00096480078022809D140F2E73091490880EF
:104CC0000020924908709049087015E48D480088CA
:104CD000B0F5FA7F0DD18C480078022809D140F256
:104CE000F5108849088000208749087087490870B6
:104CF00015E48448008840F2F51188420CD18248BE
:104D00000078022808D1481D7E49088000207E498D
:104D100008707E49087015E47A480088B0F5FD7F78
:104D20000DD179480078022809D140F2FF10754969
:104D300008800020744908707449087014E47148B0
:104D4000008840F2FF1188420CD16F480078022899
:104D500008D1481D6B49088000206B4908706B49D9
:104D6000087016E467480088B0F5017F0DD16648E9
:104D70000078022809D140F2092062490880002009
:104D8000614908706149087015E45E48008840F286
:104D9000092188421ED15C48007802281AD15C485B
:104DA000008A48B940F21F20564908800020564921
:104DB00008705649087011E45548008A022884D1C9
:104DC00040F20E204F49088000204F4908704F499B
:104DD000087016E44B48008840F20E2188420CD13E
:104DE00049480078022808D1481D4649088000201B
:104DF000454908704549087016E44248008840F269
:104E0000132188420CD140480078022808D1481D5F
:104E10003C49088000203C4908703C49087017E470
:104E200038480088B0F5067F0DD137480078022851
:104E300009D140F21F203349088000203249087010
:104E40003249087004E42F48008840F21F2188424C
:104E50000CD12D480078022808D1481C2949088027
:104E60000020294908702949087005E42548008870
:104E7000B0F5087F0DD124480078022809D14FF4FD
:104E800009702049088000201F4908701F490870D8
:104E900005E41C480088B0F5097F0DD11A48007858
:104EA000022809D140F2272016490880002016491F
:104EB00008701649087014E41248008840F227214F
:104EC00088420CD110480078022808D1081D0D49ED
:104ED000088000200C4908700C49087012E4094849
:104EE000008840F22B21884214D10748007802281C
:104EF00010D1081D034908800020034908700349A8
:104F0000087019E4420300205903002058030020D0
:104F10001E160020F848008840F22F2188420CD14C
:104F2000F6480078022808D1881DF349088000203F
:104F3000F2490870F249087010E4EF48008840F226
:104F40003521884291D1ED48007802288DD140F278
:104F5000E730E94908800020E8490870E84908700E
:104F60000FE4E848008A012841F05881E6480078BB
:104F7000002871D1E5480078012825D1E44800785F
:104F8000002821D0E34800780028F6D10120E1492B
:104F90000870DC48C08898BBDD480078082871D1CB
:104FA000D548008840F2E73188426BDAD248008861
:104FB000401CD1490880D348408DA0BB08460088DA
:104FC000152802D1642008804BE2CB48008888284D
:104FD00003D1C720C849088043E2C7480088D028C9
:104FE00004D14FF49670C44908803AE2C248008860
:104FF000B0F59B7F05D140F20B20BF49088030E21D
:10500000ABE1BD480088072803D10820BA490880D1
:1050100027E2B9480088B0F5037F05D140F20D20A2
:10502000B54908801DE20AE0B348008840F2122129
:10503000884203D140F2E730AF49088011E2B1481D
:10504000408D012832D1AC480088DE2805D14FF4CC
:105050009670A949088004E2F2E1A748008840F26E
:105060003711884204D140F20B20A3490880F8E1AF
:10507000A1480088B0F5037F05D140F20D209E497C
:105080000880EEE153E09C48008840F212218842FB
:1050900004D140F2E73098490880E2E19648008860
:1050A000D22802D1D32094490880DAE19548408D76
:1050B000022806D190480088D02803D1FA208E49D2
:1050C0000880CEE18C480088B0F5837F04D14FF48E
:1050D000967089490880C4E18748008840F23711FA
:1050E000884204D14FF4A57083490880B9E1824811
:1050F000008840F24D11884204D140F20B207E49D5
:105100000880AEE17C480088B0F5037F04D140F20E
:105110000D2079490880A4E17748008840F21221E7
:10512000884203D140F2E7307349088099E178481A
:1051300000780B286FD17048008800286BDD6E481E
:105140000088401E6C4908806E48408DB0BB084600
:10515000008840F20A21884204D140F235106649A5
:1051600008807EE16448008840F22B11884203D118
:10517000CF206149088074E15F480088C62803D1C8
:1051800087205D4908806CE15B480088632803D173
:1051900014205949088064E157480088072803D142
:1051A0000620554908805CE153480088B0F5037F2C
:1051B00005D140F20B205049088052E10AE04E48E8
:1051C000008840F2E631884203D140F211204A497A
:1051D000088046E14B48408D01283AD14648008876
:1051E00040F20A21884204D14FF49B704249088062
:1051F00037E14148008840F22B11884203D1DD207D
:105200003D4908802DE13C480088C72804D1C820CA
:105210003949088025E166E037480088B0F5037F0A
:1052200004D140F20B20344908801AE1324800884A
:1052300040F2E631884204D140F211202E49088024
:105240000FE12D480088D22802D1D1202A490880B8
:1052500007E12C48408D022809D12748008840F2F8
:105260000A21884204D14FF4A67023490880F8E04F
:105270002148008840F24911884204D14FF49B70C4
:105280001D490880EDE01C48008840F22B1188423F
:1052900004D140F2051018490880E2E01648008861
:1052A000F92803D1CF2014490880DAE01248008899
:1052B000C72803D1C82010490880D2E00E480088D2
:1052C000B0F5037F04D140F20B200B490880C8E001
:1052D0000948008840F2E631884203D140F21120AB
:1052E00005490880BDE00A4800780A2814D100204A
:1052F00001490880B5E00000420300205903002066
:10530000580300201E160020470300203E03002003
:105310003F03002046030020F8480078062808D103
:105320000120F7490870F7480078401CF5490870DB
:1053300097E0F2480078072805D1F3480078401C30
:10534000F14908708DE0ED480078092804D1EF4854
:105350000078401CED49087083E0ED48C0880128C2
:105360007FD1E64800780B281DD1EA480088B0F5C7
:10537000FA7F18DDE7480088401EE64908800846A5
:10538000008840F2E631884203D140F21620E1491C
:105390000880E048008840F20A21884261D1801EDE
:1053A000DC4908805DE0D548007808281ED1D9483E
:1053B000008840F2E731884218DAD6480088401C5D
:1053C000D44908800846008840F21721884203D15A
:1053D00040F2E730CF490880CE48008840F20921EA
:1053E00088423ED1801CCB4908803AE0C34800780F
:1053F0000A2804D14FF4FA70C649088031E0BF484A
:105400000078062808D10120BD490870BD48007801
:10541000401CBC49087024E0B8480078072805D132
:10542000B9480078401CB84908701AE0B3480078C1
:10543000092816D1B5480078401CB449087010E01E
:10544000B548007801280CD1AC48007848B1B34881
:10545000007830B90120B1490870A8480078B049F7
:105460000870AD48007801281BD1A44800780128B5
:1054700017D1A748408D022804D10120A949A1F8DD
:1054800090000AE0A248408D18B1A148408D012843
:1054900003D10120A449A1F87A000120A349087092
:1054A0001EE09D48007801281AD19448007802280F
:1054B00016D19748408D022804D100209949A1F8BF
:1054C00090000AE09248408D18B19148408D012823
:1054D00003D100209449A1F87A0001209349087073
:1054E00093480078642823D18948408D02280CD144
:1054F00003218C489030DDF7E7FE04468948B0F878
:1055000090102046DDF73DFD12E08148408D18B136
:105510007F48408D01280BD1012183487A30DDF787
:10552000D3FE04468048B0F87A102046DDF729FD06
:105530007748C088002879D17548408D88BB754868
:10554000008860B970480078022808D105207149A8
:10555000088000206C4908706C49087014E46D489C
:10556000008805280CD168480078022808D10A2054
:1055700068490880002064490870644908701AE48A
:10558000644800880A280DD15F480078022809D1B4
:1055900011206049088000205B4908705B49087051
:1055A00009E413E25B48008811280CD156480078C2
:1055B000022808D165205749088000205249087008
:1055C0005249087005E45348008865280CD14E48BC
:1055D0000078022808D167204E49088000204A49F7
:1055E00008704A49087007E44A48008867280CD1C7
:1055F00045480078022808D16C20464908800020E0
:10560000414908704149087009E4424800886C2803
:105610000DD13D480078022809D171203D4908800C
:10562000002039490870394908700BE4FBE3394818
:10563000008871280CD134480078022808D17520E0
:1056400034490880002030490870304908700CE463
:105650003048008875280CD12B480078022808D1E2
:1056600079202C49088000202749087027490870B4
:105670000EE42848008879280CD1234800780228B5
:1056800008D17D202349088000201F4908701F4948
:10569000087010E41F4800887D280CD11A48007853
:1056A000022808D181201B49088000201649087073
:1056B0001649087012E41748008881280CD1124856
:1056C0000078022808D187201249088000200E495E
:1056D00008700E49087014E40E480088872829D104
:1056E00009480078022825D1C8200A4908800020EE
:1056F00005490870054908701EE400003F030020BA
:1057000047030020480300205803002059030020CD
:105710001E160020420300203E0300204603002006
:105720004F030020F21400205A0C00205A030020DE
:105730004A000020FC480088C8280CD1FB480078AB
:10574000022808D1CD20F84908800020F7490870C8
:10575000F749087004E4F4480088CD280DD1F348D7
:105760000078022809D140F22D10EF49088000206E
:10577000EE490870EE490870F0E6EB48008840F208
:105780002D1188420CD1E9480078022808D1081D63
:10579000E54908800020E5490870E5490870DDE624
:1057A000E148008840F2311188420CD1DF4800788E
:1057B000022808D1081DDC4908800020DB49087058
:1057C000DB490870CAE6D848008840F235118842A3
:1057D0000DD1D6480078022809D140F20B20D249D9
:1057E00008800020D1490870D1490870B6E6CE483B
:1057F000008840F20B2188420CD1CC480078022866
:1058000008D1081DC84908800020C8490870C84947
:105810000870A3E6C448008840F20F2188420DD1E9
:10582000C2480078022809D140F2E730BE4908801A
:105830000020BE490870BE4908708FE6BA4800884B
:1058400060B9BB480078022808D1C820B649088052
:105850000020B7490870B54908707FE6B248008853
:10586000C8280CD1B2480078022808D1CA20AE4915
:1058700008800020AE490870AC4908706EE6AA485E
:105880000088CA280CD1AA480078022808D1CD2067
:10589000A54908800020A6490870A44908705DE663
:1058A000A1480088CD280CD1A1480078022808D151
:1058B000CF209D49088000209D4908709B490870B1
:1058C0004CE699480088CF280DD1994800780228E5
:1058D00009D140F22D1094490880002094490870A5
:1058E000924908703AE69048008840F22D118842AB
:1058F0000CD18F480078022808D1081D8A490880F9
:1059000000208B4908708949087027E6864800887E
:1059100040F2311188420CD185480078022808D124
:10592000081D81490880002080490870804908705E
:1059300014E67D48008840F2351188420DD17C483C
:105940000078022809D140F20B2077490880002016
:10595000774908707549087000E67348008840F27E
:105960000B2188420CD172480078022808D1081D0A
:105970006D49088000206E4908706C490870EDE59B
:105980006948008840F20F2188420DD168480078AC
:10599000022809D140F2E7306349088000206449B9
:1059A000087062490870D9E55F480088652887D18A
:1059B0005F480078022895D140F22D105A4908809E
:1059C00000205B49087059490870C7E55948408D67
:1059D00001286FD154480088C8280CD1534800785A
:1059E000022808D1D0205049088000204F49087073
:1059F0004F490870B2E54C480088D0280DD14B487B
:105A00000078022809D14FF4967047490880002099
:105A10004649087046490870A0E543480088B0F53B
:105A2000967F0DD141480078022809D140F22D100F
:105A30003D49088000203D4908703D4908708DE5CA
:105A40003948008840F22D1188420CD1374800783F
:105A5000022808D1081D3449088000203349087005
:105A6000334908707AE53048008840F231118842A5
:105A70000CD12E480078022808D1081D2A49088038
:105A800000202A4908702A49087067E526480088DE
:105A900040F2351188420ED12448007802280AD1FC
:105AA00040F20B202049088000202049087020493E
:105AB000087053E5E6E01C48008840F20B2188425C
:105AC0000CD11A480078022808D1081D1649088010
:105AD000002016490870164908703FE512480088F2
:105AE00040F20F2188420DD110480078022809D1D8
:105AF00040F2E7300C49088000200C4908700C493E
:105B000008702BE508480088C82815D10848007897
:105B1000022811D1CF2004490880002004490870D0
:105B2000024908701AE500004203002058030020D3
:105B3000590300201E160020FC480088CF280CD1F5
:105B4000FB480078022808D1D520F84908800020B9
:105B5000F7490870F749087000E5F4480088D5282F
:105B60000CD1F3480078022808D1DC20EF490880E6
:105B70000020EF490870EF490870EFE4EB48008817
:105B8000DC280CD1EA480078022808D1DD20E7495A
:105B900008800020E6490870E6490870DEE4E34822
:105BA0000088DD280DD1E2480078022809D140F2B2
:105BB0002D10DE4908800020DD490870DD4908709D
:105BC000CCE4DA48008840F22D1188420CD1D84844
:105BD0000078022808D1081DD44908800020D44943
:105BE0000870D4490870B9E4D048008840F23111F7
:105BF00088420CD1CE480078022808D1081DCB4934
:105C000008800020CB490870C9490870A6E4C7483D
:105C1000008840F2351188420DD1C548007802282D
:105C200009D140F20B20C14908800020C04908700A
:105C3000C049087092E4BD48008840F20B218842B8
:105C40000CD1BB480078022808D1081DB74908804C
:105C50000020B7490870B74908707FE4B34800884E
:105C600040F20F21884288D1B1480078022884D1BF
:105C700040F2E730AD4908800020AD490870AD49D9
:105C800008706BE4AC48408D022887D1A748008893
:105C9000C8280CD1A7480078022808D1CF20A349F2
:105CA00008800020A3490870A149087056E49F4865
:105CB0000088CF280DD19F480078022809D14FF4E1
:105CC00096709A49088000209A490870984908708F
:105CD00044E496480088B0F5967F0DD19548007849
:105CE000022809D140F22D109049088000209149E6
:105CF00008708F49087031E48C48008840F22D11FB
:105D000088420CD18B480078022808D1081D8749A9
:105D10000880002087490870854908701EE4834880
:105D2000008840F2311188420CD182480078022864
:105D300008D1081D7D49088000207E4908707C49F3
:105D400008700BE47948008840F2351188420CD184
:105D500078480078022808D1481C7449088000203F
:105D6000744908707249087009E470480088B0F5F9
:105D70009B7F0DD16F480078022809D14FF4A570A0
:105D80006A49088000206B4908706949087007E477
:105D900066480088B0F5A57F0DD1664800780228D6
:105DA00009D140F20B206149088000206149087048
:105DB0005F49087006E45D48008840F20B21884284
:105DC0000CD15C480078022808D1081D574908808A
:105DD0000020584908705649087004E45348008868
:105DE00040F20F2188420DD152480078022809D193
:105DF00040F2E7304D49088000204E4908704C4978
:105E0000087012E449480088C8280DD14848007835
:105E1000022809D1CF204549088000204449087054
:105E20004449087013E4E9E040480088CF280CD1C9
:105E30003F480078022808D1FA203C490880002019
:105E40003B4908703B49087012E438480088FA283A
:105E50000CD137480078022808D1FF203349088048
:105E60000020334908703349087012E42F48008835
:105E7000FF280DD12E480078022809D140F20510E4
:105E80002A49088000202A4908702A49087011E42C
:105E90002648008840F2051188420DD12448007838
:105EA000022809D14FF4967020490880002020492B
:105EB0000870204908700EE41C480088B0F5967FF1
:105EC0000DD11B480078022809D140F22D10174946
:105ED0000880002016490870164908700CE4134821
:105EE000008840F22D1188420CD111480078022818
:105EF00008D1081D0D49088000200D4908700D4982
:105F0000087027E40948008840F23111884215D111
:105F100007480078022811D1081D04490880002094
:105F2000044908700249087014E40000420300208C
:105F300059030020580300201E160020F94800884D
:105F400040F2351188420CD1F7480078022808D178
:105F5000481CF44908800020F3490870F349087090
:105F60000AE4F0480088B0F59B7F0DD1EE48007838
:105F7000022809D14FF4A570EA4908800020EB49B6
:105F80000870E94908700AE4E6480088B0F5A57F82
:105F90000DD1E5480078022809D140F20B20E149F3
:105FA00008800020E0490870E04908700AE4DD48F4
:105FB000008840F20B2188420CD1DB48007802288F
:105FC00008D1081DD74908800020D7490870D74953
:105FD00008700BE4D348008840F20F21884290D12A
:105FE000D148007802288CD140F2E730CD490880B2
:105FF0000020CD490870CD4908700AE4CC48C0881B
:10600000012891D1C7480088B0F5FA7F0DD1C74863
:106010000078022809D140F20B20C24908800020F4
:10602000C2490870C049087007E4BE48008840F2C1
:106030000B2188420CD1BD480078022808D1481CA9
:10604000B84908800020B9490870B749087004E4CD
:10605000B4480088B0F5037F0DD1B4480078022819
:1060600009D140F20F20AF4908800020AF490870E5
:10607000AD49087013E4AB48008840F20F21884214
:106080000CD1AA480078022808D1081DA54908802B
:106090000020A6490870A449087011E4A1480088AE
:1060A00040F2132188420DD1A0480078022809D17E
:1060B00040F2E7309B49088000209C4908709A49CB
:1060C00008700FE497480088B0F5FA7F0DD1964824
:1060D0000078022809D140F2F5109249088000208A
:1060E00091490870914908700FE48E48008840F289
:1060F000F51188420CD18C480078022808D1481D3F
:1061000088490880002088490870884908700FE491
:1061100084480088B0F5FD7F0DD1834800780228BF
:1061200009D140F2FF107F49088000207E490870A5
:106130007E49087010E47B48008840F2FF118842D5
:106140000CD179480078022808D1481D754908808B
:106150000020754908707549087010E4714800887E
:10616000B0F5017F0DD170480078022809D140F2C6
:106170000B206C49088000206B4908706B4908703F
:1061800011E46848008840F20B2188420CD166482F
:106190000078022808D1481C624908800020624922
:1061A00008706249087010E45E480088B0F5037F0B
:1061B0000DD15D480078022809D140F20F205949DD
:1061C00008800020584908705849087012E4554862
:1061D000008840F20F2188420CD1534800780228F1
:1061E00008D1081D4F49088000204F4908704F49C9
:1061F000087011E44B48008840F21321884286D190
:1062000049480078022895D140F2E7304549088096
:106210000020454908704549087010E44448008A48
:10622000022887D14348007880BB43480078012882
:1062300023D14248007800B341480078E8B90120F2
:106240003F4908703A48C088A0BB3C4800780828FD
:1062500067D13448008840F2E731884261DA31483A
:106260000088401C2F4908803148408DA8BB084653
:106270000088152802D16420088049E22948008856
:10628000882804D1C7202749088041E22FE2254809
:106290000088D02804D14FF496702249088037E254
:1062A00020480088B0F59B7F05D140F21F201D4992
:1062B00008802DE2A8E11B480088072803D10820A8
:1062C0001849088024E217480088B0F5087F05D1F6
:1062D00040F22220134908801AE20AE0114800889F
:1062E00040F22721884203D140F2E7300D4908806F
:1062F0000EE20F48408D012841D10A480088DE286F
:1063000004D14FF496700749088001E205480088DF
:1063100040F23711884215D140F21F200149088010
:10632000F6E16CE0420300205903002058030020EE
:106330001E160020470300203E0300203F030020DC
:1063400046030020FB480088B0F5087F04D140F2E6
:106350002220F8490880DBE1F648008840F2272136
:10636000884204D140F2E730F2490880D0E1F14898
:106370000088D22802D1D320EE490880C8E1EE4837
:10638000408D022806D1EB480088D02803D1FA209E
:10639000E8490880BCE1E7480088B0F5837F04D174
:1063A0004FF49670E3490880B2E1E248008840F279
:1063B0003711884204D14FF4A570DE490880A7E167
:1063C000DC480088B0F5A67F04D140F21F20D949EF
:1063D00008809DE1D7480088B0F5087F04D140F2DD
:1063E0002220D449088093E1D248008840F2272136
:1063F000884203D140F2E730CE49088088E1CF4897
:1064000000780B286FD1CB48008800286BDDC94885
:106410000088401EC7490880C748408DB0BB084669
:10642000008840F21E21884204D140F23510C14953
:1064300008806DE1BF48008840F22B11884203D1EB
:10644000CF20BC49088063E1BA480088C62803D140
:106450008720B84908805BE1B6480088632803D1EB
:106460001420B449088053E1B2480088072803D1BA
:106470000620B04908804BE1AE480088B0F5087F9F
:1064800005D140F21F20AB49088041E10AE0A9484C
:10649000008840F2E631884203D140F22620A54927
:1064A000088035E1A448408D01283AD1A1480088F0
:1064B00040F21E21884204D14FF49B709D49088010
:1064C00026E19C48008840F22B11884203D1DD2050
:1064D000984908801CE197480088C72804D1C82043
:1064E0009449088014E166E092480088B0F5087F7E
:1064F00004D140F21F208F49088009E18D480088AF
:1065000040F2E631884204D140F2262089490880D1
:10651000FEE088480088D22802D1D1208549088031
:10652000F6E08548408D022809D18248008840F273
:106530001E21884204D140F24B107E490880E7E0DA
:106540007C48008840F24911884204D14FF49B7086
:1065500078490880DCE07748008840F22B118842B7
:1065600004D140F2051073490880D1E071480088D9
:10657000F92803D1CF206F490880C9E06D48008811
:10658000C72803D1C8206B490880C1E0694800884A
:10659000B0F5087F04D140F21F2066490880B7E0BB
:1065A0006448008840F2E631884203D140F2262058
:1065B00060490880ACE0614800780A2803D10020D7
:1065C0005C490880A4E05D480078062808D10120D5
:1065D0005B4908705B480078401C5A49087097E096
:1065E00056480078072805D157480078401C56497E
:1065F00008708DE051480078092804D1534800788C
:10660000401C5249087083E04B48C08801287FD164
:106610004A4800780B281DD146480088B0F5FA7F1B
:1066200018DD44480088401E42490880084600881A
:1066300040F2E631884203D140F235203D490880DE
:106640003C48008840F21E21884261D1801E3949B1
:1066500008805DE03948007808281ED13548008858
:1066600040F2E731884218DA32480088401C31494C
:1066700008800846008840F23621884203D140F263
:10668000E7302C4908802B48008840F21D218842C1
:106690003ED1801C274908803AE0284800780A2823
:1066A00004D14FF4FA702349088031E02348007880
:1066B000062808D101202249087022480078401C91
:1066C0002049087024E01D480078072805D11E489D
:1066D0000078401C1C4908701AE018480078092806
:1066E00016D11A480078401C1849087010E0184864
:1066F000007801280CD11148007848B1154800787D
:1067000030B90120134908700C480078124908700C
:106710000F480078012832D10848007801282ED18E
:106720000548408D02281BD101200C49A1F890009A
:1067300021E00000420300201E1600203F0300203D
:10674000470300204803002058030020590300207D
:106750003E030020460300204F030020F2140020D7
:10676000F748408D18B1F648408D012803D101202B
:10677000F449A1F87A000120F34908701EE0F348BB
:10678000007801281AD1F2480078022816D1EC4886
:10679000408D022804D10020EE49A1F890000AE0C3
:1067A000E748408D18B1E648408D012803D100200C
:1067B000E449A1F87A000120E3490870E64800782E
:1067C000642823D1DE48408D02280CD10321E14802
:1067D0009030DCF779FD0446DE48B0F89010204692
:1067E000DCF7CFFB12E0D648408D18B1D448408D7D
:1067F00001280BD10121D3487A30DCF765FD04462E
:10680000D048B0F87A102046DCF7BBFBCC48C088F3
:10681000002879D1CA48408D88BBD048008860B92B
:10682000CF480078022808D10520CC4908800020F4
:10683000CB490870CB49087005E2C8480088052894
:106840000CD1C7480078022808D10A20C349088023
:106850000020C3490870C3490870F4E1BF480088AC
:106860000A280DD1BE480078022809D11120BB4961
:1068700008800020BA490870BA490870E3E108E2CC
:10688000B648008811280CD1B5480078022808D1F4
:106890006520B24908800020B1490870B1490870EC
:1068A000D1E1AE48008865280CD1AD4800780228B7
:1068B00008D16720A94908800020A9490870A94982
:1068C0000870C0E1A548008867280CD1A44800786A
:1068D000022808D16C20A14908800020A049087036
:1068E000A0490870AFE19D4800886C280DD19C48F4
:1068F0000078022809D17120984908800020984921
:106900000870984908709EE1FEE394480088712859
:106910000CD193480078022808D175208F4908804F
:1069200000208F4908708F4908708CE18B480088DF
:1069300075280CD18A480078022808D17920874927
:106940000880002086490870864908707BE18348EA
:10695000008879280CD182480078022808D17D204F
:106960007E49088000207E4908707E4908706AE1EF
:106970007A4800887D280CD179480078022808D10F
:106980008120764908800020754908707549087093
:1069900059E17248008881280CD17148007802289A
:1069A00008D187206D49088000206D4908706D4925
:1069B000087048E16948008887280CD16848007849
:1069C000022808D1C8206549088000206449087061
:1069D0006449087037E161480088C8280CD16048D4
:1069E0000078022808D1CD205C49088000205C494D
:1069F00008705C49087026E158480088CD280DD100
:106A000057480078022809D140F22D1053490880D8
:106A10000020534908705349087014E14F4800881A
:106A200040F22D1188420CD14D480078022808D13F
:106A3000081D4A49088000204949087049490870E2
:106A400001E14648008840F2311188420CD14448A7
:106A50000078022808D1081D4049088000204049DC
:106A6000087040490870EEE03C48008840F235115B
:106A700088420DD13A480078022809D140F21F20FF
:106A80003649088000203649087036490870DAE037
:106A90003248008840F21F2188420CD130480078EB
:106AA000022808D1481D2D49088000202C49087073
:106AB0002C490870C7E029480088B0F5097F0DD13E
:106AC00027480078022809D140F2E730234908809E
:106AD00000202349087023490870B4E01F4800884B
:106AE00060B920480078022808D1C8201B490880D6
:106AF00000201C4908701A490870A4E01748008853
:106B0000C8280CD117480078022808D1CA20134998
:106B100008800020134908701149087093E00F485D
:106B20000088CA2820D10F48007802281CD1CD2027
:106B30000A49088000200B4908700949087082E062
:106B40001E1600205A0C00205A0300203E0300208D
:106B50003F030020F21400204A00002042030020DE
:106B60005803002059030020FD480088CD280CD18F
:106B7000FC480078022808D1CF20F949088000207D
:106B8000F8490870F84908705DE0F5480088CF289A
:106B90000DD1F4480078022809D140F22D10F049B7
:106BA00008800020EF490870EF4908704BE0EC487E
:106BB000008840F22D1188420CD1EA480078022862
:106BC00008D1081DE64908800020E6490870E6491A
:106BD000087038E0E248008840F2311188420CD158
:106BE000E0480078022808D1081DDD49088000200F
:106BF000DD490870DB49087025E0D948008840F27B
:106C0000351188420DD1D7480078022809D140F2C9
:106C10001F20D34908800020D2490870D24908704B
:106C200011E0CF48008840F21F2188420CD1CD48A6
:106C30000078022808D1481DC94908800020C949A8
:106C40000870C949087074E1C5480088B0F5097F2B
:106C50000DD1C4480078022809D140F2E730C0497C
:106C600008800020BF490870BF49087061E1BC4836
:106C70000088652888D1BB480078022884D140F27A
:106C80002D10B74908800020B6490870B649087031
:106C90004FE1B648408D01286FD1B1480088C8281F
:106CA0000CD1B1480078022808D1D020AC49088026
:106CB0000020AD490870AB4908703AE1A848008847
:106CC000D0280DD1A8480078022809D14FF4967039
:106CD000A34908800020A4490870A249087028E14F
:106CE0009F480088B0F5967F0DD19F480078022814
:106CF00009D140F22D109A49088000209A49087065
:106D00009849087015E19648008840F22D11884294
:106D10000CD195480078022808D1081D90490880B8
:106D20000020914908708F49087002E18C48008862
:106D300040F2311188420CD18B480078022808D1EA
:106D4000081D874908800020874908708549087018
:106D5000EFE08348008840F2351188420ED1824826
:106D6000007802280AD140F21F207D4908800020C7
:106D70007D4908707B490870DBE0DBE078480088DB
:106D800040F21F2188420CD177480078022808D1B0
:106D9000481D7349088000207349087071490870C4
:106DA000C7E06F480088B0F5097F0DD16E480078C4
:106DB000022809D140F2E7306949088000206A4979
:106DC000087068490870B4E065480088C8280CD18C
:106DD00064480078022808D1CF206149088000204B
:106DE0006049087060490870A3E05D480088CF28BA
:106DF0000CD15C480078022808D1D5205849088079
:106E00000020584908705849087092E0544800889A
:106E1000D5280CD153480078022808D1DC205049ED
:106E2000088000204F4908704F49087081E04C48A5
:106E30000088DC280CD14B480078022808D1DD20DE
:106E4000474908800020474908704749087070E0AA
:106E500043480088DD280DD142480078022809D136
:106E600040F22D103E49088000203E4908703E49FE
:106E70000870EFE33A48008840F22D1188420CD1A7
:106E800038480078022808D1081D354908800020BC
:106E90003449087034490870DCE33148008840F216
:106EA000311188420CD12F480078022808D1081DE2
:106EB0002B49088000202C4908702A490870C9E332
:106EC0002748008840F2351188420DD125480078C6
:106ED000022809D140F21F202149088000202149C1
:106EE000087021490870B5E31D48008840F21F2151
:106EF00088420CD11B480078022808D1481D184947
:106F0000088000201749087017490870A2E3144848
:106F10000088B0F5097F0CD112480078022808D10A
:106F200040F2E7300E49088000200E4908700E49F3
:106F300008708FE30D48408D02280FD10848008863
:106F4000C82815D108480078022811D1CF2004495B
:106F50000880002004490870024908707AE30000A4
:106F60004203002059030020580300201E16002071
:106F7000FE480088CF280DD1FD480078022809D1AD
:106F80004FF49670F94908800020F9490870F949D2
:106F900008705FE3F5480088B0F5967F0DD1F4489E
:106FA0000078022809D140F22D10F0490880002015
:106FB000EF490870EF4908704CE3EC48008840F254
:106FC0002D1188420CD1EA480078022808D1081D0A
:106FD000E64908800020E6490870E649087039E370
:106FE000E248008840F2311188420CD1E048007834
:106FF000022808D1081DDD4908800020DC490870FE
:10700000DC49087026E3D948008840F235118842EF
:107010000CD1D7480078022808D1481CD3490880F1
:107020000020D3490870D349087013E3CF48008883
:10703000B0F59B7F0DD1CE480078022809D14FF4DE
:10704000A570CA4908800020C9490870C94908705C
:1070500000E3C6480088B0F5A57F0DD1C44800788C
:10706000022809D140F21F20C04908800020C049F1
:107070000870C0490870EDE2BC48008840F21F214A
:1070800088420CD1BA480078022808D1481DB74977
:1070900008800020B6490870B6490870DAE2B348A3
:1070A0000088B0F5097F0DD1B1480078022809D1D8
:1070B00040F2E730AD4908800020AD490870AD4985
:1070C0000870C7E2A9480088C8280CD1A9480078F0
:1070D000022808D1CF20A54908800020A5490870C2
:1070E000A3490870B6E2A1480088CF280DD1A14875
:1070F0000078022809D1FA209C49088000209D4987
:1071000008709B490870A5E2CEE098480088FA28EC
:107110000CD198480078022808D1FF2093490880B4
:107120000020944908709249087093E28F480088C3
:10713000FF280DD18F480078022809D140F20510B0
:107140008A49088000208B4908708949087081E2CB
:107150008648008840F2051188420DD185480078A4
:10716000022809D14FF49670804908800020814997
:1071700008707F4908706DE27C480088B0F5967F02
:107180000DD17C480078022809D140F22D107749B2
:107190000880002077490870754908705AE27348E2
:1071A000008840F22D1188420CD1724800780228E4
:1071B00008D1081D6D49088000206E4908706C498F
:1071C000087047E26948008840F2311188420CD1CA
:1071D00068480078022808D1081D6449088000200A
:1071E000634908706349087034E26048008840F2DF
:1071F000351188420CD15F480078022808D1481C1C
:107200005A49088000205B4908705949087021E2FA
:1072100056480088B0F59B7F0DD15648007802286B
:1072200009D14FF4A57051490880002050490870D9
:10723000504908700EE24D480088B0F5A57F0DD189
:107240004C480078022809D140F21F2047490880A5
:1072500000204849087046490870FBE1434800880F
:1072600040F21F2188420CD142480078022808D100
:10727000481D3E49088000203E4908703C4908707E
:10728000E8E13A480088B0F5097F0CD13948007828
:10729000022808D140F2E7303449088000203549FF
:1072A000087033490870D5E13348C088012811D1EE
:1072B0002E480088B0F5FA7F0DD12D4800780228BD
:1072C00009D140F21F202949088000202849087070
:1072D00028490870BEE12548008840F21F218842F5
:1072E0000CD123480078022808D1481C1F49088087
:1072F00000201F4908701F490870ABE11B48008837
:10730000B0F5087F0DD11A480078022809D14FF452
:107310000970164908800020154908701549087041
:1073200098E112480088B0F5097F0DD11048007827
:10733000022809D140F227200C49088000200C497E
:1073400008700C49087085E10848008840F2272140
:10735000884215D106480078022811D1081D03493A
:107360000880002002490870024907E0420300201B
:1073700058030020590300201E160020087069E100
:10738000FE48008840F22B2188420CD1FC4800784E
:10739000022808D1081DF94908800020F849087022
:1073A000F849087056E1F548008840F22F218842DC
:1073B0000CD1F3480078022808D1881DEF490880D5
:1073C0000020EF490870EF49087043E1EB4800885E
:1073D00040F2352188420DD1E9480078022809D1D0
:1073E00040F2E730E54908800020E5490870E549AA
:1073F00008702FE1E1480088B0F5FA7F0DD1E1482F
:107400000078022809D140F2F510DC4908800020FC
:10741000DC490870DA4908701CE1D848008840F25D
:10742000F51188420CD1D7480078022808D1481DB0
:10743000D24908800020D3490870D149087009E179
:10744000CE480088B0F5FD7F0DD1CE4800780228E7
:1074500009D140F2FF10C94908800020C9490870CD
:10746000C7490870F6E0C548008840F2FF1188421D
:107470000CD1C4480078022808D1481DBF490880B3
:107480000020C0490870BE490870E3E0BB4800888E
:10749000B0F5017F0DD1BB480078022809D140F238
:1074A0000920B64908800020B6490870B449087020
:1074B000D0E0B248008840F2092188420CD1B1489E
:1074C0000078022808D1481DAC4908800020AD4949
:1074D0000870AB490870BDE0A848008840F20E2152
:1074E00088420CD1A7480078022808D1481DA3493A
:1074F00008800020A3490870A1490870AAE09F48AD
:10750000008840F2132188420CD19E48007802285E
:1075100008D1481D9949088000209A490870984967
:10752000087097E095480088B0F5067F0DD1954822
:107530000078022809D140F21F20904908800020DD
:10754000904908708E49087084E08C48008840F2A9
:107550001F2188420CD18B480078022808D1481C92
:10756000864908800020874908708549087071E0C5
:1075700082480088B0F5087F0DD182480078022843
:1075800009D14FF409707D49088000207D490870B9
:107590007B4908705EE079480088B0F5097F0DD11D
:1075A00078480078022809D140F2272073490880E2
:1075B000002074490870724908704BE06F480088D9
:1075C00040F2272188420CD16E480078022808D169
:1075D000081D6A49088000206A49087068490870D7
:1075E00038E06648008840F22B2188420CD165487B
:1075F0000078022808D1081D6049088000206149F0
:1076000008705F49087025E05C48008840F22F212F
:1076100088420CD15B480078022808D1881D574960
:1076200008800020574908705549087012E05348F7
:10763000008840F2352188420CD152480078022857
:1076400008D140F2E7304D49088000204D490870CC
:107650004B4908704C4800784C490978884227D03B
:10766000494800784949087045480078002803DCFB
:1076700044480078002812DD45480088401C4449F1
:1076800008804448B0F85A010988884210DA00207E
:107690003F4908803A4908703A49087008E03C4878
:1076A0000088002804DD3A480088401E38490880D8
:1076B0003948008831490988884222D13748007802
:1076C000F8B9314840783649097888421CD02E48AC
:1076D00040783349087033480088401C314908809D
:1076E0000846008840F2DC5188420DDD64202C49B8
:1076F000087000202B4908804FF47A7026490880D2
:1077000002E00020274908802748C088E0B92748C0
:107710000078F0B91C48407825490978884218D08B
:10772000194840782249087022480088401C2149A5
:10773000088008460088B0F5967F0ADD00200880A2
:1077400001201A49087004E000201A4908801749EE
:10775000087010BD10B509480088C8280ADC124816
:10776000408D012803D01048408D022802D1C82046
:107770000249088001480088FF281DE042030020DC
:10778000580300205903002058080020540300200B
:107790005603002072080020440300204703002005
:1077A0005B0300205C0300201E1600205E03002007
:1077B0005F0300206003002071D075DC792870D051
:1077C00020DC64286ED00EDC15286CD2DFE800F0D7
:1077D000EEEDECEBEAE9E8E7E6E5E4E3E2E1E0DF41
:1077E000DEDDDCDBDA0065381428EED2DFE800F0FD
:1077F000F4F3F2F1F0EFEEEDECEBEAE9E8E7E6E5C1
:10780000E4E3E2E1CE2879D026DC842877D00ADCD4
:10781000A0F17A000A28D8D2DFE800F0EBEAE9E824
:10782000E7E6E5E4E3E2C9286AD00CDC872868D003
:1078300004DC85287ED0862835D1FAE1C7287AD0A5
:10784000C828F9D1FEE1CA2876D0CB2875D0CC283B
:1078500074D0CD28F0D104E2D92870D00ADCA0F190
:10786000CF000A28B1D2DFE800F0D2D1D0CFCECD00
:10787000CCCBCAC9FA287BD008DCDA2879D0DB283F
:1078800078D0DC2877D0DD28D6D128E2FB2873D049
:10789000FC2872D0FD2871D0FE28CDD12EE230E236
:1078A00002E09FE15EE13EE140F20A22811A90424D
:1078B00065D057DC40F2F512A0EB020190425FD098
:1078C00041DCB0F5987F5CD01CDC40F20512A0EBE7
:1078D000020190426BD008DCA0F58070052884D2AC
:1078E000DFE800F0F1F0EFEEED00272960D0282965
:1078F00073D0292972D02A299ED131E2C2E192E1C6
:10790000A3E199E1B0F59B7F69D008DCA0F23110CA
:107910000528A7D2DFE800F0F1F0EFEEED00B0F5BA
:10792000A57F67D0A0F24B10002864D0012863D057
:10793000A92805E07AE182E18AE18CE18EE1C2E1E9
:107940007FF47FAF3EE215298CD2DFE801F0ECEB4B
:10795000EAE9E8E7E6E5E4E3E2E1E0DFDEDDDCDBFF
:10796000DAD9D800182948D06DDC1829B7D250E0F0
:10797000B8E1ABE1ADE1AFE1B7E1B9E1BBE181E293
:1079800023E2F0E1EBE0E1E0DDE0D9E0D5E0D1E0B9
:10799000CDE0C9E0AAE0A6E0A2E09EE09AE096E091
:1079A00092E089E085E081E07DE079E075E0BAE190
:1079B000BCE114E110E10CE108E104E100E1FCE0CC
:1079C000F8E0F4E0F0E0ECE0E8E0E4E0E0E0DCE067
:1079D000D8E0D4E0D0E0CCE0C7E0BBE1BDE1D4E149
:1079E0001EE11AE116E112E10EE10AE106E102E10F
:1079F000FEE0FAE0DDE1DFE1E1E1FDE260E15CE132
:107A000058E154E150E14CE148E144E140E13CE11E
:107A100019E0DFE811F088003A02470254026102DF
:107A20006E027B0288029502A202AF02BC02C9026A
:107A3000D602D902DC02DF02E202E50288008800F9
:107A4000E802EB02EE02232958D00FDCA1F1190164
:107A50000A298BD2DFE811F0D302D602D902DC0268
:107A6000DF02E202E502E802EB02EE02282970D012
:107A700008DC24296ED025296DD026296CD0272931
:107A800051D1E8E2292968D02A2967D02B296FD063
:107A9000A1F2DD110029F3D1ECE2E8F7CFFCEDE231
:107AA000E8F7D8FDEAE2E8F7A8FEE7E2E9F769F9C6
:107AB000E4E2E9F7CEFBE1E2E9F750FCDEE22FE198
:107AC0002BE127E123E11FE1E9F7E8FCD6E2E9F742
:107AD00041FED3E2E9F742FED0E2E9F700FFCDE252
:107AE000EAF7D4F8CAE2EAF77EF9C7E2EAF776FAEB
:107AF000C4E247E143E13FE13BE137E19DE2BEE122
:107B0000BAE1B6E1B2E1AEE1AAE1A6E1A2E19EE10D
:107B10009AE196E192E18EE18AE186E182E17EE1FD
:107B200070E162E154E1A8E2EAF70AFBA6E2EAF7B3
:107B3000B9FBA3E2EAF79EFCA0E2EAF74CFD9DE266
:107B4000EAF796FE9AE2EBF704F897E2EBF71CF9F6
:107B500094E283E276E278E27AE282E284E2EBF790
:107B600013FA8BE2EBF777FA88E2EBF79AFA85E201
:107B70007DE2EBF71EFC81E2EBF72DFD7EE2EBF7F9
:107B80003FFE7BE2EBF724FF78E2ECF76BF875E25F
:107B9000ECF753F972E2ECF77BFA6FE2ECF791FB4A
:107BA0006CE2ECF7C4FC69E2ECF7ABFD66E2ECF7E3
:107BB0000AFF63E2ECF7EFFF60E2EDF730F95DE218
:107BC000EDF7E8F95AE2EDF770FA57E2EDF783FBCB
:107BD00054E2EDF799FC51E2EDF7FDFD4EE2EDF7D1
:107BE0000FFF4BE2EEF770F848E2EEF786F945E258
:107BF000EEF7EBFA42E2EEF7A8FB3FE2EEF709FD03
:107C00003CE2EEF70FFE39E2EEF719FF36E2EEF74F
:107C1000D1FF33E2EFF783F830E2EFF787F92DE297
:107C2000EFF73DFA2AE2EFF746FB27E2EFF7FEFB1C
:107C300024E2EFF7B3FC21E2EFF717FE1EE2EFF7C5
:107C400000FF1BE2EFF723FF18E2F0F753F815E20D
:107C5000F0F713F912E2F0F71DFA0FE2F0F7BFFAAE
:107C60000CE2F748408D10B9F0F75EFB09E0F448EC
:107C7000408D012803D0F248408D022801D1F0F751
:107C800053FBFBE1F0F76AFDF8E1F0F72AFEF5E1BE
:107C9000E9F764FBF2E1E9F701FCEFE1E9F75AFDEE
:107CA000ECE1E9F75BFDE9E1E9F719FEE6E1E9F767
:107CB000EDFFE3E1EAF797F8E0E1EAF78FF9DDE1BC
:107CC000EAF73EFADAE1EAF7EDFAD7E1EAF7D2FBB2
:107CD000D4E1EAF780FCD1E1EAF7CAFDCEE1EAF7A8
:107CE00038FFCBE1F0F7CEFEC8E1F0F78AFFC5E13F
:107CF000F1F72CF8C2E1F1F716F9BFE1F1F7C8F995
:107D0000BCE1F1F73CFBB9E1F1F7E9FBB6E1F1F7D2
:107D100096FCB3E1F1F766FDB0E1F1F714FEADE1D9
:107D2000F1F7C3FEAAE1F1F790FFA7E1C448408D47
:107D300010B9F2F79FF80CE0C148408D012802D13C
:107D4000EBF7AFF905E0BE48408D022801D1F4F70A
:107D5000CDF893E1F2F7C4F890E1F2F729FA8DE15A
:107D6000F2F73CFB8AE1F2F7B8FC87E1F2F71EFE7E
:107D700084E1F2F72FFF81E1F3F790F87EE1F3F76A
:107D80009CFA7BE1F3F793FB78E1AD48408D10B9A5
:107D9000EEF71BFA0CE0AA48408D012802D1EEF75D
:107DA00014FA05E0A648408D022801D1F3F7CAFB7A
:107DB00064E1F3F758FD61E1F3F76EFE5EE1F3F77E
:107DC000A5FF5BE1FBF783FC58E1F5F753FA55E1BA
:107DD0009B48008A18B19A48008A022802D1F5F718
:107DE0009BFB01E0F5F721FB48E19548008A18B1BB
:107DF0009348008A022802D1F5F75EFD01E0F5F70D
:107E0000DCFE3BE18E48008A18B18D48008A0228CA
:107E100002D1F5F726FF01E0F6F722F92EE1F6F799
:107E200074F92BE1F6F702FB28E1F6F769FB25E18F
:107E3000F6F729FD22E1F6F799FE1FE1F7F70EF8B4
:107E40001CE1F7F78FF919E1F7F7F6F916E1F7F703
:107E50009BFB13E1F7F704FD10E1F7F76FFE0DE16F
:107E6000F7F7F1FF0AE1F8F758F807E1F8F708FA31
:107E700004E1F8F770FB01E1F8F7E5FCFEE0F8F744
:107E800065FEFBE0F8F7A9FEF8E06D48008A18B13E
:107E90006B48008A022802D1F8F7BDFF01E0F4F731
:107EA00051F9EBE06648008A18B16548008A02285B
:107EB00002D1F9F7A0F801E0F4F7ADF9DEE060488F
:107EC000008A18B15E48008A022802D1F9F7CEF97B
:107ED00001E0F4F70AFAD1E05948008A18B158488D
:107EE000008A022802D1F9F7CEFA01E0F4F793FBF9
:107EF000C4E05348008A18B15148008A022802D1D0
:107F0000F9F7E1FA01E0F4F764FCB7E04C48008AC5
:107F100018B14B48008A022802D1F9F736FB01E07C
:107F2000F4F732FDAAE04648008A18B14448008AB6
:107F3000022802D1F9F7C2FB01E0F4F794FE9DE0BC
:107F40003F48008A18B13E48008A022802D1F9F75A
:107F500063FC01E0F4F7DDFE90E03948008A18B1D7
:107F60003748008A022802D1F9F7DDFC01E0F4F776
:107F7000BBFF83E03248008A18B13148008A0228EA
:107F800002D1F9F7F0FC01E0F5F70BF876E02C48A8
:107F9000008A18B12A48008A022802D1F9F749FD5F
:107FA00001E0F5F790F869E02548008A18B1244807
:107FB000008A022802D1F9F7C7FD01E0F5F7F4F8CD
:107FC0005CE0F9F770FE59E0F9F7F2FE56E0F9F7D8
:107FD0000FFF53E0F9F772FF50E0F9F7FBFF4DE0B8
:107FE000FAF7A7F84AE0F4F7ADF847E0F4F713F929
:107FF00044E0F4F77AF941E0F4F70DFB3EE0F4F7E2
:10800000E8FB3BE0F4F7C0FC38E0F4F72CFE35E089
:10801000F4F77FFE32E0F4F767FF2FE0F4F7C1FFDB
:108020002CE0F5F750F829E0F5F7BEF826E0FAF76E
:1080300008F923E0FAF725F920E0FAF774FA1DE0D1
:108040001E160020FAF777FB18E0FAF7D2FC15E0CD
:10805000FAF7EFFC12E0FAF7F5FD0FE0FAF740FF50
:108060000CE0FBF747F809E0FBF76DF906E0FBF7DA
:1080700042FA03E0FBF7CEFB00E010BD00BF00BFFB
:10808000FBE7000000BF011EA0F10100FBD170471B
:1080900010B5044604F0010028B14FF48041FA48BD
:1080A000D5F791F804E04FF48041F748D5F78DF803
:1080B00004F0020028B14FF40041F348D5F783F8EB
:1080C00004E04FF40041F048D5F77FF804F00400D5
:1080D00020B14021ED48D5F776F803E04021EB4888
:1080E000D5F773F804F0080020B18021E748D5F7F0
:1080F0006AF803E08021E548D5F767F804F010003E
:1081000028B14FF48071E148D5F75DF804E04FF4F1
:108110008071DE48D5F759F804F0200028B14FF4FB
:108120000071DA48D5F74FF804E04FF40071D748F2
:10813000D5F74BF804F0400028B14FF48071D448D3
:10814000D5F741F804E04FF48071D148D5F73DF8F8
:1081500004F0800028B14FF40041CD48D5F733F842
:1081600004E04FF40041CA48D5F72FF80A20FFF782
:1081700089FF10BD10B54FF40071C348D5F725F83D
:108180001021C248D5F71FF80A20FFF77BFF802196
:10819000BF48D5F718F81920FFF774FF8021BC48B5
:1081A000D5F713F81920FFF76DFF012010BD10B5AA
:1081B0000446FFF7DFFF4FF40071B348D5F705F829
:1081C0001021B248D5F701F88021B148D4F7FDFF5E
:1081D0001920FFF757FF2046FFF75AFF1920FFF736
:1081E00051FF8021AA48D4F7EEFF1920FFF74AFF7C
:1081F0008021A748D4F7E9FF1920FFF743FF42F297
:108200001070FFF73FFF10BD10B504219F48D4F751
:10821000DCFF44F62060FFF735FF04219B48D4F7CC
:10822000D2FF44F62060FFF72DFF4FF480519848AD
:10823000D4F7C9FF42F21070FFF724FF3020FFF798
:10824000B6FF4FF47A70FFF71DFF0120FFF7AFFF75
:1082500042F21070FFF716FF0620FFF7A8FF4FF459
:108260007A70FFF70FFF0C20FFF7A1FF4FF47A7031
:10827000FFF708FF10BD10B5FF20FFF709FF0A2028
:10828000FFF700FF00244FF480417F48D4F781FFBF
:1082900008B144F001044FF400417B48D4F779FF62
:1082A00008B144F0020440217848D4F772FF08B1C5
:1082B00044F0040480217548D4F76BFF08B144F002
:1082C00008044FF480717148D4F763FF08B144F09B
:1082D00010044FF400716D48D4F75BFF08B144F00F
:1082E00020044FF480716A48D4F753FF08B144F07A
:1082F00040044FF400416648D4F74BFF08B144F006
:108300008004204610BD10B50446FFF733FF4FF43C
:1083100000715D48D4F757FF10215C48D4F755FF32
:1083200080215B48D4F751FF1920FFF7ABFE2046B0
:10833000FFF7AEFE1920FFF7A5FE80215448D4F7C1
:1083400042FF1920FFF79EFE80215148D4F73DFFE0
:108350001920FFF797FE10BD10B54FF400714A4881
:10836000D4F731FF10214948D4F72DFF8021484828
:10837000D4F72BFF1920FFF785FE80214448D4F75E
:1083800022FF1920FFF77EFEFFF775FF04468021CC
:108390003F48D4F71AFF1920FFF774FE204610BD9E
:1083A00070B53620FFF703FF002415E004F18001CB
:1083B000C8B2FFF7FCFE8020FFF7F9FE002507E0BA
:1083C0000020FFF7A0FF0020FFF79DFF681CC5B24B
:1083D000102DF5DB601CC4B2202CE7DB70BD10B59E
:1083E00004461CB91020FFF7E2FE02E01420FFF75C
:1083F000DEFE10BD2DE9F04704460E469246202EC3
:1084000016DB06F1600000F0FF092046E11704EBDF
:1084100011710911883101F0FF08E11704EB1171A6
:108420000911A4EB01124FF4004141FA02F715E0E3
:1084300006F1800000F0FF092046E11704EB1171FE
:108440000911803101F0FF08E11704EB11710911E6
:10845000A4EB01124FF4004141FA02F74846FFF73E
:10846000A6FE4046FFF7A3FEFFF776FFFFF774FF77
:1084700005462D02FFF770FF0543BAF1000F09D141
:1084800027EA050507E00000000C0140001001404C
:10849000000801403D434846FFF789FE4046FFF78C
:1084A00086FEC5F30720FFF72EFFE8B2FFF72BFF8C
:1084B0003620FFF77CFE3220FFF7E4FDBDE8F087B1
:1084C0002DE9F04704460D46202D15DB05F160002F
:1084D00000F0FF082046E11704EB11710911883103
:1084E000CEB2E11704EB11710911A4EB01124FF4A4
:1084F000004141FA02F714E005F1800000F0FF08A6
:108500002046E11704EB117109118031CEB2E11759
:1085100004EB11710911A4EB01124FF4004141FA6F
:1085200002F74046FFF743FE3046FFF740FEFFF7F5
:1085300013FFFFF711FF81464FEA0929FFF70CFFF0
:1085400040EA090909EA070010B10120BDE8F087F7
:108550000020FBE710B53020FFF729FE4FF47A70BA
:10856000FFF790FD0620FFF722FE4FF47A70FFF729
:1085700089FD0C20FFF71BFE4FF47A70FFF782FD98
:1085800010BD10B53020FFF712FE4FF47A70FFF7E0
:1085900079FD0620FFF70BFE4FF47A70FFF772FDAE
:1085A0000C20FFF704FE4FF47A70FFF76BFD3420C8
:1085B000FFF7FDFD4FF47A70FFF764FD10BDF84A38
:1085C000116800BFF64A1268521A8242FAD3704705
:1085D00010B53020FFF7EBFD4FF47A70FFF752FD36
:1085E0000120FFF7E4FD0320FFF7E9FF10BD70B5A0
:1085F00004460D463020FFF7DAFDE0B2FFF7D7FD65
:108600002846FFF780FE70BD70B506460C46302048
:10861000FFF7CDFDF0B2FFF7CAFD002504E0605D75
:10862000FFF771FE681CC5B2605D0028F7D14FF4FA
:10863000FA70FFF727FD70BD2DE9F041A0B00746A5
:108640000C464FF000083020FFF7B1FD002C01DB95
:10865000264600E066424CB300250EE00A2096FB59
:10866000F0F100FB11604DF825000A2096FBF0F6B2
:1086700008F1010806B902E06D1C0A2DEEDB00BF0F
:10868000A8F10108F8B2FFF792FD002C02DA2D20C4
:10869000FFF739FE454606E01DF825103031C8B217
:1086A000FFF731FE6D1E002DF6DA06E02CB9F8B2A8
:1086B000FFF77DFD3020FFF726FE20B0BDE8F081FA
:1086C0002DE9F041A0B080460F46154617B920B0FD
:1086D000BDE8F081002403E000204DF82400641C74
:1086E000202CF9DB3020FFF762FD002D01DB2E4648
:1086F00000E06E4235B300240CE00A2096FBF0F156
:1087000000FB11604DF824000A2096FBF0F606B934
:1087100002E0641C0A2CF0DB00BF08F0FF00FFF74A
:1087200046FD002D02DA2D20FFF7EDFD7C1E06E050
:108730001DF824103031C8B2FFF7E5FD641E002C8F
:10874000F6DA0CE05DB908F0FF00FFF730FD002419
:1087500003E03020FFF7D7FD641CBC42F9DB00BF0B
:10876000B5E72DE9F04FA1B004460F4616469946ED
:10877000DDF8A88000200090B8F10A0F06DBA8F110
:108780000A0000F0FF084FF0010B01E04FF0000B72
:1087900017B921B0BDE8F08F002504E0002001A941
:1087A00041F825006D1C202DF8DB3020FFF7FFFC81
:1087B000B9F1000F01DBCA4601E0C9F1000A00254A
:1087C0000FE00A209AFBF0F100FB11A001A941F88B
:1087D00025000A209AFBF0FABAF1000F00D102E05E
:1087E0006D1C0A2DEDDB00BF6E48008A002878D191
:1087F0006D480088112803D06B480088DC2814D10C
:10880000611EC8B2FFF7D3FCB8F1000F06D02020DC
:10881000FFF779FD3E20FFF776FDEDE02020FFF722
:1088200072FD2020FFF76FFDE6E05F4800880A2810
:108830002BDB5D480088102827DC5B480088102867
:108840000FD15A48007800280BDD5948007840B114
:10885000611EC8B2FFF7ABFC601E56A1FFF7D4FE45
:10886000CAE05148008810280BD15148007840B127
:10887000611EC8B2FFF79BFC601E4FA1FFF7C4FE4C
:10888000BAE0E0B2FFF793FCB6E047480088D5288D
:108890002CDB45480088DB2828DC43480088DB289F
:1088A0000FD14248007800280BDD4148007840B1E4
:1088B000611EC8B2FFF77BFC601E3EA1FFF7A4FE5D
:1088C0009AE039480088DB280CD13948007848B153
:1088D000611EC8B2FFF76BFC601E37A1FFF794FE64
:1088E0008AE007E1E0B2FFF762FC85E02E480088ED
:1088F000FF2830DB2C480088B0F5837F2BDA2A482C
:10890000008840F2051188420FD1284800780028DD
:108910000BDD2748007840B1611EC8B2FFF747FC65
:10892000601E24A1FFF770FE66E01F48008840F239
:10893000051188420BD11E48007840B1611EC8B2B3
:10894000FFF735FC601E1CA1FFF75EFE54E0E0B2AD
:10895000FFF72DFC50E014480088B0F5FA6F04D002
:1089600011480088B0F5FA7F03D1E0B2FFF71FFC91
:1089700042E00D4800887E2820DB0B4800888528CF
:108980001CDCE0B2FFF713FCB8F1000F03D03E206F
:10899000FFF7B9FC30E02020FFF7B5FC2CE0000029
:1089A0006C0300201E160020420300204703002015
:1089B00049030020203E000020200000FA480088E3
:1089C00040F22721884203D1E0B2FFF7F0FB13E029
:1089D000E0B2FFF7ECFBB8F1000F03D03E20FFF749
:1089E00092FC09E0BBF1010F03D12D20FFF78BFCB6
:1089F00002E03A20FFF787FCB9F1000F02DA2D20E0
:108A0000FFF781FCB74200DA3746B74212D1302077
:108A1000FFF779FC2E20FFF776FC7D1E07E001A909
:108A200011F825103031C8B2FFF76DFC6D1E002D16
:108A3000F5DAE7E126BB0020DC4908707D1E1CE06A
:108A400001A850F8250000B915B90120D7490870D0
:108A5000D648007838B101A911F825103031C8B2D4
:108A6000FFF751FC08E0D048008840F227218842F7
:108A700002D02020FFF747FC6D1E002DE0DAC1E197
:108A8000002ED6DDB81B01281CDD7D1E17E001A8D5
:108A900050F8250048B9009838B9681C801B012897
:108AA00003DD2020FFF72FFC08E00120009001A942
:108AB00011F825103031C8B2FFF725FC6D1EB54204
:108AC000E5DA07E0791E01AA12F821103031C8B2A8
:108AD000FFF719FC2E20FFF716FC751E07E001A911
:108AE00011F825103031C8B2FFF70DFC6D1E002DB6
:108AF000F5DA87E1AE48008A012803D0AC48008A45
:108B0000022896D1A8480088112803D0A6480088DA
:108B1000DC2814D1611EC8B2FFF749FBB8F1000F81
:108B200006D02020FFF7EFFB3E20FFF7ECFBE2E052
:108B30002020FFF7E8FB2020FFF7E5FBDBE09A4869
:108B400000880A282DDB98480088102829DC9648E0
:108B50000088102810D19748007800280CDD96482E
:108B6000007848B1611EC8B2FFF721FB601EAFF26A
:108B7000BC11FFF749FDBEE08B48008810280CD1DE
:108B80008D48007848B1611EC8B2FFF710FB601E27
:108B9000AFF2DC11FFF738FDADE0E0B2FFF707FB05
:108BA000A9E081480088D5282DDB7F480088DB2894
:108BB00029DC7D480088DB2810D17E480078002819
:108BC0000CDD7D48007848B1611EC8B2FFF7EFFAAE
:108BD000601EAFF22021FFF717FD8CE0724800887D
:108BE000DB280CD17448007848B1611EC8B2FFF789
:108BF000DEFA601EAFF24021FFF706FD7BE0E0B237
:108C0000FFF7D5FA77E068480088FF2832DB66482E
:108C10000088B0F5837F2DDA6348008840F20511A3
:108C2000884210D16348007800280CDD6248007843
:108C300048B1611EC8B2FFF7BAFA601EAFF28C21CC
:108C4000FFF7E2FC57E05848008840F205118842DF
:108C50000CD15948007848B1611EC8B2FFF7A7FA95
:108C6000601EAFF2AC21FFF7CFFC44E0E0B2FFF7AB
:108C70009EFA40E04C480088DA2804D04A48008830
:108C8000B0F5FA7F03D1E0B2FFF791FA33E046483E
:108C900000887E2811DB4448008885280DDCE0B27E
:108CA000FFF785FAB8F1000F03D03E20FFF72BFB4A
:108CB00021E02020FFF727FB1DE03B48008840F221
:108CC0001321884203D1E0B2FFF771FA13E0E0B25A
:108CD000FFF76DFAB8F1000F03D03E20FFF713FB4A
:108CE00009E0BBF1010F03D12D20FFF70CFB02E0DF
:108CF0003A20FFF708FBB9F1000F02DA2D20FFF749
:108D000002FBB74200DA3746B74212D13020FFF7F4
:108D1000FAFA2E20FFF7F7FA7D1E07E001A911F8F5
:108D200025103031C8B2FFF7EEFA6D1E002DF5DACE
:108D300068E026BB00201D4908707D1E1CE001A8CC
:108D400050F8250000B915B90120184908701748D6
:108D5000007838B101A911F825103031C8B2FFF7F9
:108D6000D2FA08E01048008840F21321884202D06D
:108D70002020FFF7C8FA6D1E002DE0DA42E0002E39
:108D800040DDB81B012826DD7D1E21E001A850F83A
:108D9000250098B9009888B9681C801B01280DDD52
:108DA0002020FFF7B0FA12E04203002072030020F7
:108DB0001E160020470300204903002001200090D8
:108DC00001A911F825103031C8B2FFF79CFA6D1EC9
:108DD000B542DBDA07E0791E01AA12F82110303122
:108DE000C8B2FFF790FA2E20FFF78DFA751E07E044
:108DF00001A911F825103031C8B2FFF784FA6D1EB1
:108E0000002DF5DA00BFC4E410B504460120FD4989
:108E100008600A20D6F703FCFB48047000BF8021DD
:108E2000FA48D4F71BFC0028F9D040F22661F74835
:108E3000D4F754FCF4480178F448D4F7A1FB00BF00
:108E4000F248008800F040000028F9D040F2266186
:108E5000EE48D4F743FC10BD70B504460020E94944
:108E600008600025EA490880EA49088010E040F2DD
:108E70002551E648D4F708FC50B1E448D4F784FB08
:108E8000C5B240F22551E148D4F728FC284670BD10
:108E9000DF480088A042EADB0120DE49088028463E
:108EA000F5E730B50246002000230BE012F8015B25
:108EB00085EA2024E4B2D84D35F8144084EA002431
:108EC000A0B25B1C8B42F1DB30BD2DE9F0410646C0
:108ED0000C4615468EB129462046FFF7E2FF0746AD
:108EE000681C205C615D00EB01201FFA80F847459B
:108EF00002D10120BDE8F0810EE00022002103E054
:108F0000605C1044C2B2491CA942F9DB605D90422A
:108F100001D10120EEE700BF0020EBE710B5C8202B
:108F2000D6F794FB4FF47A70FFF796FF0446202C97
:108F300011D16420D6F78AFB4FF47A70FFF78CFFCB
:108F40000446202C07D1B5A0E0F719FEBFA0E0F73A
:108F500016FE012010BD0020FCE770472DE9FC47FC
:108F60004FF000090027C248C24908600020C249EA
:108F70000880DDE2C1A1BF48006804F0C3FCBD4920
:108F8000086008460068002876D0BB48008810B901
:108F9000BBA0E0F7F4FDB7490968881EDBF778FB52
:108FA000C049087008460078632806DC002208469D
:108FB0000178BD48DBF756FB0746012500220D214D
:108FC000AC480068DBF74EFB8046FF2F08D0FF2D32
:108FD00006D0B8F1FF0F03D0B2480078902804DD26
:108FE0004FF00109B1A0E0F7CAFDA2480068801C5B
:108FF000A0490860B9F1000F56D1AA48007820288E
:109000000FD0A848007830280BD0A6480078402818
:1090100007D0A4480078502803D0A24800786228DE
:1090200043D1002623E093480068DBF75AFB2DF874
:10903000160056B93DF8160038B90020ADF8020008
:10904000ADF80400ADF806000326032E00D110E0B1
:1090500000222E2187480068DBF704FB054685487F
:1090600000682844401C83490860701CC6B2042E66
:10907000D9DB00BF002615E054E23DF81600FF28BA
:1090800008DC1DF816008E4931F8171031448D4A5E
:10909000505405E04FF002098BA0E0F770FD03E0AB
:1090A000701CC6B2042EE8DB2BE27E480078012853
:1090B00017D07C480078052813D07A480078062815
:1090C0000FD07848007821280BD0764800783128D6
:1090D00007D074480078412803D07248007851289E
:1090E00076D170480078012807D1A8EB0500401E12
:1090F000082802DD4FF0030946E06A480078052899
:1091000007D1A8EB0500401E182802DD4FF0030927
:109110003AE064480078062807D1A8EB0500401E15
:109120000B2802DD4FF003092EE05E48007821286D
:1091300007D1A8EB0500401E1E2802DD4FF00309F1
:1091400022E058480078312807D1A8EB0500401EDE
:109150001E2802DD4FF0030916E05248007841282E
:1091600007D1A8EB0500401E1E2802DD4FF00309C1
:109170000AE04C480078512806D1A8EB0500401EB3
:109180001E2801DD4FF00309B9F1030F05D1454851
:10919000017853A0E0F7F3FCB3E100260AE035487C
:1091A0000068805D464931F817103144454A5054F3
:1091B000701CC6B2A8EB0500401EB042EFDC0020D8
:1091C0003F4931F8171031443E4A505499E1FFE7C6
:1091D000344800780D2813D126480068DBF781FA5F
:1091E0000446B4F5966F0CD0B4F5166F09D0B4F5FB
:1091F000965F06D0B4F5165F03D0B4F5964F87E0BE
:1092000060E18CE08C8122427C030020004400401D
:1092100076030020740300203A0404080D0A2D2D63
:109220002D2D2D2D2D2D2D2D2D2D2D2D2D2D2D2D6E
:109230002D2D2D2D2D2D2D2D2D2D2D2D2D2D2D2D5E
:109240002D2D426567696E200D0A0000456E74651C
:109250007220586D6F64656D20736574206770723D
:109260007320706172206D6F64650D0A000000004C
:1092700090430020740200207A030020293D000062
:109280000D0A2D2D2D2D2D2D2D2D2D2D2D2D2D2D51
:109290002D2D2D2D2D526573756C7420696E666FA2
:1092A0000D0A000058020020F8000408436F6D6D9D
:1092B000616E644E6F204572726F72210D0A00005C
:1092C0008E0104084E1800204950204164647265E4
:1092D000737320536574204572726F72210D0A00FA
:1092E000506172204974656D20307825783A20539A
:1092F0007472696E67204C656E677468204F76657E
:10930000726C6F6E67204572726F7221200D0A00B9
:1093100005D0B4F5164F02D0B4F5614F0CD121122F
:10932000FE4830F81700801CFD4A1154FB4830F805
:109330001700C01C145405E024B14FF00409F9A033
:10934000E0F71DFC00222C21FD480068DBF78AF9BC
:109350000546FF2D01D1FF24A9E0F9480068284403
:10936000401CF749086008460068DBF7BAF9044674
:10937000082C0ADC052C08DB601FC1B2E74830F876
:109380001700001DE64A115405E024B14FF005090D
:10939000ECA0E0F7F4FB00222C21E9480068DBF7A1
:1093A00061F90546FF2D01D1FF2480E0E448006803
:1093B0002844401CE249086008460068DBF791F940
:1093C0000446012C01D0022C09D1601E8006010E3A
:1093D000D24830F81700401DD14A115405E024B19D
:1093E0004FF00609DFA0E0F7CAFB00222C21D44889
:1093F0000068DBF737F90546FF2D01D1FF2456E061
:10940000CF4800682844401CCD49086008460068E1
:10941000DBF767F90446022C1CDC3CB90021BF488D
:1094200030F81700801DBE4A115418E0012C07D1F6
:109430000821BA4830F81700801DB94A11540EE0CF
:10944000022C0CD11821B54830F81700801DB44A01
:10945000115404E04FF00709CAA0E0F790FB002286
:109460002C21B7480068DBF7FDF80546FF2D01D138
:10947000FF241CE0B24800682844401CB049086042
:1094800008460068DBF72DF90446052C08DC002CA3
:1094900006DDA24830F81700C01DA14A145405E0AB
:1094A00024B14FF00809C0A0E0F769FB00BFFF2C12
:1094B00027D1B9F1000F24D14FF00909C2A0E0F77C
:1094C0005EFB1EE00022C8480178C848DBF7CAF8F6
:1094D00006469B480068DBF704F90446FF2E0BD0D4
:1094E00021128E4830F817008D4A11548B4830F8FD
:1094F0001700401C145404E0884830F81700884ACC
:109500001454B9F1000F07D04946B9A0E0F737FB72
:10951000C0A0E0F734FB0CE0C7480088401CC649F7
:10952000088005E0C4480188C4A0E0F728FB00E0FB
:1095300020E500BFBDE8FC872DE9F34FADF2144DE7
:10954000002002904326012781461920009000BF89
:109550000020019040E02EB1C820D6F777F83046C1
:10956000FFF752FC4FF4FA60FFF776FC8046BE48E6
:10957000008870BBB8F1010F09D0B8F1020F08D014
:10958000B8F1040F08D0B8F1180F20D10EE08025F3
:1095900037E04FF4806534E0FFF7DFFC0620FFF78B
:1095A00033FC48460DF21C4DBDE8F08F4FF47A7045
:1095B000FFF752FC8046B8F1180F07D1FFF7CDFC3A
:1095C0000620FFF721FC4FF0FF30EBE700E000BF83
:1095D00000BF0198401C019001981028BBDB432E6E
:1095E00001D11526B4E7FFF7B8FC1820FFF70CFCF3
:1095F0001820FFF709FC1820FFF706FC6FF00100A8
:10960000D0E7432E01D101200290002603AC04F8DC
:10961000018BB3460FE04FF47A70FFF71DFC8046D4
:109620009249A1F800B09048008800B15AE004F8CF
:10963000018B0BF1010B029808B1012000E0002022
:109640002844C01C5845E6DC9DF80D009DF80E101E
:10965000C943C9B2884244D19DF80D00B84204D034
:109660009DF80D10781E81423BD12A460DF10F0165
:109670000298FFF72AFC78B39DF80D00B84218D184
:10968000DDF81804A0EB090AAA4500DDAA46BAF1E4
:10969000000F09DDDDF8141401EB090052460DF14D
:1096A0000F0104F00BF9D144781CC7B21A200090C6
:1096B00000BF0098401E009000280EDCFFF74DFC14
:1096C0001820FFF7A1FB1820FFF79EFB1820FFF7DB
:1096D0009BFB6FF0020065E703E00620FFF794FBB9
:1096E00036E700BFFFF739FC1520FFF78DFB2FE7AA
:1096F00010B500245E48C08F5D49A1F86600084699
:10970000B0F84000A1F868000846B0F84200A1F89F
:109710006A000846B0F84400ACE000008E0104087E
:109720004E180020436F6D31204261756472617480
:109730006520536574204572726F72210D0A000016
:1097400074020020436F6D3120446174614269747A
:109750004C656E67746820536574204572726F7231
:10976000210D0A00436F6D312053746F704269748C
:109770004C656E67746820536574204572726F7211
:10978000210D0A00436F6D31205061726974794276
:1097900069744C656E6774682053657420457272F5
:1097A0006F72210D0A000000436F6D3120466C6F0F
:1097B00077436F6E74726F6C2053657420457272BC
:1097C0006F72210D0A00000053657269616C2050B0
:1097D0006F7274204974656D204C61636B20457213
:1097E000726F72210D0A0000580200202402040842
:1097F000586D6F64656D2046696C65205472616EAA
:1098000073666572206572723D20256420202121D7
:10981000210D0A00506C6561736520726573746177
:1098200072742046696C65205472616E736665724D
:10983000202121210D0A00007A030020586D6F6459
:10984000656D2073657420656E64A3AC73657420C8
:10985000706172206974656D2025642074696D657E
:109860007321204F4B0D0A00740300207803002061
:109870001E160020A1F86C000846B0F84600A1F8BA
:109880006E004FF46140C8870320A1F8400000201B
:10989000A1F84200A1F844000320A1F84600DAF73D
:1098A00072F801202749087027A0E0F768F940F214
:1098B0002B202849A1F87A00FFF730FB002821D09F
:1098C0004FF400612448FFF737FE2249A1F87C00DD
:1098D0004FF4FA70D5F7BAFE1E48B0F87C000028A5
:1098E00009DDFFF73BFB1D4800881A49A1F87A0003
:1098F00001201B4908701BA0E0F741F923A0E0F705
:109900003EF901241348B0F866001249C88708469A
:10991000B0F86800A1F840000846B0F86A00A1F865
:1099200042000846B0F86C00A1F844000846B0F8C0
:109930006E00A1F84600DAF726F814B902200149B2
:10994000087010BD7D0300202020586D6F64656D88
:109950000D0A00001E160020904300207A0300200C
:10996000020100204578697420586D6F64656D2090
:109970002C20456E746572206E6F726D616C207262
:10998000756E206D6F64652E200D0A002D2D2D2D16
:109990002D2D2D2D2D2D2D2D2D2D2D2D2D2D2D2DF7
:1099A0002D2D2D2D2D2D2D2D2D2D2D2D2D2D2D2DE7
:1099B0002D456E64200D0A0010B504460120FC49B7
:1099C00008600A20D5F72BFEFA48047000BF8021FA
:1099D000F948D3F743FE0028F9D040F22661F64853
:1099E000D3F77CFEF3480178F348D3F7C9FD00BFF5
:1099F000F148008800F040000028F9D040F22661CC
:109A0000ED48D3F76BFE10BD70B504460020E84961
:109A100008600025E9490880E949088010E040F223
:109A20002551E548D3F730FE50B1E348D3F7ACFDFC
:109A3000C5B240F22551E048D3F750FE284670BD2C
:109A4000DE480088A042EADB0120DD490880284684
:109A5000F5E710B5C820D5F7F9FD4FF47A70FFF798
:109A6000D3FF0446202C11D16420D5F7EFFD4FF42D
:109A70007A70FFF7C9FF0446202C07D1D1A0E0F788
:109A8000B5F8DCA0E0F7B2F8012010BD0020FCE73B
:109A90002DE9FC474FF000090027DF48DF49086047
:109AA0000020DF490880E8E2DEA1DC48006803F01E
:109AB00029FFDA49086008460068002876D0D848AF
:109AC000008810B9D8A0E0F791F8D4490968881E39
:109AD000DAF7DEFDDD49087008460078632806DC09
:109AE000002208460178DA48DAF7BCFD074601256E
:109AF00000220D21C9480068DAF7B4FD8046FF2F27
:109B000008D0FF2D06D0B8F1FF0F03D0CF48007862
:109B1000902804DD4FF00109CEA0E0F767F8BF48B8
:109B20000068801CBD490860B9F1000F56D1C748D4
:109B3000007820280FD0C548007830280BD0C348C3
:109B40000078402807D0C1480078502803D0BF488B
:109B50000078622843D1002623E0B0480068DAF795
:109B6000C0FD2DF8160056B93DF8160038B9002092
:109B7000ADF80200ADF80400ADF806000326032E90
:109B800000D110E000222E21A4480068DAF76AFD17
:109B90000546A24800682844401CA0490860701C83
:109BA000C6B2042ED9DB00BF002615E05FE23DF807
:109BB0001600FF2808DC1DF81600AB4931F8171015
:109BC0003144AA4A505405E04FF00209A8A0E0F73A
:109BD0000DF803E0701CC6B2042EE8DB36E29B48A9
:109BE0000078012817D099480078052813D09748A5
:109BF000007806280FD09548007821280BD093488C
:109C00000078312807D091480078412803D08F4848
:109C10000078512876D18D480078012807D1A8EB2B
:109C20000500401E082802DD4FF0030946E0874882
:109C30000078052807D1A8EB0500401E182802DD92
:109C40004FF003093AE081480078062807D1A8EBD5
:109C50000500401E0B2802DD4FF003092EE07B4873
:109C60000078212807D1A8EB0500401E1E2802DD40
:109C70004FF0030922E075480078312807D1A8EB9E
:109C80000500401E1E2802DD4FF0030916E06F4854
:109C90000078412807D1A8EB0500401E1E2802DDF0
:109CA0004FF003090AE069480078512806D1A8EB73
:109CB0000500401E1E2801DD4FF00309B9F1030F16
:109CC00005D16248017870A0DFF790FFBEE1002661
:109CD0000AE052480068805D634931F8171031444A
:109CE000624A5054701CC6B2A8EB0500401EB04238
:109CF000EFDC00205C4931F8171031445B4A5054C6
:109D0000A4E1FFE7514800780D284FD1434800688F
:109D1000DAF7E7FC0446B4F5966F11D0B4F5166F88
:109D20000ED0B4F5965F0BD0B4F5165F08D0B4F53D
:109D3000964F05D0B4F5164F02D0B4F5614F0CD153
:109D40002112494830F81700801C484A11544648EF
:109D500030F81700C01C145405E024B14FF004097A
:109D600055A0DFF743FF00222C212C480068DAF7CA
:109D700079FC0546FF2D01D1FF243DE1274800680D
:109D80002844401C2549086008460068DAF7A9FC09
:109D90000446082C0BDC052C09DB601FC1B23248DD
:109DA00030F81700001D314A115499E02FE191E07D
:109DB0008C8122428603002000380140800300206D
:109DC0007E0300200D0A2D2D2D2D2D2D2D2D2D2D19
:109DD0002D2D2D2D2D2D2D2D2D2D2D2D2D2D2D2DB3
:109DE0002D2D2D2D2D2D2D2D2D2D426567696E20AC
:109DF0000D0A0000456E74657220586D6F64656DC4
:109E000020736574206770727320706172206D6FAB
:109E100064650D0A00000000902F002074020020ED
:109E200084030020293D00000D0A2D2D2D2D2D2D00
:109E30002D2D2D2D2D2D2D2D2D2D2D2D2D526573AF
:109E4000756C7420696E666F0D0A00005802002060
:109E5000F8000408436F6D6D616E644E6F204572AB
:109E6000726F72210D0A00008E0104084E18002046
:109E700049502041646472657373205365742045B2
:109E800072726F72210D0A00506172204974656D03
:109E900020307825783A20537472696E67204C65BB
:109EA0006E677468204F7665726C6F6E67204572BE
:109EB000726F7221200D0A00436F6D31204261756F
:109EC000647261746520536574204572726F7221EB
:109ED0000D0A000024B14FF00509F9A0DFF786FE56
:109EE00000222C21FE480068DAF7BCFB0546FF2D56
:109EF00001D1FF2480E0FA4800682844401CF8495A
:109F0000086008460068DAF7ECFB0446012C01D033
:109F1000022C09D1601E8006010EF24830F81700AD
:109F2000401DF14A115405E024B14FF00609EFA09D
:109F3000DFF75CFE00222C21E9480068DAF792FB8B
:109F40000546FF2D01D1FF2456E0E548006828446E
:109F5000401CE349086008460068DAF7C2FB044683
:109F6000022C1CDC3CB90021DE4830F81700801DB3
:109F7000DD4A115418E0012C07D10821D94830F8E6
:109F80001700801DD84A11540EE0022C0CD1182164
:109F9000D44830F81700801DD34A115404E04FF024
:109FA0000709DAA0DFF722FE00222C21CC48006846
:109FB000DAF758FB0546FF2D01D1FF241CE0C84805
:109FC00000682844401CC649086008460068DAF763
:109FD00088FB0446052C08DC002C06DDC14830F85F
:109FE0001700C01DC04A145405E024B14FF0080901
:109FF000CFA0DFF7FBFD00BFFF2C27D1B9F1000F89
:10A0000024D14FF00909D2A0DFF7F0FD1EE00022B5
:10A01000D7480178D748DAF725FB0646B0480068EC
:10A02000DAF75FFB0446FF2E0BD02112AD4830F863
:10A030001700AD4A1154AB4830F81700401C1454B7
:10A0400004E0A84830F81700A74A1454B9F1000FEB
:10A0500007D04946C8A0DFF7C9FDD0A0DFF7C6FD8D
:10A060000CE0D7480088401CD549088005E0D4485A
:10A070000188D4A0DFF7BAFD00E015E500BFBDE818
:10A08000FC872DE9F34FADF2144D002002904326DA
:10A09000012781461920009000BF002001903CE07C
:10A0A0002EB1C820D5F7D2FA3046FFF785FC4FF421
:10A0B000FA60FFF7A9FC8046CD48008850BBB8F194
:10A0C000010F09D0B8F1020F08D0B8F1040F08D081
:10A0D000B8F1180F1CD10CE0802531E04FF48065F9
:10A0E0002EE00620FFF768FC48460DF21C4DBDE847
:10A0F000F08F4FF47A70FFF787FC8046B8F1180FA5
:10A1000005D10620FFF758FC4FF0FF30EDE700E0E7
:10A1100000BF00BF0198401C019001981028BFDBD0
:10A12000432E01D11526B8E71820FFF745FC18206B
:10A13000FFF742FC1820FFF73FFC6FF00100D4E767
:10A14000432E01D101200290002603AC04F8018BBC
:10A15000B3460FE04FF47A70FFF756FC8046A549EE
:10A16000A1F800B0A248008800B158E004F8018BC3
:10A170000BF1010B029808B1012000E000202844F7
:10A18000C01C5845E6DC9DF80D009DF80E10C94333
:10A19000C9B2884242D19DF80D00B84204D09DF862
:10A1A0000D10781E814239D12A460DF10F01029817
:10A1B000FEF78BFE88B39DF80D00B84218D1DDF88C
:10A1C0001804A0EB090AAA4500DDAA46BAF1000F5F
:10A1D00009DDDDF8141401EB090052460DF10F0101
:10A1E00003F06CFBD144781CC7B21A20009000BF6A
:10A1F0000098401E009000280BDC1820FFF7DCFBC5
:10A200001820FFF7D9FB1820FFF7D6FB6FF00200EC
:10A210006BE70620FFF7D0FB3FE7FFE700BF152005
:10A22000FFF7CAFB39E710B500247348C08F7249A5
:10A23000A1F866000846B0F84000A1F8680008469A
:10A24000B0F84200A1F86A000846B0F84400A1F84E
:10A250006C000846B0F84600A1F86E004FF461406B
:10A26000C8870320A1F840000020A1F84200A1F80F
:10A2700044000320A1F84600D7F789FE01205F497A
:10A2800008705FA0DFF7B2FC40F22B205A49A1F81A
:10A290007A00FFF7DEFB002810D04FF400615B4826
:10A2A000FFF7EFFE5449A1F87C004FF4FA70D5F7A0
:10A2B000CDF95148B0F87C000028A9E0BAE00000D0
:10A2C000436F6D3120446174614269744C656E67FF
:10A2D000746820536574204572726F72210D0A00F4
:10A2E000740200208E0104084E180020436F6D3167
:10A2F0002053746F704269744C656E6774682053A4
:10A300006574204572726F72210D0A00436F6D31C2
:10A31000205061726974794269744C656E67746823
:10A3200020536574204572726F72210D0A0000007F
:10A33000436F6D3120466C6F77436F6E74726F6C34
:10A3400020536574204572726F72210D0A0000005F
:10A3500053657269616C20506F7274204974656D29
:10A36000204C61636B204572726F72210D0A0000F0
:10A370005802002024020408586D6F64656D204661
:10A38000696C65205472616E7366657220657272C5
:10A390003D20256420202121210D0A00506C65619B
:10A3A000736520726573746172742046696C6520F0
:10A3B0005472616E73666572202121210D0A0000BE
:10A3C00084030020586D6F64656D2073657420658B
:10A3D0006E64A3AC73657420706172206974656DDE
:10A3E0002025642074696D657321204F4B0D0A0090
:10A3F0007E030020820300201E1600208703002019
:10A400002020586D6F64656D0D0A0000902F0020AC
:10A4100009DDFFF73DFB174800881749A1F87A00CE
:10A4200001201649087016A0DFF7E0FB1EA0DFF739
:10A43000DDFB01241048B0F866000F49C8870846C4
:10A44000B0F86800A1F840000846B0F86A00A1F82A
:10A4500042000846B0F86C00A1F844000846B0F885
:10A460006E00A1F84600D7F792FD14B902201949F1
:10A47000087010BD840300201E1600200201002079
:10A480004578697420586D6F64656D202C20456E89
:10A49000746572206E6F726D616C2072756E206DC6
:10A4A0006F64652E200D0A002D2D2D2D2D2D2D2DA7
:10A4B0002D2D2D2D2D2D2D2D2D2D2D2D2D2D2D2DCC
:10A4C0002D2D2D2D2D2D2D2D2D2D2D2D2D456E642C
:10A4D000200D0A0087030020074808490860084843
:10A4E0004860084888600848C8600848086108480B
:10A4F0004861084670470000EDA50308F867002092
:10A50000BFA50308DDA60308F5A6030815A70308E1
:10A5100063A7030810B5044697480078A04200D10D
:10A5200010BD9548047095480470007801282BD11F
:10A53000002001F019FB92480068407800F07F008D
:10A5400040F080008E49096848708D480068417865
:10A55000012002F06BFC012001F006FB002088497D
:10A56000096881F83F008649096881F840000222A5
:10A57000834801683F31402002F036FC6F22814958
:10A58000012002F05BFC18E0002001F0EDFA7C48AD
:10A590000068407800F07F00794909684870784881
:10A5A00000684178012002F041FC012001F0DCFA52
:10A5B0006F227449012002F041FC00BFB0E710B5E2
:10A5C000012002F0E7FB7048046800BF6E48006895
:10A5D000001BFBD0002002F0DDFB6B48046800BFCD
:10A5E00069480068001B0628FAD310BD08B5654805
:10A5F000401E664908606249086002F073FBFFF77D
:10A60000DEFF6946062002F03CFC05E060A0DFF7B3
:10A61000B6FA6420FDF7D3FF9DF800006C28F5D151
:10A6200001205649087008460078FFF773FF01F0D3
:10A63000CFFA08BD51480078704710B504464F481E
:10A64000007818B9204600F0ABF802E0204601F08F
:10A650008BFA10BD10B54948007810B900F08BF99D
:10A6600010BD01F027FBFBE710B54448007810B996
:10A6700000F0E0F910BD01F036FBFBE710B53F48F4
:10A68000007810B900F0CAF910BD01F020FBFBE71B
:10A6900010B53A48007810B900F0E1F910BD01F0AA
:10A6A00058FBFBE710B53548007808B900BFFEE756
:10A6B00001F052FB10BD10B53048007810B900F021
:10A6C000D1F910BD01F04CFBFBE710B52B48007829
:10A6D00010B900F0CAF910BD00BFFEE710B5274859
:10A6E000007818B9012000F0C3F902E0012001F060
:10A6F0003AFB10BD70B504460D462048007820B9DD
:10A700002946204600F0BCF903E02946204601F026
:10A7100032FB70BD70B504460D461848007820B96C
:10A720002946204600F0BBF903E02946204601F007
:10A7300038FB70BD10B51148007810B900F0FFF972
:10A7400010BD01F044FBFBE710B504460B48007850
:10A7500018B9204600F08CF902E0204601F003FB16
:10A7600010BD10B50548007810B900F0EBF910BD28
:10A7700001F030FBFBE70000890300208803002084
:10A780000C0400201168002030040020AC030020DD
:10A79000486172642053504920457272210D0A00AD
:10A7A00070B504460025F7480068407820F0F800AE
:10A7B000F54908700846007884421CD0032C01D16A
:10A7C000012500E00025F1480078854204D0EF48DB
:10A7D0000570284602F096FBEA480068407800F0D1
:10A7E000F8002043E74909684870E6480068417866
:10A7F000012002F01BFB70BD10B5E2480168423138
:10A80000422002F03EFB10BD10B50020E049087068
:10A81000FFF7F2FF6F22DF49012002F00FFB00205B
:10A82000D84909684870D74800684178012002F08B
:10A83000FDFA2020D34909688872D2480068817ADD
:10A840000A2002F0F3FA2020CE4909680873CD48A7
:10A850000068017B0C2002F0E9FACF48407E012815
:10A8600004D11E20C7490968487303E00E20C5497A
:10A87000096848730820C349096881F82600AA209E
:10A88000C0490968C877FF20BE4909680874932049
:10A89000BC49096881F827006920BA49096881F82C
:10A8A00028008120B749096881F829007E20B54930
:10A8B000096881F82A009620B249096881F82B00BE
:10A8C000B548007E802141EA0010AE49096881F850
:10A8D000300000F0AAFFB048807EAA49096881F8DC
:10A8E00032006F22AB49012002F07EFAAA490868C3
:10A8F00000F02EFCA849486800F0CAFCA649886808
:10A9000000F010FDA448002102699E480068123042
:10A9100000F0F3FEA048002142699A480068133015
:10A9200000F0EBFE002001F06FF89B4800689B49A7
:10A9300088420DD9802001F013F8012000F0D3FFE8
:10A9400014209549087391F90C0000F042FD0CE0C9
:10A95000002001F005F8002000F0C5FF0E208E4910
:10A96000087391F90C0000F034FD0120FFF718FF87
:10A9700000F03CFC10BD10B582480168491C012064
:10A9800002F07FFA7F480068407820F0F80010BDA0
:10A990002DE9F04702227B4801681D311D2002F09D
:10A9A0004DFA78490968897F764A1268527F41EAF0
:10A9B000022003F051FA804603F099FA824603F030
:10A9C0004BFA06460022764B03F060F9044603F08A
:10A9D0008EFABDE8F0872DE9F04702226948016848
:10A9E0001B311B2002F02AFA66490968097F654A73
:10A9F0001268D27E41EA022003F02EFA804603F06C
:10AA000076FA824603F028FA06460022644B03F0E9
:10AA10003DF9044603F06BFABDE8F08710B55948DC
:10AA200001680C310C2002F02CFA56480068007BBB
:10AA3000400910BD70B5534801681131112002F072
:10AA400020FA50490968487C03F017FA04460022AE
:10AA50004FF0804303F08CF981F0004170BD514804
:10AA600000787047504903C97047504800687047E4
:10AA700047490870704700B50120FFF7F9FF00BD96
:10AA800070B505460C464A48008820800020484999
:10AA9000088022884749284602F010FF70BD70B533
:10AAA00004460D464448058002882146414802F08C
:10AAB00005FF07203649087070BD30B53148006881
:10AAC00090F8270000F00700421C2E48006890F81C
:10AAD0003000C3092B48006890F8300000F00600F1
:10AAE00008B1012000E0002004462648006890F8E4
:10AAF00032102448006890F8300000F01000102850
:10AB000001D1022000E000200546D018204408446E
:10AB1000284480B230BD1B48006890F82600194BCD
:10AB20001B6893F8253040EA03211648006890F826
:10AB3000270000F00700421C881880B270471448B4
:10AB4000007870472DE9F04F89B001200890104837
:10AB500000780C287ED2DFE800F00607A0FDFCFBA1
:10AB6000FAF9F8F7F6F5DEE20648006890F83000EA
:10AB700000F01000102821D14C200249096881F80A
:10AB8000400020E0AC030020E8030020E90300209F
:10AB9000B10300201168002090030020008F423391
:10ABA00080844E40D4030020C8030020D00300203E
:10ABB000C003002080680020E00300200C20FE4934
:10ABC000096881F84000E120FB49096881F84100EB
:10ABD0000222F94801684031402002F005F90520C1
:10ABE000FFF7DEFD4FF48071F44802F080FEF44977
:10ABF000486803F042F9CDE90201FFF75EFF0190DA
:10AC000003F03BF980460022EE4B03F03FF8064686
:10AC1000DDE9022303F0ACF80022EB4BCDE904019F
:10AC200003F034F8CDE9060105F05AF80446002295
:10AC3000E64B02F084FF824603F078F980B2E449E3
:10AC400008600846006800EB50000860084600688D
:10AC5000E04900E066E20860DF480068DF4908601C
:10AC6000DF490860A020D449096881F83500D2483E
:10AC7000006890F83510352002F0D8F80020D94946
:10AC80000870D9490870D9490870D9490870D9495C
:10AC900008800220D849087045E202F025F9012811
:10ACA00009D1D048007830B90120CE490870CA488F
:10ACB0000068CB49086002F00BF901281ED1C94891
:10ACC000007801281AD1C8480078B8B90120C649CF
:10ACD0000870FFF7AFFEC94A03C2FFF77CFEC84900
:10ACE0000860FFF79BFEC7490870BB480068BB4976
:10ACF0000860BB4908600320BF490870BA48007863
:10AD0000B8B9B8480078012813D1B3480068B449ED
:10AD10000968401AAF49096888420AD90120B64932
:10AD20000870A5480068407B40F020010D2002F02B
:10AD30007DF8AD480078D8B9AA480078C0B9AB48CA
:10AD4000007808E0E8E1E1E194E15FE10CE1F8E09E
:10AD5000E4E0DAE00DE058B99F4800689F490968CF
:10AD6000401A9B490968884202D90520A249087007
:10AD7000D9E1A0480088B0F5807F03DD06209E4918
:10AD80000870D0E102F09EF8012853D1994800885C
:10AD9000A8B99748007890B98748006890F83000C3
:10ADA00000F08000802804D10121924802F07BF855
:10ADB00005E08148006890F832008E4908808D488F
:10ADC00000888B490978401A7B49096891F8351049
:10ADD00001F03F01884217DD774A126892F835206A
:10ADE00002F03F01754A824B1B78D01802F05BF8E5
:10ADF0007148006890F8350000F03F007C49097800
:10AE000008447B49087015E07A4A1278784B1B7821
:10AE1000D21AD1B2694A764B1B78D01802F043F8A7
:10AE20007448007872490978401A714909780844D1
:10AE30006F49087002F040F8012856D16648006852
:10AE4000664908606B48008890BB6948007878BB09
:10AE50005948006890F8300000F08000802804D144
:10AE60000121644802F01FF805E05348006890F89B
:10AE70003200604908805F4A12785D4B1B78D21A15
:10AE8000D1B24E4A5A4B1B78D01802F00CF85948F0
:10AE9000007857490978401A5549097808445449B7
:10AEA00008700120514908700420534908701CE0C3
:10AEB000FFE7504A12784E4B1B78D21AD1B23F4A64
:10AEC0004B4B1B78D01801F0EEFF4A4800784849F8
:10AED0000978401A46490978084445490870012014
:10AEE000424908700420444908704048007858B925
:10AEF0003948006839490968401A35490968884263
:10AF000002D905203C4908700DE10020384908703D
:10AF10000120394908700220089004E100203449DA
:10AF200008703449088024480068407B40F02001C4
:10AF30000D2001F07BFF01202F49087003200890AD
:10AF4000F1E000202A4908702A4908801A48006860
:10AF5000407B40F020010D2001F068FF01202649D0
:10AF6000087006200890DEE001201349096881F886
:10AF7000400020201049096881F8410002220E4853
:10AF800001684031402001F02FFF98200A490968EC
:10AF900081F835000848006890F83510352001F038
:10AFA00045FF0320FFF7FCFB082013490870002031
:10AFB00015490870B7E00000AC030020806800204D
:10AFC000900300200000204000408F400000F03F30
:10AFD000B4030020B803002030040020D803002070
:10AFE000DC030020BC030020BD030020BE030020C2
:10AFF000C2030020C0030020B1030020C8030020CA
:10B00000D0030020D4030020C303002001F066FF1A
:10B0100001282ED14648006890F8300000F08000EA
:10B02000802803D10121434801F034FF41480088C2
:10B03000002808DD3F480088402804DC3D480078AF
:10B040003D49087002E020203B4908703A480178E9
:10B050003A4801F01FFF3A48007837490978084418
:10B060003749087037480068374908600920374970
:10B07000087058E001F026FF70BB2E480088304968
:10B080000978401A2C49097888420FDD2B492C4A4F
:10B09000127888182849097801F0FCFE28480078C1
:10B0A0002549097808442649087015E0214A127894
:10B0B000234B1B78D21AD1B2204A214B1B78D018CF
:10B0C00001F0E8FE1B4800781D490978401A1C4928
:10B0D000097808441A49087001F0EEFE012809D1E8
:10B0E00018480068184908600A20184908700120AB
:10B0F000FFF756FB1348006813490968401AB0F57A
:10B100007A7F02D90B20114908700CE000200F490A
:10B1100008700420089006E000200C490870052003
:10B12000089000E000BF00BF089809B0BDE8F08FAC
:10B13000AC030020E0030020B00300208068002062
:10B14000C303002030040020E4030020B1030020EA
:10B150002DE9F0410446FB480460204602F08DFED4
:10B1600005460022F84B02F003FE074602F0DEFE21
:10B170000446200CF54909688871200AF3490968DA
:10B18000C871F24909680C720322F0480168891DF0
:10B19000062001F029FEBDE8F0812DE9F0410322EF
:10B1A000EA480168891D062001F048FEE74800686A
:10B1B00080790004E5490968C97940EA0120E3493A
:10B1C0000968097A0843DF490860086802F055FEFB
:10B1D00006460022DC4B02F059FD044602F0A6FEB2
:10B1E000D849086008460068BDE8F08138B569466E
:10B1F000092001F046FEFFF7D0FF04460020D349A6
:10B2000009684872D1480068417A092001F00EFEB1
:10B21000CF48FFF79DFFCD4801683B313B2001F04F
:10B2200030FECA48006890F83B0000F0BF0040F0D4
:10B230004000C649096881F83B00C448006890F89E
:10B240003B103B2001F0F2FDC04801683B313B2040
:10B2500001F017FE05E0BD4801683B313B2001F0DD
:10B2600010FEBA48006890F83B0000F0200020284B
:10B27000F1D09DF80000B54909684872B3480068EC
:10B28000417A092001F0D2FD2046FFF761FF38BD69
:10B290002DE9F0410446AB484460204602F0EDFD44
:10B2A00005462A460B460020AA4902F061FD0746E2
:10B2B00002F03CFE84B2200AA44909688870A349C0
:10B2C0000968CC700222A1480168891C104601F06F
:10B2D0008BFDBDE8F0812DE9F04102229B48016819
:10B2E000891C104601F0AAFD98480068C07897496B
:10B2F0000968897840EA012092494860486802F06C
:10B30000BCFD064632460B460020924902F030FD55
:10B31000044602F00BFE80B28A4948600846406845
:10B32000BDE8F0812DE9F0410446864884608748F5
:10B330000168091D042001F0A4FD204602F09DFDD6
:10B3400005460022804B02F013FD074602F0EEFD99
:10B3500084B27E480068007900F0C000210A21F024
:10B36000C0010843794909680871784909684C7136
:10B37000022276480168091D042001F035FDBDE870
:10B38000F0812DE9F041022270480168091D042076
:10B3900001F054FD6D48006800796FF0C00101EACA
:10B3A00000206A49096849790843664988608868C5
:10B3B00002F063FD06460022634B02F067FC044680
:10B3C00002F0B4FD80B25F49886008468068BDE83D
:10B3D000F08110B504465D4801680931092001F08B
:10B3E00050FD5A4801684D314D2001F04AFD574843
:10B3F0000068407A00F08000802841D153480068FE
:10B4000090F84D0000F0870087281CD1052C00DA49
:10B410000524142C00DD14244C480068407A00F008
:10B420008F0040F070004949096848724748006839
:10B43000407A00F0F000611F01F00F01084343491A
:10B44000096848723AE0022C00DA0224112C00DD6F
:10B4500011243E480068407A00F08F0040F07000F0
:10B460003A490968487239480068407A00F0F000AB
:10B47000A11E01F00F0108433449096848721DE01C
:10B48000B4F1FF3F01DA4FF0FF340E2C00DD0E2443
:10B490002E480068407A00F08F0040F070002B4981
:10B4A0000968487229480068407A00F0F000611C81
:10B4B00001F00F01084325490968487223480068D4
:10B4C000417A092001F0B2FC1E48047310BD10B58A
:10B4D0001E4801680931092001F0D3FC1B480168AE
:10B4E0004D314D2001F0CDFC18480068407A00F045
:10B4F0008000802819D11548006890F84D0000F0B0
:10B500000700072808D111480068407A20F0F000B1
:10B51000401D0C49087310E00C480068407A20F088
:10B52000F000801C0749087307E008480068407A6B
:10B5300020F0F000401E03490873024890F90C0007
:10B5400010BD00009003002080844E40AC0300201A
:10B55000008F423380847E412DE9FF5F83468A4617
:10B56000002018BB0AF1020002F076FC06463246C3
:10B570000B4600204FF0804103F0C6FECDE90001EC
:10B58000584602F07AFC8046DDE9002302F07EFB9B
:10B5900002460B46CDE902010020FD4902F0E8FB1E
:10B5A000044602F0C3FC04B0BDE8F09F0AF10300BA
:10B5B00002F052FC02460B46CDE9000100204FF09C
:10B5C000804103F0A1FECDE90201584602F055FC8E
:10B5D0000646DDE9022302F059FB044622460B46EB
:10B5E0000020EB4902F0C4FB804602F09FFCDAE742
:10B5F0002DE9F74F88B08A4693460024A14600BF44
:10B600000027DFF8908300BF72E04FF010096AE076
:10B61000002008BBA01C02F01FFC02460B46CDE92F
:10B62000000100204FF0804103F06EFECDE90401DF
:10B63000484602F022FCCDE90201DDE9042302F0D4
:10B6400025FB02460B46CDE906010020D04902F059
:10B650008FFB05460E4620E0E01C02F0FDFB024693
:10B660000B46CDE9000100204FF0804103F04CFE75
:10B67000CDE90401484602F000FCCDE90201DDE914
:10B68000042302F003FB02460B46CDE9060100202D
:10B69000BF4902F06DFB05460E46089802F0EDFB2F
:10B6A0002A463346CDE9040102F0EDFA21F00041CB
:10B6B0003A464346CDE9060102F064FC0FD20898F1
:10B6C00002F0DBFB2A463346CDE9060102F0DBFA45
:10B6D00021F0004807468AF800908BF8004009F1F5
:10B6E000040000F0FF09B9F1180F91DD601CC4B22D
:10B6F000082C8ADB0BB0BDE8F08F7CB504460E4603
:10B700001546002001900090A34800681230844242
:10B7100003D106F06000207001E0002020706A462E
:10B7200001A92846FFF764FF9DF80400102804D003
:10B7300014280AD018281CD111E020789DF8001098
:10B7400001F007010843207014E020789DF80010F4
:10B7500001F0070141F00801084320700AE0207859
:10B760009DF8001001F0070141F01001084320701E
:10B7700000E000BF00BF884800681230844206D154
:10B780002178122001F052FB8448056105E0217800
:10B79000132001F04BFB814845617CBD70B5044628
:10B7A000002500262078C0F3C10020B1012804D074
:10B7B000022806D103E0102604E0142602E0182631
:10B7C00000E000BF00BF207800F007013046FFF71F
:10B7D000C3FE0546704800681230844203D12846F3
:10B7E0006E490D6170BD28466C494D61FAE710B590
:10B7F0000446694801683031302001F042FB664858
:10B80000006890F8300000F0EF0040EA0410624950
:10B81000096881F830006048006890F830103020E6
:10B8200001F004FB5D48047610BD10B55A4801686C
:10B830003031302001F025FB5748006890F8300087
:10B84000C0F30010554908760846007E10BD10B5BB
:10B850000446514801680D310D2001F012FB4E489D
:10B860000068407B00F0EF0040EA04104A49096894
:10B87000487349480068417B0D2001F0D7FA4748DA
:10B88000447610BD10B5444801680D310D2001F01B
:10B89000F8FA41480068407BC0F300103F49487601
:10B8A0000846407E10BD10B504463B48006880F84D
:10B8B00032403948006890F83210322001F0B6FA70
:10B8C0003648847610BD10B53348016832313220D5
:10B8D00001F0D7FA3048006890F832002F49887696
:10B8E0000846807E10BD10B504462B4801684D31D6
:10B8F0004D2001F0C6FA284801680931092001F0FD
:10B90000C0FA25480068407A00F08000802807D1FE
:10B91000012C0AD187202049096881F84D0004E0F4
:10B9200084201D49096881F84D001B48006890F883
:10B930004D104D2001F07AFA10BD10B5164801687F
:10B940004D314D2001F09DFA1348006890F84D00EC
:10B9500000F00700072801D1012010BD0020FCE7FE
:10B9600010B504460C4801680931092001F089FA34
:10B9700009480068407A00F07F00204306490968C2
:10B98000487205480068417A092001F04FFA10BD5D
:10B9900080847E41D0126341AC03002090030020DC
:10B9A00010B56F4801680931092001F06AFA6C4846
:10B9B0000068407A20F07F0010BD10B5044668484A
:10B9C00001680A310A2001F05CFA65480068807A53
:10B9D00000F0F00024F0F001084361490968887222
:10B9E0005F480068817A0A2001F020FA10BD10B586
:10B9F0005B4801680A310A2001F043FA58480068A0
:10BA0000807A20F0F00010BD10B50446544801685B
:10BA10000E310E2001F035FA002C04DA1F2020EA46
:10BA20000404641C64424E480068807B04F01F01DB
:10BA300040EAC1004A490968887349480068817B27
:10BA40000E2001F0F3F910BD10B5454801680E3124
:10BA50000E2001F016FA42480068807BC41004F002
:10BA60001000102804D11F2020EA0404641C644242
:10BA7000204610BD70B50024394801683B313B2099
:10BA800001F0FFF93648006890F83B0000F0FE0036
:10BA90003349096881F83B003148006890F83B1051
:10BAA0003B2001F0C3F92E480168491C012001F038
:10BAB000E8F92B480068457804202949096848704E
:10BAC000274800684178012001F0B0F92548066850
:10BAD00000BF24480068801BFBD0214801683B312F
:10BAE0003B2001F0CEF91E48006890F83B0000F0C2
:10BAF000FE00401C1A49096881F83B00184800689C
:10BB000090F83B103B2001F091F9154801683C3159
:10BB10003C2001F0B6F91248006890F83C0000F0B3
:10BB20007F040F48006890F83C0000F080008028F7
:10BB300001D1604244B22946012001F077F9204644
:10BB400070BD10B50446FFF795FF201A40B210BD36
:10BB500010B50446FFF78EFF204440B210BD000030
:10BB6000AC0300203004002070B504460025FE48D8
:10BB70000068407820F0F800FC490870084600781A
:10BB800084421CD0032C01D1012500E00025F84897
:10BB90000078854204D0F6480570284601F0B2F9D5
:10BBA000F1480068407800F0F8002043EE49096849
:10BBB0004870ED4800684178012001F037F970BD08
:10BBC00010B5E94801684131422001F05AF910BD31
:10BBD00010B50020E7490870FFF7F2FF6F22E64931
:10BBE000012001F02BF92020DF49096808736F223A
:10BBF000E149012001F0F8F8E049086800F060FC34
:10BC0000DE49887900F0A6FDDC49C87900F0DBFD4B
:10BC1000DA49087A00F004FED849487900F056FD68
:10BC2000D649487A00F060FE40F2FF3000F068FF2D
:10BC3000D249087E00F0BBFE012000F095FFCF48FE
:10BC40000068CF4988420DD9802000F00DFF012007
:10BC500000F0CDFE1420C949087191F9040000F0EC
:10BC60007DFC0CE0002000F0FFFE002000F0BFFE95
:10BC70000E20C249087191F9040000F06FFC012008
:10BC8000FFF772FF10BD10B5012001F083F8BD4829
:10BC9000046800BFBB480068001BFBD0002001F017
:10BCA00079F8B848046800BFB6480068001B062849
:10BCB000FAD310BD10B5AC480168491C012001F051
:10BCC000E0F8A9480068407820F0F80010BD10B5F1
:10BCD000A54801680C310C2001F0D3F8A248006897
:10BCE000007B400910BD2DE9F0419F4801681B31E0
:10BCF0001B2001F0C6F8A1480068A349884214D26D
:10BD000099490968C87E02F0B8F804460D469B4878
:10BD100040799E4901EBC000D0E9006332462046DD
:10BD2000294601F00CFFBDE8F0818F490968C87E03
:10BD300002F0A3F804460D4690484079944901EB7F
:10BD4000C000D0E9006332462046294601F0F7FEE4
:10BD5000E9E79048007870478F4890F900007047F5
:10BD60008E4903C9704783490870704700B50120A8
:10BD7000FFF7F9FF00BD70B505460C4688480088FE
:10BD8000FA2802DD05208649088085480088208041
:10BD900000208349088022888249284601F08EFDD0
:10BDA00070BD70B504460D467448C07A10B97E481F
:10BDB000058002E0FF207C4908807B4802882146FC
:10BDC000784801F07BFD05206A49087070BD69481C
:10BDD000007870472DE9FE4F0120029065480078F9
:10BDE0000B2874D2DFE800F0060774FCEDECEBEAF8
:10BDF00073E9E8005BE30120FFF7B6FE9D205A4996
:10BE00000968487458480068417C112001F00EF818
:10BE10005A48C07A012816D15848007B524909680F
:10BE200081F82400504801681C311C2001F029F8D9
:10BE30004D490968097F01F03F015C4A52F8210031
:10BE400000F03EFB04E0FF204749096881F8240028
:10BE50004548006890F82410242000F0E7FF0020F7
:10BE60004149096881F83F003F49096881F840006D
:10BE700002223D4801683F31402000F0B5FF3F48B5
:10BE8000807A012803D10620FFF76EFE0EE03648C7
:10BE90000068C07B34490968487333480068417BB7
:10BEA0000D2000F0C3FF0520FFF75EFE4FF4807108
:10BEB0003C4801F01CFD314840693D49086031486B
:10BEC00000683C49086002202A490870EFE2EDE270
:10BED00000F0F2FF01281ED12A48006835490860A9
:10BEE0002648C07A01280FD11F4801681C311C2048
:10BEF00000F0C7FF1C490968097F01F03F012B4A88
:10BF000052F8210000F0DCFA4021122000F08EFFF0
:10BF100003201849087000F0DBFF01281FD11948E1
:10BF20000068244908601548C07A01280FD10E48DE
:10BF300001681C311C2000F0A4FF0B490968097F2F
:10BF400001F03F01194A52F8210000F0B9FA02212C
:10BF5000122000F06BFFFFF7BAFE0E490870074889
:10BF6000807A01283BD12EE00C0400202E04002012
:10BF70002F0400201004002011680020F00300208E
:10BF80000057A61630040020008F423390060408A4
:10BF9000E0060408200400201404002018040020F7
:10BFA00012040020806900202C04002030070408BF
:10BFB00028040020240400205CE237E22DE2DBE1CB
:10BFC00060E159E10CE0FE480068FE490968401A4A
:10BFD000FD490968884202D90420FC49087066E2DC
:10BFE000FB4801681231122000F04BFFF84800684E
:10BFF000807C00F0200020280ED12021122000F0AB
:10C0000015FFF448807A012802D1F049087002E057
:10C010000220EE4908704AE201A9192000F031FF20
:10C020009DF8040000F0800068B19DF80400C04352
:10C03000401CC0F38500E84908700846007840427B
:10C0400040B2087004E09DF804008008E2490870DE
:10C05000E0480068E149884246D2DF4890F9000094
:10C06000002825DADC4890F9000001F0F5FE0446CE
:10C070000D46D8484079DA4901EBC000D0E90063A9
:10C0800032460020D74901F001FE82460022D64BFD
:10C0900001F055FD0022D54BCDE9000101F04FFD27
:10C0A000804622462B4601F04AFDD14A03C261E098
:10C0B000C74801681A311A2000F0E3FEC449096834
:10C0C000887E01F0DAFE04460D46C2484079C9492F
:10C0D00001EBC000D0E9006332462046294601F05A
:10C0E0002EFDC34A03C245E0BB4890F9000000287A
:10C0F00025DAB94890F9000001F0AEFE8046894685
:10C10000B4484079B64901EBC000D0E9006332463B
:10C110000020B44901F0BAFD04460022B24B01F000
:10C120000EFD0022B44BCDE9000101F008FD82466E
:10C1300042464B4601F003FDAD4A03C21AE0A44853
:10C1400001681A311A2000F09CFEA1490968887E16
:10C1500001F093FE04460D469E484079A74901EB45
:10C16000C000D0E9006332462046294601F0E7FCD2
:10C170009F4A03C29748807A01282FD194480068CB
:10C18000C07B93490968487391480068417B0D2042
:10C1900000F04CFE8F48407A01280DD18C48006891
:10C1A00090F82200964908808948006890F822108B
:10C1B000944800F078FE52E085480168133113205E
:10C1C00000F05FFE82480068C07C8D49088080488E
:10C1D0000068C17C8B4800F066FE40E07C48016846
:10C1E0001031102000F04DFE7A48407A012819D114
:10C1F0007748006890F822008149088074480068F8
:10C20000007C73490968487371480068417B0D20C0
:10C2100000F00CFE6E48006890F82210794800F09B
:10C2200042FE1CE06A4801681331132000F029FE29
:10C2300067480068C07C7249088065480068007CD7
:10C2400063490968487362480068417B0D2000F02B
:10C25000EDFD5F480068C17C6A4800F024FE5D483F
:10C26000807A012802D15949087002E0022057491A
:10C270000870022002901AE101205449087003203E
:10C28000029014E10120FFF76FFC5248C07A0128A8
:10C290001AD1F5204E49096848744E48007B4C4934
:10C2A000096881F824004A4801681C311C2000F00C
:10C2B000E8FD47490968097F01F03F01524A52F8F9
:10C2C000210000F0FDF808E0F720414909684874B2
:10C2D00000203F49096881F824003D48006890F833
:10C2E0002410242000F0A2FD39480068417C112070
:10C2F00000F09CFD454800783549096881F8220026
:10C300003348006890F82210222000F08FFD0020B2
:10C310002F49096888732E480068817B0E2000F041
:10C3200085FD2B480068807B2949096848732848A7
:10C330000068417B0D2000F079FD2548006890F8E9
:10C340002210304800F0A6FD41202149096881F8FB
:10C350003F0040201E49096881F8400002221C4825
:10C3600001683F31402000F03FFD0320FFF7FCFB58
:10C370000620164908709AE000F09EFD012806D1BB
:10C380000821122000F052FD07201049087000F02B
:10C390009FFD012840D10F48C07A01280FD10C48D9
:10C3A00001681C311C2000F06CFD09490968097FF7
:10C3B00001F03F01144A52F8210000F081F827E013
:10C3C0003004002024040020280400201004002051
:10C3D0000C040020F003002014040020008F4233DE
:10C3E000400604080000244000C065C00000104062
:10C3F000180400209006040800001840E006040815
:10C400001204002080690020300704082C0400205A
:10C410000221122000F00AFD49E00120FFF7A4FBF1
:10C420000020254908700420029040E00120FFF719
:10C430009BFBFA2021490968487420480068417C28
:10C44000112000F0F3FC00201C49096881F83F002E
:10C450001A49096881F840000222184801683F31F2
:10C46000402000F0C1FC0720FFF77EFB0A201249A4
:10C4700008701CE000F032FD012816D104211220C2
:10C4800000F0D4FC00F030FD012809D10121122078
:10C4900000F0CCFC0120084908700820029004E05C
:10C4A0000020054908700720029000E000BF00BF8F
:10C4B0000298BDE8FE8F0000100400200C0400204C
:10C4C0002DE9F0410446FA480460204601F0D5FC0D
:10C4D00005460022F74B01F04BFC074601F026FD14
:10C4E0000446200CF44909688871200AF249096859
:10C4F000C871F14909680C720322EF480168891D6F
:10C50000062000F071FCBDE8F0812DE9F041032226
:10C51000E9480168891D062000F090FCE6480068A3
:10C5200080790004E4490968C97940EA0120E249B8
:10C530000968097A0843DE490860086801F09DFC33
:10C5400006460022DB4B01F0A1FB044601F0EEFCA5
:10C55000D749086008460068BDE8F08110B5044678
:10C56000D54801680931092000F08BFCD2480168E8
:10C570004C314D2000F085FCCF480068407A00F037
:10C580008000802841D1CC48006890F84C0000F031
:10C59000870087281CD1052C00DA0524142C00DD27
:10C5A0001424C5480068407A00F08F0040F0700005
:10C5B000C14909684872C0480068407A00F0F0003C
:10C5C000611F01F00F010843BB49096848723AE056
:10C5D000022C00DA0224112C00DD1124B648006878
:10C5E000407A00F08F0040F07000B349096848724B
:10C5F000B1480068407A00F0F000A11E01F00F0180
:10C600000843AD49096848721DE0B4F1FF3F01DA03
:10C610004FF0FF340E2C00DD0E24A7480068407A4E
:10C6200000F08F0040F07000A34909684872A248EA
:10C630000068407A00F0F000611C01F00F0108432F
:10C640009D49096848729C480068417A092000F0B9
:10C65000EDFB9748047110BD10B59748016809318A
:10C66000092000F00EFC944801684C314D2000F088
:10C6700008FC91480068407A00F08000802819D1B9
:10C680008D48006890F84C0000F00700072808D19A
:10C6900089480068407A20F0F000401D8449087104
:10C6A00010E085480068407A20F0F000801C804946
:10C6B000087107E080480068407A20F0F000401ED2
:10C6C0007B4908717A4890F9040010BD10B5044602
:10C6D000794801681D311D2000F0D3FB76480068C1
:10C6E000407F64F31F1074490968487772480068F6
:10C6F000417F1D2000F09AFB6D48447110BD10B5BC
:10C700006D4801681D311D2000F0BBFB6A480068C0
:10C71000407F0011664948710846407910BD10B548
:10C720000446654801683031312000F0AAFB6248B8
:10C73000006890F8300000F0F80020435E49096876
:10C7400081F830005C48006890F83010312000F02B
:10C750006DFB10BD10B504460C2C01DD0C2402E06D
:10C76000062C00DA0624062C03D10520FFF7D7FF9C
:10C7700002E00320FFF7D3FF4F4801681E311E205F
:10C7800000F07FFB4C480068807F64F31F104A492B
:10C790000968887748480068817F1E2000F046FBC2
:10C7A0004348847110BD10B5434801681E311E20F6
:10C7B00000F067FB40480068807F00113C498871A9
:10C7C0000846807910BD10B504463B4801681D310C
:10C7D0001D2000F056FB38480068407F00F0F10053
:10C7E00040EA440034490968487733480068417F8B
:10C7F0001D2000F01BFB2E48C47110BD10B52E4843
:10C8000001681D311D2000F03CFB2B480068407F73
:10C8100020F0F10040102649C8710846C07910BDCB
:10C8200010B50446244801681E311E2000F029FB83
:10C8300021480068807F00F0FB0040EA84001E4928
:10C84000096888771C480068817F1E2000F0EEFA96
:10C850001748047210BD10B504460222164801683C
:10C860002031202000F0EAFA200A1349096881F8F3
:10C8700020001149096881F8214002220E48016810
:10C880002031202000F0B0FA10BD10B502220A4875
:10C8900001682031202000F0D1FA0748006890F8A4
:10C8A00021100548006890F8200041EA002010BDE2
:10C8B000F003002080844E400C04002010B5C648D0
:10C8C00001681E311E2000F0DCFAC3480068807F3A
:10C8D00000F00400401008B1012000E00020BF4932
:10C8E00008720846007A10BD10B50446BA480168BF
:10C8F0001D311D2000F0C5FAB7480068407F00F0E8
:10C90000FE002043B44909684877B3480068417F76
:10C910001D2000F08BFAB148447210BD10B5AE482E
:10C9200001681D311D2000F0ACFAAB480068407F63
:10C9300000F00100A94948720846407A10BDA74995
:10C9400088727047A548807A7047A449C8727047BA
:10C95000A248C07A704710B504469F48006880F826
:10C9600024409D48006890F82410242000F05EFACE
:10C970009A48047310BD10B59748016824312420EB
:10C9800000F07FFA9448006890F8240093490873F7
:10C990000846007B10BD9149086170478F480069C7
:10C9A00070478E49486170478C484069704710B5A0
:10C9B00004468948006880F822408748006890F85B
:10C9C0002210222000F032FA8448047610BD10B5FF
:10C9D000814801682231222000F053FA7E48006825
:10C9E00090F822007D4908760846007E10BD10B5FB
:10C9F0000446794801684C314D2000F042FA7648EF
:10CA000001680931092000F03CFA73480068407A57
:10CA100000F08000802807D1012C0AD187206E49C0
:10CA2000096881F84C0004E084206B49096881F8AA
:10CA30004C006948006890F84C104D2000F0F6F961
:10CA400010BD10B5644801684C314D2000F019FA52
:10CA50006148006890F84C0000F00700072801D1F9
:10CA6000012010BD0020FCE710B504465A480168BB
:10CA70000931092000F005FA57480068407A00F0B3
:10CA80007F00204354490968487253480068417A3E
:10CA9000092000F0CBF910BD10B54F4801680931ED
:10CAA000092000F0EEF94C480068407A20F07F0041
:10CAB00010BD10B50446484801680A310A2000F04C
:10CAC000E0F945480068807A00F0F00024F0F001B9
:10CAD00008434149096888723F480068817A0A2002
:10CAE00000F0A4F910BD10B53B4801680A310A20D6
:10CAF00000F0C7F938480068807A20F0F00010BDD7
:10CB000010B504460222344801681E311E2000F090
:10CB100095F931480068807F00F0FC006FF0FC015F
:10CB200001EA242108432C49096888772A490968C1
:10CB3000CC770222284801681E311E2000F054F9EB
:10CB400010BD10B50222244801681E311E2000F0DD
:10CB500075F921480068C07F1F490968897F21F065
:10CB6000FC0140EA012010BD10B504461A480168D6
:10CB70002631262000F085F91748006890F8260035
:10CB800000F0F70040EAC4001349096881F8260064
:10CB90001148006890F82610262000F047F910BDD3
:10CBA00010B50D4801682631262000F06AF90A48C0
:10CBB000006890F82600C0F3C00010BD10B506480C
:10CBC00001683031312000F05CF90348006890F8CA
:10CBD000300000F0070010BD0C040020F00300201E
:10CBE00000B587B001210846D0F70EF901212E4883
:10CBF000D0F70DFB01210820D0F706F90121C80369
:10CC0000D0F70FF903208DF8060018208DF80700E3
:10CC10000820ADF8040001A92448D0F727FA202005
:10CC2000ADF8040001A92148D0F720FA1020ADF892
:10CC3000040001A91D48D0F719FA0020ADF808003A
:10CC40004FF48270ADF80A000020ADF80C00ADF88A
:10CC50000E00ADF810004FF40070ADF81200102077
:10CC6000ADF814000020ADF816000720ADF818004C
:10CC700002A90F48D1F750F801210D48D1F7F1F87A
:10CC800007B000BD10B5044621460948D1F71AF98E
:10CC900000BF01210648D1F768F90028F9D00448FF
:10CCA000D1F712F9C0B210BD00023000000C0140F3
:10CCB000003C004010B54FF480619748D0F783FAEC
:10CCC0004FF400619448D0F780FA10BD10B54FF4CE
:10CCD00080619148D0F779FA4FF400618E48D0F71F
:10CCE00072FA10BD08B501217D20D0F78DF8102013
:10CCF0008DF8030003208DF802000120ADF800003C
:10CD000069468648D0F7B2F9012211468348D0F728
:10CD10005EFA4FF48060ADF8000069467E48D0F7B7
:10CD2000A5F94FF40060ADF8000069467A48D0F7E5
:10CD30009DF9FFF7BFFF04208DF80300ADF8000058
:10CD400069467548D0F792F94020ADF80000694671
:10CD50007248D0F78BF94020ADF8000069466E4864
:10CD6000D0F784F98020ADF8000069466A48D0F712
:10CD70007DF94FF48070ADF8000069466648D0F741
:10CD800075F94FF40070ADF8000069466248D0F7BD
:10CD90006DF908BD38B50446012C12D10220ADF85A
:10CDA000000003208DF8020010208DF80300694672
:10CDB0005A48D0F75BF9002202215848D0F707FA09
:10CDC00011E00220ADF8000003208DF802001020D1
:10CDD0008DF8030069465148D0F748F90122022135
:10CDE0004E48D0F7F4F938BD2DE9F04105460E461E
:10CDF0001746002201214948D0F7E9F9DEF71FFB69
:10CE000045F08000FFF73EFF002404E0305DFFF7AF
:10CE100039FF601CC4B2BC42F8DB012211463F4816
:10CE2000D0F7D5F9DEF773F9BDE8F08113B5044604
:10CE3000012201A92046FFF7D7FF1CBD2DE9F041D3
:10CE400005460E461746002201213448D0F7BFF9A7
:10CE5000DEF7F5FA05F07F00FFF714FF002405E088
:10CE60000020FFF70FFF3055601CC4B2BC42F7DB57
:10CE7000012211462948D0F7AAF9DEF748F9BDE8A2
:10CE8000F08170B504460D46012229462046FFF781
:10CE9000D5FF70BD70B504460D462A4621460020D8
:10CEA000FFF7A2FF70BD70B504460D462A46214625
:10CEB0000020FFF7C3FF70BD10B504211648D0F75E
:10CEC00068F910BD10B540211448D0F762F910BDC3
:10CED00010B540211048D0F75CF910BD10B5802185
:10CEE0000D48D0F756F910BD10B54FF480710A48BF
:10CEF000D0F74FF910BD10B54FF400710648D0F7C8
:10CF000048F910BD10B5044614B1FFF7DFFE01E08B
:10CF1000FFF7D0FE10BD00000014014000080140E2
:10CF200070B50446002C7CD0204600F0FDFC05289E
:10CF300077D90522B5A1204600F0FDFC30B90120CB
:10CF4000B44981F80A04052048600FE00422B2A128
:10CF5000204600F0F0FC30B90020AE4981F80A0408
:10CF60000420486002E06FF0010070BDA9494968E3
:10CF70000819ABA2ABA100F0C0FBA64908600846A7
:10CF80000068002857D04FF48071A74800F0AFFC2C
:10CF9000A049086800F0C8FC05469E482A4601687A
:10CFA000A14800F08BFCA04800F0BEFC99494968FC
:10CFB000C91C08449749486000F096FB95494968A8
:10CFC00008199AA296A100F098FB924908600846B9
:10CFD000006838B3086800F0A7FC062823D28D4902
:10CFE000086800F0D7FCF0B18A49086800F0D2FC6C
:10CFF0008849A1F80C05086800F096FC8549496845
:10D00000491C08448349486000F06EFB8148406831
:10D01000C0F57B727F4840680119854800F04EFCDE
:10D0200052E04EE002E06FF003009EE700F05CFB90
:10D030006FF0040099E700F057FB764890F80A0477
:10D0400028B140F2BB107349A1F80C0503E0502051
:10D050007049A1F80C056F494968081973A271A1BC
:10D0600000F04BFB6B49086008460068C8B14FF4FC
:10D0700080716D4800F03BFC6649086800F054FC84
:10D08000054664482A460168674800F017FC664870
:10D0900000F04AFC5F494968C91C08445D49486082
:10D0A00002E06FF0050060E700F01EFB59484068A1
:10D0B000C0F57B725748406801195D4800F0FEFBDF
:10D0C00002E04FF0FF3050E700204EE710B559A0C6
:10D0D000DCF755FD5E48FFF723FF4E4890F80A1431
:10D0E0005CA0DCF74CFD50495EA0DCF748FD4948E8
:10D0F000B0F80C155FA0DCF742FD4D4961A0DCF7EC
:10D100003EFD10BD10B500F01AFA4249A1F808041E
:10D110000846B0F80844B0F80804A8B1002000F0B0
:10D12000F6F93C48B0F80804FE2803D159A0DCF712
:10D1300026FD05E03748B0F808145AA0DCF71FFDBB
:10D1400000203449A1F80804204610BD10B55A4803
:10D15000808F012809D100205749888700F098F96D
:10D160000A2000F0EDF800F0D9F810BD2DE9F041EB
:10D1700006460D4651A252A1304600F0BEFA0446C2
:10D18000002C41D0204600F0CFFB0546142D3BDAA1
:10D190004EA0DCF7F4FC2A4651480168204600F016
:10D1A000CAFB00282DD021464EA0DCF7E8FC00F099
:10D1B0009BFA42A24FA1304600F09FFA04464FF47A
:10D1C00080611448083000F092FB22464BA11148C0
:10D1D000083001F0BFF90F480830FFF7A1FE98B9F9
:10D1E0000C48083000F0A0FB0746394609480830D3
:10D1F00000F0B2F900F078FA00F04AF900F08EF889
:10D2000002E03FA0DCF7BBFCBDE8F08168747470FD
:10D2100073000000806A00206874747000000000D1
:10D220003A0000003A2F2F008B6E00202F000000E4
:10D23000906F0020BDE2CEF6D4C6B6CBB9CCBCFE12
:10D24000D0C5CFA2B5C4B5D8D6B755524C0D0A003B
:10D250003804002053534CC1ACBDD3203A25640D93
:10D260000A0000004950B5D8D6B720203A25730DE2
:10D270000A000000B6CBBFDABAC520203A25640DFB
:10D280000A000000CEC4BCFEC2B7BEB63A25730D7C
:10D290000A0D0A00D4CBD0D0B5C4D0C2B3CCD0F2E2
:10D2A0000D0A0000B8FCD0C2D7B4CCAC3A30782517
:10D2B0003032780D0A0000001E160020222C2200B9
:10D2C0002276657273696F6E223A22000D0ABBF1F5
:10D2D000C8A1B5BDB0E6B1BEBAC50D0A00000000D8
:10D2E00034040020D3D0D0C2B0E6B1BE3A25730DCD
:10D2F0000A00000075726C223A22000025730000BB
:10D300000D0AB0E6B1BED2D1CAC7D7EED0C22CCE7C
:10D31000DED0E8B8FCD0C2210D0A000071B600BF13
:10D32000BFF34F8FB448006800F4E060B34908438E
:10D33000001DB1490860BFF34F8F00BF00BFFEE77B
:10D3400010B50446A0B2D2F78FF910BD10B504464F
:10D35000A0B2D2F764F910BD2DE9F04100270A20F0
:10D36000FFF7EEFF0325AD02ED0A4FF4FD24E40ABA
:10D37000D0F7EDF900260BE04FF0006101EBC4207F
:10D38000D0F72AFA0746042F00D003E0641C761C6D
:10D39000AE42F1D300BFD0F7E6F9042F05D098A034
:10D3A00001F0C8F80120BDE8F0810020FBE770B56E
:10D3B0009F4D0A20FFF7C4FF002409E02E689D4816
:10D3C00006609D4820449B49096801602D1D241D6D
:10D3D000B4F5806FF2DB70BD70B5954D00260A2064
:10D3E000FFF7AEFFD0F7B3F900241DE09248005DCF
:10D3F000904908709049601C085C8E4948708E49BD
:10D40000A01C085C8B4988708B49E01C085C89492A
:10D41000C870084601682846D0F7AEFA0646042EC2
:10D4200000D004E02D1D241DB4F5806FDEDB00BFAD
:10D43000D0F799F9042E04D080A001F07BF80220E7
:10D4400070BD0020FCE710B50446FFF7B0FF794837
:10D450000480007878490870764840784870FFF773
:10D460007BFF30B9FFF7B8FF08B9002010BD0220DC
:10D47000FCE70120FAE710B5FFF799FF6E48007846
:10D480006C4908706C48407848700846008810BDA8
:10D4900010B5FFF78CFF0120664908800846007828
:10D4A0006549887063484078C870FFF755FF30B908
:10D4B000FFF792FF08B9002010BD0220FCE7012011
:10D4C000FAE710B5FFF773FF5B4880785949087099
:10D4D0005948C07848700846008810BD10B5FFF75D
:10D4E00066FF00205349088008460078524988703A
:10D4F00050484078C870FFF72FFF30B9FFF76CFF36
:10D5000008B9002010BD0220FCE70120FAE710B5A1
:10D510000446FFF74CFF47480480007846490871ED
:10D52000444840784871FFF717FF30B9FFF754FFC0
:10D5300008B9002010BD0220FCE70120FAE710B571
:10D54000FFF735FF3C4800793A4908703A4840797E
:10D5500048700846007810BD70B504460D46FFF7C8
:10D5600026FF4FF47B713448143000F0C0F92A468E
:10D5700021463148143000F0A1F9FFF7EDFE30B933
:10D58000FFF72AFF08B9002070BD0220FCE7012048
:10D59000FAE710B50446FFF70AFF4FF47B722649FD
:10D5A0001431204600F08AF910BD10B5FFF7FFFED8
:10D5B0004FF47B712048143000F099F9FFF7CCFE4E
:10D5C00030B9FFF709FF08B9002010BD0220FCE7C1
:10D5D0000120FAE710B50446206823490840B0F15D
:10D5E000005F08D16068214908602068CFF7AAF978
:10D5F0001E480068804710BD0CED00E00000FA05F1
:10D600006961705F696E746572666163655F65729A
:10D610006173655F7570646174615F646174615F9B
:10D62000666C617368204552523A310D0A00000061
:10D6300000E8070830080020987B00206961705FCF
:10D64000696E746572666163655F77726974655F40
:10D65000616C6C5F7570646174615F64617461209A
:10D660004552523A320D0A000000FE2F38080020C1
:10D6700010B58C48006801F06BF810BD2DE9F0473B
:10D6800081460F469046002400260025384600F0CB
:10D690004BF9C5B23946484600F034F904460CB39C
:10D6A0006119481C414600F02DF90646C6B16119C2
:10D6B000711A481C01F05CFA7A4908606019301A46
:10D6C000411C7848006800F012F96019321A61199B
:10D6D0007448006800F0F2F872480068BDE8F0870E
:10D6E0000020FBE70020F9E76F48006820B16F4891
:10D6F00000786D490968087070472DE9F04180464F
:10D700000D46164600240027284600F00DF9C7B242
:10D710002946404600F0F6F80446BCB1E119481C21
:10D72000314600F0EFF8604908600846006858B1DB
:10D730000846006800785D49087000205A49096869
:10D740000870E019BDE8F0810020FBE70020F9E750
:10D750002DE9F04780460E46144699460027B8F159
:10D76000000F03D0404600F0DFF810B90020BDE8FC
:10D77000F0871EB1304600F0D7F808B90020F6E770
:10D780003146404600F0E4F805460AE004B120C402
:10D790007F1C3146002000F0DBF805464F4500DBDA
:10D7A00001E0002DF2D100BF3846E0E7F0B50346B6
:10D7B00000201EE01E5CF71706EB17773F1107F1FC
:10D7C00030051E5CF71706EB17773F11A6EB07171E
:10D7D0003037FCB2392D01DDEE1DF5B2392C01DDFB
:10D7E000E61DF4B201F81050012606EB40068C55F8
:10D7F000401C9042DEDB002601F81260F0BD2DE9EE
:10D80000F05F06468846914600241CE016F814A0F6
:10D810006000401C16F800B0504600F049F830385F
:10D82000C5B2092D01DDE81FC5B2584600F040F829
:10D830003038C7B2092F01DDF81FC7B207EB05105A
:10D8400008F80400641C4C45E0DBBDE8F09F70B5AF
:10D8500004460D46264600211FE0002315E03278DD
:10D86000761C302A08DB392A06DC03EB83004300F0
:10D87000A2F13000034408E0032901DA2E2A01D086
:10D88000032900D102E0002070BDE8E700BFFF2BB4
:10D8900001DD0020F8E76B54491C0429DDDB012081
:10D8A000F2E700003C080020400800204408002067
:10D8B000A0F16101192900D82038704740EA01031E
:10D8C0009B0703D009E008C9121F08C0042AFAD236
:10D8D00003E011F8013B00F8013B521EF9D27047FA
:10D8E000D2B201E000F8012B491EFBD270470022A2
:10D8F000F6E710B513460A4604461946FFF7F0FF4F
:10D90000204610BD30B505462A460B4612F8010BDD
:10D9100013F8014B08B1A042F8D01CB1002802D086
:10D920006D1CF1E7284630BD421C10F8011B002990
:10D93000FBD1801A704730B504460020034600E052
:10D940005B1C934203D2E05CCD5C401BF8D030BD41
:10D9500070B50F4D00B92868002412E00A4602E0B5
:10D960009E4203D0521C1378002BF9D1DAB2224325
:10D9700005D02BB124B1002100F8011B04E00446BE
:10D98000401C0678002EE9D12860204670BD0000BA
:10D990004808002070B5064600F016FE04680546EB
:10D9A0000A220021304600F095FB2C6070BDF0B4D7
:10D9B00080EA0102D40F4200B2EB410F02D20246CC
:10D9C000084611464A0042D0C30DDDB2C1F3C7522A
:10D9D000AD1A202D35DAC1F3160141F4000204B16D
:10D9E0005242C5F1200602FA06F12A411044B3EB77
:10D9F000D05F23D0C4B1012DA0EBC35009DCF0BC33
:10DA00004FF0004202EAC352DBB200F5000000F022
:10DA1000A2BB400000F1807000EBC350A0F1807009
:10DA200040EAD170490009E0490841EAC071A0EB21
:10DA3000C35000F50000400800EBC350F0BC00F0FC
:10DA400081BB6142012202EB4101001BF6E7F0BC01
:10DA5000704781F00041AAE780F00040A7E780EA24
:10DA6000010210B502F00043400022D04A001FD04E
:10DA7000010E01EB1261C0F35600C2F3560240F4EE
:10DA8000000042F40002A0FB022000047F391404CD
:10DA900000D0401C50EA124001D44000491EC2B2DE
:10DAA0000C0604EBD010401C4008802A02D003E092
:10DAB000002010BD20F00100002900DA00201843EA
:10DAC00010BD30B480EA010202F0004530F000429F
:10DAD00021F0004013D090B1C30DD40DC2F3160154
:10DAE000C0F31600E41A41F4000140F400027D3452
:10DAF000914201D3641C00E04900002C02DA30BCE2
:10DB0000002070474FF400000023914201D3891A8E
:10DB1000034340084FEA4101F7D151B1914202D18C
:10DB20004FF0004105E002D24FF0010101E06FF03B
:10DB3000010103EBC450284430BC00F003BB2DE9C5
:10DB4000FE4F804681EA0300C00F0C46009021F092
:10DB5000004123F00045B8EB0200A94105D2404640
:10DB6000214690461C460B46024623F000401043D7
:10DB700047D0270DC7F30A00C3F30A510290401A99
:10DB8000019040286BDAC3F3130040F4801B009827
:10DB9000924620B10023D2EB030A63EB0B0B0198F2
:10DBA0005946C0F14002504600F063FA06460D4661
:10DBB00050465946019A00F07BFA10EB080061418B
:10DBC000002487EA115284EAE7731A4340D0009A8E
:10DBD00062B3019A012A4FEA075215DC001B61EB80
:10DBE00002014FF0004202EA0752CDE90042001C58
:10DBF00041F5801132462B4600F0EAFA03B0BDE849
:10DC0000F08F40462146F9E7001B61EB0201001C42
:10DC100041F5801300185B412018A2F5001747EB6F
:10DC2000030140EAD570B6196D4111E06D084FEA65
:10DC3000360645EAC0754FEA0752001B61EB020148
:10DC4000001C41F5801149084FEA3000001951418C
:10DC500032462B4603B0BDE8F04F00F0AABA009858
:10DC6000012240000023D0EB020263EBE073009836
:10DC700021464FEAE074B8EB000061EB0401E9E7EC
:10DC800083F000435BE781F0004158E72DE9FE4F48
:10DC900081EA030404F0004421F0004100944FF0B5
:10DCA000000B23F0004350EA01045ED052EA030463
:10DCB0005BD0C3F30A54C1F30A552C44A4F2F334E5
:10DCC0000194A0FB0254C1F3130141F48011C3F38A
:10DCD000130343F4801301FB024400FB034E840A48
:10DCE000970A44EA815447EA8357A4FB07680295E0
:10DCF0008D0A05FB07854FEA932C04FB0C5427057E
:10DD0000029D4FEA065847EA1637B5EB08056EEB59
:10DD1000070C870E920E47EA811742EA8312A7FB8F
:10DD20000201B6EB0B0164EB00042B0D43EA0C334C
:10DD30005E1844EB1C50DA465146E7FB0201C5F37E
:10DD400013044FEA0B3343EA14534FEA0432019CA5
:10DD500043EA0603A4F10C040294009CCDE900B44C
:10DD600000F036FA03B0BDE8F08F00200146F9E775
:10DD70002DE9F04D81EA030404F0004B21F0004549
:10DD800014464FF0000A23F0004150EA050220D06B
:10DD900054EA01021DD0C5F30A570246C5F3130326
:10DDA000C1F31300C1F30A5640F4801543F4801305
:10DDB000A7EB0608101BD64608F2FD3873EB0500EA
:10DDC00002D308F1010801E092185B41B8F1000F9D
:10DDD00003DA00200146BDE8F08D00204FF48011E9
:10DDE000064684460EE0171B73EB050705D3121B8E
:10DDF00063EB050306434CEA010C49084FEA300087
:10DE000092185B4150EA0107EDD152EA030012D0AB
:10DE100082EA040083EA0501084305D0101BAB41E8
:10DE200006D20122002306E000224FF0004302E068
:10DE30006FF0010253101AEB06004CEB085110EB87
:10DE40000A0041EB0B01BDE8F04D00F0B2B996239A
:10DE50000022114600F07FB90EB5C10F80EAE070D4
:10DE60000844CA07002140F233438DE80E000A46F9
:10DE70000B4600F0ADF903B000BD0EB540F23341E2
:10DE800002910021CDE900110A460B4600F0A0F9ED
:10DE900003B000BD00F0004220F00040C10DC0F30F
:10DEA000160040F400007F2901DA0020704796290F
:10DEB00003DCC1F19601C84001E096398840002A90
:10DEC000F4D04042704720F00040C10DC0F316006E
:10DED00040F400007F2901DA00207047962903DC16
:10DEE000C1F19601C840704796398840704770B5B7
:10DEF000C1F30A5201F000450024C1F3130140F2BE
:10DF0000FF3341F480119A4201DA002070BD40F2E3
:10DF100033439A42A2F2334203DC524200F0B8F893
:10DF200000E090402C43F1D0404270BDC1F30A5252
:10DF300010B5C1F3130140F2FF3341F480119A424E
:10DF400001DA002010BD40F233439A42A2F233427C
:10DF500003DC524200F09CF810BD904010BD00F070
:10DF6000004230F000400AD0C10D01F56071C0F3ED
:10DF7000160042EA0151C2084007114370470020D1
:10DF80000146704730B5041E71F1000404DB4FF008
:10DF90000044404264EB0101141E73F1000405DBF0
:10DFA0001C464FF00043524263EB04038B4208BF10
:10DFB000824230BD30B5041E71F1000404DB4FF025
:10DFC0000044404264EB0101141E73F1000405DBC0
:10DFD0001C464FF00043524263EB0403994208BFD2
:10DFE000904230BD30B50B4601460020202201246E
:10DFF00009E021FA02F59D4205D303FA02F5491B17
:10E0000004FA02F52844151EA2F10102F1DC30BD2C
:10E010002DE9F05F0546002092469B46884606465D
:10E02000814640241BE0284641464746224600F0F0
:10E030002FF853465A46C01A914110D3114618463C
:10E04000224600F016F82D1A67EB01084F462246CB
:10E050000120002100F00DF817EB00094E41201EB1
:10E06000A4F10104DFDC484631462A464346BDE8B8
:10E07000F09F202A04DB203A00FA02F100207047CA
:10E080009140C2F1200320FA03F3194390407047F6
:10E09000202A04DB203A21FA02F00021704721FAFD
:10E0A00002F3D040C2F12002914008431946704764
:10E0B000202A06DBCB17203A41FA02F043EAE0734C
:10E0C00006E041FA02F3D040C2F120029140084339
:10E0D000194670472DE9F04791460F4680460446A1
:10E0E000002614F8015B2DB100F046F90068405D90
:10E0F000C007F6D12B2D02D02D2D18D0641E4A4614
:10E100003946204600F03CF927B13968A14201D1D7
:10E11000C7F8008071054FF002040BD5404200287B
:10E1200003DD00F051FA0460A007BDE8F08746F473
:10E130008066E4E70028F8DA00F046FA04606FF041
:10E140000040F2E70029A8BF7047401C490008BF03
:10E1500020F00100704710B4B0FA80FC00FA0CF017
:10E1600050EA010404BF10BC704749B1CCF120044F
:10E1700021FA04F411FA0CF118BF012121430843DC
:10E18000A3EB0C01CB1D4FEA00614FEA102042BF08
:10E19000002010BC704700EBC35010440029A4BFFE
:10E1A00010BC7047401C490008BF20F0010010BCA3
:10E1B000704710B5141E73F1000408DA401C41F1D9
:10E1C000000192185B411A4301D120F0010010BDFB
:10E1D0002DE9F04D92469B4611B1B1FA81F202E071
:10E1E000B0FA80F220329046FFF743FF04460F4614
:10E1F00040EA0A0041EA0B0153465A46084313D04D
:10E20000114653EA010019D0C8F140025046FFF709
:10E210003FFF05460E46504659464246FFF729FF46
:10E22000084305D0012004E020463946BDE8F08DC2
:10E230000020054346EAE0762C4337430A986305FD
:10E24000E40AA0EB08000022FD0A44EA47540A3021
:10E2500002D500200146E9E7010510196941DDE911
:10E26000084500196941BDE8F04DA2E770B521F0FD
:10E27000004303430CD0C1F30A550024D5EB040539
:10E2800064EB0403D617AD1AB34102DB002001464C
:10E2900070BD201841EB025170BD00002DE9F04126
:10E2A000054621F000400C46284309D0C4F30A502B
:10E2B00040F23341884205DD28462146BDE8F08121
:10E2C0002846FBE740F2FE31884210DC0CDB4FEAC7
:10E2D000043040EA155050EA053105D0104804F0EA
:10E2E000004101430020E9E700200146E6E7A0F2F3
:10E2F00033404642C6F1400228462146FFF7B9FEA8
:10E3000007468846284621463246FFF7C1FE434667
:10E310003A46FFF74EFF3246BDE8F041FFF7A9BE8F
:10E320000000F03FC1F30A52C1F3130140F2FF3382
:10E3300041F480119A4202DA00200146704740F20F
:10E3400033439A42A2F2334202DC5242FFF7A0BEAC
:10E35000FFF78FBE064C074D06E0E06840F0010372
:10E3600094E8070098471034AC42F6D3CEF7E4FAAD
:10E370000C0904082C09040800487047DCEB03086A
:10E380002DE9F05F82460078002715468B460AF19A
:10E390000104B946302801D09DB113E014F8010BF7
:10E3A0000127782803D0582801D045B10AE00DB1E3
:10E3B000102D07D10027102514F8010B02E00825C5
:10E3C00000E00A250026B0460EE005FB080005FB2C
:10E3D00006F1012701EB10461FFA80F8B6F5803FE1
:10E3E00000D3B94614F8010B294600F069F800285B
:10E3F000EBDABBF1000F05D00FB1641E00E054460C
:10E40000CBF80040B9F1000F06D000F0DDF8022192
:10E410000160C81EBDE8F09F48EA0640FAE72DE912
:10E42000F04D00231A461B1A8A4103DB00200146E7
:10E43000BDE8F08DC1F30A52C1F3130141F4801518
:10E440004FF0000BD10702D100186D41521E00277A
:10E45000044640F2FF11384601EB620A3E46804610
:10E46000024600204FF48011FFF712FEC2197141DD
:10E47000BB1846EB0100B4EB030C75EB000C04D3A6
:10E48000E41A65EB000517460E46241908F1010051
:10E490006D4180463428E3DDF91946EB0600091B7F
:10E4A000A84103D24FF0FF32134601E00022134689
:10E4B0001BEB070046EB0A51BDE8F04DFFF779BEB4
:10E4C0003A2800D2303820F02002412A01D3A2F1AC
:10E4D0003700884201D34FF0FF30704770B58C1879
:10E4E00010F8015B15F0070301D110F8013B2A1168
:10E4F00006D110F8012B03E010F8016B01F8016B55
:10E500005B1EF9D12B0705D40023521E0DD401F850
:10E51000013BFAE710F8013BCB1A921C03E013F819
:10E52000015B01F8015B521EF9D5A142D8D300204E
:10E5300070BD00000FB4054B10B503A9044A029842
:10E5400000F03AFA10BC5DF814FB00009544010895
:10E55000F40000200FB4084B10B504A902AA0398D8
:10E5600000F02AFA044602A9002000F0E6F820464E
:10E5700010BC5DF814FB00003BE7030837B51446F8
:10E580000846064B6A46214600F050FB04466946A1
:10E59000002000F0D7F820463EBD000045E7030804
:10E5A000490050EAC12018BF04204A0D18BF40F0AE
:10E5B000010040F2FF72B2EB515F08BF40F0020071
:10E5C000012808BF05207047004870475408002004
:10E5D0002DE9F0414F1E00EBC7010446D1E90001CF
:10E5E00015461E4637F006020DD02A463346FFF781
:10E5F0004DFB7F1E04EBC703D3E90023FFF79FFA0F
:10E6000037F00602F1D1022F25D0042F13D0062FA8
:10E6100018BFBDE8F0812A463346FFF737FBD4E93F
:10E620000A23FFF78CFA2A463346FFF72FFBD4E97B
:10E630000823FFF784FA2A463346FFF727FBD4E97D
:10E640000623FFF77CFA2A463346FFF71FFBD4E97F
:10E650000423FFF774FA2A463346FFF717FBD4E981
:10E660000223FFF76CFA2A463346FFF70FFBD4E983
:10E670000023BDE8F041FFF762BA00000022134614
:10E6800010460149FFF774BB0000F03FFFF757BA8F
:10E690000022134610461146FFF76ABB40F20132D2
:10E6A00000204FF0E041FFF7E1BD0000024A0020EA
:10E6B0001107FFF7DBBD000001FDFFFF02E008C806
:10E6C000121F08C1002AFAD170477047002001E0EC
:10E6D00001C1121F002AFBD17047000001490860E8
:10E6E00070470000540800202DE9F0410446002541
:10E6F0001E461746880404D405E039462020B0475A
:10E700006D1C641EF9D52846BDE8F0812DE9F04165
:10E71000044600251E469046C80301D5302700E078
:10E720002027880404D505E041463846B0476D1CD3
:10E73000641EF9D52846BDE8F0810A68531C0B60B9
:10E74000107070470A68531C0B601070704700000F
:10E7500010B5002821D0114B0022001F196803E0DA
:10E76000814203D80A4649680029F9D152B1136899
:10E77000841A9C4204D1006818441060104602E0DC
:10E78000506000E0186039B102680B1A934203D15F
:10E790000B681A4402604968416010BD4C080020B3
:10E7A0002DE9F04106460F46FFF739FE041E0D46DF
:10E7B00018BF0120284320F00040C0F17F6000F125
:10E7C000E040C00F0ED0301C18BF0120384320F0AD
:10E7D0000040C0F17F6000F1E040C00F04BF0120A5
:10E7E000FFF77CFF20462946BDE8F081E4EB0308F3
:10E7F000E0EB030800000000000000000000000043
:10E800005A47503333310000000000000000000080
:10E8100000000000000000000000000000000000F8
:10E8200000000000000000000000000000000000E8
:10E83000000000002DE9FF5F82B00021DDE9043017
:10E84000020DDDF840B0034318D044F61050A2F298
:10E85000FF3242431514119801281FD0A5EB0B007D
:10E86000401C5FEA000A4FF000064E4FDFF8389177
:10E87000B046504615D5CAF1000413E011980124A2
:10E880004AA3012801D16FEA0B010298119AC0E94D
:10E890000031C0E9024206B0BDE8F09FCBF10000B4
:10E8A000DFE704460021404A491842EB0450CDE915
:10E8B000001012E0E00707D032463B46404649468A
:10E8C000FFF7E4F98046894632463B461046194632
:10E8D000FFF7DCF906460F466410002CEAD1DDE9AB
:10E8E0000401DDE90023BAF1000F06DAFFF7CEF9E3
:10E8F00042464B46FFF7CAF905E0FFF739FA4246B0
:10E900004B46FFF735FA04460E460022284BFFF728
:10E9100051FB03D84FF0FF30014607E00022254BA2
:10E9200020463146FFF70BF9FFF7FCFC102409E005
:10E93000002C0ADB0A220023FFF76AFB039B30321C
:10E940001A55641E50EA0102F2D1641C039AC4F104
:10E9500011031444119A012A03D0012208430DD156
:10E960000AE0084304D000204FF0110B119072E729
:10E97000A3EB0B056D1E0DE05B4504DD4FF00002BF
:10E9800005F1010504E003DA4FF00002A5F10105ED
:10E99000002AECD002981199C0E90231C0E9004583
:10E9A00079E70000000014400000F03F3000000054
:10E9B0000000F0430000E03F2DE9FF4F8BB09A4686
:10E9C0000F460546002606E025280BD052460D9935
:10E9D00090476D1C761C28780028F5D10FB0304682
:10E9E000BDE8F08F0024A0460122604900E0044306
:10E9F00015F8013F203B02FA03F00842F7D12878CE
:10EA00002E2817D115F8010F44F004042A280ED03F
:10EA10006FF02F022878A0F1300109290AD808EBFD
:10EA2000880102EB410100EB01086D1CF2E757F889
:10EA3000048B6D1C287869283ED006DC0028CDD0D8
:10EA400063280BD0642804D136E0732810D07528D1
:10EA50004BD052460D999047761C85E017F8040B71
:10EA60008DF8000000208DF80100E946012003E048
:10EA700057F8049B4FF0FF3061074FF0000401D4BA
:10EA80000AE0641C44450DDA8442FADB19F80410EC
:10EA90000029F6D106E0641C8442FCDB19F804105E
:10EAA0000029F8D1264404E019F8010B52460D99CB
:10EAB0009047641EF8D257E001CF4FF00A0B0028B0
:10EAC00002DA40422D2102E0210504D52B218DF8E8
:10EAD0002410012103E0E10705D02021F7E70DF123
:10EAE000200908910CE00021F9E701CF4FF00A0B53
:10EAF000F9E75946FFF776FA01F1300209F8012DDE
:10EB00000028F6D1ADEB090000F1200B600701D41D
:10EB10004FF00108D84502DDA8EB0B0000E0002013
:10EB20008046002406E009A85246005D0D999047F2
:10EB3000641C761C08988442F5DB04E030205246C1
:10EB40000D999047761CB8F10001A8F10108F5DC99
:10EB500005E019F8010B52460D999047761CBBF160
:10EB60000001ABF1010BF4DC6D1C34E70928010056
:10EB7000F0B50B30154D20F007010024144A0FE0CA
:10EB800003688B420BD38B4205D95E1A4318476842
:10EB9000C3E9006700E04368136002C004E0021D9F
:10EBA00010680028ECD12046002802D1286808B15E
:10EBB0000020F0BD064A07481060074A121A22F0EA
:10EBC0000702C0E9002401202860D7E75008002090
:10EBD0004C0800209C7F00209881002089080408B0
:10EBE0005443500055445000000000000000000055
:10EBF0000000000000000000000000000000000015
:10EC000073697A653A414141414141414141414144
:10EC1000414141413A302E302E32000000000000C8
:10EC20000000000000000000000000002DE9FF4F80
:10EC300095B09B468946064600250FE2252877D1E8
:10EC400000242746F84A0121059400E0044316F801
:10EC5000013F203B01FA03F01042F7D130782A2817
:10EC600011D06FF02F033078A0F13002092A16D8A6
:10EC7000059A44F0020402EB820203EB42021044C4
:10EC8000761C0590EFE759F8042B0592002A03DA69
:10EC9000504244F40054059044F00204761C30784D
:10ECA0002E2816D116F8010F44F004042A280DD09E
:10ECB0006FF02F023078A0F13003092B09D807EB51
:10ECC000870302EB4303C718761CF3E759F8047B6C
:10ECD000761C30786C280FD006DC4C2817D06828BA
:10ECE0000DD06A2814D104E0742810D07A280FD1EE
:10ECF0000DE044F400140AE044F4801401E044F40C
:10ED000040147278824202D104F58014761C761C7D
:10ED1000307866280BD013DC582877D009DC00281F
:10ED200075D04528F6D04628F4D047281AD19DE161
:10ED300018E0632835D0642879D0652812D195E190
:10ED4000702873D008DC6728F1D069286FD06E284E
:10ED50000DD06F2806D1B5E073282CD0752875D05A
:10ED6000782874D05A46179990476D1C75E1C4F302
:10ED70000250022809D003280DD0D9F80010042829
:10ED80000DD00D6009F1040967E1D9F80010EA1708
:10ED9000C1E90052F6E7D9F800100D80F2E70D70D6
:10EDA000F0E719F8041B8DF8001000208DF8010021
:10EDB000EA46012003E059F804AB4FF0FF30610749
:10EDC0004FF0000102D40DE008F101018846B9427C
:10EDD0000FDA8045F8DB1AF808100029F4D108E0B2
:10EDE00008F1010188468142FADB1AF8081000296F
:10EDF000F6D105985B46A0EB080721463846179ADE
:10EE0000FFF784FC284400EB080507E04DE029E10A
:10EE10000DE01AF8010B5A4617999047B8F101080E
:10EE2000F7D25B4621463846179A13E142E00A22A0
:10EE30000092C4F302524FF0000A022A08D059F897
:10EE400004CB032A4FEAEC710AD00DE029E02AE056
:10EE500009F1070121F00702F2E802C1914609E039
:10EE60000FFA8CFC4FEAEC71042A03D14FFA8CFCA8
:10EE70004FEAEC71002907DA0A460021DCF1000CA8
:10EE800061EB02012D2202E0220504D52B228DF830
:10EE90000420012203E0E20701D02022F7E7904698
:10EEA00059E00A2102E010220DE010214FF0000A83
:10EEB00000910BE010224FF0000A44F004040827F0
:10EEC000009203E008224FF0000A0092C4F30252BD
:10EED000022A05D059F804CB0021032A08D009E002
:10EEE00009F1070121F00702F2E802C1914605E0AD
:10EEF0001FFA8CFC042A01D10CF0FF0C4FF0000823
:10EF0000220728D5702806D0009B83F0100353EA0F
:10EF10000A0305D00EE040228DF80420012208E00B
:10EF20005CEA010206D030228DF804208DF805003D
:10EF300002229046009B83F0080353EA0A030AD199
:10EF40005CEA010201D1620705D530228DF8042068
:10EF50004FF001087F1E582804D034A003900EA85B
:10EF600002900DE036A0F9E753466046009AFFF79D
:10EF70004FF884460398825C0298401E029002700B
:10EF80005CEA0100F0D1029806A9081A00F1200AF3
:10EF9000600702D524F4803400E00127574502DDE4
:10EFA000A7EB0A0000E0002000EB0A0100900598A2
:10EFB0004144401A0590E00306D45B462146179A67
:10EFC0000598FFF7A3FB0544002706E001A85A4671
:10EFD000C05D179990476D1C7F1C4745F6DBE00329
:10EFE0000CD55B462146179A0598FFF78FFB054421
:10EFF00004E030205A46179990476D1C0099481E2E
:10F0000000900029F5DC08E0029802995A46007841
:10F01000491C0291179990476D1CBAF10001AAF1A1
:10F02000010AF1DC65E100000928010030313233CA
:10F030003435363738396162636465660000000034
:10F04000303132333435363738394142434445461E
:10F0500000000000FFF748FB0544761C30780028CC
:10F060007FF4ECAD19B02846BDE8F08F620700D4FC
:10F07000062709F1070222F0070CFCE80223E1460B
:10F0800003F000485FEA080C02D00FF2702C0DE08C
:10F090005FEA045C02D50FF2682C07E05FEAC47CEB
:10F0A00002D00FF2602C01E0AFF2700C4FF0FF388D
:10F0B00023F00043CDF850C065280CD006DC45286D
:10F0C00009D046281DD047283DD13DE0662818D0FC
:10F0D00067287ED138E00021112F01DB112000E0EC
:10F0E000781CCDE9000106A90EA8FFF7A3FBDDE916
:10F0F0000F010E9A03910021009207F1010A049179
:10F100004DE04FF000400097CDE9011006A90EA890
:10F11000FFF790FBDDE90F0203920E9B119900228D
:10F12000DDF80CA00093049211B9791C00EB010AE0
:10F13000B7EB0A0004D4C0F1FF3007F1010A0490D4
:10F14000AAEB0700019044E0012F00DA012700211B
:10F15000112F01DD112000E03846CDE9000106A99C
:10F160000EA8FFF767FBDDE90F010E9A039100215E
:10F1700004910092BA4621070CD40399514500DA54
:10F180008A46BAF1010F05DD009AAAF10101515C2E
:10F19000302908D0B84202DA10F1040F06DA012152
:10F1A000CDE9011015E0AAF10101E9E7002805DC2D
:10F1B000049901440491AAEB000102E0411C51456D
:10F1C00000DD8A460499401A401C01904FF000402F
:10F1D0000290200704D40198504501DBCDF804804B
:10F1E00000208DF84F0002980DF14F07B0F1004F4D
:10F1F00025D02B200E9002984FF0020800280CDA40
:10F20000404202902D200E9007E00A210298FEF75E
:10F21000E9FE3031029007F8011DB8F10001A8F1B4
:10F220000108F2DC02980028EFD1791E0E980870D0
:10F23000307800F0200040F0450007F8020D12A8D9
:10F24000C01B00F107081498007800B1012000EB02
:10F250000A01019801EBE07105984144401A401EF3
:10F260000590E00306D45B462146179A0598FFF700
:10F270004DFA05441498007818B15A4617999047EA
:10F280006D1CE00324D55B462146179A0598FFF7CD
:10F290003DFA05441CE00498002807DBDDE9030182
:10F2A000884203DD0098405C179901E017993020EF
:10F2B0005A469047049805F10105401C04900198B6
:10F2C000401E019004D12E205A46179990476D1C7C
:10F2D000BAF10001AAF1010ADDDC05E017F8010B23
:10F2E0005A46179990476D1CB8F10001A8F1010822
:10F2F000F4DC5B462146179A0598ABE62D0000002A
:10F300002B000000200000002DE9F04D1D460C46AA
:10F3100098B0174621F0004123F00043002814BFA5
:10F320004FF0010C4FF0000C0CEB440CFE4A0CEBC0
:10F3300002064FEA620C66452BD33E0018BF012639
:10F3400006EB45061644F94A964222D3F84A53EA98
:10F35000070C02D0944205D148B918B000201146DC
:10F36000BDE8F08D002808BF4FF0000C01D04FF031
:10F37000010C0CEB440212F5001F0AD8002F14BF39
:10F380004FF0010C4FF0000C0CEB450212F5001F82
:10F3900007D918B03A462B462146BDE8F04DFFF795
:10F3A00075B90022DFF88CA3002CB8BF534526DACC
:10F3B000DFF884C36345A8BF022220DADFF870C3F8
:10F3C0009C451CDCDFF874C30CEB235CBCF1140F10
:10F3D00008DDCCF1340627FA06FC0CFA06F6BE422C
:10F3E0000DD108E05FB9CCF1140623FA06FC0CFA43
:10F3F00006F69E4203D10CF00102C2F1020251EA6C
:10F40000000C19D1002D17DA002C18BF022A01D0E8
:10F41000012A07D00220FFF761F918B0BDE8F04DCE
:10F42000FFF72CB90220FFF759F9FFF727F918B0B9
:10F4300081F00041BDE8F08DB7F1000C6CD153456F
:10F4400025D104F1804212F5801201BF002800206E
:10F45000B74918B008BFBDE8F08DB548884207DC51
:10F46000002DA1BF6046294618B0BDE8F08D07E029
:10F47000281E05DA80F0004118B06046BDE8F08D26
:10F48000AF497944D1E9000118B0BDE8F08DDFF84B
:10F49000A0C2634525D1002D1FDA19B1514512D103
:10F4A000D8B909E0002840F0EC82A24A214618B001
:10F4B00062F31E01BDE8F08D0020214618B060F314
:10F4C0001E01BDE8F08D08DA18B02346BDE8F04D06
:10F4D000024600206146FEF74BBC18B02146BDE84D
:10F4E000F08D514518DAB5F1804F0DD0A5F1005CD3
:10F4F000BCF1FF5C10D1B4F1000C0DDB18B061461B
:10F50000BDE8F04DFFF74CB9234618B00246BDE800
:10F51000F04D1946FEF7BABB060024F0004C3BD173
:10F52000D9B1514533D1002C06DD002DA1BF0020FB
:10F53000514618B0BDE8F08D002C01DD002D1BDB1D
:10F54000002C13DA002D11DB012A4FF0000014BF4C
:10F5500078497C4918B0BDE8F08D022A18BF002C0C
:10F560000AD0012A08D1002C06DA0AE0002CB8BF24
:10F57000002D11DA012A04D0002018B00146BDE8A0
:10F58000F08D18B000204FF00041BDE8F08DA1F1E2
:10F590004050B0F17F601AD0012000EBE47050EAD7
:10F5A000020421D0624C521E4FF0000B104304BFE6
:10F5B0004FF0000B644C654883427CDD644A65482B
:10F5C00093421FDD884217DB002D25DB37E0002C3E
:10F5D00000DA4AB1022A0CBF01204FF0FF3018B008
:10F5E000BDE8F04DFEF738BC0120FFF777F818B002
:10F5F000BDE8F04DFFF74CB84D4A8A4202DC002DC1
:10F600000ADC1CE0814202DA002D18DA04E0484BE3
:10F61000994220DD002D12DD0220FFF75FF8FFF791
:10F620003DF805460E460022534658462146FEF751
:10F630002DFB18B066F31E012846BDE8F08D0220B0
:10F64000FFF74CF8FFF732F80A46214618B062F38C
:10F650001E01BDE8F08D002230466146FEF710FB2A
:10F6600080460E466FF00102FEF700FE4FF0553265
:10F67000394BFEF708FB42463346FEF707FB0022F4
:10F68000364BFEF700FB8246424633460491104655
:10F690001946FEF7FBFA5246049BFEF7F7FA8A4634
:10F6A00000904FF0C0422E4B40463146FEF7EEFA36
:10F6B0002C4A2B4B00E027E0CDE90601514600988B
:10F6C000FEF7E4FA82460191274A284B404631462C
:10F6D000FEF7DCFA5246019BFEF7D2FA82460B4651
:10F6E00002460591DDE90601FEF729FADDE9062368
:10F6F000002688463046FEF7C3FA5246059BFEF7C1
:10F70000C2FA024600F07EB90020B1F5801F07DA88
:10F71000352230466146FEF7A9FD06466FF03400FB
:10F7200000EB215024E00000FFFF1F00FFFF0F004F
:10F730000000F03F0000F07F0000404301FCFFFFAD
:10F7400072F3FFFF0000F0FF0000F0BF0000E04197
:10F750000000F043FFFFEF3F5555D53F0000E03F6D
:10F760004715F73FFE822B6544DF5DF80BAE543E34
:10F77000A0F2FF300190C1F3130040F07F6141F02F
:10F7800040510291FE498842D8BF002004DDFD4966
:10F790008142C8BF012001DD0D9008E000200D90DE
:10F7A0000198401C01900298A0F5801002900299E7
:10F7B000F54878440B910D9900EBC100D0E9002386
:10F7C0000F9330460A920B99FEF75AFACDE90601DB
:10F7D000DDE90A2130460F9BFEF7B1F902460B46E0
:10F7E0000020EA49FEF7C4FA059102460B46009054
:10F7F000DDE90601FEF74AFA1490E5488A464FF023
:10F80000000878440299006812904FF0005040EAD6
:10F8100061010D980F9B01EB804000F500210991DB
:10F820000A9A1298FEF72CFA32460B9BFEF72BFA37
:10F8300042465346FEF72AFA064602914046514692
:10F84000099B129AFEF722FADDE90623FEF71BFA5E
:10F850003246029BFEF714FA059B009AFEF716FA51
:10F860000091149A0490534610461946FEF70EFA7A
:10F8700006460246C7480B46029106217844FEF729
:10F88000A7FECDE90510029B324610461946FEF749
:10F89000FDF9DDE90532FEF7F9F905910646534613
:10F8A00040461946149AFEF74AF9009B049AFEF75F
:10F8B000EDF93246059BFEF742F9CDE905104246C7
:10F8C000534610461946FEF7E1F90022B24B029169
:10F8D0000A90FEF734F9DDE90532FEF730F90E46FD
:10F8E0004246AD4B4046FEF7CBF9029B0A9AFEF723
:10F8F000C7F9DDE90532FEF7C6F9424602910A90E2
:10F90000334610465146FEF7C1F9CDE9060153468C
:10F91000149A02990A98FEF7B9F98A46029033467A
:10F92000424600990498FEF7B1F95346029AFEF751
:10F9300006F982460B4602460591DDE90601FEF70F
:10F94000FEF8DDE90623002088460646FEF798F912
:10F950005246059BFEF797F9824609914FF06042A7
:10F960008E4B30464146FEF791F9049006918C4A41
:10F970008A4B50460999FEF789F982460291894AD5
:10F98000894B30464146FEF781F95246029BFEF70D
:10F99000D6F8864B7B440D9A03EBC203D3E90023D0
:10F9A000FEF7CDF80E9007910198FEF755FA0591F4
:10F9B000DDE9061382460E9A0498FEF7C0F87C4AE9
:10F9C0007A440D9B02EBC303D3E900230093029218
:10F9D000FEF7B5F85246059BFEF7B1F800268846BB
:10F9E00052463046059BFEF74BF9009B029AFEF704
:10F9F00047F9069B049AFEF743F9079B0E9AFEF718
:10FA000042F9024600200B46029038462946FEF78E
:10FA10003DF9824601912B4638461946029AFEF777
:10FA20002FF932464346FEF731F95246019BFEF765
:10FA300086F807468A463246434629460298FEF72C
:10FA400025F905460E463A465346FEF778F8594AD8
:10FA50008846914221DBA8EB020353EA000210D151
:10FA60002A463346FEF70CF9CDE90401524A534BBE
:10FA700038465146FEF763F8DDE90423FEF79AFAAB
:10FA800021D20220FEF72AFEFEF708FE0A46214692
:10FA900018B062F31E01BDE8F08D494B28F000421A
:10FAA0009A4210D3474A08EB020353EA00027FF45C
:10FAB000C6AD2A463346FEF7E3F83A465346FEF70C
:10FAC00079FA7FF6BCAD0022019228F000403E4951
:10FAD0003E4A01EB2051824223DA481C4FF4801148
:10FAE00021FA00F040443A4AC0F30A517A44394BB3
:10FAF000A1F2FF31CB4020EA0303C0F3130040F42E
:10FB00008010C1F11401C84012680190B8F1000FD3
:10FB1000BCBF4042019028463146FEF7B1F8054689
:10FB20000E462A46334638465146FEF708F84FF04F
:10FB300000084246284B40460591FEF7A7F8CDE95C
:10FB40000601264A264B40460599FEF79FF800918C
:10FB500002902A46334640460599FEF791F83A4608
:10FB60005346FEF790F81F4A1F4BFEF78FF8009B95
:10FB7000029AFDF7E4FF0746884602460B4635E049
:10FB80008E9803007AB60B004A1000000000F03F88
:10FB9000F2EFFFFFB00F00000000084009C7EE3F82
:10FBA000FD033ADCF5015B14E02F3EBE880E000039
:10FBB0004C0E000000009040FE822B654715973CDC
:10FBC00000CC904000346F3F01FCFFFF0000E03F9D
:10FBD00008EDFFFFFFFF0F00432EE63F396CA80C36
:10FBE000615C20BEEF39FAFE422EE63FDDE90601F8
:10FBF000FDF7A5FFDDE9062305460E46FEF740F8B2
:10FC00003A464346FEF73FF80F462A4633460090F1
:10FC100010461946FEF73AF8824602462E488846B4
:10FC20000B4605217844FEF7D3FC52464346FEF7C7
:10FC30002DF82A463346FEF726F880468A463B468C
:10FC400028463146009AFEF721F83B46009AFDF718
:10FC500076FF0691009000224FF0804340465146C7
:10FC6000FEF70EF80F460C904246534628463146A2
:10FC7000FEF70CF83B460C9AFEF77AF8069B009AC2
:10FC8000FDF7FEFF2A463346FDF7FAFF0022134B2D
:10FC9000FDF7F9FF054601980E4601EB00510815E6
:10FCA000002810DC28463146019AFEF7DFFAFEF7FD
:10FCB00077FC042808BFFEF7F9FC28463146019A74
:10FCC000FEF7D4FA05460B4618B02A465846214698
:10FCD000BDE8F04DFDF7DABF380C00000000F03F42
:10FCE0002DE9F04D07460E46FEF7D8FA04460D46BC
:10FCF0003A463346FDF7C7FFDFF86CA0DFF86CB07B
:10FD00001B4B0746884616F0004F4FF000020AD002
:10FD1000FEF738F90AD900225B4638464146FEF71D
:10FD200049F91BD212E0FEF72DF908D20022534602
:10FD300020462946FDF7A4FF04460D460EE00022AA
:10FD40005B4638464146FEF735F907D80022534650
:10FD500020462946FDF7F3FE04460D46314620466F
:10FD600065F31E01BDE8F08D0000F03F0000E03FAC
:10FD70000000E0BF60EA0000020001000300040090
:10FD80000000000000000000000002000000000071
:10FD90000000000001000900000000000600000053
:10FDA0000000000000000000000000000000000053
:10FDB00000E180250300000000000300B3011400EF
:10FDC000090007000200010000000000000004001C
:10FDD0008000E803E803000000C1814001C08041C9
:10FDE00001C0804100C1814001C0804100C181400B
:10FDF00000C1814001C0804101C0804100C18140FB
:10FE000000C1814001C0804100C1814001C08041EA
:10FE100001C0804100C1814001C0804100C18140DA
:10FE200000C1814001C0804100C1814001C08041CA
:10FE300001C0804100C1814000C1814001C08041BA
:10FE400001C0804100C1814001C0804100C18140AA
:10FE500000C1814001C0804101C0804100C181409A
:10FE600000C1814001C0804100C1814001C080418A
:10FE700001C0804100C1814000C1814001C080417A
:10FE800001C0804100C1814001C0804100C181406A
:10FE900000C1814001C0804100C1814001C080415A
:10FEA00001C0804100C1814001C0804100C181404A
:10FEB00000C1814001C0804101C0804100C181403A
:10FEC00000C1814001C0804100C1814001C080412A
:10FED00001C0804100C1814000C0C101C30302C212
:10FEE000C60607C705C5C404CC0C0DCD0FCFCE0E7A
:10FEF0000ACACB0BC90908C8D81819D91BDBDA1AEA
:10FF00001EDEDF1FDD1D1CDC14D4D515D71716D659
:10FF1000D21213D311D1D010F03031F133F3F232C9
:10FF200036F6F737F53534F43CFCFD3DFF3F3EFE39
:10FF3000FA3A3BFB39F9F83828E8E929EB2B2AEAA9
:10FF4000EE2E2FEF2DEDEC2CE42425E527E7E62619
:10FF500022E2E323E12120E0A06061A163A3A26289
:10FF600066A6A767A56564A46CACAD6DAF6F6EAEF9
:10FF7000AA6A6BAB69A9A86878B8B979BB7B7ABA69
:10FF8000BE7E7FBF7DBDBC7CB47475B577B7B676D9
:10FF900072B2B373B17170B0509091519353529249
:10FFA00096565797559594549C5C5D9D5F9F9E5EB9
:10FFB0005A9A9B5B99595898884849894B8B8A4A29
:10FFC0004E8E8F4F8D4D4C8C448485458747468699
:10FFD00082424383418180402A39392A2A2A3123A7
:10FFE00000434D4E4554000000000000000000009A
:10FFF00000000000000000000000313339313233CE
:020000040804EE
:10000000343536373800010001900100001E000031
:10001000002580030000030A000002003C000007E6
:100020002F5D06FA276A402700000000000000004C
:1000300013902748000000001389138A138B138C38
:10004000000000000101010100180018001800184C
:100050000014001400140014050505050505050528
:1000600007070707000C000C000C000C020005CA73
:100070006086850000000000000000000000000015
:100080000000000000000000000000000000000070
:100090000000000000000000000000000000000060
:1000A0000000000000000000000000000000000050
:1000B0000000000000000000000000000000000040
:1000C0000000000000000000000000000000000030
:1000D0000000000000000000000000000000000020
:1000E0000000000000000000000000000000000010
:1000F00000000000000000000105060708090A0BC7
:100100000C0D0E0F101112131420304050223242E9
:10011000522333435324344454253545552636461B
:10012000562737475728384858293949592B3B4BC8
:100130005B2C3C4C5C606162632131415170717396
:1001400074750008180B0202010102010801010187
:100150000102020104040404020202020202020279
:100160000101010101010101020202020202020277
:10017000010101010101010101010101020202026B
:10018000010204021F1F1F1F0708130605000000BD
:10019000090022002E003000320033003400360007
:1001A00037003F0040004100420043004500470047
:1001B00048004C005000540058005A005C005E009B
:1001C0006000620064006600680069006A006B00FD
:1001D0006C006D006E006F0070007200740076009D
:1001E00078007A007C007E0080008100820083001D
:1001F0008400850086008700880089008A008B00C3
:100200008C008E00900092009400950097009B0057
:100210009D00BC00DB00FA000000000000000000B0
:100220000000000007080B1213223242522333430E
:100230005326364656273747572C3C4C5C616300A3
:100240007B01001631333931323334353637380AD1
:10025000669A000FA27B7B0B016C3133393132334C
:100260003435363738010A2A39392A2A2A31230205
:1002700002030204027B0D00103133393132333472
:10028000353637387B7B090010313339313233341E
:10029000353637387B352E33310000003230323579
:1002A0003032323156352E332D463130332D3447EE
:1002B000202053414E4C45595A4750333331205337
:1002C0006574204F4B212020536574204661696C72
:1002D000212020506172616D6574657220457272D3
:1002E0006F72212020436F6D6D616E6420457272C4
:1002F0006F7221202050617373776F726420457292
:10030000726F7221202052656164204F4B212020A2
:10031000506172616D657465723A20204474755243
:100320006573746172742C204474754861726452F0
:100330006573746172742C20536D73436F6E7472A5
:100340006F6C53746F702C20536D73436F6E7472A7
:100350006F6C52756E2C20536D73576174636864B3
:100360006F67526573746172742C204261756452B8
:1003700061746520506172204572726F7221202075
:10038000446174614269744C656E677468205061A1
:1003900072204572726F7221202053746F7042690F
:1003A000744C656E67746820506172204572726F7C
:1003B000722120205061726974794269744C656EB3
:1003C00067746820506172204572726F722120201C
:1003D000466C6F77436F6E74726F6C205061722041
:1003E0004572726F7221202053657269616C2050D2
:1003F0006F7274204974656D204C61636B20457287
:10040000726F72212020537472696E67204C656E82
:10041000677468204F7665726C6F6E6720457272E4
:100420006F722120205468697320697320612074E1
:1004300065737420534D5321200000002110422089
:1004400063308440A550C660E770088129914AA1B5
:100450006BB18CC1ADD1CEE1EFF13112100273322C
:100460005222B5529442F772D662399318837BB305
:100470005AA3BDD39CC3FFF3DEE3622443342004BC
:100480000114E664C774A44485546AA54BB5288555
:100490000995EEE5CFF5ACC58DD55336722611160C
:1004A0003006D776F6669556B4465BB77AA71997A5
:1004B0003887DFF7FEE79DD7BCC7C448E558866894
:1004C000A7784008611802282338CCC9EDD98EE9F5
:1004D000AFF9488969990AA92BB9F55AD44AB77A6C
:1004E000966A711A500A333A122AFDDBDCCBBFFB45
:1004F0009EEB799B588B3BBB1AABA66C877CE44C7C
:10050000C55C222C033C600C411CAEED8FFDECCD94
:10051000CDDD2AAD0BBD688D499D977EB66ED55E4B
:10052000F44E133E322E511E700E9FFFBEEFDDDFE4
:10053000FCCF1BBF3AAF599F788F8891A981CAB170
:10054000EBA10CD12DC14EF16FE18010A100C230A2
:10055000E3200450254046706760B9839893FBA35D
:10056000DAB33DC31CD37FE35EF3B1029012F322F2
:10057000D2323542145277625672EAB5CBA5A895AD
:1005800089856EF54FE52CD50DC5E234C324A01442
:1005900081046674476424540544DBA7FAB799873D
:1005A000B8975FE77EF71DC73CD7D326F236910692
:1005B000B01657667676154634564CD96DC90EF985
:1005C0002FE9C899E9898AB9ABA9445865480678E2
:1005D0002768C018E1088238A3287DCB5CDB3FEB9D
:1005E0001EFBF98BD89BBBAB9ABB754A545A376A32
:1005F000167AF10AD01AB32A923A2EFD0FED6CDD6D
:100600004DCDAABD8BADE89DC98D267C076C645C81
:10061000454CA23C832CE01CC10C1FEF3EFF5DCF7C
:100620007CDF9BAFBABFD98FF89F176E367E554ED1
:10063000745E932EB23ED10EF01E0000000000004A
:10064000417574196F240F402EBAACDA271210408E
:100650004032C4C178C61040661330AC68461140C1
:10066000E029CEF6B9FA11400101CEFEA97A124076
:100670008021D82BFB2E13402019E2603C631440EC
:10068000C010EC957D9715406008F6CABECB1640A9
:1006900000000000006063C000000000006063C054
:1006A00000000000006063C000000000006063C044
:1006B00000000000006063C000000000006063C034
:1006C00000000000006063C000000000006063C024
:1006D00000000000006063C000000000006063C014
:1006E0000000000000C062C00000000000C062C046
:1006F0000000000000C062C00000000000C062C036
:100700000000000000C062C00000000000C062C025
:100710000000000000C062C00000000000C062C015
:100720000000000000C062C00000000000C062C005
:1007300020AEA036E07D0B37A017083660F0AF364C
:1007400060F0AF36403D2E36C0AFD235000D993641
:1007500020A5633680A331374061223760DE35360D
:1007600040466B36A032BF36A032BF36A00ECB3526
:10077000E0625436A0443937A00ECB35809AF43667
:10078000001F1337E050DA3540466B36809AF43656
:1007900080A33137807F3D360016D636A03BFC362D
:1007A000C0C14C36809AF43660DE353680A33137CE
:1007B000809AF4368091B73660022A3700FB1E36E5
:1007C00060F0AF36A0443937209C2636000D9936AC
:1007D00060D5F835000D9936C0AFD2354034F135CB
:1007E000C0CA893640466B36C0B80F36807F3D366A
:1007F000A044393760022A37C0C14C3600000000DF
:10080000000000000000F03F000000000000F83F82
:1008100000000000000000000000004003B8E23FBC
:10082000000000000000000006D0CF43EBFD4C3E6E
:10083000033333333333E33FFFAB6FDBB66DDB3F63
:100840004D268F515555D53F01411DA96074D13FAB
:1008500065DBC9934A86CD3FEF4E454A287ECA3FA5
:100860003E5555555555C53F93BDBE166CC166BF27
:100870002CDE25AF6A56113FF16BD2C541BDBBBE20
:10088000D0A4BE726937663E0040404040404040C0
:100890004040414141414140404040404040404053
:1008A00040404040404040404005020202020202F7
:1008B0000202020202020202022020202020202046
:1008C000202020020202020202029090909090905A
:1008D0001010101010101010101010101010101018
:1008E000101010100202020202028888888888888C
:1008F0000808080808080808080808080808080878
:100900000808080802020202400000002C0904083E
:100910000000002058080000DCE40308D0090408A7
:1009200058080020407D0000CCE603081184A24A4C
:1009300004680901020304060708090C691005FF91
:10094000020406085115E8F7FF1F84E0010813347C
:100950000102FF20019902B764278025DB3380253F
:100960002350C3321414A0860114F049025401012B
:10097000FF0223200A12011459152809C092ED190B
:10098000140707020F32044BE803040A23804C4982
:1009900046281815EC0308687474703A2F2F6F748A
:1009A000612E73616E6C692E636E0D001AFF2F68E5
:1009B000617264776172652F5A47503333312F6902
:1009C0006E666F2E74787401FF01FF01F300000062
:040000050800C931F5
:00000001FF
